original_countryname,original_AddressAlph,original_address_id,original_group,lat,lon,formatted,housenumber,street,name,district,postcode,city,suburb,county,county_code,state,state_code,country,country_code,confidence,confidence_city_level,confidence_street_level,attribution,attribution_license,attribution_url
United Kingdom,"Queensway,Hortonwood,Telford,Shropshire,TF1 7LL",2861,7,52.719017,-2.465275698623712,"Hortonwood, Telford and Wrekin, TF1 7LL, United Kingdom",,,Hortonwood,,TF1 7LL,,Hadley and Leegomery,Telford and Wrekin,TFW,England,ENG,United Kingdom,gb,0,0.2222222222222222,0.2222222222222222,© OpenStreetMap contributors,Open Database License,https://www.openstreetmap.org/copyright
United Kingdom,"Radnor House 93-97,Regent St.,London W1R 7TG",2862,7,51.5100805,-0.137607,"95 Regent Street, London, W1R 7TG, United Kingdom",95,Regent Street,,Westminster,W1R 7TG,London,Marylebone,London,,England,ENG,United Kingdom,gb,0.63,1,1,,,
United Kingdom,"Radnor House 93-97,Regent St.,London,W1B 4BY",2863,7,51.51114,-0.13949,"London, W1B 4BY, United Kingdom",,,,,W1B 4BY,London,,Greater London,,England,ENG,United Kingdom,gb,0.6,1,,© OpenStreetMap contributors,Open Database License,https://www.openstreetmap.org/copyright
United Kingdom,"Raglan House,8-24 Stoke Rd.,Slough,Berkshire SL2 5AG England",2864,7,51.5134757,-0.593108,"Slough, SL2 5AG, United Kingdom",,,,,SL2 5AG,Slough,,,,England,ENG,United Kingdom,gb,0.6,1,,© OpenStreetMap contributors,Open Database License,https://www.openstreetmap.org/copyright
United Kingdom,"Railway St.,Ramsbottom,Burry,Lancashire",2865,7,51.5892882,-4.231609,"Burry, Port Eynon, Llanddewi, WLS, United Kingdom",,,Burry,,SA3 1BE,Llanddewi,Port Eynon,Swansea,SWA,Wales,WLS,United Kingdom,gb,0.25,1,,© OpenStreetMap contributors,Open Database License,https://www.openstreetmap.org/copyright
United Kingdom,"Rd.7,Hortonwood Industrial Estate,Telford Shropshire TF1 4GP",2866,7,52.8653107,-2.513493659394459,"Rosehill Industrial Estate, Stoke Heath, TF9 2JU, United Kingdom",,,Rosehill Industrial Estate,,TF9 2JU,Stoke Heath,Rosehill Industrial Estate,Shropshire,SHR,England,ENG,United Kingdom,gb,0.02025,0.3,,© OpenStreetMap contributors,Open Database License,https://www.openstreetmap.org/copyright
United Kingdom,Reading,2867,7,51.4564242,-0.9700664,"yes, Reading, ENG, United Kingdom",,,,yes,,Reading,,,,England,ENG,United Kingdom,gb,1,1,,© OpenStreetMap contributors,Open Database License,https://www.openstreetmap.org/copyright
United Kingdom,Redhill,2868,7,51.3659202,-2.723531,"Redhill (Redhill), BS40 5SQ, United Kingdom",,,Redhill,,BS40 5SQ,Redhill,,North Somerset,NSM,England,ENG,United Kingdom,gb,1,1,,© OpenStreetMap contributors,Open Database License,https://www.openstreetmap.org/copyright
United Kingdom,Redhill Saley,2869,7,51.24048,-0.17044,"Redhill, ENG, United Kingdom",,,,,,Redhill,,Surrey,SRY,England,ENG,United Kingdom,gb,0,,,Who's On First,CC0,https://www.whosonfirst.org/docs/licenses/
United Kingdom,"Redisher Works,Holcombe Brook,Ramsbottom,BL8 4LX Lancashire",2870,7,53.6481501,-2.3535206,"Holcombe Brook, Bury, BL8 4JJ, United Kingdom",,,Holcombe Brook,,BL8 4JJ,Bury,,Greater Manchester,,England,ENG,United Kingdom,gb,0.24499999999999997,0.7,0.7,© OpenStreetMap contributors,Open Database License,https://www.openstreetmap.org/copyright
United Kingdom,"Redisher Works,Holcombe Brook,Ramsbottom,Lancashire,BL8 4LX",2871,7,53.6481501,-2.3535206,"Holcombe Brook, Bury, BL8 4JJ, United Kingdom",,,Holcombe Brook,,BL8 4JJ,Bury,,Greater Manchester,,England,ENG,United Kingdom,gb,0.24499999999999997,0.7,0.7,© OpenStreetMap contributors,Open Database License,https://www.openstreetmap.org/copyright
United Kingdom,"Redwood Court,Tawe Bussiness Village,Phoenix Way,Enterprise Park,Swansea,SA7 9LA",2872,7,51.6542548,-3.91167,"Phoenix Way, Swansea, SA7 9DL, United Kingdom",,Phoenix Way,Phoenix Way,,SA7 9DL,Swansea,Llansamlet,Swansea,SWA,Wales,WLS,United Kingdom,gb,0.63,1,1,© OpenStreetMap contributors,Open Database License,https://www.openstreetmap.org/copyright
United Kingdom,"Redwood Court,Tawe Bussiness Village,Phoenix Way,Enterprise Park,Swansea,West Glamorgan SA7 9LA",2873,7,51.6542548,-3.91167,"Phoenix Way, Swansea, SA7 9DL, United Kingdom",,Phoenix Way,Phoenix Way,,SA7 9DL,Swansea,Llansamlet,Swansea,SWA,Wales,WLS,United Kingdom,gb,0.44099999999999995,1,1,© OpenStreetMap contributors,Open Database License,https://www.openstreetmap.org/copyright
United Kingdom,"Regal Court,42-44 High St.,Slough,Berkshire,SL1 1EL",2874,7,51.509664,-0.596104,"Orega Slough, 42-44 High Street, Slough, SL1 1EL, United Kingdom",42-44,High Street,Orega Slough,,SL1 1EL,Slough,,,,England,ENG,United Kingdom,gb,0.9,1,1,© OpenStreetMap contributors,Open Database License,https://www.openstreetmap.org/copyright
United Kingdom,"Regal House,London Rd.,Twickenham,Middlesex TW1 3QS",2875,7,51.4507032,-0.3317195,"London Road, London, TW1 1EE, United Kingdom",,London Road,London Road,London Borough of Richmond upon Thames,TW1 1EE,London,Twickenham,Greater London,,England,ENG,United Kingdom,gb,0.44099999999999995,0.7,0.7,© OpenStreetMap contributors,Open Database License,https://www.openstreetmap.org/copyright
United Kingdom,"Regent House,Bexton Lane Knutsford.Cheshire WA 16 9AB",2876,7,52.663642,-1.580326,United Kingdom,,,United Kingdom,,,,,,,,,United Kingdom,gb,0,,,Who's On First,CC0,https://www.whosonfirst.org/docs/licenses/
United Kingdom,"Regent House,Bexton Lane Knutsford.Cheshire WA16 9AB",2877,7,53.2971,-2.37233,"Knutsford, WA16 9AB, United Kingdom",,,,,WA16 9AB,Knutsford,,Cheshire East,CHE,England,ENG,United Kingdom,gb,0.5490196078431373,1,,© OpenStreetMap contributors,Open Database License,https://www.openstreetmap.org/copyright
United Kingdom,"Regent House,Bexton Lane,Knutsford,Cheshire,WA16 9AB",2878,7,53.2971,-2.37233,"Knutsford, WA16 9AB, United Kingdom",,,,,WA16 9AB,Knutsford,,Cheshire East,CHE,England,ENG,United Kingdom,gb,0.6,1,,© OpenStreetMap contributors,Open Database License,https://www.openstreetmap.org/copyright
United Kingdom,"Regus Bldg.,Central Blvd.,Blythe Valley Business Park,Shirley,Solihull,West Midlands B90 8AG",2879,7,52.451262,-1.854089,"Cole Valley Business Park, Birmingham, B90 8AG, United Kingdom",,Cole Valley Business Park,,,B90 8AG,Birmingham,Sparkhill,Birmingham,BIR,England,ENG,United Kingdom,gb,0,,,© OpenStreetMap contributors,Open Database License,https://www.openstreetmap.org/copyright
United Kingdom,"Renown Ave.,Coventry Business Park Coventry CV5 6UF",2880,7,52.4007833,-1.5539639,"Renown Avenue, Coventry, CV5 6UF, United Kingdom",,Renown Avenue,Renown Avenue,,CV5 6UF,Coventry,Whoberley,West Midlands Combined Authority,,England,ENG,United Kingdom,gb,0.7,1,1,© OpenStreetMap contributors,Open Database License,https://www.openstreetmap.org/copyright
United Kingdom,"Renown Ave.,Coventry Business Park,Coventry,CV5 6UF",2881,7,52.4007833,-1.5539639,"Renown Avenue, Coventry, CV5 6UF, United Kingdom",,Renown Avenue,Renown Avenue,,CV5 6UF,Coventry,Whoberley,West Midlands Combined Authority,,England,ENG,United Kingdom,gb,0.7,1,1,© OpenStreetMap contributors,Open Database License,https://www.openstreetmap.org/copyright
United Kingdom,"Resolven,Neath,W.Glamorgan,S.Wales",2882,7,51.709753,-3.693991,"Resolven Library, Resolven, SA11 4ND, United Kingdom",,Resolven Library,,Resolven Community,SA11 4ND,Resolven,Resolven,Swansea,SWA,Wales,WLS,United Kingdom,gb,0.25,0.25,,© OpenStreetMap contributors,Open Database License,https://www.openstreetmap.org/copyright
United Kingdom,"Riccar House,Nuffield Way Abingdon,Oxfordshire OX14 1RS",2883,7,51.6733672,-1.3047414,"Nuffield Way, Vale of White Horse, OX14 1RL, United Kingdom",,Nuffield Way,Nuffield Way,,OX14 1RL,Vale of White Horse,Abingdon on Thames,Oxfordshire,OXF,England,ENG,United Kingdom,gb,0.63,1,1,© OpenStreetMap contributors,Open Database License,https://www.openstreetmap.org/copyright
United Kingdom,"Riccarton,Curne,Edinburgh EH14 4AP",2884,7,55.900789,-3.309817,"Riccarton Mains Road, Edinburgh, EH14 4AP, United Kingdom",,Riccarton Mains Road,,,EH14 4AP,Edinburgh,,Edinburgh,,Scotland,SCT,United Kingdom,gb,1,1,,© OpenStreetMap contributors,Open Database License,https://www.openstreetmap.org/copyright
United Kingdom,"Ricoh House 1 Plane Tree Crescent,Felthem,Middlesex TW13 7HG",2885,7,51.4388796,-0.4085403,"Plane Tree Crescent, London, TW13 7BZ, United Kingdom",,Plane Tree Crescent,Plane Tree Crescent,London Borough of Hounslow,TW13 7BZ,London,Feltham,Greater London,,England,ENG,United Kingdom,gb,0.44099999999999995,0.7,0.7,© OpenStreetMap contributors,Open Database License,https://www.openstreetmap.org/copyright
United Kingdom,"Ringland Way,Newport,NP18 2TA",2886,7,51.5994941,-2.9252254,"Ringland Way, Newport, NP18 2TA, United Kingdom",,Ringland Way,Ringland Way,,NP18 2TA,Newport,Llanwern,Gwent,,Wales,WLS,United Kingdom,gb,0.7,1,1,© OpenStreetMap contributors,Open Database License,https://www.openstreetmap.org/copyright
United Kingdom,"River Plate House 7-11 Finsbury Circus,London EC2M 7DH",2887,7,51.5180861,-0.08809,"Finsbury Circus, City of London, EC2M 6UR, United Kingdom",,Finsbury Circus,Finsbury Circus,,EC2M 6UR,City of London,Barbican,Greater London,,England,ENG,United Kingdom,gb,0.5103,0.81,0.81,© OpenStreetMap contributors,Open Database License,https://www.openstreetmap.org/copyright
United Kingdom,"River Plate House 7-11 Finsbury Circus,London EC2M 7NT",2888,7,51.5180861,-0.08809,"Finsbury Circus, City of London, EC2M 6UR, United Kingdom",,Finsbury Circus,Finsbury Circus,,EC2M 6UR,City of London,Barbican,Greater London,,England,ENG,United Kingdom,gb,0.5103,0.81,0.81,© OpenStreetMap contributors,Open Database License,https://www.openstreetmap.org/copyright
United Kingdom,"River Plate House 7-11,Finsbury Circus,London EC2M 7DH",2889,7,51.5180861,-0.08809,"Finsbury Circus, City of London, EC2M 6UR, United Kingdom",,Finsbury Circus,Finsbury Circus,,EC2M 6UR,City of London,Barbican,Greater London,,England,ENG,United Kingdom,gb,0.5103,0.81,0.81,© OpenStreetMap contributors,Open Database License,https://www.openstreetmap.org/copyright
United Kingdom,"River Plate House 7-11,Finsbury Circus,London EC2M 7TT",2890,7,51.5180861,-0.08809,"Finsbury Circus, City of London, EC2M 6UR, United Kingdom",,Finsbury Circus,Finsbury Circus,,EC2M 6UR,City of London,Barbican,Greater London,,England,ENG,United Kingdom,gb,0.5103,0.81,0.81,© OpenStreetMap contributors,Open Database License,https://www.openstreetmap.org/copyright
United Kingdom,"River Plate House 7-11,Finsbury Circus,London EC2M 7YA",2891,7,51.5180861,-0.08809,"Finsbury Circus, City of London, EC2M 6UR, United Kingdom",,Finsbury Circus,Finsbury Circus,,EC2M 6UR,City of London,Barbican,Greater London,,England,ENG,United Kingdom,gb,0.5103,0.81,0.81,© OpenStreetMap contributors,Open Database License,https://www.openstreetmap.org/copyright
United Kingdom,"River Plate House 7-11,Finsbury Circus,London,EC2M 7YA",2892,7,51.5180861,-0.08809,"Finsbury Circus, City of London, EC2M 6UR, United Kingdom",,Finsbury Circus,Finsbury Circus,,EC2M 6UR,City of London,Barbican,Greater London,,England,ENG,United Kingdom,gb,0.5103,0.81,0.81,© OpenStreetMap contributors,Open Database License,https://www.openstreetmap.org/copyright
United Kingdom,"River Plate House,7-11 Finsbury Circus,London EC2M 7DH",2893,7,51.5180861,-0.08809,"Finsbury Circus, City of London, EC2M 6UR, United Kingdom",,Finsbury Circus,Finsbury Circus,,EC2M 6UR,City of London,Barbican,Greater London,,England,ENG,United Kingdom,gb,0.5103,0.81,0.81,© OpenStreetMap contributors,Open Database License,https://www.openstreetmap.org/copyright
United Kingdom,"River Plate House,7-11 Finsbury Circus,London EC2M 7EA",2894,7,51.51733,-0.08594,"City of London, EC2M 7EA, United Kingdom",,,,,EC2M 7EA,City of London,,Greater London,,England,ENG,United Kingdom,gb,0.6,1,,© OpenStreetMap contributors,Open Database License,https://www.openstreetmap.org/copyright
United Kingdom,"River Plate House,7-11 Finsbury Circus,London EC2M 7EB",2895,7,51.5182136,-0.0853162,"City of London, EC2M 7EB, United Kingdom",,,,,EC2M 7EB,City of London,,Greater London,,England,ENG,United Kingdom,gb,0.6,1,,© OpenStreetMap contributors,Open Database License,https://www.openstreetmap.org/copyright
United Kingdom,"River Plate House,7-11 Finsbury Circus,London EC2M 7HJ",2896,7,51.5180861,-0.08809,"Finsbury Circus, City of London, EC2M 6UR, United Kingdom",,Finsbury Circus,Finsbury Circus,,EC2M 6UR,City of London,Barbican,Greater London,,England,ENG,United Kingdom,gb,0.5103,0.81,0.81,© OpenStreetMap contributors,Open Database License,https://www.openstreetmap.org/copyright
United Kingdom,"River Plate House,7-11 Finsbury Circus,London EC2M 7YA",2897,7,51.5180861,-0.08809,"Finsbury Circus, City of London, EC2M 6UR, United Kingdom",,Finsbury Circus,Finsbury Circus,,EC2M 6UR,City of London,Barbican,Greater London,,England,ENG,United Kingdom,gb,0.5103,0.81,0.81,© OpenStreetMap contributors,Open Database License,https://www.openstreetmap.org/copyright
United Kingdom,"River Plate House,7-11 Finsbury Circus,London,EC2M 7AF",2898,7,51.5180861,-0.08809,"Finsbury Circus, City of London, EC2M 6UR, United Kingdom",,Finsbury Circus,Finsbury Circus,,EC2M 6UR,City of London,Barbican,Greater London,,England,ENG,United Kingdom,gb,0.5103,0.81,0.81,© OpenStreetMap contributors,Open Database License,https://www.openstreetmap.org/copyright
United Kingdom,"River Plate House,7-11 Finsbury Circus,London,EC2M 7DH",2899,7,51.5180861,-0.08809,"Finsbury Circus, City of London, EC2M 6UR, United Kingdom",,Finsbury Circus,Finsbury Circus,,EC2M 6UR,City of London,Barbican,Greater London,,England,ENG,United Kingdom,gb,0.5103,0.81,0.81,© OpenStreetMap contributors,Open Database License,https://www.openstreetmap.org/copyright
United Kingdom,"River Plate House,7-11 Finsbury Circus,London,EC2M 7EA",2900,7,51.51733,-0.08594,"City of London, EC2M 7EA, United Kingdom",,,,,EC2M 7EA,City of London,,Greater London,,England,ENG,United Kingdom,gb,0.6,1,,© OpenStreetMap contributors,Open Database License,https://www.openstreetmap.org/copyright
United Kingdom,"River Plate House,7-11 Finsbury Circus,London,EC2M 7YA",2901,7,51.5180861,-0.08809,"Finsbury Circus, City of London, EC2M 6UR, United Kingdom",,Finsbury Circus,Finsbury Circus,,EC2M 6UR,City of London,Barbican,Greater London,,England,ENG,United Kingdom,gb,0.5103,0.81,0.81,© OpenStreetMap contributors,Open Database License,https://www.openstreetmap.org/copyright
United Kingdom,"River Reach 31-35 High St.,Kingston upon Thames,Surrey,KT1 1LF",2902,7,51.4055596,-0.3082239,"High Street, London, KT1 1NB, United Kingdom",,High Street,High Street,Royal Borough of Kingston upon Thames,KT1 1NB,London,Surbiton,Greater London,,England,ENG,United Kingdom,gb,0.44099999999999995,0.7290000000000001,0.7290000000000001,© OpenStreetMap contributors,Open Database License,https://www.openstreetmap.org/copyright
United Kingdom,"Riverbank House,2 Swan Lane,London EC4R 3TT",2903,7,51.5096522,-0.088782,"GB News, 2 Swan Lane, City of London, EC4R 3AD, United Kingdom",2,Swan Lane,GB News,,EC4R 3AD,City of London,Cornhill,Greater London,,England,ENG,United Kingdom,gb,0.5103000000000001,0.81,0.81,© OpenStreetMap contributors,Open Database License,https://www.openstreetmap.org/copyright
United Kingdom,"Riverbridge House,3065 Admirals Park Crossways,Dartford,Kent DA2 5QU",2904,7,51.44352,0.21964,"Dartford, DA2 5QU, United Kingdom",,,,,DA2 5QU,Dartford,,Kent,KEN,England,ENG,United Kingdom,gb,0.25,1,,Who's On First,CC0,https://www.whosonfirst.org/docs/licenses/
United Kingdom,"Riverbridge House,Amchor Blvd.,Dartford,Kent,DA2 6SL",2905,7,51.4443059,0.21807,"Dartford, ENG, United Kingdom",,,,,,Dartford,,Kent,KEN,England,ENG,United Kingdom,gb,0.25,1,,© OpenStreetMap contributors,Open Database License,https://www.openstreetmap.org/copyright
United Kingdom,"Riverbridge House,Dartford,Kent,DA2 6QH",2906,7,51.443509,0.220577,"Bridge House, Dartford, DA2 6QH, United Kingdom",,Bridge House,,,DA2 6QH,Dartford,,Kent,KEN,England,ENG,United Kingdom,gb,1,1,,© OpenStreetMap contributors,Open Database License,https://www.openstreetmap.org/copyright
United Kingdom,"Riverside Bldg.,Riverside Way,Nottingham,NG2 1DP",2907,7,52.9375623,-1.1580056,"Riverside Way, Nottingham, NG2 1DP, United Kingdom",,Riverside Way,Riverside Way,,NG2 1DP,Nottingham,The Meadows,,,England,ENG,United Kingdom,gb,0.7,1,1,© OpenStreetMap contributors,Open Database License,https://www.openstreetmap.org/copyright
United Kingdom,Riverside Dundee Scotland,2908,7,56.4516115,-2.9975617,"Riverside, Dundee, SCT, United Kingdom",,,Riverside,,DD1 4DB,Dundee,Riverside,Dundee City,DND,Scotland,SCT,United Kingdom,gb,1,1,,© OpenStreetMap contributors,Open Database License,https://www.openstreetmap.org/copyright
United Kingdom,"Riverside Rd.,Gorleston,Great Yarmouth Norfolk,NR31 6PX",2909,7,52.5814031,1.7300421,"Great Yarmouth, NR31 6PX, United Kingdom",,,,,NR31 6PX,Great Yarmouth,,Norfolk,NFK,England,ENG,United Kingdom,gb,0.6,1,,© OpenStreetMap contributors,Open Database License,https://www.openstreetmap.org/copyright
United Kingdom,"Riverside Way,Uxbridge,Middlesex UB8 2YF",2910,7,51.5449509,-0.4816672,"Uxbridge, UB8 1SB, United Kingdom",,,Uxbridge,,UB8 1SB,Uxbridge,,Greater London,,England,ENG,United Kingdom,gb,0.5526315789473684,1,,© OpenStreetMap contributors,Open Database License,https://www.openstreetmap.org/copyright
United Kingdom,"Rivington Rd.,Whitehouse Ind.Estate,Runcorn,Cheshire WA7 3DS",2911,7,53.3097619,-2.6515858,"Rivington Road, Preston Brook, WA7 3DT, United Kingdom",,Rivington Road,Rivington Road,,WA7 3DT,Preston Brook,Preston Brook,Halton,HAL,England,ENG,United Kingdom,gb,0.44099999999999995,0.7,0.7,© OpenStreetMap contributors,Open Database License,https://www.openstreetmap.org/copyright
United Kingdom,"Rm.10,Fulton House Business Centre,Fulton Rd.,Empire Way,Wembley,Middx HA9 0TF",2912,7,51.557179,-0.28606,"Empire Way, London, HA9 0FZ, United Kingdom",,Empire Way,,Brent,HA9 0FZ,London,Wembley,London,,England,ENG,United Kingdom,gb,0.5,1,1,© OpenStreetMap contributors,Open Database License,https://www.openstreetmap.org/copyright
United Kingdom,"Rm.260,Fulton House Business Centre,Fulton Rd.Empire Way Wembley,Middx,HA9 0TF",2913,7,51.55242,-0.29686,"Wembley, ENG, United Kingdom",,,,,,Wembley,,London,,England,ENG,United Kingdom,gb,0.25,1,,GeoNames,CC BY 4.0,https://www.geonames.org/datasources/
United Kingdom,"Rm.260,Fulton House Business Centre,Fulton Rd.Empire Way Wembley,Middx,HA9 OTF",2914,7,51.55242,-0.29686,"Wembley, ENG, United Kingdom",,,,,,Wembley,,London,,England,ENG,United Kingdom,gb,0.25,1,,GeoNames,CC BY 4.0,https://www.geonames.org/datasources/
United Kingdom,"Rm.374,Lloyd's Bldg.One Lime St.,London,EC3M 7DQ",2915,7,51.51273605,-0.08145225,"City of London, EC3M 7DQ, United Kingdom",,,,,EC3M 7DQ,City of London,,Greater London,,England,ENG,United Kingdom,gb,0.6,1,,© OpenStreetMap contributors,Open Database License,https://www.openstreetmap.org/copyright
United Kingdom,"Rm.78G Bldg.521,Heathrow Airport(London)Hounslow TW6 3PY",2916,7,51.4677,-0.36469,"Hounslow, TW6 3PY, United Kingdom",,,,,TW6 3PY,Hounslow,,London,,England,ENG,United Kingdom,gb,0.25,1,,GeoNames,CC BY 4.0,https://www.geonames.org/datasources/
United Kingdom,"Rm.78G Bldg.521,Heathrow Airport(London)Hounslow TW63PY",2917,7,51.4677,-0.36469,"Hounslow, TW6 3PY, United Kingdom",,,,,TW6 3PY,Hounslow,,London,,England,ENG,United Kingdom,gb,0.25,1,,GeoNames,CC BY 4.0,https://www.geonames.org/datasources/
United Kingdom,"Rm78G Bldg.521,Heathrow Airport(London)Hounslow TW63PY",2918,7,51.477856,-0.349603,"Hounslow, London, TW6 3PY, United Kingdom",,,Hounslow,Hounslow,TW6 3PY,London,,London,,England,ENG,United Kingdom,gb,0.25,1,,Who's On First,CC0,https://www.whosonfirst.org/docs/licenses/
United Kingdom,"Rodius Park,Unit 2 & 3 Faggs Rd.Feltham,Middlesex TW 140NG",2919,7,51.73357,-2.688257,"The Sloop Inn Car Park, Trellech United, NP25 4TJ, United Kingdom",,The Sloop Inn Car Park,,Trellech United Community,NP25 4TJ,Trellech United,Wye Valley,Monmouthshire,MON,Wales,WLS,United Kingdom,gb,0,,,© OpenStreetMap contributors,Open Database License,https://www.openstreetmap.org/copyright
United Kingdom,"Roebuck House,Cox Lame Chessington,Surrey KT19 1DG",2920,7,51.308942,-0.375467,"Slyfield House, Mole Valley, KT22 9SA, United Kingdom",,Slyfield House,,,KT22 9SA,Mole Valley,,Surrey,SRY,England,ENG,United Kingdom,gb,1,1,,© OpenStreetMap contributors,Open Database License,https://www.openstreetmap.org/copyright
United Kingdom,"Roebuck House,Cox Lame Chessington,Surrey KT19 IDG",2921,7,51.308942,-0.375467,"Slyfield House, Mole Valley, KT22 9SA, United Kingdom",,Slyfield House,,,KT22 9SA,Mole Valley,,Surrey,SRY,England,ENG,United Kingdom,gb,1,1,,© OpenStreetMap contributors,Open Database License,https://www.openstreetmap.org/copyright
United Kingdom,Roebuck Way Knowlhill Miltonkeynes,2922,7,51.632058,0.039113,"Roebuck Heights, Roebuck Lane, Buckhurst Hill, IG9 5RF, United Kingdom",,Roebuck Lane,Roebuck Heights,Buckhurst Hill Civil Parish,IG9 5RF,Buckhurst Hill,,Essex,ESS,England,ENG,United Kingdom,gb,0.016666666666666663,0.047619047619047616,0.033333333333333326,© OpenStreetMap contributors,Open Database License,https://www.openstreetmap.org/copyright
United Kingdom,"Roebuck Way Knowlhill Miltonkeynes,MK5 8HL",2923,7,52.0249756,-0.7696344,"Knowlhill, Milton Keynes, ENG, United Kingdom",,,Knowlhill,,MK5 8FP,Milton Keynes,Knowlhill,City of Milton Keynes,,England,ENG,United Kingdom,gb,0.46097560975609747,1,,© OpenStreetMap contributors,Open Database License,https://www.openstreetmap.org/copyright
United Kingdom,"Roebuck Way,Knowlhill,Milton keynes,MK5 8HL",2924,7,52.0220004,-0.7730146,"Roebuck Way, Milton Keynes, MK5 7AH, United Kingdom",,Roebuck Way,Roebuck Way,,MK5 7AH,Milton Keynes,Knowlhill,City of Milton Keynes,,England,ENG,United Kingdom,gb,0.5103,1,1,© OpenStreetMap contributors,Open Database License,https://www.openstreetmap.org/copyright
United Kingdom,"Rolls House,7 Rolls Bldg.,Fetter Lane,London c/o Ernst & Young",2925,7,52.663642,-1.580326,United Kingdom,,,United Kingdom,,,,,,,,,United Kingdom,gb,0,,,Who's On First,CC0,https://www.whosonfirst.org/docs/licenses/
United Kingdom,"Rolls House,7 Rolls Bldg.Fetter Lane,London EC4A 1NH",2926,7,51.516794,-0.109117,"Fetter Lane, London, EC4A 1NH, United Kingdom",,Fetter Lane,,City of London,EC4A 1NH,London,Holborn,London,,England,ENG,United Kingdom,gb,0.33333333333333337,1,0.6666666666666667,© OpenStreetMap contributors,Open Database License,https://www.openstreetmap.org/copyright
United Kingdom,"Roman House,Wood St.,London EC2",2927,7,51.516606,-0.094082,"35 Wood Street, London, EC2V 7AF, United Kingdom",35,Wood Street,,City of London,EC2V 7AF,London,London Wall,London,,England,ENG,United Kingdom,gb,0.45,0.5,0.5,© OpenStreetMap contributors,Open Database License,https://www.openstreetmap.org/copyright
United Kingdom,"Rooksley Park,Precedent Dr.,Milton Keynes,MK 13 8HF",2928,7,52.0439612,-0.7783476,"Precedent Drive, Milton Keynes, MK13 8ND, United Kingdom",,Precedent Drive,Precedent Drive,,MK13 8ND,Milton Keynes,Rooksley,City of Milton Keynes,,England,ENG,United Kingdom,gb,0.5,1,1,© OpenStreetMap contributors,Open Database License,https://www.openstreetmap.org/copyright
United Kingdom,"Ropemaker Place,25 Ropemaker St.,London EC2Y 9AJ",2929,7,51.5199261,-0.0892362,"Ropemaker, 25 Ropemaker Street, City of London, EC2Y 9AJ, United Kingdom",25,Ropemaker Street,Ropemaker,,EC2Y 9AJ,City of London,Barbican,Greater London,,England,ENG,United Kingdom,gb,0.9,1,1,© OpenStreetMap contributors,Open Database License,https://www.openstreetmap.org/copyright
United Kingdom,"Ropemaker Place,25 Ropemaker St.,London EC2Y 9AN",2930,7,51.5199261,-0.0892362,"Ropemaker, 25 Ropemaker Street, City of London, EC2Y 9AJ, United Kingdom",25,Ropemaker Street,Ropemaker,Islington,EC2Y 9AJ,City of London,Barbican,Greater London,,England,ENG,United Kingdom,gb,0.5103000000000001,0.81,0.81,© OpenStreetMap contributors,Open Database License,https://www.openstreetmap.org/copyright
United Kingdom,"Ropemaker Place,28 Ropemaker St.,London",2931,7,51.5200041,-0.0896689,"Macquarie, 28 Ropemaker Street, City of London, EC2Y 9HD, United Kingdom",28,Ropemaker Street,Macquarie,,EC2Y 9HD,City of London,Barbican,Greater London,,England,ENG,United Kingdom,gb,0.7290000000000001,0.81,0.81,© OpenStreetMap contributors,Open Database License,https://www.openstreetmap.org/copyright
United Kingdom,"Rose Lane Business Centre,Rose Lane,Norwich NR1 1JY",2932,7,52.626714,1.280239,"Norwich, NR1 1JY, United Kingdom",,,,,NR1 1JY,Norwich,,Norfolk,NFK,England,ENG,United Kingdom,gb,0.25,1,,Who's On First,CC0,https://www.whosonfirst.org/docs/licenses/
United Kingdom,"Rose Lane Business Centre,Rose Lane,Norwich,NR1 1BY",2933,7,52.62833825,1.3012828,"Norwich, NR1 1BY, United Kingdom",,,,,NR1 1BY,Norwich,,Norfolk,NFK,England,ENG,United Kingdom,gb,0.6,1,,© OpenStreetMap contributors,Open Database License,https://www.openstreetmap.org/copyright
United Kingdom,"Rosebank House 144 Broughton Rd.,Edinburgh EEL 7 4LE",2934,7,53.113973,-2.443889,"Coppenhall, Broughton Road / Garages, Broughton Road, Crewe, CW1 4NT, United Kingdom",,Broughton Road,"Coppenhall, Broughton Road / Garages",,CW1 4NT,Crewe,Coppenhall,Cheshire West and Chester,CHW,England,ENG,United Kingdom,gb,0.5,,,© OpenStreetMap contributors,Open Database License,https://www.openstreetmap.org/copyright
United Kingdom,"Rosewood,Crockford Lane,Chineham Park,Basingstoke,Hampshire,RG24 8UT",2935,7,51.29929,-1.06222,"Basingstoke and Deane, RG24 8UT, United Kingdom",,,,,RG24 8UT,Basingstoke and Deane,,Hampshire,HAM,England,ENG,United Kingdom,gb,0.6,1,,© OpenStreetMap contributors,Open Database License,https://www.openstreetmap.org/copyright
United Kingdom,"Rosewood,Crockford Lane,Chineham,Basingstoke,Hampshire,RG24 8WH",2936,7,51.2998115,-1.0609892,"Crockford Lane, Basingstoke and Deane, RG24 8WH, United Kingdom",,Crockford Lane,Crockford Lane,Cufaude Village,RG24 8WH,Basingstoke and Deane,,Hampshire,HAM,England,ENG,United Kingdom,gb,0.7,1,1,© OpenStreetMap contributors,Open Database License,https://www.openstreetmap.org/copyright
United Kingdom,"Rothwell Rd.,Wedgnock Ind.Estate,Warwick CV34 5PY",2937,7,52.293446,-1.6000506,"Rothwell Road, Warwick, CV34 5YA, United Kingdom",,Rothwell Road,Rothwell Road,,CV34 5YA,Warwick,Woodloes Park,Warwickshire,WAR,England,ENG,United Kingdom,gb,0.63,1,1,© OpenStreetMap contributors,Open Database License,https://www.openstreetmap.org/copyright
United Kingdom,"Rothwell Rd.,Wedgnock Industrial Estate,Warwick CV34 5PY",2938,7,52.293446,-1.6000506,"Rothwell Road, Warwick, CV34 5YA, United Kingdom",,Rothwell Road,Rothwell Road,,CV34 5YA,Warwick,Woodloes Park,Warwickshire,WAR,England,ENG,United Kingdom,gb,0.63,1,1,© OpenStreetMap contributors,Open Database License,https://www.openstreetmap.org/copyright
United Kingdom,"Roway Lane,Oldbury,Warley,West Midlands,B69 3EJ",2939,7,52.5117006,-2.0243529,"Roway Lane, Sandwell, B69 3EJ, United Kingdom",,Roway Lane,Roway Lane,,B69 3EJ,Sandwell,,West Midlands Combined Authority,,England,ENG,United Kingdom,gb,0.7,1,1,© OpenStreetMap contributors,Open Database License,https://www.openstreetmap.org/copyright
United Kingdom,"Rowdy Lane,Oldbury,Warley,West Midlands,B69 3EJ",2940,7,52.51158,-2.02397,"Sandwell, B69 3EJ, United Kingdom",,,,,B69 3EJ,Sandwell,,West Midlands Combined Authority,,England,ENG,United Kingdom,gb,0.6,1,,© OpenStreetMap contributors,Open Database License,https://www.openstreetmap.org/copyright
United Kingdom,"Rowley Dr.,Baginton,Coventry,West Midlands,CV3 4FG",2941,7,52.3767531,-1.4795585,"Rowley Drive, Coventry, CV3 4FG, United Kingdom",,Rowley Drive,Rowley Drive,,CV3 4FG,Coventry,Tollbar End,West Midlands Combined Authority,,England,ENG,United Kingdom,gb,0.7,1,1,© OpenStreetMap contributors,Open Database License,https://www.openstreetmap.org/copyright
United Kingdom,"Rowley Dr.,Bangingon,Coventry,West Midland CV3 4FG",2942,7,52.376481,-1.480461,"Rowley Drive, Coventry, CV3 4FG, United Kingdom",,Rowley Drive,,,CV3 4FG,Coventry,,Birmingham,BIR,England,ENG,United Kingdom,gb,0,,,© OpenStreetMap contributors,Open Database License,https://www.openstreetmap.org/copyright
United Kingdom,"Rowley Dr.,Bangingon,Coventry,West Midlands,CV3 4FG",2943,7,52.376481,-1.480461,"Rowley Drive, Coventry, CV3 4FG, United Kingdom",,Rowley Drive,,,CV3 4FG,Coventry,,Birmingham,BIR,England,ENG,United Kingdom,gb,0,1,,© OpenStreetMap contributors,Open Database License,https://www.openstreetmap.org/copyright
United Kingdom,"Royal Liver Bldg.,Pier Head,Liverpool",2944,7,53.410374,-2.979375,"Liverpool, ENG, United Kingdom",,,,,,Liverpool,,Liverpool,LIV,England,ENG,United Kingdom,gb,0.2857142857142857,0.3333333333333333,,Who's On First,CC0,https://www.whosonfirst.org/docs/licenses/
United Kingdom,"Royal Liver Bldg.,Pier Head,Liverpool L3 1NX",2945,7,53.405979,-2.995882,"Liverpool, L3 1NX, United Kingdom",,,L3 1NX,,L3 1NX,Liverpool,,Liverpool,LIV,,,United Kingdom,gb,0.6,1,,Who's On First,CC0,https://www.whosonfirst.org/docs/licenses/
United Kingdom,"Royal Liver Bldg.,Pier Head,Liverpool,L3 1NX",2946,7,53.405979,-2.995882,"Liverpool, L3 1NX, United Kingdom",,,L3 1NX,,L3 1NX,Liverpool,,Liverpool,LIV,,,United Kingdom,gb,0.6,1,,Who's On First,CC0,https://www.whosonfirst.org/docs/licenses/
United Kingdom,"Royal Trust House 19-21 Broad St.,St.Helier,Jersey,Channel Islands",2947,7,58.981914,-2.960962,"17,19,21 Broad Street, Kirkwall, KW15 1DH, United Kingdom","17,19,21",Broad Street,,,KW15 1DH,Kirkwall,,Orkney Islands,ORK,Scotland,SCT,United Kingdom,gb,0,,,© OpenStreetMap contributors,Open Database License,https://www.openstreetmap.org/copyright
United Kingdom,"Royal Trust House 19-21 Broad St.,St.Helier,Jersey,Chanrel Islands",2948,7,58.981914,-2.960962,"17,19,21 Broad Street, Kirkwall, KW15 1DH, United Kingdom","17,19,21",Broad Street,,,KW15 1DH,Kirkwall,,Orkney Islands,ORK,Scotland,SCT,United Kingdom,gb,0,,,© OpenStreetMap contributors,Open Database License,https://www.openstreetmap.org/copyright
United Kingdom,"Roycraft House,15 Linton Rd.,Barking,Essex IG11 8HG",2949,7,51.5391063,0.078738,"Barking Baptist Church (Biserica Baptista Genesis), 15 Linton Road, London, IG11 8HE, United Kingdom",15,Linton Road,Barking Baptist Church (Biserica Baptista Genesis),Roding Riverside,IG11 8HE,London,,Greater London,,England,ENG,United Kingdom,gb,0.9,1,1,© OpenStreetMap contributors,Open Database License,https://www.openstreetmap.org/copyright
United Kingdom,"Runway Farm Technology Centre,Honiley Rd.,Meer End,Nr Kenilworth Warwickshire,CV8 1NQ",2950,7,52.3639337,-1.6588366,"Honiley Road, Warwick, CV8 1PY, United Kingdom",,Honiley Road,Honiley Road,,CV8 1PY,Warwick,"Beausale, Haseley, Honiley and Wroxall",Warwickshire,WAR,England,ENG,United Kingdom,gb,0.44099999999999995,0.7,0.7,© OpenStreetMap contributors,Open Database License,https://www.openstreetmap.org/copyright
United Kingdom,"Runway Farm Technology Centre,Honiley Rd.,Meer End,Nr Kenilworth,CV8 1NQ",2951,7,52.3639337,-1.6588366,"Honiley Road, Warwick, CV8 1PY, United Kingdom",,Honiley Road,Honiley Road,,CV8 1PY,Warwick,"Beausale, Haseley, Honiley and Wroxall",Warwickshire,WAR,England,ENG,United Kingdom,gb,0.44099999999999995,0.7,0.7,© OpenStreetMap contributors,Open Database License,https://www.openstreetmap.org/copyright
United Kingdom,"Rutherford Close Stevenage Hertfordshire,SG1 2EF",2952,7,51.9087064,-0.2187641,"Stevenage, SG1 2EF, United Kingdom",,,,,SG1 2EF,Stevenage,,Hertfordshire,HRT,England,ENG,United Kingdom,gb,0.6,1,,© OpenStreetMap contributors,Open Database License,https://www.openstreetmap.org/copyright
United Kingdom,"Rutland House Pitt St.,St.Helier Jersey",2953,7,,,,,,,,,,,,,,,,,,,,,,
United Kingdom,"Rutland House Pitt St.,St.Helier Jersey.",2954,7,,,,,,,,,,,,,,,,,,,,,,
United Kingdom,"Rutland House Pitt St.,St.Helier,Jersey,Channel Islands",2955,7,,,,,,,,,,,,,,,,,,,,,,
United Kingdom,"Rutland House,Pitt St.,St.Helier Jersey Channel Islands",2956,7,,,,,,,,,,,,,,,,,,,,,,
United Kingdom,"Rutland House,Pitt St.,St.Helier Jersey,Channel Island",2957,7,54.050223,-2.797861,"Pitt Street, Lancaster, United Kingdom",,Pitt Street,,,,Lancaster,,Lancashire,LAN,England,ENG,United Kingdom,gb,0,0.2222222222222222,,© OpenStreetMap contributors,Open Database License,https://www.openstreetmap.org/copyright
United Kingdom,"Rutland House,Pitt St.,St.Helier Jersey,Channel Islands",2958,7,54.050223,-2.797861,"Pitt Street, Lancaster, United Kingdom",,Pitt Street,,,,Lancaster,,Lancashire,LAN,England,ENG,United Kingdom,gb,0,,,© OpenStreetMap contributors,Open Database License,https://www.openstreetmap.org/copyright
United Kingdom,"Rutland House,Pitt St.,St.Helier Jersey.Channel Island",2959,7,,,,,,,,,,,,,,,,,,,,,,
United Kingdom,"Rutland House,Pitt St.,St.Helier,Jersey,Cannel Islands",2960,7,51.503564,-0.194227,"Pitt Street, London, United Kingdom",,Pitt Street,,Kensington and Chelsea,,London,Kensington Palace Gardens,London,,England,ENG,United Kingdom,gb,0,0.25,,© OpenStreetMap contributors,Open Database License,https://www.openstreetmap.org/copyright
United Kingdom,"Rutland House,Pitt St.,St.Helier,Jersey,Channel Islands",2961,7,51.503564,-0.194227,"Pitt Street, London, United Kingdom",,Pitt Street,,Kensington and Chelsea,,London,Kensington Palace Gardens,London,,England,ENG,United Kingdom,gb,0,,,© OpenStreetMap contributors,Open Database License,https://www.openstreetmap.org/copyright
United Kingdom,"Rutland House,Pitt St.,St.Helier,Jersy JE2 3RP",2962,7,51.503564,-0.194227,"Pitt Street, London, United Kingdom",,Pitt Street,,Kensington and Chelsea,,London,Kensington Palace Gardens,London,,England,ENG,United Kingdom,gb,0,,,© OpenStreetMap contributors,Open Database License,https://www.openstreetmap.org/copyright
United Kingdom,"Rutland House,Pitt St.,St.Helier,Jersy JE2 3RP,Channel Island",2963,7,53.300321,-1.369294,"Pitt Street, Eckington, United Kingdom",,Pitt Street,,Eckington,,Eckington,,Derbyshire,DBY,England,ENG,United Kingdom,gb,0.543859649122807,0.20779220779220778,0.20779220779220778,© OpenStreetMap contributors,Open Database License,https://www.openstreetmap.org/copyright
United Kingdom,"Rutland House,Pitt St.Helier,Jersey,TE4 88B Channel Islands",2964,7,51.479051,-0.367869,"Channel Close, London, United Kingdom",,Channel Close,,Hounslow,,London,Heston,London,,England,ENG,United Kingdom,gb,0,,,© OpenStreetMap contributors,Open Database License,https://www.openstreetmap.org/copyright
United Kingdom,"Rutland House,Pitt St.St.Helier Jersey Channel Islands",2965,7,53.465368,-2.72589,"Islands Brow, St Helens, WA11 9PL, United Kingdom",,Islands Brow,,,WA11 9PL,St Helens,Haresfinch,Liverpool,LIV,England,ENG,United Kingdom,gb,0,,,© OpenStreetMap contributors,Open Database License,https://www.openstreetmap.org/copyright
United Kingdom,"Rutland House,Pitt St.St.Helier Jersey,Channel Islands",2966,7,53.465368,-2.72589,"Islands Brow, St Helens, WA11 9PL, United Kingdom",,Islands Brow,,,WA11 9PL,St Helens,Haresfinch,Liverpool,LIV,England,ENG,United Kingdom,gb,0,,,© OpenStreetMap contributors,Open Database License,https://www.openstreetmap.org/copyright
United Kingdom,"Rutland House,Pitt St.St.Helier,Jersey Channel Islands",2967,7,53.465368,-2.72589,"Islands Brow, St Helens, WA11 9PL, United Kingdom",,Islands Brow,,,WA11 9PL,St Helens,Haresfinch,Liverpool,LIV,England,ENG,United Kingdom,gb,0,,,© OpenStreetMap contributors,Open Database License,https://www.openstreetmap.org/copyright
United Kingdom,"Rutland House,Pitt St.St.Helier,Jersey,Channel Islands",2968,7,53.462921,-2.721884,"Islands Brow, St Helens, WA11 9PL, United Kingdom",,Islands Brow,,,WA11 9PL,St Helens,Haresfinch,Liverpool,LIV,England,ENG,United Kingdom,gb,0,,,© OpenStreetMap contributors,Open Database License,https://www.openstreetmap.org/copyright
United Kingdom,"Rutland,Pitt St.,St.Heiler,Jersey Channel,Island",2969,7,53.4291659,-2.7069074,"Rutland House Veterinary Hospital, Abbotsfield Road, St Helens, WA9 4HU, United Kingdom",,Abbotsfield Road,Rutland House Veterinary Hospital,,WA9 4HU,St Helens,Sutton Leach,Liverpool City Region,,England,ENG,United Kingdom,gb,0.19727734090909094,0.10176923076923076,,© OpenStreetMap contributors,Open Database License,https://www.openstreetmap.org/copyright
United Kingdom,"Rutland,Pitt St.,St.Heiler,Jersey,Channel Island",2970,7,53.565233,-2.445852,"Rutland Street, Bolton, United Kingdom",,Rutland Street,,,,Bolton,,Salford,SLF,England,ENG,United Kingdom,gb,0,,,© OpenStreetMap contributors,Open Database License,https://www.openstreetmap.org/copyright
United Kingdom,"Rycote Lane,Milton Common,Thane Oxon OX9 2PU",2971,7,51.7329059,-1.0312181,"Rycote Lane, South Oxfordshire, OX9 2PA, United Kingdom",,Rycote Lane,Rycote Lane,,OX9 2PA,South Oxfordshire,,Oxfordshire,OXF,England,ENG,United Kingdom,gb,0.44099999999999995,0.7,0.7,© OpenStreetMap contributors,Open Database License,https://www.openstreetmap.org/copyright
United Kingdom,"Rye Close,Ancells Business Park,Fleet,Hampshire GU13 8UY",2972,7,51.298215,-0.823919,"Ancells Business Park, Fleet, United Kingdom",,Ancells Business Park,,Fleet,,Fleet,,Hampshire,HAM,England,ENG,United Kingdom,gb,1,1,1,© OpenStreetMap contributors,Open Database License,https://www.openstreetmap.org/copyright
United Kingdom,"Rye Close,Ancells Business Park,Fleet,Hampshire GU13,8UY",2973,7,51.284888,-0.838197,"Fleet (Fleet), ENG, United Kingdom",,,,Fleet,,Fleet,,Hampshire,HAM,England,ENG,United Kingdom,gb,0.08321005917159761,1,,Who's On First,CC0,https://www.whosonfirst.org/docs/licenses/
United Kingdom,"Saddlers' House,6th Fl.,44 Gutter Lane,Cheapside,London EC2V 6BR",2974,7,51.5144289,-0.0954925,"Gutter Lane, City of London, EC2V 6BR, United Kingdom",,Gutter Lane,Gutter Lane,,EC2V 6BR,City of London,Cheap,Greater London,,England,ENG,United Kingdom,gb,0.7,1,1,© OpenStreetMap contributors,Open Database License,https://www.openstreetmap.org/copyright
United Kingdom,Saint Albans,2975,7,51.753051,-0.3379675,"St Albans, ENG, United Kingdom",,,St Albans,,,St Albans,,Hertfordshire,HRT,England,ENG,United Kingdom,gb,1,1,,© OpenStreetMap contributors,Open Database License,https://www.openstreetmap.org/copyright
United Kingdom,Salisbury,2976,7,51.0690613,-1.7954134,"Salisbury, ENG, United Kingdom",,,,,,Salisbury,,Wiltshire,WIL,England,ENG,United Kingdom,gb,1,1,,© OpenStreetMap contributors,Open Database License,https://www.openstreetmap.org/copyright
United Kingdom,"Salisbury House Finsbury Circus London EC2M 5QQ,",2977,7,51.5171668,-0.0870623,"City of London, EC2M 5QQ, United Kingdom",,,,,EC2M 5QQ,City of London,,Greater London,,England,ENG,United Kingdom,gb,0.6,1,,© OpenStreetMap contributors,Open Database License,https://www.openstreetmap.org/copyright
United Kingdom,"Salisbury House,Finsbury Circus,London EC2M 5QQ",2978,7,51.5171668,-0.0870623,"City of London, EC2M 5QQ, United Kingdom",,,,,EC2M 5QQ,City of London,,Greater London,,England,ENG,United Kingdom,gb,0.6,1,,© OpenStreetMap contributors,Open Database License,https://www.openstreetmap.org/copyright
United Kingdom,"Salishury House,London Wall,London EC2M 5QQ",2979,7,51.5171668,-0.0870623,"City of London, EC2M 5QQ, United Kingdom",,,,,EC2M 5QQ,City of London,,Greater London,,England,ENG,United Kingdom,gb,0.6,1,,© OpenStreetMap contributors,Open Database License,https://www.openstreetmap.org/copyright
United Kingdom,"Sandhurst House,297 Yorktown Rd.,Sandhurst,Berkshire,GU47 0QA",2980,7,51.3451786,-0.7860888,"Yorktown Road, Sandhurst, GU47 0NU, United Kingdom",,Yorktown Road,Yorktown Road,,GU47 0NU,Sandhurst,College Town,Bracknell Forest,BRC,England,ENG,United Kingdom,gb,0.44099999999999995,1,1,© OpenStreetMap contributors,Open Database License,https://www.openstreetmap.org/copyright
United Kingdom,"Sandown Rd.,Watford,Herts WD2 4XB",2981,7,51.6738597,-0.3929983,"Sandown Road, Watford, WD24 7XE, United Kingdom",,Sandown Road,Sandown Road,,WD24 7XE,Watford,Mowat Industrial Estate,Hertfordshire,HRT,England,ENG,United Kingdom,gb,0.125,1,1,© OpenStreetMap contributors,Open Database License,https://www.openstreetmap.org/copyright
United Kingdom,"Sanyo House,18 Colonial Way,Watford Hertfordshire,WD24 4PT",2982,7,51.6658223,-0.385419,"Colonial Way, Watford, WD24 4LL, United Kingdom",,Colonial Way,Colonial Way,,WD24 4LL,Watford,,Hertfordshire,HRT,England,ENG,United Kingdom,gb,0.63,1,1,© OpenStreetMap contributors,Open Database License,https://www.openstreetmap.org/copyright
United Kingdom,"Sanyo House,Otterspool Way,Watford,Hertfordshire WD2 8JX",2983,7,51.66528725,-0.36067231164345737,"Hilton London Watford, North Western Avenue Elton Way, Watford, WD25 8HA, United Kingdom",,North Western Avenue Elton Way,Hilton London Watford,Otterspool,WD25 8HA,Watford,,Hertfordshire,HRT,England,ENG,United Kingdom,gb,0.08333333333333333,1,0.3333333333333333,© OpenStreetMap contributors,Open Database License,https://www.openstreetmap.org/copyright
United Kingdom,"Sanyo House,Otterspool Way,Watford,Hertfordshire WD25 8JX",2984,7,51.6701552,-0.3693112,"Otterspool Way, Hertsmere, WD25 8FA, United Kingdom",,Otterspool Way,Otterspool Way,Otterspool,WD25 8FA,Hertsmere,,Hertfordshire,HRT,England,ENG,United Kingdom,gb,0.44099999999999995,0.7,0.7,© OpenStreetMap contributors,Open Database License,https://www.openstreetmap.org/copyright
United Kingdom,"Sanyo House,Otterspool Way,Watford,Hertfordshire,WD2 8JX",2985,7,51.66528725,-0.36067231164345737,"Hilton London Watford, North Western Avenue Elton Way, Watford, WD25 8HA, United Kingdom",,North Western Avenue Elton Way,Hilton London Watford,Otterspool,WD25 8HA,Watford,,Hertfordshire,HRT,England,ENG,United Kingdom,gb,0.08333333333333333,1,0.3333333333333333,© OpenStreetMap contributors,Open Database License,https://www.openstreetmap.org/copyright
United Kingdom,"Sanyo House,Otterspool Way,Watford,Hertfordshire,WD25 8JX",2986,7,51.6701552,-0.3693112,"Otterspool Way, Hertsmere, WD25 8FA, United Kingdom",,Otterspool Way,Otterspool Way,Otterspool,WD25 8FA,Hertsmere,,Hertfordshire,HRT,England,ENG,United Kingdom,gb,0.44099999999999995,0.7,0.7,© OpenStreetMap contributors,Open Database License,https://www.openstreetmap.org/copyright
United Kingdom,"Saunders House,52-53 The Mall,London W5 3TA",2987,7,51.513793,-0.2995294,"The Lodge Tavern, 52-53 The Mall, London, W5 3TA, United Kingdom",52-53,The Mall,The Lodge Tavern,London Borough of Ealing,W5 3TA,London,,Greater London,,England,ENG,United Kingdom,gb,0.9,1,1,© OpenStreetMap contributors,Open Database License,https://www.openstreetmap.org/copyright
United Kingdom,"Savoy Works,Pershore Rd.,Birmingham B30 3DR",2988,7,52.42101075,-1.92307045,"Birmingham, B30 3DR, United Kingdom",,,,,B30 3DR,Birmingham,,West Midlands Combined Authority,,England,ENG,United Kingdom,gb,0.6,1,,© OpenStreetMap contributors,Open Database License,https://www.openstreetmap.org/copyright
United Kingdom,"Savoy Works,Pershore Rd.,Birmingham B3O 3DR",2989,7,52.4659892,-1.8982442,"Pershore Road, Birmingham, B5 7BS, United Kingdom",,Pershore Road,Pershore Road,,B5 7BS,Birmingham,Digbeth,West Midlands Combined Authority,,England,ENG,United Kingdom,gb,0.5,1,1,© OpenStreetMap contributors,Open Database License,https://www.openstreetmap.org/copyright
United Kingdom,"Savoy Works,Pershore Rd.,Kings Norton,Birmingham,B30 3DR",2990,7,52.42101075,-1.92307045,"Birmingham, B30 3DR, United Kingdom",,,,,B30 3DR,Birmingham,,West Midlands Combined Authority,,England,ENG,United Kingdom,gb,0.6,1,,© OpenStreetMap contributors,Open Database License,https://www.openstreetmap.org/copyright
United Kingdom,"SC House,Vanwall Rd.,Maidenhead Berkshire",2991,7,51.511826,-0.745549,"Vanwall Road, Maidenhead, SL6 4UB, United Kingdom",,Vanwall Road,,,SL6 4UB,Maidenhead,Highway,West Berkshire,WBK,England,ENG,United Kingdom,gb,0.45,1,1,© OpenStreetMap contributors,Open Database License,https://www.openstreetmap.org/copyright
United Kingdom,"SC House,Vanwall Rd.,Maidenhead Berkshire SL6 4UW",2992,7,51.5114797,-0.7437307,"Vanwall Road, Maidenhead, SL6 4FX, United Kingdom",,Vanwall Road,Vanwall Road,,SL6 4FX,Maidenhead,Highway,Royal Borough of Windsor and Maidenhead,,England,ENG,United Kingdom,gb,0.44099999999999995,1,1,© OpenStreetMap contributors,Open Database License,https://www.openstreetmap.org/copyright
United Kingdom,"SC House,Vanwall Rd.,Maidenhead Berkshire,SL6 4UW",2993,7,51.5114797,-0.7437307,"Vanwall Road, Maidenhead, SL6 4FX, United Kingdom",,Vanwall Road,Vanwall Road,,SL6 4FX,Maidenhead,Highway,Royal Borough of Windsor and Maidenhead,,England,ENG,United Kingdom,gb,0.44099999999999995,1,1,© OpenStreetMap contributors,Open Database License,https://www.openstreetmap.org/copyright
United Kingdom,"Scimitar Close,Gillingham Business Park Gillingham,Kent ME8 0RJ",2994,7,51.366108,0.573371,"Gillingham Business Park, Gillingham, ME8 0RJ, United Kingdom",,Gillingham Business Park,,,ME8 0RJ,Gillingham,Rainham Mark,Kent,KEN,England,ENG,United Kingdom,gb,1,1,1,© OpenStreetMap contributors,Open Database License,https://www.openstreetmap.org/copyright
United Kingdom,"Scimitar Close,Gillingham Business Park Gillingham,Kent ME8 ORJ",2995,7,51.3656583,0.573429801001506,"Gillingham Business Park, Gillingham, ME8, United Kingdom",,,Gillingham Business Park,,ME8,Gillingham,Rainham Mark,Medway,MDW,England,ENG,United Kingdom,gb,0,,,© OpenStreetMap contributors,Open Database License,https://www.openstreetmap.org/copyright
United Kingdom,"Scimitar Close,Gillingham Business Park,Gillingham,Kent ME8 0RJ",2996,7,51.36761,0.573791,"Gillingham Business Park, Gillingham, ME8 0RJ, United Kingdom",,Gillingham Business Park,,,ME8 0RJ,Gillingham,Rainham Mark,Kent,KEN,England,ENG,United Kingdom,gb,1,1,1,© OpenStreetMap contributors,Open Database License,https://www.openstreetmap.org/copyright
United Kingdom,"Scimitar Close,Gillingham Business Park,Gillingham,Kent,ME8 0RJ",2997,7,51.36761,0.573791,"Gillingham Business Park, Gillingham, ME8 0RJ, United Kingdom",,Gillingham Business Park,,,ME8 0RJ,Gillingham,Rainham Mark,Kent,KEN,England,ENG,United Kingdom,gb,1,1,1,© OpenStreetMap contributors,Open Database License,https://www.openstreetmap.org/copyright
United Kingdom,"Scimitar House,23 Eastern Rd.,Romford,Essex RM1 3NH",2998,7,51.57697,0.1880016,"Eastern Road, London, RM1 3QF, United Kingdom",,Eastern Road,Eastern Road,London Borough of Havering,RM1 3QF,London,Gidea Park,Greater London,,England,ENG,United Kingdom,gb,0.44099999999999995,0.7,0.7,© OpenStreetMap contributors,Open Database License,https://www.openstreetmap.org/copyright
United Kingdom,Scotland,2999,7,52.8609703,-0.5098637,"Scotland, Ingoldsby, South Kesteven, ENG, United Kingdom",,,Scotland,,NG33 4ES,South Kesteven,Ingoldsby,Lincolnshire,LIN,England,ENG,United Kingdom,gb,0,,,© OpenStreetMap contributors,Open Database License,https://www.openstreetmap.org/copyright
United Kingdom,"Sea Containers House,45 Rusell Sq.,London WC1B 4JP",3000,7,51.544890699999996,-0.11133659999999679,"45 Arundel Square, London, N7 8AP, United Kingdom",45,Arundel Square,,London Borough of Islington,N7 8AP,London,Barnsbury,Greater London,,England,ENG,United Kingdom,gb,0.3857142857142857,1,0.42857142857142855,© OpenStreetMap contributors,Open Database License,https://www.openstreetmap.org/copyright
United Kingdom,"Seabrook House,Duncombe St.,Bradford,Yorkshire,BD8 9AJ",3001,7,53.7964672,-1.7820998,"Duncombe Street, Bradford, BD8 9AJ, United Kingdom",,Duncombe Street,Duncombe Street,,BD8 9AJ,Bradford,Manningham,West Yorkshire,,England,ENG,United Kingdom,gb,0.5,1,1,© OpenStreetMap contributors,Open Database License,https://www.openstreetmap.org/copyright
United Kingdom,"Secom House 52 Godstone Rd.Kenley Surrey,CR8 5JF",3002,7,51.458577,-0.313427,"52 Park House Gardens, London, TW1 2DE, United Kingdom",52,Park House Gardens,,Richmond upon Thames,TW1 2DE,London,St. Margaret's,London,,England,ENG,United Kingdom,gb,0.32148899999999997,,,© OpenStreetMap contributors,Open Database License,https://www.openstreetmap.org/copyright
United Kingdom,"Secom House 52 Godstone Rd.Kenley,Surrey,CR8 5JF",3003,7,51.3273703,-0.10503112979692857,"SECOM, 52 Godstone Road, London, CR8 5JF, United Kingdom",52,Godstone Road,SECOM,London Borough of Croydon,CR8 5JF,London,Kenley,Greater London,,England,ENG,United Kingdom,gb,0.9,,,© OpenStreetMap contributors,Open Database License,https://www.openstreetmap.org/copyright
United Kingdom,Secom House 52/54 Godstone Rd.Kenley Surrey CR8 5JF,3004,7,51.353948,-0.602781,"52 Turf House Lane, Chobham, GU24 8LQ, United Kingdom",52,Turf House Lane,,Chobham,GU24 8LQ,Chobham,,Surrey,SRY,England,ENG,United Kingdom,gb,0.18490484429065746,0.3333333333333333,0.27,© OpenStreetMap contributors,Open Database License,https://www.openstreetmap.org/copyright
United Kingdom,"Secom House 52/54 Godstone Rd.Kenley Surrey,CR8 5JF",3005,7,51.458577,-0.313427,"52 Park House Gardens, London, TW1 2DE, United Kingdom",52,Park House Gardens,,Richmond upon Thames,TW1 2DE,London,St. Margaret's,London,,England,ENG,United Kingdom,gb,0.30541455,,,© OpenStreetMap contributors,Open Database License,https://www.openstreetmap.org/copyright
United Kingdom,"Secom House 52/54 Godstone Rd.Kenley,Surrey,CR8 5JF",3006,7,51.3132319,-0.0821991,"52-54 Godstone Road, Tandridge, CR3 0EA, United Kingdom",52-54,Godstone Road,,London Borough of Croydon,CR3 0EA,Tandridge,Whyteleafe,Surrey,SRY,England,ENG,United Kingdom,gb,0.9,,,© OpenStreetMap contributors,Open Database License,https://www.openstreetmap.org/copyright
United Kingdom,"Selihull Parkway,Birmingham Business Park,Birmingham B37 7YU",3007,7,52.478308,-1.893538,"Birmingham, ENG, United Kingdom",,,,,,Birmingham,,Birmingham,BIR,England,ENG,United Kingdom,gb,0.25,1,,Who's On First,CC0,https://www.whosonfirst.org/docs/licenses/
United Kingdom,"Shaftmoor Lane,Hall Green,Birmingham,B28 8SW",3008,7,52.44401,-1.84004,"Birmingham, B28 8SW, United Kingdom",,,,,B28 8SW,Birmingham,,West Midlands Combined Authority,,England,ENG,United Kingdom,gb,0.6,1,,© OpenStreetMap contributors,Open Database License,https://www.openstreetmap.org/copyright
United Kingdom,"Sharp House,Thorp Rd.,Newton Heath,Manchester,M10 9BE",3009,7,53.503048,-2.1941374,"Thorp Road, Manchester, M40 5NS, United Kingdom",,Thorp Road,Thorp Road,,M40 5NS,Manchester,Moston,Greater Manchester,,England,ENG,United Kingdom,gb,0.5,1,1,© OpenStreetMap contributors,Open Database License,https://www.openstreetmap.org/copyright
United Kingdom,"Sharp House,Thorp Rd.,Newton Heath,Manchester,M40 5BE",3010,7,53.503048,-2.1941374,"Thorp Road, Manchester, M40 5NS, United Kingdom",,Thorp Road,Thorp Road,,M40 5NS,Manchester,Moston,Greater Manchester,,England,ENG,United Kingdom,gb,0.63,1,1,© OpenStreetMap contributors,Open Database License,https://www.openstreetmap.org/copyright
United Kingdom,"Shelton House,5 Bentalls,Pipps Hill Ind.Estate,Basildon,Essex,SS14 3BY",3011,7,51.582403,0.4556508,"Bentalls, Basildon, SS14 3BG, United Kingdom",,Bentalls,Bentalls,,SS14 3BG,Basildon,Pipps Hill Industrial Estate,Essex,ESS,England,ENG,United Kingdom,gb,0.63,1,1,© OpenStreetMap contributors,Open Database License,https://www.openstreetmap.org/copyright
United Kingdom,"Shepley St.,Guide Bridge,Audenshaw,Manchester M34 5JD",3012,7,53.4719399,-2.1098499,"Tameside, M34 5JD, United Kingdom",,,,,M34 5JD,Tameside,,Greater Manchester,,England,ENG,United Kingdom,gb,0.6,1,,© OpenStreetMap contributors,Open Database License,https://www.openstreetmap.org/copyright
United Kingdom,"Sherbourne Dr.,Tilbrook Milton Keynes,Buckinghamshire,MK7 8BG",3013,7,52.04224,-0.755508,"Milton Keynes, MK7 8BG, United Kingdom",,,,,MK7 8BG,Central Milton Keynes,,Buckinghamshire,BKM,England,ENG,United Kingdom,gb,0.225,0.9,,Who's On First,CC0,https://www.whosonfirst.org/docs/licenses/
United Kingdom,"Sherbourne Dr.,Tilbrook,Milton Keynes MK7 8BL",3014,7,52.0108455,-0.6917906,"Sherbourne Drive, Milton Keynes, MK7 8HX, United Kingdom",,Sherbourne Drive,Sherbourne Drive,,MK7 8HX,Milton Keynes,Tilbrook,City of Milton Keynes,,England,ENG,United Kingdom,gb,0.5103,1,1,© OpenStreetMap contributors,Open Database License,https://www.openstreetmap.org/copyright
United Kingdom,"Sherbourne Dr.,Tilbrook,Milton Keynes,Buckinghamshire,MK7 8BG",3015,7,52.04224,-0.755508,"Milton Keynes, MK7 8BG, United Kingdom",,,,,MK7 8BG,Central Milton Keynes,,Buckinghamshire,BKM,England,ENG,United Kingdom,gb,0.225,0.9,,Who's On First,CC0,https://www.whosonfirst.org/docs/licenses/
United Kingdom,"Sherbourne Dr.,Tilbrook,Milton Keynes,MK7 8BG",3016,7,52.0108455,-0.6917906,"Sherbourne Drive, Milton Keynes, MK7 8HX, United Kingdom",,Sherbourne Drive,Sherbourne Drive,,MK7 8HX,Milton Keynes,Tilbrook,City of Milton Keynes,,England,ENG,United Kingdom,gb,0.5103,1,1,© OpenStreetMap contributors,Open Database License,https://www.openstreetmap.org/copyright
United Kingdom,"Sherbourne House 23/25 North Olt Rd.South Harrow,Middlesex HA2 0LH",3017,7,51.596827149999996,-0.3373046180437286,"Harrow, London, ENG, United Kingdom",,,,London Borough of Harrow,,,,Greater London,,England,ENG,United Kingdom,gb,0.25,1,,© OpenStreetMap contributors,Open Database License,https://www.openstreetmap.org/copyright
United Kingdom,"Sherbourne House,The Croxley Centre Watford,Hertfordshire WD1 8YE",3018,7,51.6771126,-0.404506,"The Harebreaks, Watford, WD24 6NJ, United Kingdom",,The Harebreaks,The Harebreaks,,WD24 6NJ,Watford,,Hertfordshire,HRT,England,ENG,United Kingdom,gb,0.45,1,0.9,© OpenStreetMap contributors,Open Database License,https://www.openstreetmap.org/copyright
United Kingdom,"Sherbourne House,The Croxley Centre Watford,Hertfordshire WD18 8WT",3019,7,51.6771126,-0.404506,"The Harebreaks, Watford, WD24 6NJ, United Kingdom",,The Harebreaks,The Harebreaks,,WD24 6NJ,Watford,,Hertfordshire,HRT,England,ENG,United Kingdom,gb,0.45,1,0.9,© OpenStreetMap contributors,Open Database License,https://www.openstreetmap.org/copyright
United Kingdom,"Sherbourne House,The Croxley Centre Watford,Hertfordshire WDI 8YE",3020,7,51.6439309,-0.4235863563331319,"The Letterpress, Watford, Hertfordshire, ENG, United Kingdom",,,The Letterpress,,,Watford,,Hertfordshire,HRT,England,ENG,United Kingdom,gb,0.15000000000000002,1,0.9,© OpenStreetMap contributors,Open Database License,https://www.openstreetmap.org/copyright
United Kingdom,"Sherbourne House,The Croxley Centre Watford,Hertfordshire,WD18 8WT",3021,7,51.6771126,-0.404506,"The Harebreaks, Watford, WD24 6NJ, United Kingdom",,The Harebreaks,The Harebreaks,,WD24 6NJ,Watford,,Hertfordshire,HRT,England,ENG,United Kingdom,gb,0.45,1,0.9,© OpenStreetMap contributors,Open Database License,https://www.openstreetmap.org/copyright
United Kingdom,"Sherbourne Rd.,Tilbrook Milton Keynes,Buckinghamshire,MK7 8BG",3022,7,52.01094,-0.691589,"Sherbourne Drive, Walton, MK7 8BG, United Kingdom",,Sherbourne Drive,,Walton Civil Parish,MK7 8BG,Walton,,Buckinghamshire,BKM,England,ENG,United Kingdom,gb,0.11764705882352941,0.23529411764705882,0.23529411764705882,© OpenStreetMap contributors,Open Database License,https://www.openstreetmap.org/copyright
United Kingdom,"Sherbourne Rd.,Tilbrook Milton Keynes,Buckinghamshire,MK7 8BG England",3023,7,52.01094,-0.691589,"Sherbourne Drive, Walton, MK7 8BG, United Kingdom",,Sherbourne Drive,,Walton Civil Parish,MK7 8BG,Walton,,Buckinghamshire,BKM,England,ENG,United Kingdom,gb,0.11764705882352941,0.23529411764705882,0.23529411764705882,© OpenStreetMap contributors,Open Database License,https://www.openstreetmap.org/copyright
United Kingdom,"Shirley Lodge,470 London Rd.,Slough Berks,SL3 8QY",3024,7,51.5051538,-0.574031,"London Road, Slough, SL3 7FJ, United Kingdom",,London Road,London Road,,SL3 7FJ,Slough,,,,England,ENG,United Kingdom,gb,0.63,1,1,© OpenStreetMap contributors,Open Database License,https://www.openstreetmap.org/copyright
United Kingdom,"Shorten Brook Dr.,Altham Business Park Altham,Lancashire",3025,7,53.789889,-2.344211,"Shorten Brook Drive, Hyndburn, BB5 5YA, United Kingdom",,,Shorten Brook Drive,Altham,BB5 5YA,Hyndburn,Altham,Lancashire,LAN,England,ENG,United Kingdom,gb,0.5103000000000001,1,,© OpenStreetMap contributors,Open Database License,https://www.openstreetmap.org/copyright
United Kingdom,"Shorten Brook Dr.,Altham Business Park,Altham,Accrington,BB5 5YH",3026,7,53.789461,-2.346682,"Altham Business Park, Altham, BB5 5YH, United Kingdom",,Altham Business Park,,Altham,BB5 5YH,Altham,,Lancashire,LAN,England,ENG,United Kingdom,gb,0,,,© OpenStreetMap contributors,Open Database License,https://www.openstreetmap.org/copyright
United Kingdom,"Shorten Brook Dr.,Altham Business Park,Altham,Accrington,Lancashire BB5 5YH",3027,7,53.789461,-2.346682,"Altham Business Park, Altham, BB5 5YH, United Kingdom",,Altham Business Park,,Altham,BB5 5YH,Altham,,Lancashire,LAN,England,ENG,United Kingdom,gb,0,,,© OpenStreetMap contributors,Open Database License,https://www.openstreetmap.org/copyright
United Kingdom,"Shorten Brook Dr.,Altham Business Park,Altham,Accrington,Lancashire,BB5 5YH",3028,7,53.789461,-2.346682,"Altham Business Park, Altham, BB5 5YH, United Kingdom",,Altham Business Park,,Altham,BB5 5YH,Altham,,Lancashire,LAN,England,ENG,United Kingdom,gb,0,,,© OpenStreetMap contributors,Open Database License,https://www.openstreetmap.org/copyright
United Kingdom,"Shorten Brook Dr.,Altham Business Park,Altham,Nr,Accrington,Lancashire,BB5 5YH",3029,7,53.789858,-2.344691,"Shorten Brook Drive, Altham, BB5 5YH, United Kingdom",,Shorten Brook Drive,,Altham,BB5 5YH,Altham,,Lancashire,LAN,England,ENG,United Kingdom,gb,0,,,© OpenStreetMap contributors,Open Database License,https://www.openstreetmap.org/copyright
United Kingdom,"Sills Rd.,Willow Farm Business Park,Castle Donington,Derbyshire,DE74 2US",3030,7,52.8411689,-1.3409476,"Castle Donington (North West Leicestershire), ENG, United Kingdom",,,,,,North West Leicestershire,,Leicestershire,LEC,England,ENG,United Kingdom,gb,0.25,1,,© OpenStreetMap contributors,Open Database License,https://www.openstreetmap.org/copyright
United Kingdom,"Siskin House,Marlins Meadow,Croxley Business Park Watford Herts WD1 8TY",3031,7,51.261576,0.508668,"Tovil Business Park, Tovil, United Kingdom",,Tovil Business Park,,Tovil,,Tovil,,Kent,KEN,England,ENG,United Kingdom,gb,0.46956521739130436,0.07142857142857142,0.06428571428571428,© OpenStreetMap contributors,Open Database License,https://www.openstreetmap.org/copyright
United Kingdom,"Siskin House,Marlins Meadow,Croxley Centre,Watford Herts WD1 8TY",3032,7,51.667566,-0.407563,"Watford, WD1 8TY, United Kingdom",,,,,WD1 8TY,Watford,,Hertfordshire,HRT,England,ENG,United Kingdom,gb,0.25,1,,Who's On First,CC0,https://www.whosonfirst.org/docs/licenses/
United Kingdom,"Siskin House,Marlins Meadow,Croxley Centre,Watford,Herts WD1 8TY",3033,7,51.667566,-0.407563,"Watford, WD1 8TY, United Kingdom",,,,,WD1 8TY,Watford,,Hertfordshire,HRT,England,ENG,United Kingdom,gb,0.25,1,,Who's On First,CC0,https://www.whosonfirst.org/docs/licenses/
United Kingdom,"Skyline Court,Suite 5 Third Ave.,Centrum 100 Burton Upon Trent,DE14 2BZ",3034,7,52.7989107,-1.666426,"Third Avenue, East Staffordshire, DE14 2WD, United Kingdom",,Third Avenue,Third Avenue,,DE14 2WD,East Staffordshire,Branston,Staffordshire,STS,England,ENG,United Kingdom,gb,0.44099999999999995,0.7,0.7,© OpenStreetMap contributors,Open Database License,https://www.openstreetmap.org/copyright
United Kingdom,"Slitrig House Slitrigcrescent,Hawick Scotland,TD9 0EN",3035,7,55.41929,-2.78797,"Scottish Borders, TD9 0EN, United Kingdom",,,,,TD9 0EN,,,Scottish Borders,SCB,Scotland,SCT,United Kingdom,gb,0.6,1,,© OpenStreetMap contributors,Open Database License,https://www.openstreetmap.org/copyright
United Kingdom,"Slitrig House Slitrigcrescent,Hawick Scotland,TD90EN",3036,7,55.41929,-2.78797,"Scottish Borders, TD9 0EN, United Kingdom",,,,,TD9 0EN,,,Scottish Borders,SCB,Scotland,SCT,United Kingdom,gb,0.6,1,,© OpenStreetMap contributors,Open Database License,https://www.openstreetmap.org/copyright
United Kingdom,"Slitrig House,8-9 Slitrig Crescent Hawick,Scotland DT9 0EN",3037,7,55.4201177,-2.7871004,"Slitrig Crescent, Hawick, TD9 9EW, United Kingdom",,Slitrig Crescent,Slitrig Crescent,Stonefield,TD9 9EW,Hawick,Wilton,Scottish Borders,SCB,Scotland,SCT,United Kingdom,gb,0.5,1,1,© OpenStreetMap contributors,Open Database License,https://www.openstreetmap.org/copyright
United Kingdom,"Slitrig House,8-9 Slitrig Crescent,Hawick,TD9 0EN",3038,7,55.4201177,-2.7871004,"Slitrig Crescent, Hawick, TD9 9EW, United Kingdom",,Slitrig Crescent,Slitrig Crescent,Stonefield,TD9 9EW,Hawick,Wilton,Scottish Borders,SCB,Scotland,SCT,United Kingdom,gb,0.63,1,1,© OpenStreetMap contributors,Open Database License,https://www.openstreetmap.org/copyright
United Kingdom,Slough,3039,7,51.5111014,-0.5940682,"yes, Slough, ENG, United Kingdom",,,,yes,,Slough,,,,England,ENG,United Kingdom,gb,1,1,,© OpenStreetMap contributors,Open Database License,https://www.openstreetmap.org/copyright
United Kingdom,"Soarnol House,Saltend,Hull,HU12 8DS",3040,7,53.769376,-0.369583,"Rye House, Kingston Upon Hull, HU12 8DS, United Kingdom",,Rye House,,,HU12 8DS,Kingston Upon Hull,,East Riding of Yorkshire,ERY,England,ENG,United Kingdom,gb,0.81,0.81,,© OpenStreetMap contributors,Open Database License,https://www.openstreetmap.org/copyright
United Kingdom,"Solar House,305 Ballards Lane,London N12 8NP",3041,7,51.61220285,-0.17844384251609366,"305 Ballards Lane, London, N12 8NP, United Kingdom",305,Ballards Lane,,London Borough of Barnet,N12 8NP,London,North Finchley,Greater London,,England,ENG,United Kingdom,gb,0.9,1,1,© OpenStreetMap contributors,Open Database License,https://www.openstreetmap.org/copyright
United Kingdom,"Solihull Parkway,Birmingham Business Park,Birmingham B37 7YU",3042,7,52.466935,-1.720052,"Birmingham Business Park, Metropolitan Borough of Solihull, B37 7YG, United Kingdom",,Birmingham Business Park,,Bickenhill,B37 7YG,Metropolitan Borough of Solihull,Bickenhill and Marston Green,Birmingham,BIR,England,ENG,United Kingdom,gb,0.44099999999999995,0.9,,© OpenStreetMap contributors,Open Database License,https://www.openstreetmap.org/copyright
United Kingdom,"Solihull Parkway,Birmingham Business Park,Birmingham,B37 7YU",3043,7,52.466935,-1.720052,"Birmingham Business Park, Metropolitan Borough of Solihull, B37 7YG, United Kingdom",,Birmingham Business Park,,Bickenhill,B37 7YG,Metropolitan Borough of Solihull,Bickenhill and Marston Green,Birmingham,BIR,England,ENG,United Kingdom,gb,0.44099999999999995,0.9,,© OpenStreetMap contributors,Open Database License,https://www.openstreetmap.org/copyright
United Kingdom,"Sondes Place,Westcott Rd.,Dorking,Surrey RH4 3EF",3044,7,51.2297,-0.34189,"Dorking (Mole Valley), RH4 3EF, United Kingdom",,,,,RH4 3EF,Mole Valley,,Surrey,SRY,England,ENG,United Kingdom,gb,0.6,1,,© OpenStreetMap contributors,Open Database License,https://www.openstreetmap.org/copyright
United Kingdom,"Sopwith Dr.,Brooklands,Weybridge,Surrey KT13",3045,7,51.3435489,-0.4727894,"Sopwith Drive, Elmbridge, KT13 0GP, United Kingdom",,Sopwith Drive,Sopwith Drive,,KT13 0GP,Elmbridge,,Surrey,SRY,England,ENG,United Kingdom,gb,0.44099999999999995,0.7,0.7,© OpenStreetMap contributors,Open Database License,https://www.openstreetmap.org/copyright
United Kingdom,"Sopwith Dr.,Brooklands,Weybridge,Surrey KT13 0UZ",3046,7,51.3435489,-0.4727894,"Sopwith Drive, Elmbridge, KT13 0GP, United Kingdom",,Sopwith Drive,Sopwith Drive,,KT13 0GP,Elmbridge,,Surrey,SRY,England,ENG,United Kingdom,gb,0.44099999999999995,0.7,0.7,© OpenStreetMap contributors,Open Database License,https://www.openstreetmap.org/copyright
United Kingdom,"Sopwith Dr.,Brooklands,Weybridge,Surrey,KT13 0UZ",3047,7,51.3435489,-0.4727894,"Sopwith Drive, Elmbridge, KT13 0GP, United Kingdom",,Sopwith Drive,Sopwith Drive,,KT13 0GP,Elmbridge,,Surrey,SRY,England,ENG,United Kingdom,gb,0.44099999999999995,0.7,0.7,© OpenStreetMap contributors,Open Database License,https://www.openstreetmap.org/copyright
United Kingdom,"Southgate House,Devizes,Wiltshire,SN10 5DL",3048,7,51.4285461,-2.038270736802522,"Bowood House, Black Dog Hill, Calne, SN11 0LT, United Kingdom",,Black Dog Hill,Bowood House,,SN11 0LT,Calne,Calne Without,Wiltshire,WIL,England,ENG,United Kingdom,gb,0,0.5,,© OpenStreetMap contributors,Open Database License,https://www.openstreetmap.org/copyright
United Kingdom,Southwell,3049,7,50.53289,-2.4467528,"Southwell (Southwell), DT5 2ET, United Kingdom",,,Southwell,,DT5 2ET,Southwell,,Dorset,DOR,England,ENG,United Kingdom,gb,1,1,,© OpenStreetMap contributors,Open Database License,https://www.openstreetmap.org/copyright
United Kingdom,"Spennelles Valley Rd.,Kidderminster,Worcestershire,DY10 1XS",3050,7,52.37322,-2.23507,"Spennells Valley Road, Kidderminster, DY10 1XS, United Kingdom",,Spennells Valley Road,,,DY10 1XS,Kidderminster,,Worcestershire,WOR,England,ENG,United Kingdom,gb,0.405,1,0.81,© OpenStreetMap contributors,Open Database License,https://www.openstreetmap.org/copyright
United Kingdom,"Spennells Valley Rd.,Kidderminster,Worcester DY10 1XS",3051,7,52.3733223,-2.2348104,"Spennells Valley Road, Wyre Forest, DY10 1XS, United Kingdom",,Spennells Valley Road,Spennells Valley Road,,DY10 1XS,Wyre Forest,Aggborough,Worcestershire,WOR,England,ENG,United Kingdom,gb,0.7,1,1,© OpenStreetMap contributors,Open Database License,https://www.openstreetmap.org/copyright
United Kingdom,"Spennells Valley Rd.,Kidderminster,Worcestershire DY10 1XS",3052,7,52.3733223,-2.2348104,"Spennells Valley Road, Wyre Forest, DY10 1XS, United Kingdom",,Spennells Valley Road,Spennells Valley Road,,DY10 1XS,Wyre Forest,Aggborough,Worcestershire,WOR,England,ENG,United Kingdom,gb,0.7,1,1,© OpenStreetMap contributors,Open Database License,https://www.openstreetmap.org/copyright
United Kingdom,"Spennells Valley Rd.,Kidderminster,Worcestershire,DY10 1XS",3053,7,52.3733223,-2.2348104,"Spennells Valley Road, Wyre Forest, DY10 1XS, United Kingdom",,Spennells Valley Road,Spennells Valley Road,,DY10 1XS,Wyre Forest,Aggborough,Worcestershire,WOR,England,ENG,United Kingdom,gb,0.7,1,1,© OpenStreetMap contributors,Open Database License,https://www.openstreetmap.org/copyright
United Kingdom,"Spire Court,Albion Way,Horsham RH12 1JW",3054,7,51.0642863,-0.3287635,"Albion Way, Horsham, RH12 1BG, United Kingdom",,Albion Way,Albion Way,,RH12 1BG,Horsham,New Town,West Sussex,WSX,England,ENG,United Kingdom,gb,0.63,1,1,© OpenStreetMap contributors,Open Database License,https://www.openstreetmap.org/copyright
United Kingdom,"Springfield House,Sandling Rd.,Maidstone,Kent ME14 2LP",3055,7,51.28396674,0.51643922,"Maidstone, ME14 2LP, United Kingdom",,,,,ME14 2LP,Maidstone,,Kent,KEN,England,ENG,United Kingdom,gb,0.6,1,,© OpenStreetMap contributors,Open Database License,https://www.openstreetmap.org/copyright
United Kingdom,"Springfield Rd.,Hayes,Middlesex,UB4 OLG",3056,7,51.512104,-0.3975543,"Springfield Road, London, UB4 0LP, United Kingdom",,Springfield Road,Springfield Road,London Borough of Hillingdon,UB4 0LP,London,Yeading,Greater London,,England,ENG,United Kingdom,gb,0.44099999999999995,0.7,0.7,© OpenStreetMap contributors,Open Database License,https://www.openstreetmap.org/copyright
United Kingdom,"St Asaph Business Park,St Asaph,Denbighshire,LL17 0JB",3057,7,53.256311350000004,-3.477005086963756,"St Asaph Business Park, St Asaph, LL17 0JB, United Kingdom",,,St Asaph Business Park,,LL17 0JB,St Asaph,Bodelwyddan,Denbighshire,DEN,Wales,WLS,United Kingdom,gb,1,1,,© OpenStreetMap contributors,Open Database License,https://www.openstreetmap.org/copyright
United Kingdom,"St Magnus House,Guild St.,Aberdeen AB11 6NJ",3058,7,57.1449406,-2.0968719,"Guild Street, Aberdeen City, AB11 6NJ, United Kingdom",,Guild Street,Guild Street,,AB11 6NJ,Aberdeen City,City Centre,,,Scotland,SCT,United Kingdom,gb,0.7,1,1,© OpenStreetMap contributors,Open Database License,https://www.openstreetmap.org/copyright
United Kingdom,"St Martins Business Centre,St Martins Way,Bedford,MK42 0LF",3059,7,52.1229939,-0.4314371,"St Martins Way, Shortstown, MK42 0LF, United Kingdom",,St Martins Way,St Martins Way,,MK42 0LF,Shortstown,,Bedford,BDF,England,ENG,United Kingdom,gb,0.7,1,1,© OpenStreetMap contributors,Open Database License,https://www.openstreetmap.org/copyright
United Kingdom,"St Stephen's House,Arthur Rd.,Windsor,Berkshire,SL4 1RU",3060,7,51.4829802,-0.6163767,"Windsor, SL4 1RU, United Kingdom",,,,,SL4 1RU,Windsor,,Royal Borough of Windsor and Maidenhead,,England,ENG,United Kingdom,gb,0.6,1,,© OpenStreetMap contributors,Open Database License,https://www.openstreetmap.org/copyright
United Kingdom,"St.Asaph Business Park St.Asaph,Denbighshire,North Wales",3061,7,53.208529,-3.018738,"Expressway Business Park, Queensferry, United Kingdom",,Expressway Business Park,,Queensferry Community,,Queensferry,,Denbighshire,DEN,Wales,WLS,United Kingdom,gb,0,,,© OpenStreetMap contributors,Open Database License,https://www.openstreetmap.org/copyright
United Kingdom,"St.Asaph Business Park,St.Asaph,Denbighshire,LL17 0JB",3062,7,53.256311350000004,-3.477005086963756,"St Asaph Business Park, St Asaph, LL17 0JB, United Kingdom",,,St Asaph Business Park,,LL17 0JB,St Asaph,Bodelwyddan,Denbighshire,DEN,Wales,WLS,United Kingdom,gb,1,1,,© OpenStreetMap contributors,Open Database License,https://www.openstreetmap.org/copyright
United Kingdom,"St.Helier,Jersey,Channel Islands",3063,7,,,,,,,,,,,,,,,,,,,,,,
United Kingdom,St.Joseph's Close Hove East Sussex BN3 7EZ,3064,7,50.837738,-0.181161,"St Josephs Close, Brighton and Hove, BN3 7EZ, United Kingdom",,St Josephs Close,,,BN3 7EZ,Brighton and Hove,,East Sussex,ESX,England,ENG,United Kingdom,gb,0.405,0.81,0.81,© OpenStreetMap contributors,Open Database License,https://www.openstreetmap.org/copyright
United Kingdom,"St.Magnus House,Guild St.,Aberdeen AB11 6NJ",3065,7,57.1449406,-2.0968719,"Guild Street, Aberdeen City, AB11 6NJ, United Kingdom",,Guild Street,Guild Street,,AB11 6NJ,Aberdeen City,City Centre,,,Scotland,SCT,United Kingdom,gb,0.7,1,1,© OpenStreetMap contributors,Open Database License,https://www.openstreetmap.org/copyright
United Kingdom,"St.Martins Business Centre St.Martins Way,Bedford,MK42 0LF",3066,7,52.1229939,-0.4314371,"St Martins Way, Shortstown, MK42 0LF, United Kingdom",,St Martins Way,St Martins Way,,MK42 0LF,Shortstown,,Bedford,BDF,England,ENG,United Kingdom,gb,0.7,1,1,© OpenStreetMap contributors,Open Database License,https://www.openstreetmap.org/copyright
United Kingdom,"St.Martins Business Centre,St.Martins Way,Bedford,MK42 0LF",3067,7,52.1229939,-0.4314371,"St Martins Way, Shortstown, MK42 0LF, United Kingdom",,St Martins Way,St Martins Way,,MK42 0LF,Shortstown,,Bedford,BDF,England,ENG,United Kingdom,gb,0.7,1,1,© OpenStreetMap contributors,Open Database License,https://www.openstreetmap.org/copyright
United Kingdom,"St.Martins Court,10 Paternoster Row,London,EC4M 7BB",3068,7,51.5146643,-0.0984702,"Paternoster Row, City of London, EC4M 7DX, United Kingdom",,Paternoster Row,Paternoster Row,,EC4M 7DX,City of London,Cheap,Greater London,,England,ENG,United Kingdom,gb,0.5103,0.81,0.81,© OpenStreetMap contributors,Open Database License,https://www.openstreetmap.org/copyright
United Kingdom,"St.Nicholas House St.Nicholas Rd.,Sutton,Surrey SM1 1EH",3069,7,51.3625316,-0.1938702,"St. Nicholas Road, London, SM1 1EL, United Kingdom",,St. Nicholas Road,St. Nicholas Road,London Borough of Sutton,SM1 1EL,London,Benhilton,Greater London,,England,ENG,United Kingdom,gb,0.44099999999999995,0.7290000000000001,0.7290000000000001,© OpenStreetMap contributors,Open Database License,https://www.openstreetmap.org/copyright
United Kingdom,"St.Nicholas House St.Nicholas Rd.,Sutton,Surrey,SM1 1EH",3070,7,51.3625316,-0.1938702,"St. Nicholas Road, London, SM1 1EL, United Kingdom",,St. Nicholas Road,St. Nicholas Road,London Borough of Sutton,SM1 1EL,London,Benhilton,Greater London,,England,ENG,United Kingdom,gb,0.44099999999999995,0.7290000000000001,0.7290000000000001,© OpenStreetMap contributors,Open Database License,https://www.openstreetmap.org/copyright
United Kingdom,"St.Nicholas House,St.Nicholas Rd.,Sutton,Surrey,SM1 1EH",3071,7,51.3625316,-0.1938702,"St. Nicholas Road, London, SM1 1EL, United Kingdom",,St. Nicholas Road,St. Nicholas Road,London Borough of Sutton,SM1 1EL,London,Benhilton,Greater London,,England,ENG,United Kingdom,gb,0.44099999999999995,0.7290000000000001,0.7290000000000001,© OpenStreetMap contributors,Open Database License,https://www.openstreetmap.org/copyright
United Kingdom,"St.Nicholas House,St.Nicholas Rd.,Sutton,Surrey,SM1 1LD",3072,7,51.35835,-0.1926,"Sutton, ENG, United Kingdom",,,,,,Sutton,,London,,England,ENG,United Kingdom,gb,0.25,1,,GeoNames,CC BY 4.0,https://www.geonames.org/datasources/
United Kingdom,"St.Paul's Gate New St.,St.Helier Jersey,Channel Islands",3073,7,53.483357,-2.245202,"St Mary’s Gate/New Cathedral Street, Chinatown, Manchester, Salford, ENG, United Kingdom",,,St Mary’s Gate/New Cathedral Street,,,Manchester,Chinatown,Salford,SLF,England,ENG,United Kingdom,gb,0,,,© OpenStreetMap contributors,Open Database License,https://www.openstreetmap.org/copyright
United Kingdom,"St.Pauls Gate,New St.,St.Helier,Jersey,Channel Island",3074,7,51.624891,-3.943837,"New Street, Castle, United Kingdom",,New Street,,Castle Community,,Castle,,Swansea,SWA,Wales,WLS,United Kingdom,gb,0.036151603498542274,0.13333333333333333,0.13333333333333333,© OpenStreetMap contributors,Open Database License,https://www.openstreetmap.org/copyright
United Kingdom,"Stadium Way,Wembley Middlesex HA9 0EE",3075,7,51.5568985,-0.2855722,"Stadium Way, London, HA9 0FE, United Kingdom",,Stadium Way,Stadium Way,London Borough of Brent,HA9 0FE,London,,Greater London,,England,ENG,United Kingdom,gb,0.44099999999999995,0.7,0.7,© OpenStreetMap contributors,Open Database License,https://www.openstreetmap.org/copyright
United Kingdom,"Stafford House,33-39 Station Rd.,Aldershot,Hants GU11 1BA",3076,7,51.24900067777778,-0.7615622444444444,"Rushmoor, GU11 1BA, United Kingdom",,,,,GU11 1BA,Rushmoor,,Hampshire,HAM,England,ENG,United Kingdom,gb,0.6,1,,© OpenStreetMap contributors,Open Database License,https://www.openstreetmap.org/copyright
United Kingdom,"Star House Pergrine Business Park Gomm Rd.,High Wycombe Bucks HP13 7DL",3077,7,51.6180244,-0.7118405,"Gomm Road, Loudwater, HP13 7SE, United Kingdom",,Gomm Road,Gomm Road,High Wycombe Community Board,HP13 7SE,Loudwater,Peregrine Business Park,Buckinghamshire,BKM,England,ENG,United Kingdom,gb,0.44099999999999995,0.7290000000000001,0.7290000000000001,© OpenStreetMap contributors,Open Database License,https://www.openstreetmap.org/copyright
United Kingdom,"Star House,Peregrine Business Park,Gomm Rd.,High Wycombe,Buckinghamshire,HP13 7DL",3078,7,51.6180244,-0.7118405,"Gomm Road, Loudwater, HP13 7SE, United Kingdom",,Gomm Road,Gomm Road,High Wycombe Community Board,HP13 7SE,Loudwater,Peregrine Business Park,Buckinghamshire,BKM,England,ENG,United Kingdom,gb,0.5103,0.81,0.81,© OpenStreetMap contributors,Open Database License,https://www.openstreetmap.org/copyright
United Kingdom,"Star House,Peregrine Business Park,Gomm Rd.,High Wycombe,Bucks,HP13 7DL",3079,7,51.6180244,-0.7118405,"Gomm Road, Loudwater, HP13 7SE, United Kingdom",,Gomm Road,Gomm Road,High Wycombe Community Board,HP13 7SE,Loudwater,Peregrine Business Park,Buckinghamshire,BKM,England,ENG,United Kingdom,gb,0.44099999999999995,0.7290000000000001,0.7290000000000001,© OpenStreetMap contributors,Open Database License,https://www.openstreetmap.org/copyright
United Kingdom,"Station Rd.,Westbury,Wiltshire BAB 4 TN",3080,7,51.2664758,-2.1956711,"Station Road, Westbury, BA13 4QZ, United Kingdom",,Station Road,Station Road,,BA13 4QZ,Westbury,,Wiltshire,WIL,England,ENG,United Kingdom,gb,0,,,© OpenStreetMap contributors,Open Database License,https://www.openstreetmap.org/copyright
United Kingdom,"Steinbeck Crescent,Snellshall West,Milton Keynes MK4 4AE",3081,7,52.001886,-0.413145,"West Half House, Silsoe, MK4 4AE, United Kingdom",,West Half House,,Silsoe,MK4 4AE,Silsoe,,Bedford,BDF,England,ENG,United Kingdom,gb,0.09999999999999999,0.3333333333333333,0.09999999999999999,© OpenStreetMap contributors,Open Database License,https://www.openstreetmap.org/copyright
United Kingdom,"Steinmetz Bldg.,Granta Park,Great Abington,Cambridge,CB21 6DG",3082,7,52.11365,0.225763,"Granta Park, Great Abington, CB21 6DG, United Kingdom",,Granta Park,,Great Abington,CB21 6DG,Great Abington,,Cambridgeshire,CAM,England,ENG,United Kingdom,gb,0,0.23076923076923078,,© OpenStreetMap contributors,Open Database License,https://www.openstreetmap.org/copyright
United Kingdom,"Stephenson Rd.,Stephenson Ind.Est.Dist.12 Washington Tyne & Wear NE37 3HR",3083,7,52.663642,-1.580326,United Kingdom,,,United Kingdom,,,,,,,,,United Kingdom,gb,0,,,Who's On First,CC0,https://www.whosonfirst.org/docs/licenses/
United Kingdom,"Stephenson Rd.,Stephenson Ind.Estate,Dist.12 Washington Tyne & Wear NE37 3HR",3084,7,52.663642,-1.580326,United Kingdom,,,United Kingdom,,,,,,,,,United Kingdom,gb,0,,,Who's On First,CC0,https://www.whosonfirst.org/docs/licenses/
United Kingdom,"Stephenson Rd.,Stephenson Ind.Estate,Dist.12 Washington Tyne & Wear,NE37 3HR",3085,7,52.663642,-1.580326,United Kingdom,,,United Kingdom,,,,,,,,,United Kingdom,gb,0,,,Who's On First,CC0,https://www.whosonfirst.org/docs/licenses/
United Kingdom,"Stourbridge Rd.,Bridgnorth,Shropshire,WV15 6AU",3086,7,52.5265561,-2.4050837,"Bridgnorth, WV15 6AU, United Kingdom",,,,,WV15 6AU,Bridgnorth,,Shropshire,SHR,England,ENG,United Kingdom,gb,0.6,1,,© OpenStreetMap contributors,Open Database License,https://www.openstreetmap.org/copyright
United Kingdom,"Stretton Business Park,Derby Rd.,Burton Upon Trent,Staffordshire,DE13 0BB",3087,7,52.8209845,-1.6262381,"Derby Road, East Staffordshire, DE13 0AR, United Kingdom",,Derby Road,Derby Road,,DE13 0AR,East Staffordshire,Eton Park,Staffordshire,STS,England,ENG,United Kingdom,gb,0.44099999999999995,0.7,0.7,© OpenStreetMap contributors,Open Database License,https://www.openstreetmap.org/copyright
United Kingdom,"Studio 1,Power Rd.Studios,114 Power Rd.,Chiswick,London,W4 5PY",3088,7,51.4939778,-0.2806141,"Navmii, 114 Power Road, London, W4 5PY, United Kingdom",114,Power Road,Navmii,London Borough of Hounslow,W4 5PY,London,Grove Park,Greater London,,England,ENG,United Kingdom,gb,0.9,1,1,© OpenStreetMap contributors,Open Database License,https://www.openstreetmap.org/copyright
United Kingdom,"Studio 3.4,114 Power Rd.,London,W4 5PY",3089,7,51.4935075,-0.2801067,"Power Road, London, W4 5PY, United Kingdom",,Power Road,Power Road,London Borough of Hounslow,W4 5PY,London,Grove Park,Greater London,,England,ENG,United Kingdom,gb,0.7,1,1,© OpenStreetMap contributors,Open Database License,https://www.openstreetmap.org/copyright
United Kingdom,"Stylus House London Rd.,Blacknell,Berkshire RG12 2UT",3090,7,51.4162039,-0.739521,"Bracknell, RG12 2UT, United Kingdom",,,,,RG12 2UT,Bracknell,,Bracknell Forest,BRC,England,ENG,United Kingdom,gb,0.6,1,,© OpenStreetMap contributors,Open Database License,https://www.openstreetmap.org/copyright
United Kingdom,"Suite 1,Albion House,Albion Rd.,North Shields,Tyne and Wear NE29 ODW",3091,7,55.009607,-1.450725,"Albion House, North Tyneside, NE29 0DP, United Kingdom",,Albion House,,,NE29 0DP,North Tyneside,Preston,Newcastle upon Tyne,NET,England,ENG,United Kingdom,gb,0.44099999999999995,0.7,0.63,© OpenStreetMap contributors,Open Database License,https://www.openstreetmap.org/copyright
United Kingdom,"Suite 1,Blandel Bridge House,56 Sloane Sq.,London",3092,7,51.49288295,-0.1564428085348376,"Blandel Bridge House, 56 Sloane Square, London, SW1W 8AX, United Kingdom",56,Sloane Square,Blandel Bridge House,Royal Borough of Kensington and Chelsea,SW1W 8AX,London,Chelsea,Greater London,,England,ENG,United Kingdom,gb,0.9,1,1,© OpenStreetMap contributors,Open Database License,https://www.openstreetmap.org/copyright
United Kingdom,"Suite 1,Emperor's Gate House 3 Emperor's Gate,London",3093,7,51.496035,-0.185478,"3 Emperor's Gate, London, SW7 4HH, United Kingdom",3,Emperor's Gate,,Kensington and Chelsea,SW7 4HH,London,South Kensington,London,,England,ENG,United Kingdom,gb,0.9,1,1,© OpenStreetMap contributors,Open Database License,https://www.openstreetmap.org/copyright
United Kingdom,"Suite 1,Silverlink Business Park,Wallsend,Tyne & Wear,NE28 9ND",3094,7,55.0330745,-1.638603669909089,"NHS North of Tyne, Unit 1 Sir Bobby Robson Way, Newcastle upon Tyne, NE13 9BA, United Kingdom",Unit 1,Sir Bobby Robson Way,NHS North of Tyne,,NE13 9BA,Newcastle upon Tyne,,North of Tyne,,England,ENG,United Kingdom,gb,0.029896182266009853,0.12857142857142856,0.027551020408163263,© OpenStreetMap contributors,Open Database License,https://www.openstreetmap.org/copyright
United Kingdom,"Suite 1,Silverlink,Business Park,The Silverlink,Wallsend Tyne & Wear NE28 9ND",3095,7,54.9911912,-1.5342042,"Wallsend (North Tyneside), NE28 8QS, United Kingdom",,,Wallsend,,NE28 8QS,North Tyneside,,North of Tyne,,England,ENG,United Kingdom,gb,0.042559579658472506,0.7,,© OpenStreetMap contributors,Open Database License,https://www.openstreetmap.org/copyright
United Kingdom,"Suite 10,Devonshire Business Centre,Works Rd.,Letchworth,Hertfordshire,SG6 1GJ",3096,7,51.9829903,-0.2123805,"Letchworth, SG6 1GJ, United Kingdom",,,,,SG6 1GJ,Letchworth,,Hertfordshire,HRT,England,ENG,United Kingdom,gb,0.6,1,,© OpenStreetMap contributors,Open Database License,https://www.openstreetmap.org/copyright
United Kingdom,"Suite 100,Temple Chambers,Temple Ave.,London EC4Y 0DT",3097,7,51.51195,-0.10834,"City of London, EC4Y 0DT, United Kingdom",,,,,EC4Y 0DT,City of London,,Greater London,,England,ENG,United Kingdom,gb,0.6,1,,© OpenStreetMap contributors,Open Database License,https://www.openstreetmap.org/copyright
United Kingdom,"Suite 102,Business Design Centre 52 Upper St.,Islington Green,London,N1 OQH",3098,7,51.535703,-0.10601198680336382,"Business Design Centre, 52 Upper Street, London, N1 0QH, United Kingdom",52,Upper Street,Business Design Centre,London Borough of Islington,N1 0QH,London,Highbury,Greater London,,England,ENG,United Kingdom,gb,0.9,1,1,© OpenStreetMap contributors,Open Database License,https://www.openstreetmap.org/copyright
United Kingdom,"Suite 12b Beehive 3,Lingfield Point,Darlington,County Durham,DL1 1YN",3099,7,54.530241,-1.559695,"Darlington, DL1 1YN, United Kingdom",,,,,DL1 1YN,Darlington,,Durham,DUR,England,ENG,United Kingdom,gb,0.25,1,,Who's On First,CC0,https://www.whosonfirst.org/docs/licenses/
United Kingdom,"Suite 131,Victoria House,Southampton Row,London WC1B 4DB",3100,7,51.521368,-0.1239795,"Southampton Row, London, WC1B 5AL, United Kingdom",,Southampton Row,Southampton Row,London Borough of Camden,WC1B 5AL,London,Bloomsbury,Greater London,,England,ENG,United Kingdom,gb,0.63,1,1,© OpenStreetMap contributors,Open Database License,https://www.openstreetmap.org/copyright
United Kingdom,"Suite 15,The Throgmorton Business Center 33 Throgmorton St.,London EC2N 2BR",3101,7,51.5148639,-0.0872406,"Coya, 31-33 Throgmorton Street, City of London, EC2N 2AT, United Kingdom",31-33,Throgmorton Street,Coya,City of London,EC2N 2AT,City of London,Cornhill,Greater London,,England,ENG,United Kingdom,gb,0.45927000000000007,0.81,0.81,© OpenStreetMap contributors,Open Database License,https://www.openstreetmap.org/copyright
United Kingdom,"Suite 17 Lomond House Almondvale Livingston,West Lothian EH 54,6QF",3102,7,,,,,,,,,,,,,,,,,,,,,,
United Kingdom,"Suite 2,Parker House Admirals Way,London E14 9UQ",3103,7,51.5013611,-0.0219207,"Admirals Way, London, E14 9TP, United Kingdom",,Admirals Way,Admirals Way,London Borough of Tower Hamlets,E14 9TP,London,Isle of Dogs,Greater London,,England,ENG,United Kingdom,gb,0.63,1,1,© OpenStreetMap contributors,Open Database License,https://www.openstreetmap.org/copyright
United Kingdom,"Suite 24,the Courtyards Croxley Business Park Hatters Lane Watford,Hertfordshire,WD18 8NS",3104,7,51.6477493,-0.4271738,"Hatters Lane, Watford, WD18 8YZ, United Kingdom",,Hatters Lane,Hatters Lane,,WD18 8YZ,Watford,Croxley Park,Hertfordshire,HRT,England,ENG,United Kingdom,gb,0.63,1,1,© OpenStreetMap contributors,Open Database License,https://www.openstreetmap.org/copyright
United Kingdom,"Suite 24,the Courtyards Croxley Business Park Hatters Lane,Watford,Hertfordshire,WD18 8NS",3105,7,51.6477493,-0.4271738,"Hatters Lane, Watford, WD18 8YZ, United Kingdom",,Hatters Lane,Hatters Lane,,WD18 8YZ,Watford,Croxley Park,Hertfordshire,HRT,England,ENG,United Kingdom,gb,0.63,1,1,© OpenStreetMap contributors,Open Database License,https://www.openstreetmap.org/copyright
United Kingdom,"Suite 27 1st Fl.,Ludgate House 107/111 Fleet St.,London EC4A 2AB",3106,7,51.5144041,-0.10473302815676128,"Subway, 107-111 Fleet Street, City of London, EC4A 2AB, United Kingdom",107-111,Fleet Street,Subway,,EC4A 2AB,City of London,Blackfriars,Greater London,,England,ENG,United Kingdom,gb,0.9,1,1,© OpenStreetMap contributors,Open Database License,https://www.openstreetmap.org/copyright
United Kingdom,"Suite 27 1st Fl.Ludgate House 107/111 Fleet St.,London EC4A 2AB",3107,7,51.5144041,-0.10473302815676128,"Subway, 107-111 Fleet Street, City of London, EC4A 2AB, United Kingdom",107-111,Fleet Street,Subway,,EC4A 2AB,City of London,Blackfriars,Greater London,,England,ENG,United Kingdom,gb,0.9,1,1,© OpenStreetMap contributors,Open Database License,https://www.openstreetmap.org/copyright
United Kingdom,"Suite 2A 2nd Fl.,Foundation House,Coach And Horses Passage,Tunbridge Wells,Kent TN2 5NP",3108,7,51.1259281,0.2583582,"Tunbridge Wells, TN2 5NP, United Kingdom",,,,,TN2 5NP,Tunbridge Wells,,Kent,KEN,England,ENG,United Kingdom,gb,0.6,1,,© OpenStreetMap contributors,Open Database License,https://www.openstreetmap.org/copyright
United Kingdom,"Suite 396,3rd Fl.,Princess House,50-60 Eastcastle St.,London,W1W 8EA",3109,7,51.51636,-0.1385299,"London, W1W 8EA, United Kingdom",,,,,W1W 8EA,London,,Greater London,,England,ENG,United Kingdom,gb,0.6,1,,© OpenStreetMap contributors,Open Database License,https://www.openstreetmap.org/copyright
United Kingdom,"Suite 3C,Part 3rd Fl.,The Columbia Centre,Station Rd.,Bracknell,Berkshire,RG12 1LP",3110,7,51.41433,-0.75199,"Bracknell, RG12 1LP, United Kingdom",,,,,RG12 1LP,Bracknell,,Bracknell Forest,BRC,England,ENG,United Kingdom,gb,0.6,1,,© OpenStreetMap contributors,Open Database License,https://www.openstreetmap.org/copyright
United Kingdom,"Suite 4 Marpuis House,68 Great North Rd.,Hatfield,Hertfordshire,AL9 5ER",3111,7,51.7661171,-0.2149726,"68 Great North Road, Welwyn Hatfield, AL9 5ER, United Kingdom",68,Great North Road,,Hatfield Civil Parish,AL9 5ER,Welwyn Hatfield,Old Hatfield,Hertfordshire,HRT,England,ENG,United Kingdom,gb,0.9,1,1,,,
United Kingdom,"Suite 4,3rd Fl.,Int'l House,1 St.Katharines Way,London,E1 9UN",3112,7,51.54429705,-0.01193058136116051,"Unite Student Accommodation, 1 International Way, London, E20 1JP, United Kingdom",1,International Way,Unite Student Accommodation,London Borough of Newham,E20 1JP,London,Stratford Marsh,Greater London,,England,ENG,United Kingdom,gb,0.3969,1,0.44099999999999995,© OpenStreetMap contributors,Open Database License,https://www.openstreetmap.org/copyright
United Kingdom,"Suite 4,3rd.F1.,International House,1st.Katharine Way,London,E1 9UN",3113,7,51.5056264,-0.070357,"St. Katharine's Way, London, E1W 1UE, United Kingdom",,St. Katharine's Way,St. Katharine's Way,London Borough of Tower Hamlets,E1W 1UE,London,Wapping,Greater London,,England,ENG,United Kingdom,gb,0.23195454545454547,1,0.46390909090909094,© OpenStreetMap contributors,Open Database License,https://www.openstreetmap.org/copyright
United Kingdom,"Suite 4,3rd.F1.International House,1st.Katharine Way,London,E1 9UN",3114,7,51.5137583,-0.0695493,"Knight Frank, 1 Canter Way, London, E1 8PS, United Kingdom",1,Canter Way,Knight Frank,London Borough of Tower Hamlets,E1 8PS,London,Whitechapel,Greater London,,England,ENG,United Kingdom,gb,0.53865,1,0.9,© OpenStreetMap contributors,Open Database License,https://www.openstreetmap.org/copyright
United Kingdom,"Suite 4,3rd.Fl.,Int'l House,1st.Katharines Way,London,E1 9UN",3115,7,51.509648,-0.099076,"London, E1 9UN, United Kingdom",,,,,E1 9UN,London,,London,,England,ENG,United Kingdom,gb,0.03174603174603175,0.2857142857142857,,Who's On First,CC0,https://www.whosonfirst.org/docs/licenses/
United Kingdom,"Suite 4,Cornwall House,Station Approach Princes Risborough Bocks,HP17 9DN",3116,7,51.717928,-0.8437434,"Station Approach, Princes Risborough, HP27 9DD, United Kingdom",,Station Approach,Station Approach,,HP27 9DD,Princes Risborough,,Buckinghamshire,BKM,England,ENG,United Kingdom,gb,0.33333333333333337,0.6666666666666667,0.6666666666666667,© OpenStreetMap contributors,Open Database License,https://www.openstreetmap.org/copyright
United Kingdom,"Suite 4,the Courtyards Cloxley Business Park Hatters Lane Watford,Herts WD18 YZ",3117,7,51.6477493,-0.4271738,"Hatters Lane, Watford, WD18 8YZ, United Kingdom",,Hatters Lane,Hatters Lane,,WD18 8YZ,Watford,Croxley Park,Hertfordshire,HRT,England,ENG,United Kingdom,gb,0.125,1,1,© OpenStreetMap contributors,Open Database License,https://www.openstreetmap.org/copyright
United Kingdom,"Suite 402,4th Fl.,Davis House,Davis House Business Centre,Robert St.,Croydon,Surrey CR0 1QQ",3118,7,51.3711149,-0.0997934,"Robert Street, London, CR0 1QQ, United Kingdom",,Robert Street,Robert Street,London Borough of Croydon,CR0 1QQ,London,Broad Green,Greater London,,England,ENG,United Kingdom,gb,0.7,1,1,© OpenStreetMap contributors,Open Database License,https://www.openstreetmap.org/copyright
United Kingdom,"Suite 403,Exchange Tower 1,Harbour Exchange Sq.,London E14 9GE",3119,7,51.49885345,-0.014322495858097901,"1-2 Harbour Exchange Square, London, E14 9HE, United Kingdom",1-2,Harbour Exchange Square,,London Borough of Tower Hamlets,E14 9HE,London,Isle of Dogs,Greater London,,England,ENG,United Kingdom,gb,0.5670000000000001,1,1,© OpenStreetMap contributors,Open Database License,https://www.openstreetmap.org/copyright
United Kingdom,"Suite 4C Celect House 12A Fairbairn Rd.,Kirkton North Livingston,Scotland EH54 6TS",3120,7,55.891185,-3.5288989,"Fairbairn Road, Livingston, EH54 6TS, United Kingdom",,Fairbairn Road,Fairbairn Road,,EH54 6TS,Livingston,Ladywell,West Lothian,WLN,Scotland,SCT,United Kingdom,gb,0.7,1,1,© OpenStreetMap contributors,Open Database License,https://www.openstreetmap.org/copyright
United Kingdom,"Suite 4C,Celect House,12 Fairbairn Rd.,Livingston,EH54 6TS",3121,7,55.891185,-3.5288989,"Fairbairn Road, Livingston, EH54 6TS, United Kingdom",,Fairbairn Road,Fairbairn Road,,EH54 6TS,Livingston,Ladywell,West Lothian,WLN,Scotland,SCT,United Kingdom,gb,0.7,1,1,© OpenStreetMap contributors,Open Database License,https://www.openstreetmap.org/copyright
United Kingdom,"Suite 5,Albion House,Albion Rd.,North Shields,Tyne and Wear NE29 ODW",3122,7,55.009607,-1.450725,"Albion House, North Tyneside, NE29 0DP, United Kingdom",,Albion House,,,NE29 0DP,North Tyneside,Preston,Newcastle upon Tyne,NET,England,ENG,United Kingdom,gb,0.44099999999999995,0.7,0.63,© OpenStreetMap contributors,Open Database License,https://www.openstreetmap.org/copyright
United Kingdom,"Suite 5.06,Exchange Tower,1 Harbour Exchange Sq.,London,E14 9GE",3123,7,51.49885345,-0.014322495858097901,"1-2 Harbour Exchange Square, London, E14 9HE, United Kingdom",1-2,Harbour Exchange Square,,London Borough of Tower Hamlets,E14 9HE,London,Isle of Dogs,Greater London,,England,ENG,United Kingdom,gb,0.5670000000000001,1,1,© OpenStreetMap contributors,Open Database License,https://www.openstreetmap.org/copyright
United Kingdom,"Suite 7,Elsinore House,77 Fulham Palace Rd.,London W6 8JA",3124,7,51.49006475,-0.22141737815207072,"No.1 Farriers Yard, 77 Fulham Palace Road, London, W6 8JA, United Kingdom",77,Fulham Palace Road,No.1 Farriers Yard,London Borough of Hammersmith and Fulham,W6 8JA,London,Brook Green,Greater London,,England,ENG,United Kingdom,gb,0.9,1,1,© OpenStreetMap contributors,Open Database License,https://www.openstreetmap.org/copyright
United Kingdom,"Suite 7,Elsinore House,77 Fulham Palace Rd.,London W6 8JE",3125,7,51.49006475,-0.22141737815207072,"No.1 Farriers Yard, 77 Fulham Palace Road, London, W6 8JA, United Kingdom",77,Fulham Palace Road,No.1 Farriers Yard,London Borough of Hammersmith and Fulham,W6 8JA,London,Brook Green,Greater London,,England,ENG,United Kingdom,gb,0.63,1,1,© OpenStreetMap contributors,Open Database License,https://www.openstreetmap.org/copyright
United Kingdom,"Suite B,7th Fl.,No.6 Broadgate,London EC2",3126,7,52.6686569,0.0158166,"Broadgate, Sutton St. Edmund, South Holland, ENG, United Kingdom",,,Broadgate,,PE12 0QP,South Holland,Sutton St. Edmund,Lincolnshire,LIN,England,ENG,United Kingdom,gb,0.25,0.25,,© OpenStreetMap contributors,Open Database License,https://www.openstreetmap.org/copyright
United Kingdom,"Suite B,7th Fl.,No.6.Broadgate London EC2",3127,7,54.769849,-1.595763,"7 Lowes Fall, Durham, DH1 4NP, United Kingdom",7,Lowes Fall,,,DH1 4NP,Durham,,Durham,DUR,England,ENG,United Kingdom,gb,0,,,© OpenStreetMap contributors,Open Database License,https://www.openstreetmap.org/copyright
United Kingdom,"Suite B,7th Fl.,No.6.Broadgate,London EC2",3128,7,54.769849,-1.595763,"7 Lowes Fall, Durham, DH1 4NP, United Kingdom",7,Lowes Fall,,,DH1 4NP,Durham,,Durham,DUR,England,ENG,United Kingdom,gb,0,,,© OpenStreetMap contributors,Open Database License,https://www.openstreetmap.org/copyright
United Kingdom,"Suite B,7th Fl.No.6 Broadgate London EC2",3129,7,53.229063,-0.544867,"6-7 Brayford Wharf North, Lincoln, LN1 1YX, United Kingdom",6-7,Brayford Wharf North,,,LN1 1YX,Lincoln,,Lincolnshire,LIN,England,ENG,United Kingdom,gb,0,,,© OpenStreetMap contributors,Open Database License,https://www.openstreetmap.org/copyright
United Kingdom,"Suite B,7th Fl.No.6 Broadgate,London EC2",3130,7,53.229063,-0.544867,"6-7 Brayford Wharf North, Lincoln, LN1 1YX, United Kingdom",6-7,Brayford Wharf North,,,LN1 1YX,Lincoln,,Lincolnshire,LIN,England,ENG,United Kingdom,gb,0,,,© OpenStreetMap contributors,Open Database License,https://www.openstreetmap.org/copyright
United Kingdom,"Suite B,Level 7,No.6 Broadgate,London EC2",3131,7,52.487759,-2.081124,"6-7 Old Level Way, Dudley, DY2 9RQ, United Kingdom",6-7,Old Level Way,,,DY2 9RQ,Dudley,Netherton,Birmingham,BIR,England,ENG,United Kingdom,gb,0.09449999999999999,0.2222222222222222,0.18,© OpenStreetMap contributors,Open Database License,https://www.openstreetmap.org/copyright
United Kingdom,"Suite B,Level 7,No.6 Broadgate,London EC2M",3132,7,51.427964,-0.072354,"High Level Drive, London, United Kingdom",,High Level Drive,,Lewisham,,London,Upper Sydenham,London,,England,ENG,United Kingdom,gb,0.10000000000000002,1,0.9,© OpenStreetMap contributors,Open Database License,https://www.openstreetmap.org/copyright
United Kingdom,"Suite N,Windrush Court,Blacklands Way,Abindon Business Park,Abingdon,Oxon,OX14 1SY",3133,7,51.672414,-1.3031544,"Blacklands Way, Vale of White Horse, OX14 1DY, United Kingdom",,Blacklands Way,Blacklands Way,,OX14 1DY,Vale of White Horse,Abingdon on Thames,Oxfordshire,OXF,England,ENG,United Kingdom,gb,0.44099999999999995,1,1,© OpenStreetMap contributors,Open Database License,https://www.openstreetmap.org/copyright
United Kingdom,Sully South Glamorgan CF6 2YU,3134,7,51.3956979,-3.1959776,"Sully Island, St Mary's Well Bay Road, Sully, CF64 5UJ, United Kingdom",,St Mary's Well Bay Road,Sully Island,,CF64 5UJ,Sully,Sully and Lavernock,Vale of Glamorgan,VGL,Wales,WLS,United Kingdom,gb,0.017857142857142856,0.5,0.03571428571428571,© OpenStreetMap contributors,Open Database License,https://www.openstreetmap.org/copyright
United Kingdom,Sully South Glamorgan CF64 5YU,3135,7,51.40394485,-3.207898794994458,"Sully & Lavernock Community Library Trust, South Road, Sully, CF64 5TG, United Kingdom",,South Road,Sully & Lavernock Community Library Trust,,CF64 5TG,Sully,Sully and Lavernock,Vale of Glamorgan,VGL,Wales,WLS,United Kingdom,gb,0.19448099999999996,0.7,0.27782999999999997,© OpenStreetMap contributors,Open Database License,https://www.openstreetmap.org/copyright
United Kingdom,"Sully South,Glamorgan CF64 5YU",3136,7,51.4037069,-3.2077572,"Sully Sports FC, South Road, Sully, CF64 5TG, United Kingdom",,South Road,Sully Sports FC,,CF64 5TG,Sully,Sully and Lavernock,Vale of Glamorgan,VGL,Wales,WLS,United Kingdom,gb,0.6535862068965518,0.7,0.7,© OpenStreetMap contributors,Open Database License,https://www.openstreetmap.org/copyright
United Kingdom,"Sully,Penarth,South Glamorgan,CF64 5ZE",3137,7,51.404317750000004,-3.216842485893375,"Sully Primary School, Burnham Avenue, Sully, CF64 5SU, United Kingdom",,Burnham Avenue,Sully Primary School,,CF64 5SU,Sully,Sully and Lavernock,Vale of Glamorgan,VGL,Wales,WLS,United Kingdom,gb,0.054444444444444434,0.7,0.07777777777777777,© OpenStreetMap contributors,Open Database License,https://www.openstreetmap.org/copyright
United Kingdom,"Sully,Vale of Glamorgan,CF64 5YU",3138,7,51.4080299,-3.2273,"Hexion Works (Plastic Resins), Sully, CF64 5YU, United Kingdom",,,Hexion Works (Plastic Resins),,CF64 5YU,Sully,Sully and Lavernock,Vale of Glamorgan,VGL,Wales,WLS,United Kingdom,gb,1,1,,© OpenStreetMap contributors,Open Database License,https://www.openstreetmap.org/copyright
United Kingdom,"Sully,Vale of Glamorgan,CF64 5ZE",3139,7,51.4071656,-3.2143843,"Sully (Sully), CF64 5QA, United Kingdom",,,Sully,,CF64 5QA,Sully,,Vale of Glamorgan,VGL,Wales,WLS,United Kingdom,gb,0.48999999999999994,1,,© OpenStreetMap contributors,Open Database License,https://www.openstreetmap.org/copyright
United Kingdom,"Summerhouse Rd.,Moulton Park Northampton NN3 1WD",3140,7,52.2760726,-0.8720916,"Summerhouse Road, Northampton, NN3 6WD, United Kingdom",,Summerhouse Road,Summerhouse Road,,NN3 6WD,Northampton,Moulton Park,West Northamptonshire,,England,ENG,United Kingdom,gb,0.63,1,1,© OpenStreetMap contributors,Open Database License,https://www.openstreetmap.org/copyright
United Kingdom,"Summerleys Rd.,Princes Risborough,Buckinghamshire HP27 9PW",3141,7,51.7265638,-0.8500683,"Summerleys Road, Princes Risborough, HP27 9QD, United Kingdom",,Summerleys Road,Summerleys Road,,HP27 9QD,Princes Risborough,Longwick-cum-Ilmer,Buckinghamshire,BKM,England,ENG,United Kingdom,gb,0.63,1,1,© OpenStreetMap contributors,Open Database License,https://www.openstreetmap.org/copyright
United Kingdom,"Summerleys Rd.,Princes Risborough,Buckinghamshire,HP27 9PW",3142,7,51.7265638,-0.8500683,"Summerleys Road, Princes Risborough, HP27 9QD, United Kingdom",,Summerleys Road,Summerleys Road,,HP27 9QD,Princes Risborough,Longwick-cum-Ilmer,Buckinghamshire,BKM,England,ENG,United Kingdom,gb,0.63,1,1,© OpenStreetMap contributors,Open Database License,https://www.openstreetmap.org/copyright
United Kingdom,"Summerleys Rd.,Princes Risborough,Buckinghamshire,HP27,9PW",3143,7,51.724691,-0.848416,"Summerleys Road, Princes Risborough, 9PW, United Kingdom",,Summerleys Road,,Princes Risborough Civil Parish,9PW,Princes Risborough,,Buckinghamshire,BKM,England,ENG,United Kingdom,gb,0.8148148148148149,1,1,© OpenStreetMap contributors,Open Database License,https://www.openstreetmap.org/copyright
United Kingdom,"Sun Alliance House,8-10 Dean Park Crescent,Bournemouth,Dorset BH1 1HL",3144,7,50.723276,-1.875422,"8-10 Dean Park Crescent, Bournemouth, BH1 1HL, United Kingdom",8-10,Dean Park Crescent,,,BH1 1HL,Bournemouth,,Dorset,DOR,England,ENG,United Kingdom,gb,0.9,1,1,© OpenStreetMap contributors,Open Database License,https://www.openstreetmap.org/copyright
United Kingdom,Sunderland,3145,7,54.9058512,-1.3828727,"yes, Sunderland, ENG, United Kingdom",,,,yes,,Sunderland,,North East,,England,ENG,United Kingdom,gb,1,1,,© OpenStreetMap contributors,Open Database License,https://www.openstreetmap.org/copyright
United Kingdom,"Sunningdale House 36 Caldecotte Lake Dr.Caldecotte Lake Business Park Milton Keynes,Buckinghamshire MK7 8LF",3146,7,52.401025,-0.52177,"Lake View Business Park, Thrapston, NN14 4PP, United Kingdom",,Lake View Business Park,,Thrapston Civil Parish,NN14 4PP,Thrapston,Thrapston,West Northamptonshire,,England,ENG,United Kingdom,gb,0.0625,0.2,,© OpenStreetMap contributors,Open Database License,https://www.openstreetmap.org/copyright
United Kingdom,"Sunnyside Works,Gartsherrie Rd.,Coatbridge,Scotland ML5 2DJ",3147,7,55.8664735,-4.0285849,"Gartsherrie Road, Coatbridge, ML5 2DJ, United Kingdom",,Gartsherrie Road,Gartsherrie Road,Sunnyside,ML5 2DJ,Coatbridge,Gartsherrie,North Lanarkshire,NLK,Scotland,SCT,United Kingdom,gb,0.7,1,1,© OpenStreetMap contributors,Open Database License,https://www.openstreetmap.org/copyright
United Kingdom,"Sunrise Bldg.,Crown Farm Way,Crown Farm Ind.Park,Forest Town,Mansfield,Nottinghamshire,NG19 0FT",3148,7,53.147673,-1.157902,"Crown Farm Way, Mansfield, NG19 0FT, United Kingdom",,Crown Farm Way,,,NG19 0FT,Mansfield,,Nottinghamshire,NTT,England,ENG,United Kingdom,gb,1,1,,© OpenStreetMap contributors,Open Database License,https://www.openstreetmap.org/copyright
United Kingdom,"Sunrise Parkway,Linford Wood(East),Milton Keynes,Backinghamshire MK14 6QF",3149,7,52.057322,-0.759791,"Sunrise Parkway, Stantonbury, MK14 6QF, United Kingdom",,Sunrise Parkway,,Stantonbury,MK14 6QF,Stantonbury,,Buckinghamshire,BKM,England,ENG,United Kingdom,gb,0,,,© OpenStreetMap contributors,Open Database License,https://www.openstreetmap.org/copyright
United Kingdom,"Sunrise Parkway,Linford Wood(East),Milton Keynes,Buckinghamshire MK14 6QF",3150,7,52.0569072,-0.7595753,"Sunrise Parkway, Milton Keynes, MK14 6LS, United Kingdom",,Sunrise Parkway,Sunrise Parkway,,MK14 6LS,Milton Keynes,Linford Wood,City of Milton Keynes,,England,ENG,United Kingdom,gb,0.63,1,1,© OpenStreetMap contributors,Open Database License,https://www.openstreetmap.org/copyright
United Kingdom,"Sunrise Parkway,Linford Wood(East),Milton Keynes,Buckinghamshire,MK14 6QF",3151,7,52.0569072,-0.7595753,"Sunrise Parkway, Milton Keynes, MK14 6LS, United Kingdom",,Sunrise Parkway,Sunrise Parkway,,MK14 6LS,Milton Keynes,Linford Wood,City of Milton Keynes,,England,ENG,United Kingdom,gb,0.63,1,1,© OpenStreetMap contributors,Open Database License,https://www.openstreetmap.org/copyright
United Kingdom,Surrey,3152,7,51.2715316,-0.3414523511290909,"Surrey, ENG, UK",,,,,,,,Surrey,SRY,England,ENG,United Kingdom,gb,1,,,© OpenStreetMap contributors,Open Database License,https://www.openstreetmap.org/copyright
United Kingdom,"Surrey Research Park,Guildford,Surrey",3153,7,51.24085455,-0.6148503389212083,"Surrey Research Park, Park Barn, Guildford, Surrey, ENG, United Kingdom",,,Surrey Research Park,,,Guildford,Park Barn,Surrey,SRY,England,ENG,United Kingdom,gb,1,1,,© OpenStreetMap contributors,Open Database License,https://www.openstreetmap.org/copyright
United Kingdom,"Sussex,PH10 2XF,West Sussex",3154,7,50.947578,-0.494602,"West Sussex Ceremonial County, West Sussex, ENG, UK",,,West Sussex Ceremonial County,,,,,West Sussex,WSX,England,ENG,United Kingdom,gb,0.5,,,Who's On First,CC0,https://www.whosonfirst.org/docs/licenses/
United Kingdom,"Sutton Business Centre,Restmore Way,Hackbaidge Rd.,Wallington,Surrey SM6 7AH",3155,7,50.854806,-1.1672,"Wallington, Fareham, ENG, United Kingdom",,,Wallington,,,Fareham,Wallington,Hampshire,HAM,England,ENG,United Kingdom,gb,0.25,1,,Who's On First,CC0,https://www.whosonfirst.org/docs/licenses/
United Kingdom,"Sutton Business Centre,Restmore Way,Hackbridge Rd.,Wallington,Surrey SM6 7AH",3156,7,51.36404,-0.15368,"Wallington (London), SM6 0BW, United Kingdom",,,,London Borough of Sutton,SM6 0BW,London,Wallington,London,,England,ENG,United Kingdom,gb,0.25,1,,GeoNames,CC BY 4.0,https://www.geonames.org/datasources/
United Kingdom,"Sutton Int'l Freight Terminal Common Rd.,Sutton in Ashfield,Nottinghamshire,NG17 2JY",3157,7,53.1223006,-1.301885,"Common Road, Ashfield, NG17 2RJ, United Kingdom",,Common Road,Common Road,,NG17 2RJ,Ashfield,Commonside Farm,Nottinghamshire,NTT,England,ENG,United Kingdom,gb,0.5670000000000001,1,0.9,© OpenStreetMap contributors,Open Database License,https://www.openstreetmap.org/copyright
United Kingdom,"Sutton Rd.,Hull HU7 0DR",3158,7,53.7756504,-0.3156638,"Sutton Road, Hull, HU7 0DR, United Kingdom",,Sutton Road,Sutton Road,,HU7 0DR,Hull,Sutton Fields,Kingston upon Hull,KHL,England,ENG,United Kingdom,gb,0.7,1,1,© OpenStreetMap contributors,Open Database License,https://www.openstreetmap.org/copyright
United Kingdom,Swindon,3159,7,51.5613683,-1.7856853,"Swindon, SN1 1LF, United Kingdom",,,Swindon,,SN1 1LF,Swindon,,Swindon,SWD,England,ENG,United Kingdom,gb,1,1,,© OpenStreetMap contributors,Open Database License,https://www.openstreetmap.org/copyright
United Kingdom,"Sysmex House,Garamonde Dr.,Wymbush,Milton Keynes,MK8 8DF",3160,7,52.0438486,-0.7977282,"Garamonde Drive, Milton Keynes, MK8 8LF, United Kingdom",,Garamonde Drive,Garamonde Drive,,MK8 8LF,Milton Keynes,Wymbush,City of Milton Keynes,,England,ENG,United Kingdom,gb,0.5103,1,1,© OpenStreetMap contributors,Open Database License,https://www.openstreetmap.org/copyright
United Kingdom,"Tabuchi House,Teesside Ind.Estate,Thornaby,Stockton-on-Tees,Cleveland TS17 9LS",3161,7,54.52073815,-1.291139190619902,"Teesside Estate, Thornaby-on-Tees, TS17 9LS, United Kingdom",,,Teesside Estate,,TS17 9LS,Thornaby-on-Tees,Thornaby,Stockton-on-Tees,STT,England,ENG,United Kingdom,gb,0.3375,1,0.9,© OpenStreetMap contributors,Open Database License,https://www.openstreetmap.org/copyright
United Kingdom,"Tabuchi House,Teesside Industrial Estate Thornaby Stockton-on-Tees Cleveland TS17 9LS",3162,7,54.522211,-1.294086,"Thornaby (Thornaby), TS17 9LS, United Kingdom",,,TS17 9LS,Thornaby,TS17 9LS,Thornaby,,Stockton-on-Tees,STT,,,United Kingdom,gb,0.6,1,,Who's On First,CC0,https://www.whosonfirst.org/docs/licenses/
United Kingdom,"Tabuchi House,Teesside Industrial Estate,Thornaby,Stockton-on-Tees,Cleveland TS17 9LS",3163,7,54.522211,-1.294086,"Thornaby (Thornaby), TS17 9LS, United Kingdom",,,TS17 9LS,Thornaby,TS17 9LS,Thornaby,,Stockton-on-Tees,STT,,,United Kingdom,gb,0.6,1,,Who's On First,CC0,https://www.whosonfirst.org/docs/licenses/
United Kingdom,"Taith House Rockingham Rd.,Market Harborough Leicestershire LE16 7QE",3164,7,52.4791626,-0.9054656,"Rockingham Road, Harborough, LE16 7QE, United Kingdom",,Rockingham Road,Rockingham Road,,LE16 7QE,Harborough,,Leicestershire,LEC,England,ENG,United Kingdom,gb,0.7,1,1,© OpenStreetMap contributors,Open Database License,https://www.openstreetmap.org/copyright
United Kingdom,"Taith House Rockingham Rd.,Market Harborough Leicestershire,LE16 7QE",3165,7,52.4791626,-0.9054656,"Rockingham Road, Harborough, LE16 7QE, United Kingdom",,Rockingham Road,Rockingham Road,,LE16 7QE,Harborough,,Leicestershire,LEC,England,ENG,United Kingdom,gb,0.7,1,1,© OpenStreetMap contributors,Open Database License,https://www.openstreetmap.org/copyright
United Kingdom,"Talaris House,Crockford Lane,Chineham Business Park,Basingstoke,Hampshire RG24 8QZ",3166,7,51.2891939,-1.0699429,"Crockford Lane, Basingstoke and Deane, RG24 8QZ, United Kingdom",,Crockford Lane,Crockford Lane,,RG24 8QZ,Basingstoke and Deane,Popley,Hampshire,HAM,England,ENG,United Kingdom,gb,0.7,1,1,© OpenStreetMap contributors,Open Database License,https://www.openstreetmap.org/copyright
United Kingdom,"Tallis House,2 Tallis St.,London EC4Y 0AB",3167,7,51.51175925,-0.106569375,"2 Tallis Street, City of London, EC4Y 0AB, United Kingdom",2,Tallis Street,,,EC4Y 0AB,City of London,Blackfriars,Greater London,,England,ENG,United Kingdom,gb,0.9,1,1,© OpenStreetMap contributors,Open Database License,https://www.openstreetmap.org/copyright
United Kingdom,"Tallis House,2 Tallis St.,London EC4Y OAB",3168,7,51.51175925,-0.106569375,"2 Tallis Street, City of London, EC4Y 0AB, United Kingdom",2,Tallis Street,,City of London,EC4Y 0AB,City of London,Blackfriars,Greater London,,England,ENG,United Kingdom,gb,0.5103,0.81,0.81,© OpenStreetMap contributors,Open Database License,https://www.openstreetmap.org/copyright
United Kingdom,"Tallon Rd.,Hutton,Industrial Estate Hutton,Nr.Brentwood Esse,CM13 1TG",3169,7,52.663642,-1.580326,United Kingdom,,,United Kingdom,,,,,,,,,United Kingdom,gb,0,,,Who's On First,CC0,https://www.whosonfirst.org/docs/licenses/
United Kingdom,"Tallon Rd.,Hutton,Industrial Estate Hutton,Nr.Brentwood Essex,CM13 1TG",3170,7,51.6384133,0.3546575,"Tallon Road, Brentwood, CM13 1TG, United Kingdom",,Tallon Road,Tallon Road,,CM13 1TG,Brentwood,,Essex,ESS,England,ENG,United Kingdom,gb,0.7,1,1,© OpenStreetMap contributors,Open Database License,https://www.openstreetmap.org/copyright
United Kingdom,"Tanashi Dori Kingsway,Scunthorpe,South Humberside,DN 17 IAN",3171,7,52.663642,-1.580326,United Kingdom,,,United Kingdom,,,,,,,,,United Kingdom,gb,0,,,Who's On First,CC0,https://www.whosonfirst.org/docs/licenses/
United Kingdom,"Tanashi Dori Kingsway,Scunthorpe,South Humberside,DN17 1AN",3172,7,53.023101,-1.055811,"Main Street Woodborough United Kingdom, Woodborough, Nottinghamshire, ENG, United Kingdom",,,Main Street Woodborough United Kingdom,Woodborough,,Woodborough,,Nottinghamshire,NTT,England,ENG,United Kingdom,gb,0,,,© OpenStreetMap contributors,Open Database License,https://www.openstreetmap.org/copyright
United Kingdom,"Tanita House Willow Ave.,Denharn,Uxbridge,Middlesex VB9 4AF",3173,7,51.542143,-0.479459,"Uxbridge, London, ENG, United Kingdom",,,Uxbridge,Hillingdon,,London,Uxbridge,London,,England,ENG,United Kingdom,gb,0.25,1,,Who's On First,CC0,https://www.whosonfirst.org/docs/licenses/
United Kingdom,"Tavistock House North,Tavistock Sq.,London WC1H 9HR",3174,7,51.5189385,-0.2045141,"Tavistock Road, London, W11 1AR, United Kingdom",,Tavistock Road,Tavistock Road,Royal Borough of Kensington and Chelsea,W11 1AR,London,North Kensington,Greater London,,England,ENG,United Kingdom,gb,0.45,1,0.9,© OpenStreetMap contributors,Open Database License,https://www.openstreetmap.org/copyright
United Kingdom,"Tavistock House,South Tavistock Sq.,London WC1H 9LG",3175,7,51.5250723,-0.1281698,"Tavistock Square, London, WC1H 9LG, United Kingdom",,Tavistock Square,Tavistock Square,London Borough of Camden,WC1H 9LG,London,St Pancras,Greater London,,England,ENG,United Kingdom,gb,0.63,1,0.9,© OpenStreetMap contributors,Open Database License,https://www.openstreetmap.org/copyright
United Kingdom,"Taxan House,Cookham Rd.,Bracknell Berkshire RG12 1RB",3176,7,51.4154956,-0.7744238,"Cookham Road, Binfield, RG12 1RB, United Kingdom",,Cookham Road,Cookham Road,,RG12 1RB,Binfield,Temple Park,Bracknell Forest,BRC,England,ENG,United Kingdom,gb,0.7,1,1,© OpenStreetMap contributors,Open Database License,https://www.openstreetmap.org/copyright
United Kingdom,"TDK House,5-7 Queensway,Redhill,Surrey RH1 1YB",3177,7,51.24140845,-0.16909971976141036,"Consort House, 5-7 Queensway, Reigate and Banstead, RH1 1YB, United Kingdom",5-7,Queensway,Consort House,Reffles Bridge,RH1 1YB,Reigate and Banstead,Earlswood,Surrey,SRY,England,ENG,United Kingdom,gb,0.9,1,1,© OpenStreetMap contributors,Open Database License,https://www.openstreetmap.org/copyright
United Kingdom,"Television House,269 Field End Rd.,Eastcote Middlesex HA4 9LS",3178,7,51.5760073,-0.3971526,"Field End Road, London, HA4 9NR, United Kingdom",,Field End Road,Field End Road,London Borough of Hillingdon,HA4 9NR,London,,Greater London,,England,ENG,United Kingdom,gb,0.44099999999999995,0.7,0.7,© OpenStreetMap contributors,Open Database License,https://www.openstreetmap.org/copyright
United Kingdom,Telford,3179,7,52.6780419,-2.4514273,"Telford, TF3 4HB, United Kingdom",,,Telford,,TF3 4HB,Telford,,Telford and Wrekin,TFW,England,ENG,United Kingdom,gb,1,1,,© OpenStreetMap contributors,Open Database License,https://www.openstreetmap.org/copyright
United Kingdom,"Teme House,Whittington Hall,Whittington Rd.,Worcester,WR5 2RY",3180,7,52.1799833,-2.1893663,"Whittington Road, Worcester, WR5 2JY, United Kingdom",,Whittington Road,Whittington Road,,WR5 2JY,Worcester,Nunnery Wood,Worcestershire,WOR,England,ENG,United Kingdom,gb,0.63,1,1,© OpenStreetMap contributors,Open Database License,https://www.openstreetmap.org/copyright
United Kingdom,"Temple Court,11 Queen Victoria St.,London EC4N 4SB",3181,7,51.5122676,-0.0940659,"Queen Victoria Street, City of London, EC4N 4UA, United Kingdom",,Queen Victoria Street,Queen Victoria Street,,EC4N 4UA,City of London,Vintry,Greater London,,England,ENG,United Kingdom,gb,0.5103,0.81,0.81,© OpenStreetMap contributors,Open Database License,https://www.openstreetmap.org/copyright
United Kingdom,"Temple Court,11 Queen Victoria St.,London EC4N 4TA",3182,7,51.5122676,-0.0940659,"Queen Victoria Street, City of London, EC4N 4UA, United Kingdom",,Queen Victoria Street,Queen Victoria Street,,EC4N 4UA,City of London,Vintry,Greater London,,England,ENG,United Kingdom,gb,0.5103,0.81,0.81,© OpenStreetMap contributors,Open Database License,https://www.openstreetmap.org/copyright
United Kingdom,"Temple Court,11 Queen Victoria St.,London EC4N 4UQ",3183,7,51.5122676,-0.0940659,"Queen Victoria Street, City of London, EC4N 4UA, United Kingdom",,Queen Victoria Street,Queen Victoria Street,,EC4N 4UA,City of London,Vintry,Greater London,,England,ENG,United Kingdom,gb,0.5103,0.81,0.81,© OpenStreetMap contributors,Open Database License,https://www.openstreetmap.org/copyright
United Kingdom,"Temple Court,11 Queen Victoria St.,London,EC4N 4TA",3184,7,51.5122676,-0.0940659,"Queen Victoria Street, City of London, EC4N 4UA, United Kingdom",,Queen Victoria Street,Queen Victoria Street,,EC4N 4UA,City of London,Vintry,Greater London,,England,ENG,United Kingdom,gb,0.5103,0.81,0.81,© OpenStreetMap contributors,Open Database License,https://www.openstreetmap.org/copyright
United Kingdom,"Temple Court,11 Queen Victoria St.,London,EC4N 4UQ",3185,7,51.5122676,-0.0940659,"Queen Victoria Street, City of London, EC4N 4UA, United Kingdom",,Queen Victoria Street,Queen Victoria Street,,EC4N 4UA,City of London,Vintry,Greater London,,England,ENG,United Kingdom,gb,0.5103,0.81,0.81,© OpenStreetMap contributors,Open Database License,https://www.openstreetmap.org/copyright
United Kingdom,"Temple Court,11,Queen Victoria St.,London EC4N 4SB",3186,7,51.5122676,-0.0940659,"Queen Victoria Street, City of London, EC4N 4UA, United Kingdom",,Queen Victoria Street,Queen Victoria Street,,EC4N 4UA,City of London,Vintry,Greater London,,England,ENG,United Kingdom,gb,0.5103,0.81,0.81,© OpenStreetMap contributors,Open Database License,https://www.openstreetmap.org/copyright
United Kingdom,"Temple Court,Cathedral Rd.,Cardiff CF1 9HA",3187,7,51.4825958,-3.1902703,"Cathedral road, Cathedral Road, Cardiff, CF11 9HB, United Kingdom",,Cathedral Road,Cathedral road,,CF11 9HB,Cardiff,Pontcanna,Cardiff,CRF,Wales,WLS,United Kingdom,gb,0.25,1,1,© OpenStreetMap contributors,Open Database License,https://www.openstreetmap.org/copyright
United Kingdom,"Terminal Three,3B2 Stonehill Green Westlea,Swindon Wiltshire SN5 7HB",3188,7,51.562784,-1.819948,"Stonehill Green, Wiltshire, SN5 7HB, United Kingdom",,Stonehill Green,,,SN5 7HB,,,Wiltshire,WIL,England,ENG,United Kingdom,gb,0,1,,© OpenStreetMap contributors,Open Database License,https://www.openstreetmap.org/copyright
United Kingdom,"Texcel Business Park,Thames Rd.,Crayford,Kent,DA1 4TQ",3189,7,51.26762,0.38519,"Mereworth (Kent Street), ENG, United Kingdom",,,,Mereworth,,Kent Street,,Kent,KEN,England,ENG,United Kingdom,gb,0.225,0.9,,GeoNames,CC BY 4.0,https://www.geonames.org/datasources/
United Kingdom,"The Atrium,1 Harefield Rd.Uxbridge,Middlesex UB8 1PH",3190,7,51.54843405,-0.4827401235419182,"The Atrium, 1 Harefield Road, London, UB8 1JX, United Kingdom",1,Harefield Road,The Atrium,London Borough of Hillingdon,UB8 1JX,London,Willowbank,Greater London,,England,ENG,United Kingdom,gb,0.39690000000000003,0.7,0.44099999999999995,© OpenStreetMap contributors,Open Database License,https://www.openstreetmap.org/copyright
United Kingdom,"The Atrium,Uxbridge One,1 Harefield Rd.,Uxbridge,Middlesex,UB8 1PH",3191,7,51.5487272,-0.4826312,"Heart Relocation LTD, 1 Harefield Road, London, UB8 1JX, United Kingdom",1,Harefield Road,Heart Relocation LTD,London Borough of Hillingdon,UB8 1JX,London,,Greater London,,England,ENG,United Kingdom,gb,0.44099999999999995,0.7,0.7,© OpenStreetMap contributors,Open Database License,https://www.openstreetmap.org/copyright
United Kingdom,"The Avenue,Stanton Fitzwarren,Swindon,Wiltshire,SN6 7SD",3192,7,51.61121,-1.7418392,"The Avenue, Stanton Fitzwarren, SN6 7SE, United Kingdom",,The Avenue,The Avenue,,SN6 7SE,Stanton Fitzwarren,Stanton Fitzwarren,Swindon,SWD,England,ENG,United Kingdom,gb,0.44099999999999995,0.7,0.7,© OpenStreetMap contributors,Open Database License,https://www.openstreetmap.org/copyright
United Kingdom,"The Barn,Bottom Rd.,West Wycombe Bucks,HP14 4BS",3193,7,51.63551015,-0.7543111281100451,"Kingdom Hall, Bellfield Road, High Wycombe, HP13 5HG, United Kingdom",,Bellfield Road,Kingdom Hall,High Wycombe Community Board,HP13 5HG,High Wycombe,,Buckinghamshire,BKM,England,ENG,United Kingdom,gb,0,0.3,,© OpenStreetMap contributors,Open Database License,https://www.openstreetmap.org/copyright
United Kingdom,"The Barn,Philpots Close Yiewsley,Middlesex,UB7 7RY",3194,7,51.5170694,-0.4759731,"Philpots Close, London, UB7 7RY, United Kingdom",,Philpots Close,Philpots Close,London Borough of Hillingdon,UB7 7RY,London,Yiewsley,Greater London,,England,ENG,United Kingdom,gb,0.7,1,1,© OpenStreetMap contributors,Open Database License,https://www.openstreetmap.org/copyright
United Kingdom,"The Barn,Philpots Close Yiewsley,West Drayton,Middlesex UB7 7RY",3195,7,51.5170694,-0.4759731,"Philpots Close, London, UB7 7RY, United Kingdom",,Philpots Close,Philpots Close,London Borough of Hillingdon,UB7 7RY,London,Yiewsley,Greater London,,England,ENG,United Kingdom,gb,0.7,1,1,© OpenStreetMap contributors,Open Database License,https://www.openstreetmap.org/copyright
United Kingdom,"The Barn.Bottom Rd.,West Wycombe,HP14 4BS",3196,7,51.64655635,-0.8028245666926482,"West Wycombe, Buckinghamshire, ENG, United Kingdom",,,,,,,West Wycombe,Buckinghamshire,BKM,England,ENG,United Kingdom,gb,0.25,1,,© OpenStreetMap contributors,Open Database License,https://www.openstreetmap.org/copyright
United Kingdom,"The Blvd.Orbital Park Ashford,Kent TN24 0Ga",3197,7,51.129714,0.89483,"Orbital Park, Ashford, TN24 0FJ, United Kingdom",,Orbital Park,,Sevington,TN24 0FJ,Ashford,South Willesborough and Newtown,Kent,KEN,England,ENG,United Kingdom,gb,0.4666666666666667,1,0.6666666666666667,© OpenStreetMap contributors,Open Database License,https://www.openstreetmap.org/copyright
United Kingdom,"The Blvd.Orbital Park,Ashford,Kent,TN24 0GA",3198,7,51.129714,0.89483,"Orbital Park, Ashford, TN24 0FJ, United Kingdom",,Orbital Park,,Sevington,TN24 0FJ,Ashford,South Willesborough and Newtown,Kent,KEN,England,ENG,United Kingdom,gb,0.4666666666666667,1,0.6666666666666667,© OpenStreetMap contributors,Open Database License,https://www.openstreetmap.org/copyright
United Kingdom,"The Braccans,London Rd.,Bracknell,Berkshire,RG12 2XH",3199,7,51.41566,-0.73889,"Bracknell, RG12 2XH, United Kingdom",,,,,RG12 2XH,Bracknell,,Bracknell Forest,BRC,England,ENG,United Kingdom,gb,0.6,1,,© OpenStreetMap contributors,Open Database License,https://www.openstreetmap.org/copyright
United Kingdom,"The Broadgate Tower 20 Primrose St.,London,EC2A 2EW",3200,7,51.5213133,-0.07975909954293661,"20 Primrose Street, City of London, EC2A 2AG, United Kingdom",20,Primrose Street,,Bishopsgate Without,EC2A 2AG,City of London,Broadgate,Greater London,,England,ENG,United Kingdom,gb,0.5103,0.81,0.81,© OpenStreetMap contributors,Open Database License,https://www.openstreetmap.org/copyright
United Kingdom,"The Broadgate Tower,20 Primrose St.,London,EC2A 2EW",3201,7,51.5213133,-0.07975909954293661,"20 Primrose Street, City of London, EC2A 2AG, United Kingdom",20,Primrose Street,,Bishopsgate Without,EC2A 2AG,City of London,Broadgate,Greater London,,England,ENG,United Kingdom,gb,0.5103,0.81,0.81,© OpenStreetMap contributors,Open Database License,https://www.openstreetmap.org/copyright
United Kingdom,"The Business Centre,Edward St.,Redditch B97 6HA",3202,7,52.3065943,-1.9467058,"Edward Street, Redditch, B97 6DS, United Kingdom",,Edward Street,Edward Street,Mount Pleasant,B97 6DS,Redditch,Enfield,Worcestershire,WOR,England,ENG,United Kingdom,gb,0.63,1,1,© OpenStreetMap contributors,Open Database License,https://www.openstreetmap.org/copyright
United Kingdom,"The Corsetry Factory,Rothwell Rd.,Desborough,Northamptonshire NN14 2PG",3203,7,52.4374444,-0.821573,"Rothwell Road, Desborough, NN14 2NT, United Kingdom",,Rothwell Road,Rothwell Road,,NN14 2NT,Desborough,,North Northamptonshire,,England,ENG,United Kingdom,gb,0.5670000000000001,1,1,© OpenStreetMap contributors,Open Database License,https://www.openstreetmap.org/copyright
United Kingdom,"The Dresdner Bank House,125 Wood St.,London EC2V 6DL",3204,7,51.514690200000004,-0.0948323763148633,"Black Sheep Coffee, 125 Wood Street, City of London, EC2V 7AN, United Kingdom",125,Wood Street,Black Sheep Coffee,City of London,EC2V 7AN,City of London,Cheap,Greater London,,England,ENG,United Kingdom,gb,0.5103000000000001,0.81,0.81,© OpenStreetMap contributors,Open Database License,https://www.openstreetmap.org/copyright
United Kingdom,"The Dresdner Bank House,125 Wood St.,London EC2V 7AE",3205,7,51.514690200000004,-0.0948323763148633,"Black Sheep Coffee, 125 Wood Street, City of London, EC2V 7AN, United Kingdom",125,Wood Street,Black Sheep Coffee,City of London,EC2V 7AN,City of London,Cheap,Greater London,,England,ENG,United Kingdom,gb,0.5103000000000001,0.81,0.81,© OpenStreetMap contributors,Open Database License,https://www.openstreetmap.org/copyright
United Kingdom,"The East House,Brewery Rd.,Hoddesdon,Hertf.EN11 8HF1",3206,7,51.321744,-0.560696,"Brewery Road, Woking, GU21 4ND, United Kingdom",,Brewery Road,,,GU21 4ND,Woking,,Surrey,SRY,England,ENG,United Kingdom,gb,0,,,© OpenStreetMap contributors,Open Database License,https://www.openstreetmap.org/copyright
United Kingdom,"The Edinburg Bldg.Shaftbury Rd.,Cambridge,CB2 2RU",3207,7,52.209881,0.121971,"Cambridge, CB2 2RU, United Kingdom",,,,,CB2 2RU,Cambridge,,Cambridgeshire,CAM,England,ENG,United Kingdom,gb,0.25,1,,Who's On First,CC0,https://www.whosonfirst.org/docs/licenses/
United Kingdom,"The Ermine Centre,Lancaster Way,Huntindon,Cambridgeshire PE18 6XX",3208,7,51.825418,-2.722474,"Lancaster Way, Monmouth, United Kingdom",,Lancaster Way,,Monmouth Community,,Monmouth,,Monmouthshire,MON,Wales,WLS,United Kingdom,gb,0,0.1111111111111111,0.1111111111111111,© OpenStreetMap contributors,Open Database License,https://www.openstreetmap.org/copyright
United Kingdom,"The Glanty,Egham,Surrey TW20 9AH",3209,7,51.4351244,-0.5347159,"The Glanty, Runnymede, TW20 9AH, United Kingdom",,The Glanty,The Glanty,,TW20 9AH,Borough of Runnymede,,Surrey,SRY,England,ENG,United Kingdom,gb,0.7,1,1,© OpenStreetMap contributors,Open Database License,https://www.openstreetmap.org/copyright
United Kingdom,"The Granary,Wolvey Lodge Business Centre,Wolvey Leicestershire,LE10 3HB",3210,7,52.912133,-1.403821,"Anglers Business Centre, Derby, United Kingdom",,Anglers Business Centre,,,,Derby,,Derbyshire,DBY,England,ENG,United Kingdom,gb,0,,,© OpenStreetMap contributors,Open Database License,https://www.openstreetmap.org/copyright
United Kingdom,"The Harley Bldg.,77 New Cavendish St.,London W1W 6XB",3211,7,51.5200603,-0.1436224,"Spaces, 77 New Cavendish Street, London, W1W 6XB, United Kingdom",77,New Cavendish Street,Spaces,,W1W 6XB,London,Fitzrovia,Greater London,,England,ENG,United Kingdom,gb,0.9,1,1,© OpenStreetMap contributors,Open Database License,https://www.openstreetmap.org/copyright
United Kingdom,"The Hyde,Edgware Rd.,London",3212,7,51.586771549999995,-0.25009058184721855,"Lexus Edgware Road, Edgware Road, London, NW9 6NW, United Kingdom",,Edgware Road,Lexus Edgware Road,London Borough of Barnet,NW9 6NW,London,Colindale,Greater London,,England,ENG,United Kingdom,gb,0.45360000000000006,1,1,© OpenStreetMap contributors,Open Database License,https://www.openstreetmap.org/copyright
United Kingdom,"The Hyde,Edgware Rd.,London NW9 6BH",3213,7,51.5202153,-0.1702637,"Edgware Road (Bakerloo line), Edgware Road, London, W2 1DY, United Kingdom",,Edgware Road,Edgware Road (Bakerloo line),,W2 1DY,London,Paddington,Greater London,,England,ENG,United Kingdom,gb,0.5,1,1,© OpenStreetMap contributors,Open Database License,https://www.openstreetmap.org/copyright
United Kingdom,"The Innovation Centre,217 Portobello,Sheffield,S1 4DP",3214,7,53.38104,-1.4811399,"Sheffield, S1 4DP, United Kingdom",,,,,S1 4DP,Sheffield,,South Yorkshire,,England,ENG,United Kingdom,gb,0.6,1,,© OpenStreetMap contributors,Open Database License,https://www.openstreetmap.org/copyright
United Kingdom,"The Int'l Press Center 76 Shoe Lane,London EC4A 3PJ",3215,7,51.5157556,-0.1067376,"Deloitte, 76 Shoe Lane, City of London, EC4A 3JR, United Kingdom",76,Shoe Lane,Deloitte,,EC4A 3JR,City of London,Blackfriars,Greater London,,England,ENG,United Kingdom,gb,0.5103000000000001,0.81,0.81,© OpenStreetMap contributors,Open Database License,https://www.openstreetmap.org/copyright
United Kingdom,"The Int'l Press Center,76 Shoe Lane,London EC4A 3PJ",3216,7,51.5157556,-0.1067376,"Deloitte, 76 Shoe Lane, City of London, EC4A 3JR, United Kingdom",76,Shoe Lane,Deloitte,,EC4A 3JR,City of London,Blackfriars,Greater London,,England,ENG,United Kingdom,gb,0.5103000000000001,0.81,0.81,© OpenStreetMap contributors,Open Database License,https://www.openstreetmap.org/copyright
United Kingdom,"The Int'l Press Center,76 Shoe Lane,London,EC4A 3JB",3217,7,51.5157556,-0.1067376,"Deloitte, 76 Shoe Lane, City of London, EC4A 3JR, United Kingdom",76,Shoe Lane,Deloitte,,EC4A 3JR,City of London,Blackfriars,Greater London,,England,ENG,United Kingdom,gb,0.5103000000000001,0.81,0.81,© OpenStreetMap contributors,Open Database License,https://www.openstreetmap.org/copyright
United Kingdom,"The Int'l Press Center,76 Shoe Lane,London,EC4A 3PJ",3218,7,51.5157556,-0.1067376,"Deloitte, 76 Shoe Lane, City of London, EC4A 3JR, United Kingdom",76,Shoe Lane,Deloitte,,EC4A 3JR,City of London,Blackfriars,Greater London,,England,ENG,United Kingdom,gb,0.5103000000000001,0.81,0.81,© OpenStreetMap contributors,Open Database License,https://www.openstreetmap.org/copyright
United Kingdom,"The Int'l Press Centre 76 Shoe Lane,London EC4A 3JB",3219,7,51.5157556,-0.1067376,"Deloitte, 76 Shoe Lane, City of London, EC4A 3JR, United Kingdom",76,Shoe Lane,Deloitte,,EC4A 3JR,City of London,Blackfriars,Greater London,,England,ENG,United Kingdom,gb,0.5103000000000001,0.81,0.81,© OpenStreetMap contributors,Open Database License,https://www.openstreetmap.org/copyright
United Kingdom,"The Int'l Press Centre,76 Shoe Lane,London EC4A 3JB",3220,7,51.5157556,-0.1067376,"Deloitte, 76 Shoe Lane, City of London, EC4A 3JR, United Kingdom",76,Shoe Lane,Deloitte,,EC4A 3JR,City of London,Blackfriars,Greater London,,England,ENG,United Kingdom,gb,0.5103000000000001,0.81,0.81,© OpenStreetMap contributors,Open Database License,https://www.openstreetmap.org/copyright
United Kingdom,"The Int'l Press Centre,76 Shoe Lane,London,EC4A 3PJ",3221,7,51.5157556,-0.1067376,"Deloitte, 76 Shoe Lane, City of London, EC4A 3JR, United Kingdom",76,Shoe Lane,Deloitte,,EC4A 3JR,City of London,Blackfriars,Greater London,,England,ENG,United Kingdom,gb,0.5103000000000001,0.81,0.81,© OpenStreetMap contributors,Open Database License,https://www.openstreetmap.org/copyright
United Kingdom,"The Kinetic Centre,Theobald St.,Elstree,Borehamwood,Herts,WD6 4PS",3222,7,51.6607025,-0.2846796,"Theobald Street, Hertsmere, WD6 4SJ, United Kingdom",,Theobald Street,Theobald Street,,WD6 4SJ,Hertsmere,Elstree and Borehamwood,Hertfordshire,HRT,England,ENG,United Kingdom,gb,0.44099999999999995,1,1,© OpenStreetMap contributors,Open Database License,https://www.openstreetmap.org/copyright
United Kingdom,"The Leadenhall Bldg.,122 Leadenhall St.,London,EC3V 4AG",3223,7,51.5140142,-0.0821864,"Hop, 122 Leadenhall Street, City of London, EC3V 4AB, United Kingdom",122,Leadenhall Street,Hop,,EC3V 4AB,City of London,Bishopsgate,Greater London,,England,ENG,United Kingdom,gb,0.5103000000000001,0.81,0.81,© OpenStreetMap contributors,Open Database License,https://www.openstreetmap.org/copyright
United Kingdom,"The Light Box,111 Power Rd.,Chiswick,London,W4 5PY",3224,7,51.4947486,-0.2791092,"Fabiia, 111 Power Road, London, W4 5PY, United Kingdom",111,Power Road,Fabiia,London Borough of Hounslow,W4 5PY,London,Grove Park,Greater London,,England,ENG,United Kingdom,gb,0.9,1,1,© OpenStreetMap contributors,Open Database License,https://www.openstreetmap.org/copyright
United Kingdom,"The Lodoge at Oakley Court,Water Oakley,Windsor Rd.,Windsor,Berkshire",3225,7,51.450737,-0.572078,"Windsor Road, Old Windsor, United Kingdom",,Windsor Road,,Old Windsor,,Old Windsor,,West Berkshire,WBK,England,ENG,United Kingdom,gb,0.405,0.9,0.9,© OpenStreetMap contributors,Open Database License,https://www.openstreetmap.org/copyright
United Kingdom,"The Merton Centre 45 St Peters St.,Bedford",3226,7,52.1391331,-0.4640848,"45 St. Peter's Street, Bedford, MK40 2PN, United Kingdom",45,St. Peter's Street,,,MK40 2PN,Bedford,Castle,Bedford,BDF,England,ENG,United Kingdom,gb,0.9,1,1,,,
United Kingdom,"The Oast House,Brewery Rd.,Hoddesdon,Hertf.EN11 8HF1",3227,7,51.321744,-0.560696,"Brewery Road, Woking, GU21 4ND, United Kingdom",,Brewery Road,,,GU21 4ND,Woking,,Surrey,SRY,England,ENG,United Kingdom,gb,0,,,© OpenStreetMap contributors,Open Database License,https://www.openstreetmap.org/copyright
United Kingdom,"The Observatory,Leofric Sq.,Vicaragefarm Rd.,Peterborough PE1 5TU",3228,7,52.578364,-0.211358,"Peterborough, PE1 5TU, United Kingdom",,,PE1 5TU,,PE1 5TU,Peterborough,,Peterborough,PTE,,,United Kingdom,gb,0.6,1,,Who's On First,CC0,https://www.whosonfirst.org/docs/licenses/
United Kingdom,"The Offices of Ansbacher(BVI)Ltd.POB 659 Rd.Town,Tortola,British Virgin",3229,7,52.583083,-1.995871,"Offices of the Board of Guardians, Walsall, WS2 9PL, United Kingdom",,Offices of the Board of Guardians,,,WS2 9PL,Walsall,Pleck,Birmingham,BIR,England,ENG,United Kingdom,gb,0,,,© OpenStreetMap contributors,Open Database License,https://www.openstreetmap.org/copyright
United Kingdom,"The Old Post House,Heath Rd.,Weybridge,Surrey,KT13 8TS",3230,7,51.3648492,-0.4596713,"Heath Road, Elmbridge, KT13 8TS, United Kingdom",,Heath Road,Heath Road,,KT13 8TS,Elmbridge,,Surrey,SRY,England,ENG,United Kingdom,gb,0.7,1,1,© OpenStreetMap contributors,Open Database License,https://www.openstreetmap.org/copyright
United Kingdom,"The Podium,1 Eversholt St.,Euston,London NW1 2DN",3231,7,51.528009,-0.132269,"William Hill, 1 Eversholt Street, London, NW1 1BR, United Kingdom",1,Eversholt Street,William Hill,London Borough of Camden,NW1 1BR,London,Somers Town,Greater London,,England,ENG,United Kingdom,gb,0.63,1,1,© OpenStreetMap contributors,Open Database License,https://www.openstreetmap.org/copyright
United Kingdom,"THe Point 37,North Wharf Rd.,London,W2 1AF",3232,7,51.518414,-0.17632097910685654,"The Point, 37 North Wharf Road, London, W2 1BD, United Kingdom",37,North Wharf Road,The Point,,W2 1BD,London,Paddington,Greater London,,England,ENG,United Kingdom,gb,0.63,1,1,© OpenStreetMap contributors,Open Database License,https://www.openstreetmap.org/copyright
United Kingdom,"The Quadragle,180 Warodur St.,London W1V 4AE",3233,7,51.4941514,-0.1679108,"Clergerie, 180 Walton Street, London, SW3 2JL, United Kingdom",180,Walton Street,Clergerie,Royal Borough of Kensington and Chelsea,SW3 2JL,London,Chelsea,Greater London,,England,ENG,United Kingdom,gb,0.2571428571428571,1,0.2857142857142857,© OpenStreetMap contributors,Open Database License,https://www.openstreetmap.org/copyright
United Kingdom,"The Quadrangle,Redhill Surrey RH1 1PX",3234,7,50.99951,-0.106779,"The Star, 1 The Broadway, Haywards Heath, RH16 3AQ, United Kingdom",1,The Broadway,The Star,Haywards Heath,RH16 3AQ,Haywards Heath,,West Sussex,WSX,England,ENG,United Kingdom,gb,0.0875,0.5,0.35,© OpenStreetMap contributors,Open Database License,https://www.openstreetmap.org/copyright
United Kingdom,"The Quadrangle,Redhill Surrey,RH1 1PX",3235,7,50.99951,-0.106779,"The Star, 1 The Broadway, Haywards Heath, RH16 3AQ, United Kingdom",1,The Broadway,The Star,Haywards Heath,RH16 3AQ,Haywards Heath,,West Sussex,WSX,England,ENG,United Kingdom,gb,0.0875,0.5,0.35,© OpenStreetMap contributors,Open Database License,https://www.openstreetmap.org/copyright
United Kingdom,"The Rivers Office Park,Denham Way,Maple Cross,Rickmansworth,Hertfordshire,WD3 2YS",3236,7,51.6285919,-0.5045688,"Denham Way, Three Rivers, WD3 9AD, United Kingdom",,Denham Way,Denham Way,,WD3 9AD,Three Rivers,Mill End,Hertfordshire,HRT,England,ENG,United Kingdom,gb,0.44099999999999995,0.7,0.7,© OpenStreetMap contributors,Open Database License,https://www.openstreetmap.org/copyright
United Kingdom,"The Rivers Office Park,Denham Way,Maple Cross,Rickmansworth,Hertfordshire,WD3 9YS",3237,7,51.62610636666667,-0.5064725333333333,"Three Rivers, WD3 9YS, United Kingdom",,,,,WD3 9YS,Three Rivers,,Hertfordshire,HRT,England,ENG,United Kingdom,gb,0.6,1,,© OpenStreetMap contributors,Open Database License,https://www.openstreetmap.org/copyright
United Kingdom,"The Sedgwick Centre 10 Whitechapel High St.,London E1 8DX",3238,7,51.5145623,-0.0729474,"Government Digital Service, 10 Whitechapel High Street, London, E1 8QS, United Kingdom",10,Whitechapel High Street,Government Digital Service,London Borough of Tower Hamlets,E1 8QS,London,Whitechapel,Greater London,,England,ENG,United Kingdom,gb,0.63,1,1,© OpenStreetMap contributors,Open Database License,https://www.openstreetmap.org/copyright
United Kingdom,"The Stock Exchange Tower,Old Broad St.,London EC2N 1HH",3239,7,51.5160496,-0.0838209,"Old Broad Street, City of London, EC2N 1HW, United Kingdom",,Old Broad Street,Old Broad Street,,EC2N 1HW,City of London,Bishopsgate,Greater London,,England,ENG,United Kingdom,gb,0.5103,0.81,0.81,© OpenStreetMap contributors,Open Database License,https://www.openstreetmap.org/copyright
United Kingdom,"The Stock Exchange Tower,Old Broad St.,London EC2N 1HH.",3240,7,51.5160496,-0.0838209,"Old Broad Street, City of London, EC2N 1HW, United Kingdom",,Old Broad Street,Old Broad Street,,EC2N 1HW,City of London,Bishopsgate,Greater London,,England,ENG,United Kingdom,gb,0.5103,0.81,0.81,© OpenStreetMap contributors,Open Database License,https://www.openstreetmap.org/copyright
United Kingdom,"The Triangle,5 Hammersmith Grove,London,W6 0LG",3241,7,51.49402045,-0.22635894208395155,"The Triangle, 5-17 Hammersmith Grove, London, W6 0DA, United Kingdom",5-17,Hammersmith Grove,The Triangle,London Borough of Hammersmith and Fulham,W6 0DA,London,Brook Green,Greater London,,England,ENG,United Kingdom,gb,0.567,1,1,© OpenStreetMap contributors,Open Database License,https://www.openstreetmap.org/copyright
United Kingdom,"The Warehouse,Hill St.,Tunbridge Wells,Kent,TN1 2BY",3242,7,51.137216,0.2672935,"Hill Street, Tunbridge Wells, TN1 2BY, United Kingdom",,Hill Street,Hill Street,Royal Wells Park,TN1 2BY,Tunbridge Wells,St James,Kent,KEN,England,ENG,United Kingdom,gb,0.7,1,1,© OpenStreetMap contributors,Open Database License,https://www.openstreetmap.org/copyright
United Kingdom,"Thomson Pavillion,Todd Campus West of Scotland Science Park,Acre Rd.,Glasgow G20 0XA",3243,7,55.9039351,-4.310979,"Acre Road, Glasgow, G20 0SP, United Kingdom",,Acre Road,Acre Road,,G20 0SP,Glasgow,Temple,Glasgow City,GLG,Scotland,SCT,United Kingdom,gb,0.63,1,1,© OpenStreetMap contributors,Open Database License,https://www.openstreetmap.org/copyright
United Kingdom,"Thorp Way House,Thorpe Way Bambury,Oxon OX16",3244,7,52.068963,-1.31626,"Ermont Way Service Station, Ermont Way, Banbury, OX16 4SZ, United Kingdom",,Ermont Way,Ermont Way Service Station,Banbury Civil Parish,OX16 4SZ,Banbury,,Oxfordshire,OXF,England,ENG,United Kingdom,gb,0.040833333333333326,0.7714285714285714,0.12857142857142856,© OpenStreetMap contributors,Open Database License,https://www.openstreetmap.org/copyright
United Kingdom,"Thorp Way House,Thorpe Way Bambury,Oxon,OX16",3245,7,52.068963,-1.31626,"Ermont Way Service Station, Ermont Way, Banbury, OX16 4SZ, United Kingdom",,Ermont Way,Ermont Way Service Station,Banbury Civil Parish,OX16 4SZ,Banbury,,Oxfordshire,OXF,England,ENG,United Kingdom,gb,0.040833333333333326,0.7714285714285714,0.12857142857142856,© OpenStreetMap contributors,Open Database License,https://www.openstreetmap.org/copyright
United Kingdom,"Thorpe House,Thorpe Way,Banbury,Oxfordshire,OX16 4SP",3246,7,52.0622457,-1.3224818,"Thorpe Way, Cherwell District, OX16 4SG, United Kingdom",,Thorpe Way,Thorpe Way,,OX16 4SG,Cherwell District,Grimsbury,Oxfordshire,OXF,England,ENG,United Kingdom,gb,0.63,1,1,© OpenStreetMap contributors,Open Database License,https://www.openstreetmap.org/copyright
United Kingdom,"Thorpe Way House,Thorpe Way,Banbury,Oxon,OX16 4SP",3247,7,52.061909,-1.318842,"Thorpe Lane Depot, Thorpe Lane, Banbury, OX16 4UT, United Kingdom",,Thorpe Lane,Thorpe Lane Depot,Banbury Civil Parish,OX16 4UT,Banbury,,Oxfordshire,OXF,England,ENG,United Kingdom,gb,0.13891499999999996,1,0.567,© OpenStreetMap contributors,Open Database License,https://www.openstreetmap.org/copyright
United Kingdom,"Thundridge Business Park,Thundridge,Nr.Ware,Hertfordshire,SG12 0SS",3248,7,51.835883949999996,-0.030430048325479346,"Thundridge Business Park, East Hertfordshire, SG12 0SS, United Kingdom",,,Thundridge Business Park,,SG12 0SS,East Hertfordshire,Thundridge,Hertfordshire,HRT,England,ENG,United Kingdom,gb,1,1,,© OpenStreetMap contributors,Open Database License,https://www.openstreetmap.org/copyright
United Kingdom,"Thundridge Business Park,Thundridge,Ware,Hertfordshire,SG12 0SS",3249,7,51.835883949999996,-0.030430048325479346,"Thundridge Business Park, East Hertfordshire, SG12 0SS, United Kingdom",,,Thundridge Business Park,,SG12 0SS,East Hertfordshire,Thundridge,Hertfordshire,HRT,England,ENG,United Kingdom,gb,1,1,,© OpenStreetMap contributors,Open Database License,https://www.openstreetmap.org/copyright
United Kingdom,"Thundrige Business Park,Thundrige,Near Ware,Hertfordshire,SG12 OSS",3250,7,51.6724,-0.195895,"Wrotham Business Park, Potters Bar, United Kingdom",,Wrotham Business Park,,,,Potters Bar,Hadley Wood,Hertfordshire,HRT,England,ENG,United Kingdom,gb,0,,,© OpenStreetMap contributors,Open Database License,https://www.openstreetmap.org/copyright
United Kingdom,"Thundrige Business Park,Thundrige,Nr.Ware,Hertfordshire SG12 OSS",3251,7,51.6724,-0.195895,"Wrotham Business Park, Potters Bar, United Kingdom",,Wrotham Business Park,,,,Potters Bar,Hadley Wood,Hertfordshire,HRT,England,ENG,United Kingdom,gb,0,0.3076923076923077,,© OpenStreetMap contributors,Open Database License,https://www.openstreetmap.org/copyright
United Kingdom,"Timberham Hose,Gatwick Airport,West Sussex,RH6 0EQ",3252,7,,,,,,,,,,,,,,,,,,,,,,
United Kingdom,"Titchfield Rd.,Fareham,Hants,PO14 3EP",3253,7,50.83887,-1.22959,"Fareham, PO14 3EP, United Kingdom",,,,,PO14 3EP,Fareham,,Hampshire,HAM,England,ENG,United Kingdom,gb,0.6,1,,© OpenStreetMap contributors,Open Database License,https://www.openstreetmap.org/copyright
United Kingdom,"Tolworth Tower Ewell Rd.,Surbiton Surrey KT6 7EL",3254,7,51.3826196,-0.2861425,"Ewell Road, London, KT6 7HD, United Kingdom",,Ewell Road,Ewell Road,Royal Borough of Kingston upon Thames,KT6 7HD,London,Tolworth,Greater London,,England,ENG,United Kingdom,gb,0.44099999999999995,0.7,0.7,© OpenStreetMap contributors,Open Database License,https://www.openstreetmap.org/copyright
United Kingdom,"Tolworth Tower Ewell Rd.,Surbiton Surrey,KT6 7EL",3255,7,51.3826196,-0.2861425,"Ewell Road, London, KT6 7HD, United Kingdom",,Ewell Road,Ewell Road,Royal Borough of Kingston upon Thames,KT6 7HD,London,Tolworth,Greater London,,England,ENG,United Kingdom,gb,0.44099999999999995,0.7,0.7,© OpenStreetMap contributors,Open Database License,https://www.openstreetmap.org/copyright
United Kingdom,"Tolworth Tower,Ewell Rd.,Surbiton Surrey KT 6 7EL",3256,7,51.3930564,-0.29829234811912225,"Sessions House, 17 Ewell Road, London, KT6 6AG, United Kingdom",17,Ewell Road,Sessions House,Royal Borough of Kingston upon Thames,KT6 6AG,London,Surbiton,Greater London,,England,ENG,United Kingdom,gb,0.3395744680851064,1,1,© OpenStreetMap contributors,Open Database License,https://www.openstreetmap.org/copyright
United Kingdom,"Tolworth Tower,Ewell Rd.,Surbiton Surrey KT6 7EL",3257,7,51.3826196,-0.2861425,"Ewell Road, London, KT6 7HD, United Kingdom",,Ewell Road,Ewell Road,Royal Borough of Kingston upon Thames,KT6 7HD,London,Tolworth,Greater London,,England,ENG,United Kingdom,gb,0.44099999999999995,0.7,0.7,© OpenStreetMap contributors,Open Database License,https://www.openstreetmap.org/copyright
United Kingdom,"Tomatin IV13 7YT,Inverness-Shire,Scotland",3258,7,57.3391572,-4.0092767,"Highland, IV13 7YT, United Kingdom",,,,,IV13 7YT,,,Highland,HLD,Scotland,SCT,United Kingdom,gb,1,1,,© OpenStreetMap contributors,Open Database License,https://www.openstreetmap.org/copyright
United Kingdom,"Tomatin,Inverness-shire,IV13 7YT",3259,7,57.3391572,-4.0092767,"Highland, IV13 7YT, United Kingdom",,,,,IV13 7YT,,,Highland,HLD,Scotland,SCT,United Kingdom,gb,1,1,,© OpenStreetMap contributors,Open Database License,https://www.openstreetmap.org/copyright
United Kingdom,"Tomatin,Inverness-Shire,IV13 7YT Scotland",3260,7,57.3391572,-4.0092767,"Highland, IV13 7YT, United Kingdom",,,,,IV13 7YT,,,Highland,HLD,Scotland,SCT,United Kingdom,gb,1,1,,© OpenStreetMap contributors,Open Database License,https://www.openstreetmap.org/copyright
United Kingdom,"Tomatin,Inverness-shire,IV13 7YT,Scotland",3261,7,57.3391572,-4.0092767,"Highland, IV13 7YT, United Kingdom",,,,,IV13 7YT,,,Highland,HLD,Scotland,SCT,United Kingdom,gb,1,1,,© OpenStreetMap contributors,Open Database License,https://www.openstreetmap.org/copyright
United Kingdom,"Tomatin,Inverness-Shire,Scotland,IV13 7YT",3262,7,57.3391572,-4.0092767,"Highland, IV13 7YT, United Kingdom",,,,,IV13 7YT,,,Highland,HLD,Scotland,SCT,United Kingdom,gb,1,1,,© OpenStreetMap contributors,Open Database License,https://www.openstreetmap.org/copyright
United Kingdom,"Torishima House,Brook Lane,Westbury,Wiltshire,BA13 4ES",3263,7,51.2677689,-2.2024904,"Brook Lane, Westbury, BA13 4ER, United Kingdom",,Brook Lane,Brook Lane,,BA13 4ER,Westbury,Westbury Industrial Estate,Wiltshire,WIL,England,ENG,United Kingdom,gb,0.63,1,1,© OpenStreetMap contributors,Open Database License,https://www.openstreetmap.org/copyright
United Kingdom,"Toshiba Court,Weybridge Business Park,Addlesstane Rd.,Weybridge Surrey KT15 2VL",3264,7,51.37216,-0.45297,"Weybridge, Walton on Thames, KT15 2VL, United Kingdom",,,Weybridge,,KT15 2VL,Walton on Thames,Weybridge,Surrey,SRY,England,ENG,United Kingdom,gb,0.25,1,,Who's On First,CC0,https://www.whosonfirst.org/docs/licenses/
United Kingdom,"Toshiba Court,Weybridge Business Park,Addlestone Rd.,Weybridge Surrey KT15 2UL",3265,7,51.3721207,-0.4746641,"Addlestone Road, Runnymede, KT15 2UP, United Kingdom",,Addlestone Road,Addlestone Road,,KT15 2UP,Borough of Runnymede,,Surrey,SRY,England,ENG,United Kingdom,gb,0.44099999999999995,0.7,0.7,© OpenStreetMap contributors,Open Database License,https://www.openstreetmap.org/copyright
United Kingdom,"Toshiba Court,Weybridge Business Park,Addlestone Rd.,Weybridge Surrey,KT15 2UL",3266,7,51.3721207,-0.4746641,"Addlestone Road, Runnymede, KT15 2UP, United Kingdom",,Addlestone Road,Addlestone Road,,KT15 2UP,Borough of Runnymede,,Surrey,SRY,England,ENG,United Kingdom,gb,0.44099999999999995,0.7,0.7,© OpenStreetMap contributors,Open Database License,https://www.openstreetmap.org/copyright
United Kingdom,"Toshiba Court,Weybridge Business Park,Addlestone Rd.,Weybridge,Surrey KT15 2UL",3267,7,51.3721207,-0.4746641,"Addlestone Road, Runnymede, KT15 2UP, United Kingdom",,Addlestone Road,Addlestone Road,,KT15 2UP,Borough of Runnymede,,Surrey,SRY,England,ENG,United Kingdom,gb,0.44099999999999995,0.7,0.7,© OpenStreetMap contributors,Open Database License,https://www.openstreetmap.org/copyright
United Kingdom,"Toshiba House,Frimley Rd.,Frimley Camberley Surrey GU16 5JJ",3268,7,51.3184473,-0.7491407,"Frimley Road, Surrey Heath, GU16 7XD, United Kingdom",,Frimley Road,Frimley Road,,GU16 7XD,Surrey Heath,,Surrey,SRY,England,ENG,United Kingdom,gb,0.44099999999999995,0.7,0.7,© OpenStreetMap contributors,Open Database License,https://www.openstreetmap.org/copyright
United Kingdom,Towcester,3269,7,52.132756,-0.9894811,"Towcester, ENG, United Kingdom",,,,,,Towcester,,West Northamptonshire,,England,ENG,United Kingdom,gb,1,1,,© OpenStreetMap contributors,Open Database License,https://www.openstreetmap.org/copyright
United Kingdom,"Tower 42,25 Old Broad St.,London EC2N 1HN",3270,7,51.5152741,-0.0841902,"Physical Gold, 25 Old Broad Street, City of London, EC2N 1HN, United Kingdom",25,Old Broad Street,Physical Gold,,EC2N 1HN,City of London,Cornhill,Greater London,,England,ENG,United Kingdom,gb,0.9,1,1,© OpenStreetMap contributors,Open Database License,https://www.openstreetmap.org/copyright
United Kingdom,"Tower House,38 Trinity Square London EC3N 4HR",3271,7,51.5100559,-0.0765775,"Tower Hill, 38 Trinity Square, London, EC3N 4DJ, United Kingdom",38,Trinity Square,Tower Hill,London Borough of Tower Hamlets,EC3N 4DJ,London,Whitechapel,Greater London,,England,ENG,United Kingdom,gb,0.63,1,1,© OpenStreetMap contributors,Open Database License,https://www.openstreetmap.org/copyright
United Kingdom,Trafalgar House Downton Salisbury Wiltshire SP5 3QR,3272,7,51.01497,-1.73019,"Downton, SP5 3QR, United Kingdom",,,,,SP5 3QR,Downton,,Wiltshire,WIL,England,ENG,United Kingdom,gb,0.6,1,,© OpenStreetMap contributors,Open Database License,https://www.openstreetmap.org/copyright
United Kingdom,"Trafalgar House Hammersmith Int'l Centre 2,Chalkhill Rd.,London,W6",3273,7,51.563369,-0.2732665,"Chalkhill Road, London, HA9 9UG, United Kingdom",,Chalkhill Road,Chalkhill Road,London Borough of Brent,HA9 9UG,London,Preston,Greater London,,England,ENG,United Kingdom,gb,0.5,1,1,© OpenStreetMap contributors,Open Database License,https://www.openstreetmap.org/copyright
United Kingdom,"Trafalgar House Hammersmith International Centre 2,Chalkhill Rd.,London",3274,7,51.563369,-0.2732665,"Chalkhill Road, London, HA9 9UG, United Kingdom",,Chalkhill Road,Chalkhill Road,London Borough of Brent,HA9 9UG,London,Preston,Greater London,,England,ENG,United Kingdom,gb,0.5,1,1,© OpenStreetMap contributors,Open Database License,https://www.openstreetmap.org/copyright
United Kingdom,"Trafalgar Way,Bar Hill,Cambridge,CB23 8TU",3275,7,52.2581277,0.0179353,"Bar Hill (South Cambridgeshire), CB23 8TU, United Kingdom",,,,,CB23 8TU,South Cambridgeshire,,Cambridgeshire,CAM,England,ENG,United Kingdom,gb,0.6,1,,© OpenStreetMap contributors,Open Database License,https://www.openstreetmap.org/copyright
United Kingdom,"Transfesa Rd.,Paddock Wood Kent TN12 6UU",3276,7,51.186419,0.3985398,"Transfesa Road, Tunbridge Wells, TN12 6PD, United Kingdom",,Transfesa Road,Transfesa Road,,TN12 6PD,Tunbridge Wells,Paddock Wood Distribution Centre,Kent,KEN,England,ENG,United Kingdom,gb,0.63,1,1,© OpenStreetMap contributors,Open Database License,https://www.openstreetmap.org/copyright
United Kingdom,"Travellers Lane,Hatfield,Herts.,AL10 8XB",3277,7,51.7442033,-0.2221443,"Travellers Lane, Welwyn Hatfield, AL10 8XB, United Kingdom",,Travellers Lane,Travellers Lane,,AL10 8XB,Welwyn Hatfield,North Mymms,Hertfordshire,HRT,England,ENG,United Kingdom,gb,0.754054054054054,1,0.9,© OpenStreetMap contributors,Open Database License,https://www.openstreetmap.org/copyright
United Kingdom,"Travellers Lane,Hatfield,Herts.AL10 8XB",3278,7,51.7442033,-0.2221443,"Travellers Lane, Welwyn Hatfield, AL10 8XB, United Kingdom",,Travellers Lane,Travellers Lane,,AL10 8XB,Welwyn Hatfield,North Mymms,Hertfordshire,HRT,England,ENG,United Kingdom,gb,0,,,© OpenStreetMap contributors,Open Database License,https://www.openstreetmap.org/copyright
United Kingdom,"Trident Court,1 Oakcroft Rd.,Chessington Surrey,KT9 1BD",3279,7,51.3725643,-0.2923661477665458,"Tranzitt, 1 Oakcroft Road, London, KT9 1BD, United Kingdom",1,Oakcroft Road,Tranzitt,Royal Borough of Kingston upon Thames,KT9 1BD,London,Tolworth,Greater London,,England,ENG,United Kingdom,gb,0.9,1,1,© OpenStreetMap contributors,Open Database License,https://www.openstreetmap.org/copyright
United Kingdom,"Triton Court,14 Finsbury Sq.,London EC2A 1BR",3280,7,51.5216989,-0.0867593,"Haz, 14 Finsbury Square, London, EC2A 1AH, United Kingdom",14,Finsbury Square,Haz,London Borough of Islington,EC2A 1AH,London,Finsbury,Greater London,,England,ENG,United Kingdom,gb,0.63,1,1,© OpenStreetMap contributors,Open Database License,https://www.openstreetmap.org/copyright
United Kingdom,"Troopers Lane Industrial Estate,Carrickfergus,Northern Ireland",3281,7,54.7136165,-5.8073112,"Carrickfergus, BT38 7BE, United Kingdom",,,Carrickfergus,,BT38 7BE,Carrickfergus,,County Antrim,,Northern Ireland,NIR,United Kingdom,gb,0,1,,© OpenStreetMap contributors,Open Database License,https://www.openstreetmap.org/copyright
United Kingdom,"Tubney Woods,Abingdon,OX13 5QX",3282,7,51.70393355,-1.3521107193069029,"Tubney Wood Quarry, Vale of White Horse, OX13 5QU, United Kingdom",,,Tubney Wood Quarry,,OX13 5QU,Vale of White Horse,Fyfield and Tubney,Oxfordshire,OXF,England,ENG,United Kingdom,gb,0.39690000000000003,0.7,,© OpenStreetMap contributors,Open Database License,https://www.openstreetmap.org/copyright
United Kingdom,"Two London Bridge London,SE1 9RA",3283,7,51.4970876,-0.09973962474262893,"Two Fifty One, 251 Southwark Bridge Road, London, SE1 6FN, United Kingdom",251,Southwark Bridge Road,Two Fifty One,London Borough of Southwark,SE1 6FN,London,Elephant and Castle,Greater London,,England,ENG,United Kingdom,gb,0.567,1,,© OpenStreetMap contributors,Open Database License,https://www.openstreetmap.org/copyright
United Kingdom,Tylers Green High Wycombe Buckinghamshire,3284,7,51.638247,-0.753058,"Green, High Wycombe, HP13 5DJ, United Kingdom",,Green,,,HP13 5DJ,High Wycombe,,Buckinghamshire,BKM,England,ENG,United Kingdom,gb,0.5,1,0.5,© OpenStreetMap contributors,Open Database License,https://www.openstreetmap.org/copyright
United Kingdom,"Ullswater House Kendal Ave.,London W3 0XA",3285,7,51.5248745,-0.2793004,"Kendal Avenue, London, W3 0XA, United Kingdom",,Kendal Avenue,Kendal Avenue,London Borough of Ealing,W3 0XA,London,Park Royal,Greater London,,England,ENG,United Kingdom,gb,0.7,1,1,© OpenStreetMap contributors,Open Database License,https://www.openstreetmap.org/copyright
United Kingdom,"Union House,Eridge Rd.,Royal Tunbridge Wells,Tunbridge Wells,Kent TN4 8HF",3286,7,51.1251491,0.2556761,"Eridge Road, Tunbridge Wells, TN2 5FQ, United Kingdom",,Eridge Road,Eridge Road,,TN2 5FQ,Tunbridge Wells,Broadwater Down,Kent,KEN,England,ENG,United Kingdom,gb,0.05,1,1,© OpenStreetMap contributors,Open Database License,https://www.openstreetmap.org/copyright
United Kingdom,"Unit 1 Taffs Mead Rd.Treforest Ind.Estate Pontypridd South Wales,CF37 5SU",3287,7,51.5725916,-3.2933161,"Taffs Mead Road, Tonteg, CF37 5TN, United Kingdom",,Taffs Mead Road,Taffs Mead Road,,CF37 5TN,Tonteg,Llantwit Fardre,Rhondda Cynon Taf,RCT,Wales,WLS,United Kingdom,gb,0.22504230000000003,0.7,0.35721,© OpenStreetMap contributors,Open Database License,https://www.openstreetmap.org/copyright
United Kingdom,"Unit 1 Triangle Business Park,Pentrebach,Merthyr Tydfit,Mid Glam CF48 4TQ",3288,7,54.851726,-6.255294,"Unit 1 Pennybridge Business Park, Ballymena, BT42 3HB, United Kingdom",Unit 1,Pennybridge Business Park,,,BT42 3HB,Ballymena,,Mid and East Antrim,MEA,Northern Ireland,NIR,United Kingdom,gb,0.48857142857142866,0.07407407407407407,0.06666666666666667,© OpenStreetMap contributors,Open Database License,https://www.openstreetmap.org/copyright
United Kingdom,"Unit 1,1 Tapper Walk,King's Cross London,N1C 4AQ",3289,7,51.5389751,-0.1244537,"Blink, 1 Tapper Walk, London, N1C 4DT, United Kingdom",1,Tapper Walk,Blink,London Borough of Camden,N1C 4DT,London,King's Cross,Greater London,,England,ENG,United Kingdom,gb,0.35,1,1,© OpenStreetMap contributors,Open Database License,https://www.openstreetmap.org/copyright
United Kingdom,"Unit 1,5 Baldwin St.,London,EC1V 9NU",3290,7,51.527007100000006,-0.08930416447730558,"5 Baldwin Street, London, EC1V 9NU, United Kingdom",5,Baldwin Street,,London Borough of Islington,EC1V 9NU,London,Finsbury,Greater London,,England,ENG,United Kingdom,gb,0.9,1,1,© OpenStreetMap contributors,Open Database License,https://www.openstreetmap.org/copyright
United Kingdom,"Unit 1,Alice Way,Hounslow Business Park,Hounslow,Middlesex,TW3 3UD",3291,7,51.463495,-0.36668,"Alice Way, London, TW3 3UD, United Kingdom",,Alice Way,,Hounslow,TW3 3UD,London,Hounslow Central,London,,England,ENG,United Kingdom,gb,0.5,1,1,© OpenStreetMap contributors,Open Database License,https://www.openstreetmap.org/copyright
United Kingdom,"Unit 1,Hounslow Business Park,Alice Way,Middlesex,TW3 3UD",3292,7,51.4634849,-0.3666689,"Alice Way, London, TW3 3UD, United Kingdom",,Alice Way,Alice Way,London Borough of Hounslow,TW3 3UD,London,Worton,Greater London,,England,ENG,United Kingdom,gb,0.7,1,1,© OpenStreetMap contributors,Open Database License,https://www.openstreetmap.org/copyright
United Kingdom,"Unit 1,Kendal Court,Kendal Ave.,Acton London W3 0RU",3293,7,51.5262344,-0.2797981,"Kendal Avenue, London, W3 0BX, United Kingdom",,Kendal Avenue,Kendal Avenue,London Borough of Ealing,W3 0BX,London,Park Royal,Greater London,,England,ENG,United Kingdom,gb,0.63,1,1,© OpenStreetMap contributors,Open Database License,https://www.openstreetmap.org/copyright
United Kingdom,"Unit 1,Kendal Court,Kendal Ave.,Acton London,W3 0RU",3294,7,51.5262344,-0.2797981,"Kendal Avenue, London, W3 0BX, United Kingdom",,Kendal Avenue,Kendal Avenue,London Borough of Ealing,W3 0BX,London,Park Royal,Greater London,,England,ENG,United Kingdom,gb,0.63,1,1,© OpenStreetMap contributors,Open Database License,https://www.openstreetmap.org/copyright
United Kingdom,"Unit 1,Kendal Court,Kendal Ave.,Acton,London,W3 0RU",3295,7,51.5262344,-0.2797981,"Kendal Avenue, London, W3 0BX, United Kingdom",,Kendal Avenue,Kendal Avenue,London Borough of Ealing,W3 0BX,London,Park Royal,Greater London,,England,ENG,United Kingdom,gb,0.63,1,1,© OpenStreetMap contributors,Open Database License,https://www.openstreetmap.org/copyright
United Kingdom,"Unit 1,Marshall Rd.,Hillmead,Swindon,Wiltshire SN5 7DW",3296,7,51.572384650000004,-1.8303166,"1 Marshall Road, Swindon, SN5 5FZ, United Kingdom",1,Marshall Road,,,SN5 5FZ,,West Swindon,Swindon,SWD,England,ENG,United Kingdom,gb,0.44099999999999995,0.9,0.9,© OpenStreetMap contributors,Open Database License,https://www.openstreetmap.org/copyright
United Kingdom,"Unit 1,Marshall Rd.,Hillmead,Swindon,Wiltshire SN5 9YX",3297,7,51.572384650000004,-1.8303166,"1 Marshall Road, Swindon, SN5 5FZ, United Kingdom",1,Marshall Road,,,SN5 5FZ,,West Swindon,Swindon,SWD,England,ENG,United Kingdom,gb,0.44099999999999995,0.9,0.9,© OpenStreetMap contributors,Open Database License,https://www.openstreetmap.org/copyright
United Kingdom,"Unit 1,Marshall Rd.,Hillmead,Swindon,Wiltshire,SN5 5YU",3298,7,51.572384650000004,-1.8303166,"1 Marshall Road, Swindon, SN5 5FZ, United Kingdom",1,Marshall Road,,,SN5 5FZ,,West Swindon,Swindon,SWD,England,ENG,United Kingdom,gb,0.44099999999999995,0.9,0.9,© OpenStreetMap contributors,Open Database License,https://www.openstreetmap.org/copyright
United Kingdom,"Unit 1,Marshall Rd.,Hillmead,Swindon,Wiltshire,SN5 9YX",3299,7,51.572384650000004,-1.8303166,"1 Marshall Road, Swindon, SN5 5FZ, United Kingdom",1,Marshall Road,,,SN5 5FZ,,West Swindon,Swindon,SWD,England,ENG,United Kingdom,gb,0.44099999999999995,0.9,0.9,© OpenStreetMap contributors,Open Database License,https://www.openstreetmap.org/copyright
United Kingdom,"Unit 1,Maybrook Rd.,Maybrook Business Park,Minworth,Birmingham B76 1AL",3300,7,52.5284108,-1.7874954825245992,"Heaven Sends Ltd, Unit 1 Maybrook Road, Birmingham, B76 1AL, United Kingdom",Unit 1,Maybrook Road,Heaven Sends Ltd,,B76 1AL,Birmingham,Maybrook Business Park,West Midlands Combined Authority,,England,ENG,United Kingdom,gb,0.9,1,1,© OpenStreetMap contributors,Open Database License,https://www.openstreetmap.org/copyright
United Kingdom,"Unit 1,Space Waye,North Feltham Trading Estate,Felthem Middlesex TW14 0TH",3301,7,51.569595,-0.233785,"1000 North Circular Road, Unit 15, London, NW2 6LU, United Kingdom",1000,"North Circular Road, Unit 15",,Brent,NW2 6LU,London,Welsh Harp,London,,England,ENG,United Kingdom,gb,0,,,© OpenStreetMap contributors,Open Database License,https://www.openstreetmap.org/copyright
United Kingdom,"Unit 1,Space Waye,North Feltham Trading Estate,Felthem Middlesex,TW14 0TH",3302,7,51.569595,-0.233785,"1000 North Circular Road, Unit 15, London, NW2 6LU, United Kingdom",1000,"North Circular Road, Unit 15",,Brent,NW2 6LU,London,Welsh Harp,London,,England,ENG,United Kingdom,gb,0,,,© OpenStreetMap contributors,Open Database License,https://www.openstreetmap.org/copyright
United Kingdom,"Unit 1,The Countyard Whitwick Business Park Stenson Rd.Coalville,Leicestershire,LE67 4JP",3303,7,52.72692935,-1.363333602570144,"Whitwick Business Park, North West Leicestershire, LE67 4JP, United Kingdom",,,Whitwick Business Park,,LE67 4JP,North West Leicestershire,Greenhill,Leicestershire,LEC,England,ENG,United Kingdom,gb,0.45,0.9,,© OpenStreetMap contributors,Open Database License,https://www.openstreetmap.org/copyright
United Kingdom,"Unit 1,The Countyard Whitwick Business Park,Stenson Rd.Coalville,Leicestershire,LE67 4JP",3304,7,52.72692935,-1.363333602570144,"Whitwick Business Park, North West Leicestershire, LE67 4JP, United Kingdom",,,Whitwick Business Park,,LE67 4JP,North West Leicestershire,Greenhill,Leicestershire,LEC,England,ENG,United Kingdom,gb,0.45,0.9,,© OpenStreetMap contributors,Open Database License,https://www.openstreetmap.org/copyright
United Kingdom,"Unit 1,The Lanchesters 2nd Fl.,162 Fulham Palace Rd.,London W6 9ER",3305,7,51.4857782,-0.22064285,"162-166 Fulham Palace Road, London, W6 8QT, United Kingdom",162-166,Fulham Palace Road,,London Borough of Hammersmith and Fulham,W6 8QT,London,Brook Green,Greater London,,England,ENG,United Kingdom,gb,0.5670000000000001,1,1,© OpenStreetMap contributors,Open Database License,https://www.openstreetmap.org/copyright
United Kingdom,"Unit 1,The Lanchesters,162 Fulham Palace Rd.,Hammersmith,London,W6 9ER",3306,7,51.4857782,-0.22064285,"162-166 Fulham Palace Road, London, W6 8QT, United Kingdom",162-166,Fulham Palace Road,,London Borough of Hammersmith and Fulham,W6 8QT,London,Brook Green,Greater London,,England,ENG,United Kingdom,gb,0.5670000000000001,1,1,© OpenStreetMap contributors,Open Database License,https://www.openstreetmap.org/copyright
United Kingdom,"Unit 1,The Lanchesters,162 Fulham Palace Rd.,London W6 9ER",3307,7,51.4857782,-0.22064285,"162-166 Fulham Palace Road, London, W6 8QT, United Kingdom",162-166,Fulham Palace Road,,London Borough of Hammersmith and Fulham,W6 8QT,London,Brook Green,Greater London,,England,ENG,United Kingdom,gb,0.5670000000000001,1,1,© OpenStreetMap contributors,Open Database License,https://www.openstreetmap.org/copyright
United Kingdom,"Unit 1,The Lanchesters,162 Fulham Palace Rd.,London,W6 9ER",3308,7,51.4857782,-0.22064285,"162-166 Fulham Palace Road, London, W6 8QT, United Kingdom",162-166,Fulham Palace Road,,London Borough of Hammersmith and Fulham,W6 8QT,London,Brook Green,Greater London,,England,ENG,United Kingdom,gb,0.5670000000000001,1,1,© OpenStreetMap contributors,Open Database License,https://www.openstreetmap.org/copyright
United Kingdom,"Unit 1,The Willows,Mark Rd.,Hemel Hempstead,Hertfordshire,HP2 7AU",3309,7,51.7628443,-0.4431407,"Mark Road, Dacorum, HP2 7BN, United Kingdom",,Mark Road,Mark Road,,HP2 7BN,Dacorum,Maylands,Hertfordshire,HRT,England,ENG,United Kingdom,gb,0.63,1,1,© OpenStreetMap contributors,Open Database License,https://www.openstreetmap.org/copyright
United Kingdom,"Unit 1,Tomlinson Ind.Estate Alfreton Rd.,Derby DE21 4ED",3310,7,52.945946,-1.4646593,"Alfreton Road, Derby, DE21 4ED, United Kingdom",,Alfreton Road,Alfreton Road,,DE21 4ED,Derby,Darley Abbey,Derby,DER,England,ENG,United Kingdom,gb,0.7,1,1,© OpenStreetMap contributors,Open Database License,https://www.openstreetmap.org/copyright
United Kingdom,"Unit 1/4/E Plantation House 31/35 Fenchurch St.,London EC3M 3DX",3311,7,51.5114999,-0.077794,"London Fenchurch Street, Fenchurch Place, City of London, EC3M 4AJ, United Kingdom",,Fenchurch Place,London Fenchurch Street,,EC3M 4AJ,City of London,Bishopsgate,Greater London,,England,ENG,United Kingdom,gb,0.25515000000000004,0.81,0.7290000000000001,© OpenStreetMap contributors,Open Database License,https://www.openstreetmap.org/copyright
United Kingdom,"Unit 10,Blackthone Rd.Crescent,Poyle,Colnbrook,Slough Sl3 OQF.",3312,7,51.4839742,-0.505649,"Colnbrook By-Pass, Slough, SL3 0EG, United Kingdom",,Colnbrook By-Pass,Colnbrook By-Pass,,SL3 0EG,Slough,Colnbrook with Poyle,,,England,ENG,United Kingdom,gb,0.2025,1,0.81,© OpenStreetMap contributors,Open Database License,https://www.openstreetmap.org/copyright
United Kingdom,"Unit 10,Blackthone Rd.Crescent,Poyle,Colnbrook,Slough,Sl3 OQF.",3313,7,51.4839742,-0.505649,"Colnbrook By-Pass, Slough, SL3 0EG, United Kingdom",,Colnbrook By-Pass,Colnbrook By-Pass,,SL3 0EG,Slough,Colnbrook with Poyle,,,England,ENG,United Kingdom,gb,0.2025,1,0.81,© OpenStreetMap contributors,Open Database License,https://www.openstreetmap.org/copyright
United Kingdom,"Unit 10,Blackthorme Rd.Crescent,Poyle,Colnbrook,Slough,Sl3 OQF.",3314,7,51.4839742,-0.505649,"Colnbrook By-Pass, Slough, SL3 0EG, United Kingdom",,Colnbrook By-Pass,Colnbrook By-Pass,,SL3 0EG,Slough,Colnbrook with Poyle,,,England,ENG,United Kingdom,gb,0.2025,1,0.81,© OpenStreetMap contributors,Open Database License,https://www.openstreetmap.org/copyright
United Kingdom,"Unit 10,Little End Rd.,Eaton Socon,St.Neots Cambs,E19 8JH",3315,7,52.2131862,-0.2940002,"Little End Road, Huntingdonshire, PE19 8AB, United Kingdom",,Little End Road,Little End Road,,PE19 8AB,Huntingdonshire,Little End Road Industrial Estate,Cambridgeshire,CAM,England,ENG,United Kingdom,gb,0.13333333333333333,0.26666666666666666,0.26666666666666666,© OpenStreetMap contributors,Open Database License,https://www.openstreetmap.org/copyright
United Kingdom,"Unit 108 1 Quality Court.Off Chancery Lane,WC2A 1HR",3316,7,52.2255639,1.1805056,"Debenham Post Office, 1 Chancery Lane, Mid Suffolk, IP14 6RN, United Kingdom",1,Chancery Lane,Debenham Post Office,,IP14 6RN,Mid Suffolk,,Suffolk,SFK,England,ENG,United Kingdom,gb,0.9,,,© OpenStreetMap contributors,Open Database License,https://www.openstreetmap.org/copyright
United Kingdom,"Unit 10A,Lyon Industrial Estate Rockware Ave.,Greenford Middx.UB6A 0AA",3317,7,51.543783,-0.334491,"Rockware Field, London, United Kingdom",,Rockware Field,,Ealing,,London,Greenford Green,London,,England,ENG,United Kingdom,gb,0.81,0.9,0.81,© OpenStreetMap contributors,Open Database License,https://www.openstreetmap.org/copyright
United Kingdom,"Unit 11, Olympus Park,Quedgeley Gloucester,GL2 4NF",3318,7,51.8284973,-2.2749007,"Olympus Park, Gloucester, GL2 4NF, United Kingdom",,Olympus Park,Olympus Park,,GL2 4NF,Gloucester,Quedgeley,Gloucestershire,GLS,England,ENG,United Kingdom,gb,0.7,1,1,© OpenStreetMap contributors,Open Database License,https://www.openstreetmap.org/copyright
United Kingdom,"Unit 11,50 Carnwath Rd.,London,SW6 3JX",3319,7,51.4654682,-0.1973915,"Carnwath Road, London, SW6 3DX, United Kingdom",,Carnwath Road,Carnwath Road,London Borough of Hammersmith and Fulham,SW6 3DX,London,Parson's Green,Greater London,,England,ENG,United Kingdom,gb,0.63,1,1,© OpenStreetMap contributors,Open Database License,https://www.openstreetmap.org/copyright
United Kingdom,"Unit 11,Liddall Way Horton Rd.,West Drayton Middlesex,UB7 8PG",3320,7,,,,,,,,,,,,,,,,,,,,,,
United Kingdom,"Unit 11,Liddall Way Horton Rd.,West Dreyton Middlesex,UB7 8PG",3321,7,51.50572125,-0.4701465966840199,"West Drayton Library, Station Road, London, UB7 7LT, United Kingdom",,Station Road,West Drayton Library,London Borough of Hillingdon,UB7 7LT,London,West Drayton,Greater London,,England,ENG,United Kingdom,gb,0.10804499999999996,0.7,0.3086999999999999,© OpenStreetMap contributors,Open Database License,https://www.openstreetmap.org/copyright
United Kingdom,"Unit 11,Maple Grove Business Centre,Lawrence Rd.,Hounslow,Middlesex,TW4 6DR",3322,7,51.464551,-0.4003923,"Lawrence Road, London, TW4 6DR, United Kingdom",,Lawrence Road,Lawrence Road,London Borough of Hounslow,TW4 6DR,London,Hounslow West,Greater London,,England,ENG,United Kingdom,gb,0.7,1,1,© OpenStreetMap contributors,Open Database License,https://www.openstreetmap.org/copyright
United Kingdom,"Unit 11,Olympus Park,Quedgeley Gloucester,GL2 4NF",3323,7,51.8284973,-2.2749007,"Olympus Park, Gloucester, GL2 4NF, United Kingdom",,Olympus Park,Olympus Park,,GL2 4NF,Gloucester,Quedgeley,Gloucestershire,GLS,England,ENG,United Kingdom,gb,0.7,1,1,© OpenStreetMap contributors,Open Database License,https://www.openstreetmap.org/copyright
United Kingdom,"Unit 12 Cardinal Park Cardinal Way Godmanchester Cambridgeshire,PE29 2XG",3324,7,52.31617,-0.151944,"Cardinal Park, Godmanchester, PE29 2XG, United Kingdom",,Cardinal Park,,Godmanchester Civil Parish,PE29 2XG,Godmanchester,,Cambridgeshire,CAM,England,ENG,United Kingdom,gb,0.9,1,0.9,© OpenStreetMap contributors,Open Database License,https://www.openstreetmap.org/copyright
United Kingdom,"Unit 12 Silver Jubilee Way,Haslemere Heathrow Estate,Parkway,Hounslow,Middlesex TW4 6NQ",3325,7,51.4729137,-0.4058587,"Silver Jubilee Way, London, TW4 6NF, United Kingdom",,Silver Jubilee Way,Silver Jubilee Way,London Borough of Hounslow,TW4 6NF,London,Cranford,Greater London,,England,ENG,United Kingdom,gb,0.44099999999999995,0.7,0.7,© OpenStreetMap contributors,Open Database License,https://www.openstreetmap.org/copyright
United Kingdom,"Unit 12 Silver Jubileeway,Estate,Parkway,Hounslow,Middlesex TW4 6NF",3326,7,51.475019,-0.404817,"The Parkway, London, TW4 6NF, United Kingdom",,The Parkway,,Hounslow,TW4 6NF,London,Cranford,London,,England,ENG,United Kingdom,gb,0,,,© OpenStreetMap contributors,Open Database License,https://www.openstreetmap.org/copyright
United Kingdom,"Unit 12,Bartley Green Business Centre,Woodgate Business Park,Birmingham B32 3DB",3327,7,52.441832,-1.998174,"Bartley Green Business Centre, Birmingham, B32 3DB, United Kingdom",,Bartley Green Business Centre,,,B32 3DB,Birmingham,Bartley Green,Birmingham,BIR,England,ENG,United Kingdom,gb,1,1,,© OpenStreetMap contributors,Open Database License,https://www.openstreetmap.org/copyright
United Kingdom,"Unit 12,Bridge Way Center,Bridge Rd.Wrexham Industrial Estate,Wrexham Clwyd,LL13 9QS Wales",3328,7,53.045486249999996,-2.995959386639849,"Next Outlet, Unit 12 Island Green Retail Park, Wrexham, LL13 7LW, United Kingdom",Unit 12,Island Green Retail Park,Next Outlet,,LL13 7LW,Wrexham,Offa,Wrexham,WRX,Wales,WLS,United Kingdom,gb,0.08576612099999997,0.7,0.13613669999999997,© OpenStreetMap contributors,Open Database License,https://www.openstreetmap.org/copyright
United Kingdom,"Unit 12,Heston Ind.Mall,Church Rd.,Heston,Middlesex TW5",3329,7,51.482746,-0.3738066,"Church Road, London, TW5 0LU, United Kingdom",,Church Road,Church Road,London Borough of Hounslow,TW5 0LU,London,Heston,Greater London,,England,ENG,United Kingdom,gb,0.63,0.7,0.7,© OpenStreetMap contributors,Open Database License,https://www.openstreetmap.org/copyright
United Kingdom,"Unit 12,Heston Industrial Mall,Church Rd.,Heston,Middlesex TW5",3330,7,51.482746,-0.3738066,"Church Road, London, TW5 0LU, United Kingdom",,Church Road,Church Road,London Borough of Hounslow,TW5 0LU,London,Heston,Greater London,,England,ENG,United Kingdom,gb,0.63,0.7,0.7,© OpenStreetMap contributors,Open Database License,https://www.openstreetmap.org/copyright
United Kingdom,"Unit 12,Kingstown Industrial Estate,Carlisle,Cumbria,CA30ET",3331,7,55.602255,-2.756942,"12 Tweedbank Industrial Estate, Tweedbank, TD1 3SY, United Kingdom",12,Tweedbank Industrial Estate,,,TD1 3SY,Tweedbank,Tweedbank Industrial Estate,Scottish Borders,SCB,Scotland,SCT,United Kingdom,gb,0,,,© OpenStreetMap contributors,Open Database License,https://www.openstreetmap.org/copyright
United Kingdom,"Unit 12,Riverside Place,Business Park Bridgewater Rd.South Accommodation Rd.,Leeds,LS9-ORQ",3332,7,53.801582,-1.523858,"Accommodation Road, Leeds, United Kingdom",,Accommodation Road,,,,Leeds,Mabgate,Kirklees,KIR,England,ENG,United Kingdom,gb,0.2835,1,0.567,© OpenStreetMap contributors,Open Database License,https://www.openstreetmap.org/copyright
United Kingdom,"Unit 12,Riverside Place,Business Park,Bridgewater Rd.,Leeds,LS9 0RQ",3333,7,53.7873248,-1.5236007,"Bridgewater Road, Leeds, LS9 0RQ, United Kingdom",,Bridgewater Road,Bridgewater Road,Steander,LS9 0RQ,Leeds,Knowsthorpe,West Yorkshire,,England,ENG,United Kingdom,gb,0.7,1,1,© OpenStreetMap contributors,Open Database License,https://www.openstreetmap.org/copyright
United Kingdom,"Unit 12,Riverside Place,Business Park,Bridgewater Rd.South Accommodation Rd.,Leeds,LS9 0RQ",3334,7,53.7875948,-1.5232886,"South Accommodation Road Bridgewater Road, South Accommodation Road, Leeds, LS9 0RQ, United Kingdom",,South Accommodation Road,South Accommodation Road Bridgewater Road,Steander,LS9 0RQ,Leeds,Richmond Hill,West Yorkshire,,England,ENG,United Kingdom,gb,0.315,1,0.63,© OpenStreetMap contributors,Open Database License,https://www.openstreetmap.org/copyright
United Kingdom,"Unit 12,Riverside Place,Business Park,Bridgewater Rd.South Accomodation Rd.,Leeds,LS9 0RQ",3335,7,53.78665,-1.52355,"Leeds, LS9 0RQ, United Kingdom",,,,,LS9 0RQ,Leeds,,West Yorkshire,,England,ENG,United Kingdom,gb,0.6,1,,© OpenStreetMap contributors,Open Database License,https://www.openstreetmap.org/copyright
United Kingdom,"Unit 12,Riverside Place,South Accommodation Rd.,Leeds,LS9 0RQ",3336,7,53.78665,-1.52355,"Leeds, LS9 0RQ, United Kingdom",,,,,LS9 0RQ,Leeds,,West Yorkshire,,England,ENG,United Kingdom,gb,0.6,1,,© OpenStreetMap contributors,Open Database License,https://www.openstreetmap.org/copyright
United Kingdom,"Unit 12,Sun Valley Business Park,Winnall Close,Winchester,Hampshire,SO23 0LB",3337,7,51.06792,-1.29708,"Winchester, SO23 0LB, United Kingdom",,,,,SO23 0LB,Winchester,,Hampshire,HAM,England,ENG,United Kingdom,gb,0.6,1,,© OpenStreetMap contributors,Open Database License,https://www.openstreetmap.org/copyright