original_countryname,original_AddressAlph,original_address_id,original_group,lat,lon,formatted,district,name,housenumber,street,postcode,suburb,city,county,county_code,state,state_code,country,country_code,confidence,confidence_city_level,confidence_street_level,attribution,attribution_license,attribution_url
United Kingdom,"Lea Lane,Lea Town,Preston,Lancashire,PR4 0RZ",2385,6,53.7765879,-2.7941508,"Lea Lane South, Preston, PR4 0RZ, United Kingdom",,Lea Lane South,,Lea Lane South,PR4 0RZ,Lea,Preston,Lancashire,LAN,England,ENG,United Kingdom,gb,0.63,1,0.9,© OpenStreetMap contributors,Open Database License,https://www.openstreetmap.org/copyright
United Kingdom,"Leatherhead,Surrey",2386,6,51.2955038,-0.3293689,"Leatherhead, Mole Valley, ENG, United Kingdom",,Leatherhead,,,,,Mole Valley,Surrey,SRY,England,ENG,United Kingdom,gb,1,1,,© OpenStreetMap contributors,Open Database License,https://www.openstreetmap.org/copyright
United Kingdom,Leeds Yorkshire,2387,6,53.7974185,-1.5437941,"Leeds, ENG, United Kingdom",,,,,,,Leeds,West Yorkshire,,England,ENG,United Kingdom,gb,0,,,© OpenStreetMap contributors,Open Database License,https://www.openstreetmap.org/copyright
United Kingdom,"Leeds,West Yorkshire",2388,6,53.7974185,-1.5437941,"Leeds, ENG, United Kingdom",,,,,,,Leeds,West Yorkshire,,England,ENG,United Kingdom,gb,1,1,,© OpenStreetMap contributors,Open Database License,https://www.openstreetmap.org/copyright
United Kingdom,"Leeds,Yorkshire",2389,6,53.7974185,-1.5437941,"Leeds, ENG, United Kingdom",,,,,,,Leeds,West Yorkshire,,England,ENG,United Kingdom,gb,0,,,© OpenStreetMap contributors,Open Database License,https://www.openstreetmap.org/copyright
United Kingdom,"Legibus Secretaries,200 Aldersgate St.London EC1A 4JJ",2390,6,51.5171828,-0.0970164,"Pret A Manger, 200 Aldersgate Street, City of London, EC1A 4HD, United Kingdom",,Pret A Manger,200,Aldersgate Street,EC1A 4HD,Cheap,City of London,Greater London,,England,ENG,United Kingdom,gb,0.27782999999999997,0.7,0.44099999999999995,© OpenStreetMap contributors,Open Database License,https://www.openstreetmap.org/copyright
United Kingdom,"Leigh Rd.,Hindley Green,Wigan,WN2 4XG",2391,6,53.516929,-2.5468908,"Leigh Road, Leigh, WN2 4XG, United Kingdom",,Leigh Road,,Leigh Road,WN2 4XG,Westleigh,Leigh,Greater Manchester,,England,ENG,United Kingdom,gb,0.7,1,1,© OpenStreetMap contributors,Open Database License,https://www.openstreetmap.org/copyright
United Kingdom,"Leigh Rd.,Swift Valley Rugby,CV21 1DS",2392,6,52.3965413,-1.2705364,"Leigh Road, Rugby, CV21 1QH, United Kingdom",,Leigh Road,,Leigh Road,CV21 1QH,Cosford CP,Rugby,Warwickshire,WAR,England,ENG,United Kingdom,gb,0.63,1,1,© OpenStreetMap contributors,Open Database License,https://www.openstreetmap.org/copyright
United Kingdom,"Lenham,Maidstione,Knet,Me 17 2DE",2393,6,51.23705,0.71892,"Lenham (Lenham), ENG, United Kingdom",Lenham,,,,,,Lenham,Kent,KEN,England,ENG,United Kingdom,gb,0,,,Who's On First,CC0,https://www.whosonfirst.org/docs/licenses/
United Kingdom,"Lenning House,2 Mason's Ave.,Croydon CR9 3NB,Surrey",2394,6,51.3687616,-0.0985545,"Mason's Avenue, London, CR0 9XS, United Kingdom",London Borough of Croydon,Mason's Avenue,,Mason's Avenue,CR0 9XS,Waddon,London,Greater London,,England,ENG,United Kingdom,gb,0.045,0.7290000000000001,0.7290000000000001,© OpenStreetMap contributors,Open Database License,https://www.openstreetmap.org/copyright
United Kingdom,"Lenning House,2 Mason's Ave.,Croydon CR9 3NB,Surrey.",2395,6,51.3687616,-0.0985545,"Mason's Avenue, London, CR0 9XS, United Kingdom",London Borough of Croydon,Mason's Avenue,,Mason's Avenue,CR0 9XS,Waddon,London,Greater London,,England,ENG,United Kingdom,gb,0.045,0.7290000000000001,0.7290000000000001,© OpenStreetMap contributors,Open Database License,https://www.openstreetmap.org/copyright
United Kingdom,"Lenning House,2 Mason's Ave.Croydon CR9 3NB,Surrey.",2396,6,51.368752,-0.098659,"Mason's Avenue, London, United Kingdom",Croydon,,,Mason's Avenue,,Pitlake,London,London,,England,ENG,United Kingdom,gb,0,0.2857142857142857,0.18,© OpenStreetMap contributors,Open Database License,https://www.openstreetmap.org/copyright
United Kingdom,"Lenton Drive.Parkside Industrial Estate,Leeds,LS11 5JP",2397,6,53.77071,-1.54057,"Leeds, LS11 5JP, United Kingdom",,,,,LS11 5JP,,Leeds,West Yorkshire,,England,ENG,United Kingdom,gb,0.6,1,,© OpenStreetMap contributors,Open Database License,https://www.openstreetmap.org/copyright
United Kingdom,"Leonard St.,Bulwell,Nottingham NG6 8RS",2398,6,52.9919784,-1.1969768,"Leonard Street, Nottingham, NG6 8RR, United Kingdom",Crabtree Farm Estate,Leonard Street,,Leonard Street,NG6 8RR,Cinderhill,Nottingham,,,England,ENG,United Kingdom,gb,0.63,1,1,© OpenStreetMap contributors,Open Database License,https://www.openstreetmap.org/copyright
United Kingdom,"Lep House,1 Redius Park,Faggs Rd.,Feltham,Middesex TW14 ONG",2399,6,51.457742,-0.410501,"Faggs Road, London, TW14 0LG, United Kingdom",Hounslow,,,Faggs Road,TW14 0LG,Feltham,London,London,,England,ENG,United Kingdom,gb,0.5,1,1,© OpenStreetMap contributors,Open Database License,https://www.openstreetmap.org/copyright
United Kingdom,"Level 10,City Tower,40 Basinghall St.,London EC2V 5DE",2400,6,51.5168981,-0.0913745,"Basinghall Avenue, City of London, EC2V 5DE, United Kingdom",,Basinghall Avenue,,Basinghall Avenue,EC2V 5DE,Barbican,City of London,Greater London,,England,ENG,United Kingdom,gb,0.7,1,1,© OpenStreetMap contributors,Open Database License,https://www.openstreetmap.org/copyright
United Kingdom,"Level 10,City Tower,40 Basinghall St.,London,EC2V 5DE",2401,6,51.5168981,-0.0913745,"Basinghall Avenue, City of London, EC2V 5DE, United Kingdom",,Basinghall Avenue,,Basinghall Avenue,EC2V 5DE,Barbican,City of London,Greater London,,England,ENG,United Kingdom,gb,0.7,1,1,© OpenStreetMap contributors,Open Database License,https://www.openstreetmap.org/copyright
United Kingdom,"Level 11,25 Canada Sq.,Canary Wharf,London E14 5LQ",2402,6,51.5040153,-0.017984700989938776,"Citi, 25 Canada Square, London, E14 5LQ, United Kingdom",London Borough of Tower Hamlets,Citi,25,Canada Square,E14 5LQ,Isle of Dogs,London,Greater London,,England,ENG,United Kingdom,gb,0.9,1,1,© OpenStreetMap contributors,Open Database License,https://www.openstreetmap.org/copyright
United Kingdom,"Level 15,70 Mark Lane,London,EC3R 7NQ",2403,6,51.5109978,-0.0800148,"Chop'd, 70 Mark Lane, City of London, EC3R 7NQ, United Kingdom",,Chop'd,70,Mark Lane,EC3R 7NQ,Bishopsgate,City of London,Greater London,,England,ENG,United Kingdom,gb,0.9,1,1,© OpenStreetMap contributors,Open Database License,https://www.openstreetmap.org/copyright
United Kingdom,"Level 16,City Tower 40 Basinghall St.,London,EC2V 5DE",2404,6,51.5168981,-0.0913745,"Basinghall Avenue, City of London, EC2V 5DE, United Kingdom",,Basinghall Avenue,,Basinghall Avenue,EC2V 5DE,Barbican,City of London,Greater London,,England,ENG,United Kingdom,gb,0.7,1,1,© OpenStreetMap contributors,Open Database License,https://www.openstreetmap.org/copyright
United Kingdom,"Level 17,Dashwood House 69 Old Broad St.,London EC2M 1QS",2405,6,51.516884,-0.0828326,"The Ivy, 69 Old Broad Street, City of London, EC2M 1QS, United Kingdom",,The Ivy,69,Old Broad Street,EC2M 1QS,Bishopsgate,City of London,Greater London,,England,ENG,United Kingdom,gb,0.9,1,1,© OpenStreetMap contributors,Open Database License,https://www.openstreetmap.org/copyright
United Kingdom,"Level 18,City Tower,40 Basinghall St.,London EC2V 5DE",2406,6,51.5168981,-0.0913745,"Basinghall Avenue, City of London, EC2V 5DE, United Kingdom",,Basinghall Avenue,,Basinghall Avenue,EC2V 5DE,Barbican,City of London,Greater London,,England,ENG,United Kingdom,gb,0.7,1,1,© OpenStreetMap contributors,Open Database License,https://www.openstreetmap.org/copyright
United Kingdom,"Level 18,City Tower,40 Basinghall St.,London,EC2V 5DE",2407,6,51.5168981,-0.0913745,"Basinghall Avenue, City of London, EC2V 5DE, United Kingdom",,Basinghall Avenue,,Basinghall Avenue,EC2V 5DE,Barbican,City of London,Greater London,,England,ENG,United Kingdom,gb,0.7,1,1,© OpenStreetMap contributors,Open Database License,https://www.openstreetmap.org/copyright
United Kingdom,"Level 19 City Tower 40 Basinghall St.,London EC2V 5DE",2408,6,51.5168981,-0.0913745,"Basinghall Avenue, City of London, EC2V 5DE, United Kingdom",,Basinghall Avenue,,Basinghall Avenue,EC2V 5DE,Barbican,City of London,Greater London,,England,ENG,United Kingdom,gb,0.7,1,1,© OpenStreetMap contributors,Open Database License,https://www.openstreetmap.org/copyright
United Kingdom,"Level 19,City Tower,40 Basinghall St.,London EC2V 5DE",2409,6,51.5168981,-0.0913745,"Basinghall Avenue, City of London, EC2V 5DE, United Kingdom",,Basinghall Avenue,,Basinghall Avenue,EC2V 5DE,Barbican,City of London,Greater London,,England,ENG,United Kingdom,gb,0.7,1,1,© OpenStreetMap contributors,Open Database License,https://www.openstreetmap.org/copyright
United Kingdom,"Level 20,125 Old Broad St.,London EC2N 1AR",2410,6,51.5147929,-0.0856924,"Pret A Manger, 125 Old Broad Street, City of London, EC2N 1AR, United Kingdom",,Pret A Manger,125,Old Broad Street,EC2N 1AR,Cornhill,City of London,Greater London,,England,ENG,United Kingdom,gb,0.9,1,1,© OpenStreetMap contributors,Open Database License,https://www.openstreetmap.org/copyright
United Kingdom,"Level 21,City Tower,40 Basinghall St.,London EC2V 5DE",2411,6,51.5168981,-0.0913745,"Basinghall Avenue, City of London, EC2V 5DE, United Kingdom",,Basinghall Avenue,,Basinghall Avenue,EC2V 5DE,Barbican,City of London,Greater London,,England,ENG,United Kingdom,gb,0.7,1,1,© OpenStreetMap contributors,Open Database License,https://www.openstreetmap.org/copyright
United Kingdom,"Level 21,City Tower,40 Basinghall St.London,EC2V",2412,6,51.2171,-1.184632,"Level Lane, North Waltham, United Kingdom",North Waltham,,,Level Lane,,,North Waltham,Hampshire,HAM,England,ENG,United Kingdom,gb,0.54,,,© OpenStreetMap contributors,Open Database License,https://www.openstreetmap.org/copyright
United Kingdom,"Level 3,Imperium Imperial Way Reading,Berkshire,RG2 0TD",2413,6,51.418498,-0.9753732,"Imperial Way, Reading, RG2 0TD, United Kingdom",,Imperial Way,,Imperial Way,RG2 0TD,Whitley Wood,Reading,,,England,ENG,United Kingdom,gb,0.7,1,1,© OpenStreetMap contributors,Open Database License,https://www.openstreetmap.org/copyright
United Kingdom,"Level 32,25 Canada Sq.,London E14 5LQ",2414,6,51.5040153,-0.017984700989938776,"Citi, 25 Canada Square, London, E14 5LQ, United Kingdom",London Borough of Tower Hamlets,Citi,25,Canada Square,E14 5LQ,Isle of Dogs,London,Greater London,,England,ENG,United Kingdom,gb,0.9,1,1,© OpenStreetMap contributors,Open Database License,https://www.openstreetmap.org/copyright
United Kingdom,"Level 4 Finsbury Dials,20 Finsbury St.,London EC2Y 9AY0",2415,6,51.564063000000004,-0.10238934999999415,"20 Finsbury Park Road, London, N4 2JZ, United Kingdom",London Borough of Hackney,,20,Finsbury Park Road,N4 2JZ,Stoke Newington,London,Greater London,,England,ENG,United Kingdom,gb,0.81,1,0.9,© OpenStreetMap contributors,Open Database License,https://www.openstreetmap.org/copyright
United Kingdom,"Level 4,155 Bishopsgate,London EC2M 3AY",2416,6,51.5162117,-0.0817099,"Bishopsgate, City of London, EC2M 3UE, United Kingdom",,Bishopsgate,,,EC2M 3UE,Bishopsgate,City of London,Greater London,,England,ENG,United Kingdom,gb,0.48999999999999994,0.81,,© OpenStreetMap contributors,Open Database License,https://www.openstreetmap.org/copyright
United Kingdom,"Level 4,155 Bishopsgate,London EC2M 3TQ",2417,6,51.5187,-0.0799916,"City of London, EC2M 3TQ, United Kingdom",,,,,EC2M 3TQ,,City of London,Greater London,,England,ENG,United Kingdom,gb,1,1,,© OpenStreetMap contributors,Open Database License,https://www.openstreetmap.org/copyright
United Kingdom,"Level 4,155 Bishopsgate,London EC2M 3XN",2418,6,51.5162117,-0.0817099,"Bishopsgate, City of London, EC2M 3UE, United Kingdom",,Bishopsgate,,,EC2M 3UE,Bishopsgate,City of London,Greater London,,England,ENG,United Kingdom,gb,0.48999999999999994,0.81,,© OpenStreetMap contributors,Open Database License,https://www.openstreetmap.org/copyright
United Kingdom,"Level 4,155 Bishopsgate,London,EC2M 3AY",2419,6,51.5162117,-0.0817099,"Bishopsgate, City of London, EC2M 3UE, United Kingdom",,Bishopsgate,,,EC2M 3UE,Bishopsgate,City of London,Greater London,,England,ENG,United Kingdom,gb,0.48999999999999994,0.81,,© OpenStreetMap contributors,Open Database License,https://www.openstreetmap.org/copyright
United Kingdom,"Level 4,155 Bishopsgate,London,EC2M 3XN",2420,6,51.5162117,-0.0817099,"Bishopsgate, City of London, EC2M 3UE, United Kingdom",,Bishopsgate,,,EC2M 3UE,Bishopsgate,City of London,Greater London,,England,ENG,United Kingdom,gb,0.48999999999999994,0.81,,© OpenStreetMap contributors,Open Database License,https://www.openstreetmap.org/copyright
United Kingdom,"Level 4,City Tower,40 Basinghall St.,London EC2V 5DE",2421,6,51.5168981,-0.0913745,"Basinghall Avenue, City of London, EC2V 5DE, United Kingdom",,Basinghall Avenue,,Basinghall Avenue,EC2V 5DE,Barbican,City of London,Greater London,,England,ENG,United Kingdom,gb,0.7,1,1,© OpenStreetMap contributors,Open Database License,https://www.openstreetmap.org/copyright
United Kingdom,"Level 4,City Tower,40 Basinghall St.,London,EC2V 5DE",2422,6,51.5168981,-0.0913745,"Basinghall Avenue, City of London, EC2V 5DE, United Kingdom",,Basinghall Avenue,,Basinghall Avenue,EC2V 5DE,Barbican,City of London,Greater London,,England,ENG,United Kingdom,gb,0.7,1,1,© OpenStreetMap contributors,Open Database License,https://www.openstreetmap.org/copyright
United Kingdom,"Level 5,City Tower 40 Basinghall St.,London,EC2V 5DE",2423,6,51.5168981,-0.0913745,"Basinghall Avenue, City of London, EC2V 5DE, United Kingdom",,Basinghall Avenue,,Basinghall Avenue,EC2V 5DE,Barbican,City of London,Greater London,,England,ENG,United Kingdom,gb,0.7,1,1,© OpenStreetMap contributors,Open Database License,https://www.openstreetmap.org/copyright
United Kingdom,"Level 7,City Tower 40,Basin Ghall St.,London,EC2V 5DE",2424,6,51.51703,-0.09127,"City of London, EC2V 5DE, United Kingdom",,,,,EC2V 5DE,,City of London,Greater London,,England,ENG,United Kingdom,gb,0.6,1,,© OpenStreetMap contributors,Open Database License,https://www.openstreetmap.org/copyright
United Kingdom,"Level 7,Wastgate House,Wastgate Rd.,Ealing London W5 1YY",2425,6,51.52669,-0.338053,"Ealing, London, W5 1YY, United Kingdom",Ealing,Ealing,,,W5 1YY,,London,London,,England,ENG,United Kingdom,gb,0.25,1,,Who's On First,CC0,https://www.whosonfirst.org/docs/licenses/
United Kingdom,"Level 7,Westgate House,Westgate Rd.,Ealing London W5 1YY",2426,6,51.5318275,-0.2950681,"West Gate, London, W5 1EL, United Kingdom",London Borough of Ealing,West Gate,,West Gate,W5 1EL,Park Royal,London,Greater London,,England,ENG,United Kingdom,gb,0.63,1,1,© OpenStreetMap contributors,Open Database License,https://www.openstreetmap.org/copyright
United Kingdom,"Level 8,City Tower 40 Basinghall St.,London EC2V 5DE",2427,6,51.5168981,-0.0913745,"Basinghall Avenue, City of London, EC2V 5DE, United Kingdom",,Basinghall Avenue,,Basinghall Avenue,EC2V 5DE,Barbican,City of London,Greater London,,England,ENG,United Kingdom,gb,0.7,1,1,© OpenStreetMap contributors,Open Database License,https://www.openstreetmap.org/copyright
United Kingdom,"Level 8,City Tower,40 Basinghall St.,London EC 2V 5DE",2428,6,51.515515,-0.090928,"10 Basinghall Street, London, EC2V 5BQ, United Kingdom",City of London,,10,Basinghall Street,EC2V 5BQ,Moorgate,London,London,,England,ENG,United Kingdom,gb,0,,,© OpenStreetMap contributors,Open Database License,https://www.openstreetmap.org/copyright
United Kingdom,"Level 8,City Tower,40 Basinghall St.,London EC2V 5DE",2429,6,51.5168981,-0.0913745,"Basinghall Avenue, City of London, EC2V 5DE, United Kingdom",,Basinghall Avenue,,Basinghall Avenue,EC2V 5DE,Barbican,City of London,Greater London,,England,ENG,United Kingdom,gb,0.7,1,1,© OpenStreetMap contributors,Open Database License,https://www.openstreetmap.org/copyright
United Kingdom,"Level 8,City Tower,40 Basinghall St.,London,EC2V 5DE",2430,6,51.5168981,-0.0913745,"Basinghall Avenue, City of London, EC2V 5DE, United Kingdom",,Basinghall Avenue,,Basinghall Avenue,EC2V 5DE,Barbican,City of London,Greater London,,England,ENG,United Kingdom,gb,0.7,1,1,© OpenStreetMap contributors,Open Database License,https://www.openstreetmap.org/copyright
United Kingdom,"Level 9 City Tower,40 Basinghall St.,London EC2V 5DE",2431,6,51.5168981,-0.0913745,"Basinghall Avenue, City of London, EC2V 5DE, United Kingdom",,Basinghall Avenue,,Basinghall Avenue,EC2V 5DE,Barbican,City of London,Greater London,,England,ENG,United Kingdom,gb,0.7,1,1,© OpenStreetMap contributors,Open Database License,https://www.openstreetmap.org/copyright
United Kingdom,"Liverpool Rd.,Burnley Lancashire BB12 6HJ",2432,6,53.78806,-2.28562,"Burnley, BB12 6HJ, United Kingdom",,,,,BB12 6HJ,,Burnley,Lancashire,LAN,England,ENG,United Kingdom,gb,0.6,1,,© OpenStreetMap contributors,Open Database License,https://www.openstreetmap.org/copyright
United Kingdom,"Liverpool Rd.,Burnley Lancashire,BB12 6HJ",2433,6,53.78806,-2.28562,"Burnley, BB12 6HJ, United Kingdom",,,,,BB12 6HJ,,Burnley,Lancashire,LAN,England,ENG,United Kingdom,gb,0.6,1,,© OpenStreetMap contributors,Open Database License,https://www.openstreetmap.org/copyright
United Kingdom,"Liverpool Rd.,Rosegrove Burnley,Lancashire BB12 6HJ",2434,6,53.78806,-2.28562,"Burnley, BB12 6HJ, United Kingdom",,,,,BB12 6HJ,,Burnley,Lancashire,LAN,England,ENG,United Kingdom,gb,0.6,1,,© OpenStreetMap contributors,Open Database License,https://www.openstreetmap.org/copyright
United Kingdom,"Liverpool Rd.,Rosegrove Burnley,Lancastershine",2435,6,53.7907262,-2.2439196,"yes, Burnley, ENG, United Kingdom",yes,,,,,,Burnley,Lancashire,LAN,England,ENG,United Kingdom,gb,0.25,1,,© OpenStreetMap contributors,Open Database License,https://www.openstreetmap.org/copyright
United Kingdom,"Llanelli,Dyfed SA14 8HU",2436,6,51.6737797,-4.1610727,"Llanelli, Great Western Crescent, Llanelli, SA15 2RN, United Kingdom",Llanelli Community,Llanelli,,Great Western Crescent,SA15 2RN,Tyisha,Llanelli,Carmarthenshire,CMN,Wales,WLS,United Kingdom,gb,0.2727272727272727,0.5,,© OpenStreetMap contributors,Open Database License,https://www.openstreetmap.org/copyright
United Kingdom,"Llanelli,Dyfed SA14 91TF",2437,6,51.6737797,-4.1610727,"Llanelli, Great Western Crescent, Llanelli, SA15 2RN, United Kingdom",Llanelli Community,Llanelli,,Great Western Crescent,SA15 2RN,Tyisha,Llanelli,Carmarthenshire,CMN,Wales,WLS,United Kingdom,gb,0,,,© OpenStreetMap contributors,Open Database License,https://www.openstreetmap.org/copyright
United Kingdom,"Llanelli,Dyfed SA14 9TF",2438,6,51.6737797,-4.1610727,"Llanelli, Great Western Crescent, Llanelli, SA15 2RN, United Kingdom",Llanelli Community,Llanelli,,Great Western Crescent,SA15 2RN,Tyisha,Llanelli,Carmarthenshire,CMN,Wales,WLS,United Kingdom,gb,0.2727272727272727,0.5,,© OpenStreetMap contributors,Open Database License,https://www.openstreetmap.org/copyright
United Kingdom,Llantarnam Park Cwmbran Gwent NP44 3YG,2439,6,51.645413,-3.018254,"Llantarnam Close, Cwmbran Central, NP44 3JX, United Kingdom",Cwmbran Central Community,,,Llantarnam Close,NP44 3JX,Old Cwmbran,Cwmbran Central,Monmouthshire,MON,Wales,WLS,United Kingdom,gb,0.9,0.9,,© OpenStreetMap contributors,Open Database License,https://www.openstreetmap.org/copyright
United Kingdom,"Llantarnam Park Cwmbran Gwent,Np44 3XS",2440,6,51.63096476666667,-3.012171933333333,"Cwmbran, NP44 3XS, United Kingdom",,,,,NP44 3XS,Llantarnam,Cwmbran,Torfaen,TOF,Wales,WLS,United Kingdom,gb,1,1,,© OpenStreetMap contributors,Open Database License,https://www.openstreetmap.org/copyright
United Kingdom,Llantarnam Park Cwnbran Gwent NP44 3YG,2441,6,51.634406,-3.016499,"Llantarnam Park Way, Llantarnam, NP44 3YG, United Kingdom",Llantarnam Community,,,Llantarnam Park Way,NP44 3YG,,Llantarnam,Monmouthshire,MON,Wales,WLS,United Kingdom,gb,0,,,© OpenStreetMap contributors,Open Database License,https://www.openstreetmap.org/copyright
United Kingdom,"Llantarnam Park,Cwmbran,Gwent NP44 3XS",2442,6,51.63096476666667,-3.012171933333333,"Cwmbran, NP44 3XS, United Kingdom",,,,,NP44 3XS,Llantarnam,Cwmbran,Torfaen,TOF,Wales,WLS,United Kingdom,gb,1,1,,© OpenStreetMap contributors,Open Database License,https://www.openstreetmap.org/copyright
United Kingdom,"Llethri Rd.,Llanelli,Carmarthenshire,SA14 8HU",2443,6,51.700925,-4.138932,"Llethri Road, Felinfoel, SA14 8HP, United Kingdom",Llanelli Rural Community,,,Llethri Road,SA14 8HP,Swiss Valley,Felinfoel,Carmarthenshire,CMN,Wales,WLS,United Kingdom,gb,0.5103,0.81,0.81,© OpenStreetMap contributors,Open Database License,https://www.openstreetmap.org/copyright
United Kingdom,"Llethri Rd.,Llanelli,Carmathenshire,SA14 8HU",2444,6,51.6797331,-4.1620223,"Llanelli, SA15 1SA, United Kingdom",,Llanelli,,,SA15 1SA,,Llanelli,Carmarthenshire,CMN,Wales,WLS,United Kingdom,gb,0.6585365853658536,1,,© OpenStreetMap contributors,Open Database License,https://www.openstreetmap.org/copyright
United Kingdom,"Lloyds Bldg.,London,EC3M 7DQ",2445,6,51.514351,-0.083902,"Lloyds Bank, London, EC3M 7DQ, United Kingdom",City of London,,,Lloyds Bank,EC3M 7DQ,Cheapside,London,London,,England,ENG,United Kingdom,gb,1,1,,© OpenStreetMap contributors,Open Database License,https://www.openstreetmap.org/copyright
United Kingdom,"Llyods Chambers,1 Portsoken St.,London E1 8HZ",2446,6,51.5118035,-0.0730383,"Portsoken Street, London, E1 8AL, United Kingdom",London Borough of Tower Hamlets,Portsoken Street,,Portsoken Street,E1 8AL,Whitechapel,London,Greater London,,England,ENG,United Kingdom,gb,0.63,1,1,© OpenStreetMap contributors,Open Database License,https://www.openstreetmap.org/copyright
United Kingdom,"Lochy Bridge Fort William Inverness-Shire,Scotland",2447,6,56.787446,-3.98165,"Scotland, United Kingdom",,Scotland,,,,,,,,,,United Kingdom,gb,0,,,Who's On First,CC0,https://www.whosonfirst.org/docs/licenses/
United Kingdom,"LOE House,159 Broadhurst Gardens,London NW6 3AU",2448,6,51.54631975,-0.1901313914748801,"159 Broadhurst Gardens, London, NW6 3BQ, United Kingdom",London Borough of Camden,,159,Broadhurst Gardens,NW6 3BQ,South Hampstead,London,Greater London,,England,ENG,United Kingdom,gb,0.63,1,1,© OpenStreetMap contributors,Open Database License,https://www.openstreetmap.org/copyright
United Kingdom,"LOE House,159 Broadhurst Gardens,London,NW6 3AU",2449,6,51.54631975,-0.1901313914748801,"159 Broadhurst Gardens, London, NW6 3BQ, United Kingdom",London Borough of Camden,,159,Broadhurst Gardens,NW6 3BQ,South Hampstead,London,Greater London,,England,ENG,United Kingdom,gb,0.63,1,1,© OpenStreetMap contributors,Open Database License,https://www.openstreetmap.org/copyright
United Kingdom,"Lomesmoor Whorf,Worcester,Worcestershire,WR1 2RS",2450,6,52.19584765,-2.21678,"Worcester, WR1 2RS, United Kingdom",,,,,WR1 2RS,,Worcester,Worcestershire,WOR,England,ENG,United Kingdom,gb,0.6,1,,© OpenStreetMap contributors,Open Database License,https://www.openstreetmap.org/copyright
United Kingdom,London,2451,6,51.5074456,-0.1277653,"London, ENG, United Kingdom",,London,,,,,London,Greater London,,England,ENG,United Kingdom,gb,1,1,,© OpenStreetMap contributors,Open Database License,https://www.openstreetmap.org/copyright
United Kingdom,"London Bridge St.,London SE1 9SW",2452,6,51.5050919,-0.0875715,"London Bridge Street, London, SE1 9SG, United Kingdom",London Borough of Southwark,London Bridge Street,,London Bridge Street,SE1 9SG,Southwark,London,Greater London,,England,ENG,United Kingdom,gb,0.63,1,1,© OpenStreetMap contributors,Open Database License,https://www.openstreetmap.org/copyright
United Kingdom,London Finceberrycircus,2453,6,51.464076,-0.651855,"London, Windsor, SL4 4AU, United Kingdom",,,,London,SL4 4AU,,Windsor,West Berkshire,WBK,England,ENG,United Kingdom,gb,1,0.3125,0.3125,© OpenStreetMap contributors,Open Database License,https://www.openstreetmap.org/copyright
United Kingdom,"London Int l Press Centre 76 Shoe Lane,London EC4A 3JB",2454,6,51.5157556,-0.1067376,"Deloitte, 76 Shoe Lane, City of London, EC4A 3JR, United Kingdom",,Deloitte,76,Shoe Lane,EC4A 3JR,Blackfriars,City of London,Greater London,,England,ENG,United Kingdom,gb,0.5103000000000001,0.81,0.81,© OpenStreetMap contributors,Open Database License,https://www.openstreetmap.org/copyright
United Kingdom,London Int'l Press Centre 76 Shoe Lane London EC4A 3JB,2455,6,51.5157556,-0.1067376,"Deloitte, 76 Shoe Lane, City of London, EC4A 3JR, United Kingdom",,Deloitte,76,Shoe Lane,EC4A 3JR,Blackfriars,City of London,Greater London,,England,ENG,United Kingdom,gb,0.5103000000000001,0.81,0.81,© OpenStreetMap contributors,Open Database License,https://www.openstreetmap.org/copyright
United Kingdom,"London Int'l Press Centre 76 Shoe Lane,London EC4A 3JB",2456,6,51.5157556,-0.1067376,"Deloitte, 76 Shoe Lane, City of London, EC4A 3JR, United Kingdom",,Deloitte,76,Shoe Lane,EC4A 3JR,Blackfriars,City of London,Greater London,,England,ENG,United Kingdom,gb,0.5103000000000001,0.81,0.81,© OpenStreetMap contributors,Open Database License,https://www.openstreetmap.org/copyright
United Kingdom,"London Int'l Press Centre,76 Shoe Lane,London EC4A 3JB",2457,6,51.5157556,-0.1067376,"Deloitte, 76 Shoe Lane, City of London, EC4A 3JR, United Kingdom",,Deloitte,76,Shoe Lane,EC4A 3JR,Blackfriars,City of London,Greater London,,England,ENG,United Kingdom,gb,0.5103000000000001,0.81,0.81,© OpenStreetMap contributors,Open Database License,https://www.openstreetmap.org/copyright
United Kingdom,"London Int'l Press Centre,76 Shoe Lane,London EC4C 3JB",2458,6,51.514993,-0.092813,"City of London, London, ENG, United Kingdom",City of London,City of London,,,,,London,London,,England,ENG,United Kingdom,gb,0.25,1,,Who's On First,CC0,https://www.whosonfirst.org/docs/licenses/
United Kingdom,"London International Press Center 76 Shoe Lane,London EC4A 3JB",2459,6,51.5157556,-0.1067376,"Deloitte, 76 Shoe Lane, City of London, EC4A 3JR, United Kingdom",,Deloitte,76,Shoe Lane,EC4A 3JR,Blackfriars,City of London,Greater London,,England,ENG,United Kingdom,gb,0.5103000000000001,0.81,0.81,© OpenStreetMap contributors,Open Database License,https://www.openstreetmap.org/copyright
United Kingdom,"Lord Coutanche House,66-68 Esplanade,St.Helier,Jersey,Channel",2460,6,50.7693485,0.0996163,"Esplanade, Seaford, BN25 1JP, United Kingdom",,Esplanade,,Esplanade,BN25 1JP,Seaford,Seaford,East Sussex,ESX,England,ENG,United Kingdom,gb,0.5,,,© OpenStreetMap contributors,Open Database License,https://www.openstreetmap.org/copyright
United Kingdom,"Lough Point,2 Gladbeck Way Windmill Hill,Enfield,Middlesex EN2 7JA",2461,6,51.6520415,-0.0924998,"Gladbeck Way, London, EN2 7EN, United Kingdom",London Borough of Enfield,Gladbeck Way,,Gladbeck Way,EN2 7EN,,London,Greater London,,England,ENG,United Kingdom,gb,0.44099999999999995,0.7,0.7,© OpenStreetMap contributors,Open Database License,https://www.openstreetmap.org/copyright
United Kingdom,"Lough Point,2 Gladbeck Way,Windmill Hill,Enfield,Middlesex EN2 7JA",2462,6,51.6520415,-0.0924998,"Gladbeck Way, London, EN2 7EN, United Kingdom",London Borough of Enfield,Gladbeck Way,,Gladbeck Way,EN2 7EN,,London,Greater London,,England,ENG,United Kingdom,gb,0.44099999999999995,0.7,0.7,© OpenStreetMap contributors,Open Database License,https://www.openstreetmap.org/copyright
United Kingdom,Lovelace Rd.Bracknell Berkshire RG12 8SN,2463,6,51.407164,-0.7745274,"Lovelace Road, Bracknell, RG12 8YS, United Kingdom",,Lovelace Road,,Lovelace Road,RG12 8YS,Southern Industrial Area,Bracknell,Bracknell Forest,BRC,England,ENG,United Kingdom,gb,0.2778299999999999,0.7,0.44099999999999995,© OpenStreetMap contributors,Open Database License,https://www.openstreetmap.org/copyright
United Kingdom,"Lower Ground Fl.Dorland House 14-20 Regent St.,London SW1Y 4PH",2464,6,51.50912,-0.13369,"London, SW1Y 4PH, United Kingdom",,,,,SW1Y 4PH,,London,Greater London,,England,ENG,United Kingdom,gb,0.6,1,,© OpenStreetMap contributors,Open Database License,https://www.openstreetmap.org/copyright
United Kingdom,"Lower Ground Fl.Dorland House 14-20 Regent St.,London,SW1Y 4PH",2465,6,51.50912,-0.13369,"London, SW1Y 4PH, United Kingdom",,,,,SW1Y 4PH,,London,Greater London,,England,ENG,United Kingdom,gb,0.6,1,,© OpenStreetMap contributors,Open Database License,https://www.openstreetmap.org/copyright
United Kingdom,"Lower Milehouse Lane,Newcastle-Under-Lame Staffordshire ST5 9BT",2466,6,53.0249452,-2.2411491,"Newcastle-under-Lyme, ST5 9BT, United Kingdom",,,,,ST5 9BT,,Newcastle-under-Lyme,Staffordshire,STS,England,ENG,United Kingdom,gb,0.6,1,,© OpenStreetMap contributors,Open Database License,https://www.openstreetmap.org/copyright
United Kingdom,"Lower Milehouse Lane,Newcastle-Under-Lame Staffordshire,ST5 9BT",2467,6,53.0249452,-2.2411491,"Newcastle-under-Lyme, ST5 9BT, United Kingdom",,,,,ST5 9BT,,Newcastle-under-Lyme,Staffordshire,STS,England,ENG,United Kingdom,gb,0.6,1,,© OpenStreetMap contributors,Open Database License,https://www.openstreetmap.org/copyright
United Kingdom,"Lower Milehouse Lane,Newcastle-Under-Lyme Staffordshire,ST5 9BT",2468,6,53.0250541,-2.2342277,"Lower Milehouse Lane, Newcastle-under-Lyme, ST5 9HW, United Kingdom",Cross Heath,Lower Milehouse Lane,,Lower Milehouse Lane,ST5 9HW,Porthill,Newcastle-under-Lyme,Staffordshire,STS,England,ENG,United Kingdom,gb,0.63,1,1,© OpenStreetMap contributors,Open Database License,https://www.openstreetmap.org/copyright
United Kingdom,"Luther Challis Business Park Coronium Ave.,Barnwood Gloucester,GL4 3HX",2469,6,51.849823,-2.258002,"The Avenue, Gloucester, GL4 3HX, United Kingdom",,The Avenue,,,GL4 3HX,,Gloucester,Gloucestershire,GLS,England,ENG,United Kingdom,gb,0.315,1,0.63,© OpenStreetMap contributors,Open Database License,https://www.openstreetmap.org/copyright
United Kingdom,Luton,2470,6,51.8784385,-0.4152837,"Luton, LU1 2YN, United Kingdom",,Luton,,,LU1 2YN,,Luton,Borough of Luton,,England,ENG,United Kingdom,gb,1,1,,© OpenStreetMap contributors,Open Database License,https://www.openstreetmap.org/copyright
United Kingdom,"Magdalen Centre,Robert Robinson Ave.,The Oxford Science Park,Oxford OX4 4GA",2471,6,51.746972,-1.228659,"Oxford, OX4 4GA, United Kingdom",,,,,OX4 4GA,,Oxford,Oxfordshire,OXF,England,ENG,United Kingdom,gb,0.25,1,,Who's On First,CC0,https://www.whosonfirst.org/docs/licenses/
United Kingdom,"Magdalen Centre,Robert Robinson Ave.,The Oxford Science Park,Oxford,OX4 4GA",2472,6,51.746972,-1.228659,"Oxford, OX4 4GA, United Kingdom",,,,,OX4 4GA,,Oxford,Oxfordshire,OXF,England,ENG,United Kingdom,gb,0.25,1,,Who's On First,CC0,https://www.whosonfirst.org/docs/licenses/
United Kingdom,"Maidstone,Kent",2473,6,51.2748258,0.5231646,"Maidstone, ENG, United Kingdom",,,,,,,Maidstone,Kent,KEN,England,ENG,United Kingdom,gb,1,1,,© OpenStreetMap contributors,Open Database License,https://www.openstreetmap.org/copyright
United Kingdom,"Maison Trinity,Trinity Sq.,St.Peter Port,Guernsey,Channel Islands",2474,6,52.663642,-1.580326,United Kingdom,,United Kingdom,,,,,,,,,,United Kingdom,gb,0,,,Who's On First,CC0,https://www.whosonfirst.org/docs/licenses/
United Kingdom,"Maison Trinity,Trinity Sq.,St.Peter Port,Guernsey,Channel Islands,GY1 4AT",2475,6,49.453811,-2.540431,"3 Port Vase, St Peter Port, GY1 1HN, Guernsey, Channel Islands",,,3,Port Vase,GY1 1HN,,St Peter Port,,,Guernsey,,Guernsey,gg,0.405,0.5,0.45,© OpenAddresses contributors,BSD-3-Clause License,
United Kingdom,"Manches LLP,9400 Garsington Rd.,Oxford Business Park,Oxford,Oxfordshire",2476,6,51.7338554,-1.2101991,"Garsington Road, Oxford, OX4 2UG, United Kingdom",Temple Cowley,Garsington Road,,Garsington Road,OX4 2UG,Cowley,Oxford,Oxfordshire,OXF,England,ENG,United Kingdom,gb,0.5,1,1,© OpenStreetMap contributors,Open Database License,https://www.openstreetmap.org/copyright
United Kingdom,"Manches LLP,9400 Garsington Rd.,Oxford Business Park,Oxford,Oxfordshire,OX4 2HN",2477,6,51.7319068,-1.2061556,"Garsington Road, Oxford, OX4 2HN, United Kingdom",Cowley Airfield,Garsington Road,,Garsington Road,OX4 2HN,Cowley,Oxford,Oxfordshire,OXF,England,ENG,United Kingdom,gb,0.7,1,1,© OpenStreetMap contributors,Open Database License,https://www.openstreetmap.org/copyright
United Kingdom,Manchester,2478,6,53.4794892,-2.2451148,"Manchester, ENG, United Kingdom",,,,,,,Manchester,Greater Manchester,,England,ENG,United Kingdom,gb,1,1,,© OpenStreetMap contributors,Open Database License,https://www.openstreetmap.org/copyright
United Kingdom,"Manor Royal,Crawley,West Sussex,RH10 2QE",2479,6,51.1303888,-0.1709025,"Manor Royal, Crawley, RH10 9BS, United Kingdom",,Manor Royal,,Manor Royal,RH10 9BS,,Crawley,West Sussex,WSX,England,ENG,United Kingdom,gb,0.63,1,1,© OpenStreetMap contributors,Open Database License,https://www.openstreetmap.org/copyright
United Kingdom,"Marandaz House 1 Cordwallis Park,Clivemont Rd.,Maidenhead,Berkshire,SL6 7BU",2480,6,51.530404,-0.725681,"Clivemont Road, Maidenhead, SL6 7EP, United Kingdom",,Clivemont Road,,Clivemont Road,SL6 7EP,North Town,Maidenhead,Royal Borough of Windsor and Maidenhead,,England,ENG,United Kingdom,gb,0.44099999999999995,1,1,© OpenStreetMap contributors,Open Database License,https://www.openstreetmap.org/copyright
United Kingdom,"Marex House,34 Medina Rd.,Cowes Isle of Wight,PO31 7DA",2481,6,50.759244,-1.2947892,"Medina Road, Cowes, PO31 7XB, United Kingdom",,Medina Road,,Medina Road,PO31 7XB,,Cowes,Isle of Wight,IOW,England,ENG,United Kingdom,gb,0.63,1,1,© OpenStreetMap contributors,Open Database License,https://www.openstreetmap.org/copyright
United Kingdom,"Marex House,34 Medina Rd.,Cowes PO31 7DA",2482,6,50.759244,-1.2947892,"Medina Road, Cowes, PO31 7XB, United Kingdom",,Medina Road,,Medina Road,PO31 7XB,,Cowes,Isle of Wight,IOW,England,ENG,United Kingdom,gb,0.63,1,1,© OpenStreetMap contributors,Open Database License,https://www.openstreetmap.org/copyright
United Kingdom,"Marex House,34 Medina Rd.,Cowes,Isle of Wight P031 7Da",2483,6,50.759244,-1.2947892,"Medina Road, Cowes, PO31 7XB, United Kingdom",,Medina Road,,Medina Road,PO31 7XB,,Cowes,Isle of Wight,IOW,England,ENG,United Kingdom,gb,0.5,1,1,© OpenStreetMap contributors,Open Database License,https://www.openstreetmap.org/copyright
United Kingdom,"Marex House,34 Medina Rd.,Cowes,Isle of Wight P031 7DA",2484,6,50.759244,-1.2947892,"Medina Road, Cowes, PO31 7XB, United Kingdom",,Medina Road,,Medina Road,PO31 7XB,,Cowes,Isle of Wight,IOW,England,ENG,United Kingdom,gb,0.5,1,1,© OpenStreetMap contributors,Open Database License,https://www.openstreetmap.org/copyright
United Kingdom,"Marfleet,Hull Hu9 5RA",2485,6,53.75054,-0.27107,"Kingston upon Hull, HU9 5RA, United Kingdom",,,,,HU9 5RA,,,Kingston upon Hull,KHL,England,ENG,United Kingdom,gb,1,1,,© OpenStreetMap contributors,Open Database License,https://www.openstreetmap.org/copyright
United Kingdom,"Marfleet,Hull HU9 5RA",2486,6,53.75054,-0.27107,"Kingston upon Hull, HU9 5RA, United Kingdom",,,,,HU9 5RA,,,Kingston upon Hull,KHL,England,ENG,United Kingdom,gb,1,1,,© OpenStreetMap contributors,Open Database License,https://www.openstreetmap.org/copyright
United Kingdom,"Marfleet,Kingston Upon Hull HU9 5RA",2487,6,53.75054,-0.27107,"Kingston upon Hull, HU9 5RA, United Kingdom",,,,,HU9 5RA,,,Kingston upon Hull,KHL,England,ENG,United Kingdom,gb,1,1,,© OpenStreetMap contributors,Open Database License,https://www.openstreetmap.org/copyright
United Kingdom,"Marfleet,Kingston Upon Hull,HU9 5RA",2488,6,53.75054,-0.27107,"Kingston upon Hull, HU9 5RA, United Kingdom",,,,,HU9 5RA,,,Kingston upon Hull,KHL,England,ENG,United Kingdom,gb,1,1,,© OpenStreetMap contributors,Open Database License,https://www.openstreetmap.org/copyright
United Kingdom,"Market Towers,1 Nine Elms Lane,London SW8 5NQ",2489,6,51.4850273,-0.1279856520833334,"Saint George Wharf Tower, 1 Nine Elms Lane, London, SW8 2DU, United Kingdom",London Borough of Lambeth,Saint George Wharf Tower,1,Nine Elms Lane,SW8 2DU,Nine Elms,London,Greater London,,England,ENG,United Kingdom,gb,0.63,1,1,© OpenStreetMap contributors,Open Database License,https://www.openstreetmap.org/copyright
United Kingdom,"Marston House,Otley Rd.,Shipley,West Yorkshire",2490,6,53.8336027,-1.775849,"Otley Road, Bradford, BD18 3PY, United Kingdom",,Otley Road,,Otley Road,BD18 3PY,,Bradford,West Yorkshire,,England,ENG,United Kingdom,gb,0,,,© OpenStreetMap contributors,Open Database License,https://www.openstreetmap.org/copyright
United Kingdom,"Martin House,5 Martin Lane,London,EC4R 0DP",2491,6,51.510519,-0.0880604,"City of London, EC4R 0DP, United Kingdom",,,,,EC4R 0DP,,City of London,Greater London,,England,ENG,United Kingdom,gb,0.6,1,,© OpenStreetMap contributors,Open Database License,https://www.openstreetmap.org/copyright
United Kingdom,"Maxwell Chambers,35-39 Colomberie,St Helier,Jersey,Channel Islands",2492,6,51.3866947,-0.1800574,"St Helier (St Helier), SM5 1BZ, United Kingdom",,St Helier,,,SM5 1BZ,,St Helier,Greater London,,England,ENG,United Kingdom,gb,0.25,0.35714285714285715,,© OpenStreetMap contributors,Open Database License,https://www.openstreetmap.org/copyright
United Kingdom,"Maybrook Industrial Estate,Birmingham Rd.Stratford-Upon-Avon,Warwickshire CV37 OBT England",2493,6,52.073273,-1.822087,"Weston Industrial Estate, Weston Subedge, C V37, United Kingdom",Weston Subedge,,,Weston Industrial Estate,C V37,,Weston Subedge,Gloucestershire,GLS,England,ENG,United Kingdom,gb,0,,,© OpenStreetMap contributors,Open Database License,https://www.openstreetmap.org/copyright
United Kingdom,"Maylands Ave.,Hemel Hempstead Hertfordshire HP2 7DP",2494,6,51.7552486,-0.4371341,"Maylands Avenue, Dacorum, HP2 7FU, United Kingdom",,Maylands Avenue,,Maylands Avenue,HP2 7FU,Maylands,Dacorum,Hertfordshire,HRT,England,ENG,United Kingdom,gb,0.63,1,1,© OpenStreetMap contributors,Open Database License,https://www.openstreetmap.org/copyright
United Kingdom,"Maylands Ave.,Hemel Hempstead,Hertfordshire,HP2 4SD",2495,6,51.7570527,-0.4380715,"Maylands Avenue, Dacorum, HP2 4SD, United Kingdom",,Maylands Avenue,,Maylands Avenue,HP2 4SD,Maylands,Dacorum,Hertfordshire,HRT,England,ENG,United Kingdom,gb,0.7,1,1,© OpenStreetMap contributors,Open Database License,https://www.openstreetmap.org/copyright
United Kingdom,"Maylands Ave.,Hemel Hempstead,Herts HP2 4SD",2496,6,51.7573753,-0.4382449,"Maylands Avenue, Dacorum, HP2 4SD, United Kingdom",,Maylands Avenue,,Maylands Avenue,HP2 4SD,Maylands,Dacorum,Hertfordshire,HRT,England,ENG,United Kingdom,gb,0.8780487804878049,1,1,© OpenStreetMap contributors,Open Database License,https://www.openstreetmap.org/copyright
United Kingdom,"Maylands Ave.,Hemel Hempstead,Herts,HP2 4SD",2497,6,51.7573753,-0.4382449,"Maylands Avenue, Dacorum, HP2 4SD, United Kingdom",,Maylands Avenue,,Maylands Avenue,HP2 4SD,Maylands,Dacorum,Hertfordshire,HRT,England,ENG,United Kingdom,gb,0.875,1,1,© OpenStreetMap contributors,Open Database License,https://www.openstreetmap.org/copyright
United Kingdom,Maylands Ave.Hemel Hempstead Hertfordshire HP2 7DP,2498,6,51.7600716,-0.4393984,"Maylands Avenue, Wood Lane End, Dacorum, HP2 4RA, United Kingdom",,Maylands Avenue,,Wood Lane End,HP2 4RA,Maylands,Dacorum,Hertfordshire,HRT,England,ENG,United Kingdom,gb,0.39690000000000003,0.9,,© OpenStreetMap contributors,Open Database License,https://www.openstreetmap.org/copyright
United Kingdom,"Meic House 2nd Fl.,344 Kensington High St.,London W14 8NS",2499,6,51.4973249,-0.2049852,"Consulate of Romania, 344 Kensington High Street, London, W14 8NS, United Kingdom",Royal Borough of Kensington and Chelsea,Consulate of Romania,344,Kensington High Street,W14 8NS,Earl's Court,London,Greater London,,England,ENG,United Kingdom,gb,0.9,1,1,© OpenStreetMap contributors,Open Database License,https://www.openstreetmap.org/copyright
United Kingdom,"Meir Rd.,Park Farm North,Redditch,Worcestershire,B98 7SY",2500,6,52.29169,-1.9107665,"Meir Road, Redditch, B98 7SY, United Kingdom",,Meir Road,,Meir Road,B98 7SY,Park Farm,Redditch,Worcestershire,WOR,England,ENG,United Kingdom,gb,0.7,1,1,© OpenStreetMap contributors,Open Database License,https://www.openstreetmap.org/copyright
United Kingdom,"Meir Rd.,Park Farm North,Redditch,Worcs B98 7SY",2501,6,52.29169,-1.9107665,"Meir Road, Redditch, B98 7SY, United Kingdom",,Meir Road,,Meir Road,B98 7SY,Park Farm,Redditch,Worcestershire,WOR,England,ENG,United Kingdom,gb,0.7,1,1,© OpenStreetMap contributors,Open Database License,https://www.openstreetmap.org/copyright
United Kingdom,"Mercury House,Triton Court,14 Finsbury Sq.,London EC2A 1DR",2502,6,51.5216989,-0.0867593,"Haz, 14 Finsbury Square, London, EC2A 1AH, United Kingdom",London Borough of Islington,Haz,14,Finsbury Square,EC2A 1AH,Finsbury,London,Greater London,,England,ENG,United Kingdom,gb,0.63,1,1,© OpenStreetMap contributors,Open Database License,https://www.openstreetmap.org/copyright
United Kingdom,"Mercury House,Triton Court,14 Finsbury Square,London EC2A 1DR",2503,6,51.5216989,-0.0867593,"Haz, 14 Finsbury Square, London, EC2A 1AH, United Kingdom",London Borough of Islington,Haz,14,Finsbury Square,EC2A 1AH,Finsbury,London,Greater London,,England,ENG,United Kingdom,gb,0.63,1,1,© OpenStreetMap contributors,Open Database License,https://www.openstreetmap.org/copyright
United Kingdom,"Mercury House,Triton Court,14 Finsbury Square,London,EC2A 1DR",2504,6,51.5216989,-0.0867593,"Haz, 14 Finsbury Square, London, EC2A 1AH, United Kingdom",London Borough of Islington,Haz,14,Finsbury Square,EC2A 1AH,Finsbury,London,Greater London,,England,ENG,United Kingdom,gb,0.63,1,1,© OpenStreetMap contributors,Open Database License,https://www.openstreetmap.org/copyright
United Kingdom,"Mercury House,Triton Court,14 Firsbury Square London,EC2A 1DR",2505,6,51.5216989,-0.0867593,"Haz, 14 Finsbury Square, London, EC2A 1AH, United Kingdom",London Borough of Islington,Haz,14,Finsbury Square,EC2A 1AH,Finsbury,London,Greater London,,England,ENG,United Kingdom,gb,0.4961249999999999,1,0.7875,© OpenStreetMap contributors,Open Database License,https://www.openstreetmap.org/copyright
United Kingdom,"Mere Way,Ruddington,Nottinghamshire NG11 6JZ",2506,6,52.8833977,-1.1443019,"Mere Way, Rushcliffe, NG11 6NZ, United Kingdom",,Mere Way,,Mere Way,NG11 6NZ,Ruddington Fields Business Park,Rushcliffe,Nottinghamshire,NTT,England,ENG,United Kingdom,gb,0.63,1,1,© OpenStreetMap contributors,Open Database License,https://www.openstreetmap.org/copyright
United Kingdom,"Mere Way,Ruddington,Nottinghamshire,NG11 6JZ",2507,6,52.8833977,-1.1443019,"Mere Way, Rushcliffe, NG11 6NZ, United Kingdom",,Mere Way,,Mere Way,NG11 6NZ,Ruddington Fields Business Park,Rushcliffe,Nottinghamshire,NTT,England,ENG,United Kingdom,gb,0.63,1,1,© OpenStreetMap contributors,Open Database License,https://www.openstreetmap.org/copyright
United Kingdom,"Merlin House,Farconry Court,Bakers Lane,Epping,Essex CM16 5DQ",2508,6,51.7011803,0.1103246,"Bakers Lane, Epping Forest, CM16 5DQ, United Kingdom",,Bakers Lane,,Bakers Lane,CM16 5DQ,,Epping Forest,Essex,ESS,England,ENG,United Kingdom,gb,0.7,1,1,© OpenStreetMap contributors,Open Database License,https://www.openstreetmap.org/copyright
United Kingdom,"Merlin House,Farconry Court,Bakers Lane,Epping,Essex,CM16 5DQ",2509,6,51.7011803,0.1103246,"Bakers Lane, Epping Forest, CM16 5DQ, United Kingdom",,Bakers Lane,,Bakers Lane,CM16 5DQ,,Epping Forest,Essex,ESS,England,ENG,United Kingdom,gb,0.7,1,1,© OpenStreetMap contributors,Open Database License,https://www.openstreetmap.org/copyright
United Kingdom,"Merse Rd.,North Moons Moat,Redditch,Worcestershire,B98 9HL",2510,6,52.314302,-1.8928716,"Merse Road, Redditch, B98 9PL, United Kingdom",,Merse Road,,Merse Road,B98 9PL,Moons Moat,Redditch,Worcestershire,WOR,England,ENG,United Kingdom,gb,0.63,1,1,© OpenStreetMap contributors,Open Database License,https://www.openstreetmap.org/copyright
United Kingdom,"Merse Rd.,North Moons Moat,Redditch,Worcs,B98 9HL",2511,6,52.31609,-1.89505,"Redditch, B98 9HL, United Kingdom",,,,,B98 9HL,,Redditch,Worcestershire,WOR,England,ENG,United Kingdom,gb,0.6,1,,© OpenStreetMap contributors,Open Database License,https://www.openstreetmap.org/copyright
United Kingdom,"Merse Rd.,North Moons Moat.Redditch Worcs B98 9HL",2512,6,52.31609,-1.89505,"Redditch, B98 9HL, United Kingdom",,,,,B98 9HL,,Redditch,Worcestershire,WOR,England,ENG,United Kingdom,gb,0.6,1,,© OpenStreetMap contributors,Open Database License,https://www.openstreetmap.org/copyright
United Kingdom,"Merse Rd.,North Moons Moat.Redditch.Worcs.B98 9HL.",2513,6,52.663642,-1.580326,United Kingdom,,United Kingdom,,,,,,,,,,United Kingdom,gb,0,,,Who's On First,CC0,https://www.whosonfirst.org/docs/licenses/
United Kingdom,Meter Bussiness Park1 Vernon Court Cheltnham Rd.East Gloucestershire GL2 2QG,2514,6,51.897643,-2.071363,"2 Vernon Court, Cheltenham, GL50 1EF, United Kingdom",,,2,Vernon Court,GL50 1EF,,Cheltenham,Gloucestershire,GLS,England,ENG,United Kingdom,gb,0.029016118421052638,0.16200000000000003,0.16200000000000003,© OpenStreetMap contributors,Open Database License,https://www.openstreetmap.org/copyright
United Kingdom,"Micheldever Station,Winchester,Hampshire,SO213AP",2515,6,51.067339,-1.319706,"Winchester Train Station, Winchester, SO21 3AP, United Kingdom",,,,Winchester Train Station,SO21 3AP,,Winchester,Hampshire,HAM,England,ENG,United Kingdom,gb,1,1,,© OpenStreetMap contributors,Open Database License,https://www.openstreetmap.org/copyright
United Kingdom,"Michigan Dr.,Tongwell Milton Keynes MK15 8HQ",2516,6,52.0684721,-0.7249759,"Michigan Drive, Milton Keynes, MK15 8HQ, United Kingdom",,Michigan Drive,,Michigan Drive,MK15 8HQ,Tongwell,Milton Keynes,City of Milton Keynes,,England,ENG,United Kingdom,gb,0.7,1,1,© OpenStreetMap contributors,Open Database License,https://www.openstreetmap.org/copyright
United Kingdom,"Michigan Dr.,Tongwell Milton Keynes,MK15 8HQ",2517,6,52.0684721,-0.7249759,"Michigan Drive, Milton Keynes, MK15 8HQ, United Kingdom",,Michigan Drive,,Michigan Drive,MK15 8HQ,Tongwell,Milton Keynes,City of Milton Keynes,,England,ENG,United Kingdom,gb,0.7,1,1,© OpenStreetMap contributors,Open Database License,https://www.openstreetmap.org/copyright
United Kingdom,"Michigan Dr.,Tongwell,Milton Keynes MK15 8HP",2518,6,52.0671063,-0.7209732,"Michigan Drive, Milton Keynes, MK15 9HS, United Kingdom",,Michigan Drive,,Michigan Drive,MK15 9HS,Tongwell,Milton Keynes,City of Milton Keynes,,England,ENG,United Kingdom,gb,0.5103,1,1,© OpenStreetMap contributors,Open Database License,https://www.openstreetmap.org/copyright
United Kingdom,"Michigan Dr.,Tongwell,Milton Keynes,Buckinghamshire MK15 8HT",2519,6,52.0687486,-0.7281773,"Michigan Drive, Milton Keynes, MK15 8HT, United Kingdom",,Michigan Drive,,Michigan Drive,MK15 8HT,Tongwell,Milton Keynes,City of Milton Keynes,,England,ENG,United Kingdom,gb,0.7,1,1,© OpenStreetMap contributors,Open Database License,https://www.openstreetmap.org/copyright
United Kingdom,"Michigan Dr.,Tongwell,Milton Keynes,Buckinghamshire,MK15 8HT",2520,6,52.0687486,-0.7281773,"Michigan Drive, Milton Keynes, MK15 8HT, United Kingdom",,Michigan Drive,,Michigan Drive,MK15 8HT,Tongwell,Milton Keynes,City of Milton Keynes,,England,ENG,United Kingdom,gb,0.7,1,1,© OpenStreetMap contributors,Open Database License,https://www.openstreetmap.org/copyright
United Kingdom,"Michigan Dr.,Tongwell,Milton Keynes,Buckinghamshire,MK15 8JD",2521,6,52.0671063,-0.7209732,"Michigan Drive, Milton Keynes, MK15 9HS, United Kingdom",,Michigan Drive,,Michigan Drive,MK15 9HS,Tongwell,Milton Keynes,City of Milton Keynes,,England,ENG,United Kingdom,gb,0.63,1,1,© OpenStreetMap contributors,Open Database License,https://www.openstreetmap.org/copyright
United Kingdom,"Michigan Dr.,Tongwell,Milton Keynes,Bucks MK15 8JD",2522,6,52.0671063,-0.7209732,"Michigan Drive, Milton Keynes, MK15 9HS, United Kingdom",,Michigan Drive,,Michigan Drive,MK15 9HS,Tongwell,Milton Keynes,City of Milton Keynes,,England,ENG,United Kingdom,gb,0.44099999999999995,1,1,© OpenStreetMap contributors,Open Database License,https://www.openstreetmap.org/copyright
United Kingdom,"Michigan Dr.,Tongwell,Milton Keynes,Bucks,MK15 8JD",2523,6,52.0671063,-0.7209732,"Michigan Drive, Milton Keynes, MK15 9HS, United Kingdom",,Michigan Drive,,Michigan Drive,MK15 9HS,Tongwell,Milton Keynes,City of Milton Keynes,,England,ENG,United Kingdom,gb,0.44099999999999995,1,1,© OpenStreetMap contributors,Open Database License,https://www.openstreetmap.org/copyright
United Kingdom,"Michigan Dr.,Tongwell,Milton Keynes,MK15 8HP",2524,6,52.0671063,-0.7209732,"Michigan Drive, Milton Keynes, MK15 9HS, United Kingdom",,Michigan Drive,,Michigan Drive,MK15 9HS,Tongwell,Milton Keynes,City of Milton Keynes,,England,ENG,United Kingdom,gb,0.5103,1,1,© OpenStreetMap contributors,Open Database License,https://www.openstreetmap.org/copyright
United Kingdom,"Michigan Dr.,Tongwell,Milton Keynes,MK15 8HT",2525,6,52.0687486,-0.7281773,"Michigan Drive, Milton Keynes, MK15 8HT, United Kingdom",,Michigan Drive,,Michigan Drive,MK15 8HT,Tongwell,Milton Keynes,City of Milton Keynes,,England,ENG,United Kingdom,gb,0.7,1,1,© OpenStreetMap contributors,Open Database License,https://www.openstreetmap.org/copyright
United Kingdom,"Michigan Dr.,Tongwell,Milton Keynes,MK15 8JD",2526,6,52.0671063,-0.7209732,"Michigan Drive, Milton Keynes, MK15 9HS, United Kingdom",,Michigan Drive,,Michigan Drive,MK15 9HS,Tongwell,Milton Keynes,City of Milton Keynes,,England,ENG,United Kingdom,gb,0.5103,1,1,© OpenStreetMap contributors,Open Database License,https://www.openstreetmap.org/copyright
United Kingdom,Michigan Dr.Tongwell Milton Keynes MK15 8HQ,2527,6,52.0684721,-0.7249759,"Michigan Drive, Milton Keynes, MK15 8HQ, United Kingdom",,Michigan Drive,,Michigan Drive,MK15 8HQ,Tongwell,Milton Keynes,City of Milton Keynes,,England,ENG,United Kingdom,gb,0.44099999999999995,1,0.63,© OpenStreetMap contributors,Open Database License,https://www.openstreetmap.org/copyright
United Kingdom,"Michigan Drive,Tongwell,Milton Keynes,MK15 8HP",2528,6,52.0671063,-0.7209732,"Michigan Drive, Milton Keynes, MK15 9HS, United Kingdom",,Michigan Drive,,Michigan Drive,MK15 9HS,Tongwell,Milton Keynes,City of Milton Keynes,,England,ENG,United Kingdom,gb,0.5103,1,1,© OpenStreetMap contributors,Open Database License,https://www.openstreetmap.org/copyright
United Kingdom,"Michigan Drive,Tougwell,Milton Keynes,Bucks MK15 8JD",2529,6,52.0671063,-0.7209732,"Michigan Drive, Milton Keynes, MK15 9HS, United Kingdom",,Michigan Drive,,Michigan Drive,MK15 9HS,Tongwell,Milton Keynes,City of Milton Keynes,,England,ENG,United Kingdom,gb,0.45,0.9,0.9,© OpenStreetMap contributors,Open Database License,https://www.openstreetmap.org/copyright
United Kingdom,"Mid City Place 71 High Holborn,London,WC1V 6BA",2530,6,51.5182045,-0.1159999,"Halifax, 71 High Holborn, London, WC1V 6EA, United Kingdom",London Borough of Camden,Halifax,71,High Holborn,WC1V 6EA,Holborn,London,Greater London,,England,ENG,United Kingdom,gb,0.63,1,1,© OpenStreetMap contributors,Open Database License,https://www.openstreetmap.org/copyright
United Kingdom,"Mid City Place,71 High Holborn,London WC1V 6BA",2531,6,51.5182045,-0.1159999,"Halifax, 71 High Holborn, London, WC1V 6EA, United Kingdom",London Borough of Camden,Halifax,71,High Holborn,WC1V 6EA,Holborn,London,Greater London,,England,ENG,United Kingdom,gb,0.63,1,1,© OpenStreetMap contributors,Open Database License,https://www.openstreetmap.org/copyright
United Kingdom,"Mid City Place,71 High Holborn,London WC1V 6EA",2532,6,51.5182045,-0.1159999,"Halifax, 71 High Holborn, London, WC1V 6EA, United Kingdom",London Borough of Camden,Halifax,71,High Holborn,WC1V 6EA,Holborn,London,Greater London,,England,ENG,United Kingdom,gb,0.9,1,1,© OpenStreetMap contributors,Open Database License,https://www.openstreetmap.org/copyright
United Kingdom,"Mid City Place,71 High Holborn,London,WC1V 6BA",2533,6,51.5182045,-0.1159999,"Halifax, 71 High Holborn, London, WC1V 6EA, United Kingdom",London Borough of Camden,Halifax,71,High Holborn,WC1V 6EA,Holborn,London,Greater London,,England,ENG,United Kingdom,gb,0.63,1,1,© OpenStreetMap contributors,Open Database License,https://www.openstreetmap.org/copyright
United Kingdom,"Mid City Place,71 High Holborn,WC1V 6BA",2534,6,51.5182045,-0.1159999,"Halifax, 71 High Holborn, London, WC1V 6EA, United Kingdom",London Borough of Camden,Halifax,71,High Holborn,WC1V 6EA,Holborn,London,Greater London,,England,ENG,United Kingdom,gb,0.9,,,© OpenStreetMap contributors,Open Database License,https://www.openstreetmap.org/copyright
United Kingdom,"Midas House,Unit 2b Stones Courtyard,High St.,Chesham,Buckinghamshire,HP5 1DE",2535,6,51.70706,-0.611606,"High Street, Chesham, HP5 1DE, United Kingdom",Chesham Civil Parish,,,High Street,HP5 1DE,,Chesham,Buckinghamshire,BKM,England,ENG,United Kingdom,gb,0.5,1,1,© OpenStreetMap contributors,Open Database License,https://www.openstreetmap.org/copyright
United Kingdom,Middlesex,2536,6,51.5,-0.41667,"Middlesex, ENG, United Kingdom",,,,,,,Middlesex,London,,England,ENG,United Kingdom,gb,1,1,,GeoNames,CC BY 4.0,https://www.geonames.org/datasources/
United Kingdom,"Middlesex House 29/45 High St.,Edgware Middlesex HA8 7DH",2537,6,51.6092059,-0.2780406,"SME IT Networks Limited, 29 - 45 High Street, London, HA8 7UU, United Kingdom",London Borough of Barnet,SME IT Networks Limited,29 - 45,High Street,HA8 7UU,,London,Greater London,,England,ENG,United Kingdom,gb,0.41894999999999993,0.7,0.7,© OpenStreetMap contributors,Open Database License,https://www.openstreetmap.org/copyright
United Kingdom,"Midpoint Park,Kingsbury Rd.,Minworth,Sutton Coldfield,West Midlands,B76 1AF",2538,6,52.5276966,-1.7818803,"Kingsbury Road, Birmingham, B76 1AU, United Kingdom",,Kingsbury Road,,Kingsbury Road,B76 1AU,,Birmingham,West Midlands Combined Authority,,England,ENG,United Kingdom,gb,0.63,1,1,© OpenStreetMap contributors,Open Database License,https://www.openstreetmap.org/copyright
United Kingdom,"Miles Gray Rd.,Basildon,Essex,SS14 3AR",2539,6,51.5852131,0.450023,"Miles Gray Road, Basildon, SS14 3RW, United Kingdom",,Miles Gray Road,,Miles Gray Road,SS14 3RW,Steeple View,Basildon,Essex,ESS,England,ENG,United Kingdom,gb,0.63,1,1,© OpenStreetMap contributors,Open Database License,https://www.openstreetmap.org/copyright
United Kingdom,"Mill Park Way,off Station Rd.,Southwell,Nottinghamshire,NG25 0ET",2540,6,53.0820288,-0.9469614,"Southwell CP (Newark and Sherwood), NG25 0ET, United Kingdom",,,,,NG25 0ET,,Newark and Sherwood,Nottinghamshire,NTT,England,ENG,United Kingdom,gb,0.6,1,,© OpenStreetMap contributors,Open Database License,https://www.openstreetmap.org/copyright
United Kingdom,"Mill Park Way,Off-Station Rd.,Southwell,Nottinghamshire",2541,6,53.0744,-0.956892,"Southwell (Southwell), ENG, United Kingdom",Southwell,,,,,,Southwell,Nottinghamshire,NTT,England,ENG,United Kingdom,gb,0.25,1,,Who's On First,CC0,https://www.whosonfirst.org/docs/licenses/
United Kingdom,"Mill Park Way,Off-Station Rd.,Southwell,Nottinghamshire,NG25 0ET",2542,6,53.0820288,-0.9469614,"Southwell CP (Newark and Sherwood), NG25 0ET, United Kingdom",,,,,NG25 0ET,,Newark and Sherwood,Nottinghamshire,NTT,England,ENG,United Kingdom,gb,0.6,1,,© OpenStreetMap contributors,Open Database License,https://www.openstreetmap.org/copyright
United Kingdom,"Mill Park Way,Station Rd.,Southwell,Newark,NG25 0ET",2543,6,53.0813488,-0.9476317,"Station Road, Newark and Sherwood, NG25 0ET, United Kingdom",,Station Road,,Station Road,NG25 0ET,,Newark and Sherwood,Nottinghamshire,NTT,England,ENG,United Kingdom,gb,0.7,1,1,© OpenStreetMap contributors,Open Database License,https://www.openstreetmap.org/copyright
United Kingdom,"Millwalk,Off-Station Rd.,Southwell,Nottinghamshire",2544,6,53.0744,-0.956892,"Southwell (Southwell), ENG, United Kingdom",Southwell,,,,,,Southwell,Nottinghamshire,NTT,England,ENG,United Kingdom,gb,0.25,1,,Who's On First,CC0,https://www.whosonfirst.org/docs/licenses/
United Kingdom,"Milton House,27 Station Rd.,Egham,Surrey,TW20 9LB",2545,6,51.4306966,-0.5478932,"Your Move, 27 Station Road, Runnymede, TW20 9FG, United Kingdom",Ripley Springs,Your Move,27,Station Road,TW20 9FG,,Borough of Runnymede,Surrey,SRY,England,ENG,United Kingdom,gb,0.63,1,1,© OpenStreetMap contributors,Open Database License,https://www.openstreetmap.org/copyright
United Kingdom,Milton Keynes,2546,6,52.0406502,-0.7594092,"Milton Keynes, ENG, United Kingdom",,Milton Keynes,,,,,Milton Keynes,City of Milton Keynes,,England,ENG,United Kingdom,gb,1,1,,© OpenStreetMap contributors,Open Database License,https://www.openstreetmap.org/copyright
United Kingdom,"Milton Keynes Distribution Centre,Bradbourne Dr.,Milton Keynes MK7 8BN",2547,6,52.014518,-0.6903174,"Bradbourne Drive, Milton Keynes, MK7 7DE, United Kingdom",,Bradbourne Drive,,Bradbourne Drive,MK7 7DE,Tilbrook,Milton Keynes,City of Milton Keynes,,England,ENG,United Kingdom,gb,0.63,1,1,© OpenStreetMap contributors,Open Database License,https://www.openstreetmap.org/copyright
United Kingdom,"Mimosa House 12 Princes St.,London",2548,6,51.5146615,-0.14343511692030764,"Mimosa House, 12 Princes Street, London, W1B 2LU, United Kingdom",,Mimosa House,12,Princes Street,W1B 2LU,Mayfair,London,Greater London,,England,ENG,United Kingdom,gb,0.9,1,1,© OpenStreetMap contributors,Open Database License,https://www.openstreetmap.org/copyright
United Kingdom,"Mimosa House 12 Princes St.,London W1B 2LL",2549,6,51.5146615,-0.14343511692030764,"Mimosa House, 12 Princes Street, London, W1B 2LU, United Kingdom",,Mimosa House,12,Princes Street,W1B 2LU,Mayfair,London,Greater London,,England,ENG,United Kingdom,gb,0.63,1,1,© OpenStreetMap contributors,Open Database License,https://www.openstreetmap.org/copyright
United Kingdom,"Mimosa House 12 Princes St.,London,W1B 2LL",2550,6,51.5146615,-0.14343511692030764,"Mimosa House, 12 Princes Street, London, W1B 2LU, United Kingdom",,Mimosa House,12,Princes Street,W1B 2LU,Mayfair,London,Greater London,,England,ENG,United Kingdom,gb,0.63,1,1,© OpenStreetMap contributors,Open Database License,https://www.openstreetmap.org/copyright
United Kingdom,"Mimosa House,12 Princes St.,London,W1B 2LL",2551,6,51.5146615,-0.14343511692030764,"Mimosa House, 12 Princes Street, London, W1B 2LU, United Kingdom",,Mimosa House,12,Princes Street,W1B 2LU,Mayfair,London,Greater London,,England,ENG,United Kingdom,gb,0.63,1,1,© OpenStreetMap contributors,Open Database License,https://www.openstreetmap.org/copyright
United Kingdom,"Mita House Hamm Moor Lane Addlestone,Weibridge Surrey KT15 2SB",2552,6,51.3701648,-0.4753288,"Hamm Moor Lane, Runnymede, KT15 2SB, United Kingdom",,Hamm Moor Lane,,Hamm Moor Lane,KT15 2SB,,Borough of Runnymede,Surrey,SRY,England,ENG,United Kingdom,gb,0.7,1,1,© OpenStreetMap contributors,Open Database License,https://www.openstreetmap.org/copyright
United Kingdom,"Mita House,Hamm Moor Lane,Addlestone,Weybridge Surrey KT15 2SB",2553,6,51.3701648,-0.4753288,"Hamm Moor Lane, Runnymede, KT15 2SB, United Kingdom",,Hamm Moor Lane,,Hamm Moor Lane,KT15 2SB,,Borough of Runnymede,Surrey,SRY,England,ENG,United Kingdom,gb,0.7,1,1,© OpenStreetMap contributors,Open Database License,https://www.openstreetmap.org/copyright
United Kingdom,"Mita House,Hamm Moor Lane,Addlestone,Weybridge,Surrey KT15 2SB",2554,6,51.3701648,-0.4753288,"Hamm Moor Lane, Runnymede, KT15 2SB, United Kingdom",,Hamm Moor Lane,,Hamm Moor Lane,KT15 2SB,,Borough of Runnymede,Surrey,SRY,England,ENG,United Kingdom,gb,0.7,1,1,© OpenStreetMap contributors,Open Database License,https://www.openstreetmap.org/copyright
United Kingdom,"Mizuho House,30 Old Bailey,London,EC4M 7AU",2555,6,51.5151452,-0.1023878,"Mizuho Bank, 30 Old Bailey, City of London, EC4M 7AU, United Kingdom",,Mizuho Bank,30,Old Bailey,EC4M 7AU,Blackfriars,City of London,Greater London,,England,ENG,United Kingdom,gb,0.9,1,1,© OpenStreetMap contributors,Open Database License,https://www.openstreetmap.org/copyright
United Kingdom,"Mizuho House.,30 Old Bailey,London,EC4M 7AU",2556,6,51.5151452,-0.1023878,"Mizuho Bank, 30 Old Bailey, City of London, EC4M 7AU, United Kingdom",,Mizuho Bank,30,Old Bailey,EC4M 7AU,Blackfriars,City of London,Greater London,,England,ENG,United Kingdom,gb,0.9,1,1,© OpenStreetMap contributors,Open Database License,https://www.openstreetmap.org/copyright
United Kingdom,"Mizuno House,612 Reading Rd.Winnersh Wokingham Berkshire,RG11 5HE",2557,6,51.4120318,-0.8324037,"Wokingham, ENG, United Kingdom",,,,,,,Wokingham,Borough of Wokingham,,England,ENG,United Kingdom,gb,0.25,1,,© OpenStreetMap contributors,Open Database License,https://www.openstreetmap.org/copyright
United Kingdom,"Mizuno House,Imperial Way,Worton Grange,Reading,Berkshire RG20 TD",2558,6,51.3969628,-1.2510554,"Imperial Way, Thatcham, RG19 4RY, United Kingdom",,Imperial Way,,Imperial Way,RG19 4RY,Thatcham,Thatcham,West Berkshire,WBK,England,ENG,United Kingdom,gb,0,,,© OpenStreetMap contributors,Open Database License,https://www.openstreetmap.org/copyright
United Kingdom,"Monticello House,45 Rusell Sq.,London WC1B 4JP",2559,6,51.544890699999996,-0.11133659999999679,"45 Arundel Square, London, N7 8AP, United Kingdom",London Borough of Islington,,45,Arundel Square,N7 8AP,Barnsbury,London,Greater London,,England,ENG,United Kingdom,gb,0.3857142857142857,1,0.42857142857142855,© OpenStreetMap contributors,Open Database License,https://www.openstreetmap.org/copyright
United Kingdom,"Monticello House,45 Rusell Sq.London,WC1B 4JP",2560,6,52.40922,-1.598857,"Monticello Way, Coventry, CV4 9AL, United Kingdom",,,,Monticello Way,CV4 9AL,Eastern Green,Coventry,Birmingham,BIR,England,ENG,United Kingdom,gb,0.586046511627907,,,© OpenStreetMap contributors,Open Database License,https://www.openstreetmap.org/copyright
United Kingdom,"Moor House 119,London Wall London EC2Y 5HX",2561,6,51.5174756,-0.0893485,"119 London Wall, City of London, EC2Y 5ET, United Kingdom",City of London,,119,London Wall,EC2Y 5ET,Barbican,City of London,London,,England,ENG,United Kingdom,gb,0.5103,0.81,0.81,,,
United Kingdom,"Moor House 119,London Wall,London",2562,6,51.5170465,-0.087082,"London Wall, City of London, EC2M 5PS, United Kingdom",,London Wall,,London Wall,EC2M 5PS,Cornhill,City of London,Greater London,,England,ENG,United Kingdom,gb,0.405,0.81,0.81,© OpenStreetMap contributors,Open Database License,https://www.openstreetmap.org/copyright
United Kingdom,"Moor House 119,London Wall,London EC2Y 5HX",2563,6,51.5174756,-0.0893485,"119 London Wall, City of London, EC2Y 5ET, United Kingdom",City of London,,119,London Wall,EC2Y 5ET,Barbican,City of London,London,,England,ENG,United Kingdom,gb,0.5103,0.81,0.81,,,
United Kingdom,"Moor House,119,London Wall,London EC2Y 5HX",2564,6,51.5174756,-0.0893485,"119 London Wall, City of London, EC2Y 5ET, United Kingdom",City of London,,119,London Wall,EC2Y 5ET,Barbican,City of London,London,,England,ENG,United Kingdom,gb,0.5103,0.81,0.81,,,
United Kingdom,"Moorgate Hall,155 Moorgate,London EC2M 6UB",2565,6,51.5187729,-0.0881274,"Mace, 155 Moorgate, City of London, EC2M 6XB, United Kingdom",City of London,Mace,155,Moorgate,EC2M 6XB,Barbican,City of London,Greater London,,England,ENG,United Kingdom,gb,0.5103000000000001,0.81,0.81,© OpenStreetMap contributors,Open Database License,https://www.openstreetmap.org/copyright
United Kingdom,"Moorgate Hall,155 Moorgate,London EC2M 6XB",2566,6,51.5187729,-0.0881274,"Mace, 155 Moorgate, City of London, EC2M 6XB, United Kingdom",,Mace,155,Moorgate,EC2M 6XB,Barbican,City of London,Greater London,,England,ENG,United Kingdom,gb,0.9,1,1,© OpenStreetMap contributors,Open Database License,https://www.openstreetmap.org/copyright
United Kingdom,"Morgan House 17F 1 Angel Court,London,EC2R 7AE",2567,6,51.515228,-0.0876251,"Angel Court, City of London, EC2R 7AG, United Kingdom",,Angel Court,,Angel Court,EC2R 7AG,Cornhill,City of London,Greater London,,England,ENG,United Kingdom,gb,0.5103,0.81,0.81,© OpenStreetMap contributors,Open Database License,https://www.openstreetmap.org/copyright
United Kingdom,"Morgan House 17F,1 Angel Court,London,EC2R 7AE",2568,6,51.515228,-0.0876251,"Angel Court, City of London, EC2R 7AG, United Kingdom",,Angel Court,,Angel Court,EC2R 7AG,Cornhill,City of London,Greater London,,England,ENG,United Kingdom,gb,0.5103,0.81,0.81,© OpenStreetMap contributors,Open Database License,https://www.openstreetmap.org/copyright
United Kingdom,"Morly Way,Peterbrough,PE2 7BW",2569,6,52.555824,-0.258705,"Morley Way, Peterborough, PE2 7BW, United Kingdom",,,,Morley Way,PE2 7BW,,Peterborough,Cambridgeshire,CAM,England,ENG,United Kingdom,gb,0.30937499999999996,0.825,0.6187499999999999,© OpenStreetMap contributors,Open Database License,https://www.openstreetmap.org/copyright
United Kingdom,"Morris House,4 Narris St.,London SW1Y 4R5",2570,6,51.511982,-0.143119,"4 St George Street, London, SW1Y 4R5, United Kingdom",Westminster,,4,St George Street,SW1Y 4R5,Mayfair,London,London,,England,ENG,United Kingdom,gb,0.5103,1,0.567,© OpenStreetMap contributors,Open Database License,https://www.openstreetmap.org/copyright
United Kingdom,"Moulsoe Rd.,Cranfield,Bedfordshire,MK430DB",2571,6,52.0637644,-0.6416434,"Moulsoe Road, Cranfield, MK43 0DB, United Kingdom",,Moulsoe Road,,Moulsoe Road,MK43 0DB,,Cranfield,Central Bedfordshire,CBF,England,ENG,United Kingdom,gb,0.7,1,1,© OpenStreetMap contributors,Open Database License,https://www.openstreetmap.org/copyright
United Kingdom,"Mount Av.,Bletchley,Milton Keynes MK1 1JE",2572,6,52.0082132,-0.7188084,"Mount Avenue, Milton Keynes, MK1 1JD, United Kingdom",,Mount Avenue,,Mount Avenue,MK1 1JD,Denbigh East,Milton Keynes,City of Milton Keynes,,England,ENG,United Kingdom,gb,0.44099999999999995,0.7,0.7,© OpenStreetMap contributors,Open Database License,https://www.openstreetmap.org/copyright
United Kingdom,"Mount Ave.,Bletchley,Milton Keynes MK1 1JE",2573,6,52.0082132,-0.7188084,"Mount Avenue, Milton Keynes, MK1 1JD, United Kingdom",,Mount Avenue,,Mount Avenue,MK1 1JD,Denbigh East,Milton Keynes,City of Milton Keynes,,England,ENG,United Kingdom,gb,0.44099999999999995,0.7,0.7,© OpenStreetMap contributors,Open Database License,https://www.openstreetmap.org/copyright
United Kingdom,"Mount Ave.,Bletchley,Milton Keynes,MK1 1JE",2574,6,52.0082132,-0.7188084,"Mount Avenue, Milton Keynes, MK1 1JD, United Kingdom",,Mount Avenue,,Mount Avenue,MK1 1JD,Denbigh East,Milton Keynes,City of Milton Keynes,,England,ENG,United Kingdom,gb,0.44099999999999995,0.7,0.7,© OpenStreetMap contributors,Open Database License,https://www.openstreetmap.org/copyright
United Kingdom,"Mouticello House,45 Rusell Sq.London WC1B 4JP",2575,6,,,,,,,,,,,,,,,,,,,,,,
United Kingdom,"Mulliner House,Flanders Rd.,Turnham Green,London",2576,6,51.490237,-0.258377,"Turnham Green, London, ENG, United Kingdom",Hounslow,Turnham Green,,,,Turnham Green,London,London,,England,ENG,United Kingdom,gb,0.25,1,,Who's On First,CC0,https://www.whosonfirst.org/docs/licenses/
United Kingdom,"Mulliner House,Flanders Rd.,Turnham Green,London W4 1NN",2577,6,51.495623,-0.250967,"Flanders Road, London, W4 1NH, United Kingdom",London Borough of Hounslow,Flanders Road,,Flanders Road,W4 1NH,Grove Park,London,Greater London,,England,ENG,United Kingdom,gb,0.63,1,1,© OpenStreetMap contributors,Open Database License,https://www.openstreetmap.org/copyright
United Kingdom,"Mulliner House,Flanders Rd.,Turnham Green,London,W4 1NN",2578,6,51.495623,-0.250967,"Flanders Road, London, W4 1NH, United Kingdom",London Borough of Hounslow,Flanders Road,,Flanders Road,W4 1NH,Grove Park,London,Greater London,,England,ENG,United Kingdom,gb,0.63,1,1,© OpenStreetMap contributors,Open Database License,https://www.openstreetmap.org/copyright
United Kingdom,"Mulliner House,Flanders Rd.,Turnhan Green,London W4 INN",2579,6,51.5288607,0.0605908,"Flanders Road, London, E6 6BN, United Kingdom",London Borough of Newham,Flanders Road,,Flanders Road,E6 6BN,Beckton,London,Greater London,,England,ENG,United Kingdom,gb,0.5,1,1,© OpenStreetMap contributors,Open Database License,https://www.openstreetmap.org/copyright
United Kingdom,"Multimedia House,High St.,Rickmansworth,Hertfordshire WD3 1HR",2580,6,51.6390666,-0.4705891,"High Street, Three Rivers, WD3 1AA, United Kingdom",,High Street,,High Street,WD3 1AA,The Cedars Estate,Three Rivers,Hertfordshire,HRT,England,ENG,United Kingdom,gb,0.63,1,1,© OpenStreetMap contributors,Open Database License,https://www.openstreetmap.org/copyright
United Kingdom,"Multimedia House,High St.,Rickmansworth,Hertfordshire,WD3 1HR",2581,6,51.6390666,-0.4705891,"High Street, Three Rivers, WD3 1AA, United Kingdom",,High Street,,High Street,WD3 1AA,The Cedars Estate,Three Rivers,Hertfordshire,HRT,England,ENG,United Kingdom,gb,0.63,1,1,© OpenStreetMap contributors,Open Database License,https://www.openstreetmap.org/copyright
United Kingdom,"Multimedia House,Hill St.,Tunbridge Wells,Kent,TN1 2BY",2582,6,51.137216,0.2672935,"Hill Street, Tunbridge Wells, TN1 2BY, United Kingdom",Royal Wells Park,Hill Street,,Hill Street,TN1 2BY,St James,Tunbridge Wells,Kent,KEN,England,ENG,United Kingdom,gb,0.7,1,1,© OpenStreetMap contributors,Open Database License,https://www.openstreetmap.org/copyright
United Kingdom,"Myddelton House,115/123 Pentonville Rd.,London N1 9LZ",2583,6,51.5315848,-0.1114651,"Pentonville Road, London, N1 9JB, United Kingdom",London Borough of Islington,Pentonville Road,,Pentonville Road,N1 9JB,Barnsbury,London,Greater London,,England,ENG,United Kingdom,gb,0.63,1,1,© OpenStreetMap contributors,Open Database License,https://www.openstreetmap.org/copyright
United Kingdom,"Nacanco Bldg.100 Capability Green,Luton Bedfordshire,LU1 3LU",2584,6,51.8622424,-0.410643204230061,"Ball Corporation, 100 Capability Green, Luton, LU1 3LG, United Kingdom",,Ball Corporation,100,Capability Green,LU1 3LG,New Town,Luton,Borough of Luton,,England,ENG,United Kingdom,gb,0.44099999999999995,1,1,© OpenStreetMap contributors,Open Database License,https://www.openstreetmap.org/copyright
United Kingdom,"Nacanco Bldg.100 Capability Green,Luton LU1 3LU",2585,6,51.8622424,-0.410643204230061,"Ball Corporation, 100 Capability Green, Luton, LU1 3LG, United Kingdom",,Ball Corporation,100,Capability Green,LU1 3LG,New Town,Luton,Borough of Luton,,England,ENG,United Kingdom,gb,0.63,1,1,© OpenStreetMap contributors,Open Database License,https://www.openstreetmap.org/copyright
United Kingdom,"Namco House,Acton Park Estate,The Vale London W3 7QE",2586,6,51.5065353,-0.2639658,"The Vale, London, W3 6NG, United Kingdom",London Borough of Ealing,The Vale,,The Vale,W3 6NG,Acton,London,Greater London,,England,ENG,United Kingdom,gb,0.63,1,1,© OpenStreetMap contributors,Open Database License,https://www.openstreetmap.org/copyright
United Kingdom,"Namco House,Acton Park Estate,The Vale,London W3 7QE",2587,6,51.5065353,-0.2639658,"The Vale, London, W3 6NG, United Kingdom",London Borough of Ealing,The Vale,,The Vale,W3 6NG,Acton,London,Greater London,,England,ENG,United Kingdom,gb,0.63,1,1,© OpenStreetMap contributors,Open Database License,https://www.openstreetmap.org/copyright
United Kingdom,"Namco House,Acton Park Estate,The Vale,London,W3 7QE",2588,6,51.5065353,-0.2639658,"The Vale, London, W3 6NG, United Kingdom",London Borough of Ealing,The Vale,,The Vale,W3 6NG,Acton,London,Greater London,,England,ENG,United Kingdom,gb,0.63,1,1,© OpenStreetMap contributors,Open Database License,https://www.openstreetmap.org/copyright
United Kingdom,"Nash House St.George St.,London W1R 9DQ",2589,6,51.513209,-0.143522,"St George Street, London, W1R 9DQ, United Kingdom",Westminster,,,St George Street,W1R 9DQ,Mayfair,London,London,,England,ENG,United Kingdom,gb,0.5,1,1,© OpenStreetMap contributors,Open Database License,https://www.openstreetmap.org/copyright
United Kingdom,"Nash House,St.George St.,London W1R 9DE",2590,6,51.5118502,-0.14274,"St. George Street, St George Street, London, W1S 2YG, United Kingdom",,St. George Street,,St George Street,W1S 2YG,Mayfair,London,Greater London,,England,ENG,United Kingdom,gb,0.5,1,1,© OpenStreetMap contributors,Open Database License,https://www.openstreetmap.org/copyright
United Kingdom,"Nash House,St.George St.,London WIR9DE",2591,6,51.513125,-0.143677,"17 St George Street, London, W1S 1FS, United Kingdom",Westminster,,17,St George Street,W1S 1FS,Mayfair,London,London,,England,ENG,United Kingdom,gb,0.9,1,1,© OpenStreetMap contributors,Open Database License,https://www.openstreetmap.org/copyright
United Kingdom,"Neath Vale Supplier Park,Resolven,Neath,SA11 4AP",2592,6,51.709096,-3.702305,"Vale of Neath Business Park, Resolven, SA11 4AP, United Kingdom",Resolven Community,,,Vale of Neath Business Park,SA11 4AP,,Resolven,Swansea,SWA,Wales,WLS,United Kingdom,gb,1,1,,© OpenStreetMap contributors,Open Database License,https://www.openstreetmap.org/copyright
United Kingdom,"Neath Vale Supplier Park,Resolven,Neath,West Glamorgan,SA11 4SP",2593,6,51.709096,-3.702305,"Vale of Neath Business Park, Resolven, SA11 4SP, United Kingdom",Resolven Community,,,Vale of Neath Business Park,SA11 4SP,,Resolven,Swansea,SWA,Wales,WLS,United Kingdom,gb,0.2222222222222222,1,,© OpenStreetMap contributors,Open Database License,https://www.openstreetmap.org/copyright
United Kingdom,"NEC House 1,Victoria Rd.,London W3 6UL",2594,6,51.5231579,-0.26218844148600684,"Woodward Building, 1 Victoria Road, London, W3 6FF, United Kingdom",London Borough of Ealing,Woodward Building,1,Victoria Road,W3 6FF,Park Royal,London,Greater London,,England,ENG,United Kingdom,gb,0.63,1,1,© OpenStreetMap contributors,Open Database License,https://www.openstreetmap.org/copyright
United Kingdom,"NEC House,1 Victoria Rd.,London",2595,6,51.393132050000006,-0.30475973281819146,"HSBC UK, 1 Victoria Road, London, KT6 4LF, United Kingdom",Royal Borough of Kingston upon Thames,HSBC UK,1,Victoria Road,KT6 4LF,Surbiton,London,Greater London,,England,ENG,United Kingdom,gb,0.9,1,1,© OpenStreetMap contributors,Open Database License,https://www.openstreetmap.org/copyright
United Kingdom,"NEC House,1 Victoria Rd.,London,W3 6BL",2596,6,51.5231579,-0.26218844148600684,"Woodward Building, 1 Victoria Road, London, W3 6FF, United Kingdom",London Borough of Ealing,Woodward Building,1,Victoria Road,W3 6FF,Park Royal,London,Greater London,,England,ENG,United Kingdom,gb,0.63,1,1,© OpenStreetMap contributors,Open Database License,https://www.openstreetmap.org/copyright
United Kingdom,"Needham Rd.,Stowmarket,Suffolk IP14 2AD",2597,6,52.1792767,1.0059532,"Needham Road, Mid Suffolk, IP14 2PJ, United Kingdom",,Needham Road,,Needham Road,IP14 2PJ,Combs Ford,Mid Suffolk,Suffolk,SFK,England,ENG,United Kingdom,gb,0.63,1,1,© OpenStreetMap contributors,Open Database License,https://www.openstreetmap.org/copyright
United Kingdom,"Netherton Ind.Estate Wishaw,ML2 Dey Stathclyde,Scotland",2598,6,55.741344,-4.212305,"Netherton Lodge, East Kilbride, G75 8UF, United Kingdom",,,,Netherton Lodge,G75 8UF,Crosshouse,East Kilbride,South Lanarkshire,SLK,Scotland,SCT,United Kingdom,gb,1,,,© OpenStreetMap contributors,Open Database License,https://www.openstreetmap.org/copyright
United Kingdom,"Netherton Ind.Estate Wishaw,ML2 Oey Lanarkshire,Scotland",2599,6,55.768827,-3.938103,"Netherton, Netherton Street after Netherton Road, Wishaw, ML2, United Kingdom",,"Netherton, Netherton Street after Netherton Road",,,ML2,,Wishaw,South Lanarkshire,SLK,Scotland,SCT,United Kingdom,gb,0,,,© OpenStreetMap contributors,Open Database License,https://www.openstreetmap.org/copyright
United Kingdom,"Netherton Ind.Estate,Wishaw,Lanarkshire,ML2 0EY",2600,6,55.76826,-3.93941,"North Lanarkshire, ML2 0EY, United Kingdom",,,,,ML2 0EY,,,North Lanarkshire,NLK,Scotland,SCT,United Kingdom,gb,0.6,1,,© OpenStreetMap contributors,Open Database License,https://www.openstreetmap.org/copyright
United Kingdom,"Netherton Industrial Estate Wishaw,ML2 Dey Stathclyde,Scotland",2601,6,55.8349,-3.21751,"Eastfield Industrial Estate, Midlothian, United Kingdom",,,,Eastfield Industrial Estate,,,,Midlothian,MLN,Scotland,SCT,United Kingdom,gb,0,,,© OpenStreetMap contributors,Open Database License,https://www.openstreetmap.org/copyright
United Kingdom,"Nettlehill Rd.,Houstoun Ind.Estate,Livingston,EH54 5DL",2602,6,55.9166127,-3.5046754,"Nettlehill Road, Uphall Station, EH54 5PP, United Kingdom",,Nettlehill Road,,Nettlehill Road,EH54 5PP,,Uphall Station,West Lothian,WLN,Scotland,SCT,United Kingdom,gb,0.44099999999999995,0.7,0.7,© OpenStreetMap contributors,Open Database License,https://www.openstreetmap.org/copyright
United Kingdom,"Nettlehill Rd.,Houstoun Ind.Estate,Livingston,EH54 5EQ",2603,6,55.9166127,-3.5046754,"Nettlehill Road, Uphall Station, EH54 5PP, United Kingdom",,Nettlehill Road,,Nettlehill Road,EH54 5PP,,Uphall Station,West Lothian,WLN,Scotland,SCT,United Kingdom,gb,0.44099999999999995,0.7,0.7,© OpenStreetMap contributors,Open Database License,https://www.openstreetmap.org/copyright
United Kingdom,"Nettlehill Rd.,Houstoun Industrial Estate,Livingston EH54 5DL",2604,6,55.9166127,-3.5046754,"Nettlehill Road, Uphall Station, EH54 5PP, United Kingdom",,Nettlehill Road,,Nettlehill Road,EH54 5PP,,Uphall Station,West Lothian,WLN,Scotland,SCT,United Kingdom,gb,0.44099999999999995,0.7,0.7,© OpenStreetMap contributors,Open Database License,https://www.openstreetmap.org/copyright
United Kingdom,"Nettlehillrikotoun Ind.Estate,Livingston EH54 5DL",2605,6,55.891517,-3.519453,"Livingston, EH54 5DL, United Kingdom",,,,,EH54 5DL,,Livingston,West Lothian,WLN,Scotland,SCT,United Kingdom,gb,0.25,1,,Who's On First,CC0,https://www.whosonfirst.org/docs/licenses/
United Kingdom,"Network House,Norrey Drive,Maidenhead,Berkshire SL6 4FJ",2606,6,51.50902,-0.736635,"Norrey Drive Industrial Area, Maidenhead, SL6 4FJ, United Kingdom",,,,Norrey Drive Industrial Area,SL6 4FJ,,Maidenhead,West Berkshire,WBK,England,ENG,United Kingdom,gb,0.7290000000000001,1,0.81,© OpenStreetMap contributors,Open Database License,https://www.openstreetmap.org/copyright
United Kingdom,"Neville Rd.,Bradford,West Yorkshire BD4 8TU",2607,6,53.78213,-1.73068,"Bradford, BD4 8TU, United Kingdom",,,,,BD4 8TU,,Bradford,West Yorkshire,,England,ENG,United Kingdom,gb,0.6,1,,© OpenStreetMap contributors,Open Database License,https://www.openstreetmap.org/copyright
United Kingdom,"New Broad Street House,35 New Broad St.,London EC2M 1NH",2608,6,51.5168771,-0.0838207,"IoDhub, 35 New Broad Street, City of London, EC2M 1NH, United Kingdom",,IoDhub,35,New Broad Street,EC2M 1NH,Bishopsgate,City of London,Greater London,,England,ENG,United Kingdom,gb,0.9,1,1,© OpenStreetMap contributors,Open Database License,https://www.openstreetmap.org/copyright
United Kingdom,"New House,67-68 Hatton Garden, London EC1N 8JY",2609,6,51.5179076,-0.1076608,"Hatton Garden, London, EC1N 8AA, United Kingdom",London Borough of Camden,Hatton Garden,,Hatton Garden,EC1N 8AA,Holborn,London,Greater London,,England,ENG,United Kingdom,gb,0.63,1,1,© OpenStreetMap contributors,Open Database License,https://www.openstreetmap.org/copyright
United Kingdom,"New Industrial Unit,Drury New Rd.,Buckley,Clwyd,CH7 3DS",2610,6,53.168864,-3.056572,"Drury New Road, Buckley, United Kingdom",Buckley Community,,,Drury New Road,,,Buckley,Denbighshire,DEN,Wales,WLS,United Kingdom,gb,0.45,1,0.9,© OpenStreetMap contributors,Open Database License,https://www.openstreetmap.org/copyright
United Kingdom,"New Lane Havart,Hampshire PO9 2NQ",2611,6,50.85796,-0.97308,"Havant, PO9 2NQ, United Kingdom",,,,,PO9 2NQ,,Havant,Hampshire,HAM,England,ENG,United Kingdom,gb,0.6,1,,© OpenStreetMap contributors,Open Database License,https://www.openstreetmap.org/copyright
United Kingdom,"New London Bridge House London Bridge St.,London SE1 9SW",2612,6,51.5050919,-0.0875715,"London Bridge Street, London, SE1 9SG, United Kingdom",London Borough of Southwark,London Bridge Street,,London Bridge Street,SE1 9SG,Southwark,London,Greater London,,England,ENG,United Kingdom,gb,0.63,1,1,© OpenStreetMap contributors,Open Database License,https://www.openstreetmap.org/copyright
United Kingdom,"New London Bridge House,London Bridge St.,London",2613,6,51.506069,-0.08814,"London Bridge Street, London, United Kingdom",Southwark,,,London Bridge Street,,Borough,London,London,,England,ENG,United Kingdom,gb,0.6260869565217392,1,0.9,© OpenStreetMap contributors,Open Database License,https://www.openstreetmap.org/copyright
United Kingdom,"New London Bridge House,London Bridge St.,London SE1 9SW",2614,6,51.5050919,-0.0875715,"London Bridge Street, London, SE1 9SG, United Kingdom",London Borough of Southwark,London Bridge Street,,London Bridge Street,SE1 9SG,Southwark,London,Greater London,,England,ENG,United Kingdom,gb,0.63,1,1,© OpenStreetMap contributors,Open Database License,https://www.openstreetmap.org/copyright
United Kingdom,"New London Bridge House,London Bridge St.,London SE1,9SW",2615,6,51.5050919,-0.0875715,"London Bridge Street, London, SE1 9SG, United Kingdom",London Borough of Southwark,London Bridge Street,,London Bridge Street,SE1 9SG,Southwark,London,Greater London,,England,ENG,United Kingdom,gb,0.63,1,1,© OpenStreetMap contributors,Open Database License,https://www.openstreetmap.org/copyright
United Kingdom,"New London Bridge House,London Bridge St.London SEI 9SW",2616,6,51.5043421,-0.0864458928542395,"The Shard, 32 London Bridge Street, London, SE1 9SG, United Kingdom",London Borough of Southwark,The Shard,32,London Bridge Street,SE1 9SG,Southwark,London,Greater London,,England,ENG,United Kingdom,gb,0,,,© OpenStreetMap contributors,Open Database License,https://www.openstreetmap.org/copyright
United Kingdom,"New London Bridge House,London Bridge St.London SEI.9SW",2617,6,51.5043421,-0.0864458928542395,"The Shard, 32 London Bridge Street, London, SE1 9SG, United Kingdom",London Borough of Southwark,The Shard,32,London Bridge Street,SE1 9SG,Southwark,London,Greater London,,England,ENG,United Kingdom,gb,0,,,© OpenStreetMap contributors,Open Database License,https://www.openstreetmap.org/copyright
United Kingdom,"New Oxford St.,London,WC1A 1DT",2618,6,51.516647,-0.1286588,"New Oxford Street, London, WC1A 1HB, United Kingdom",London Borough of Camden,New Oxford Street,,New Oxford Street,WC1A 1HB,Bloomsbury,London,Greater London,,England,ENG,United Kingdom,gb,0.63,1,1,© OpenStreetMap contributors,Open Database License,https://www.openstreetmap.org/copyright
United Kingdom,"New Rd.,Burntwood Staffordshire,WS7 0AB",2619,6,52.676935,-1.914567,"New Road, Burntwood, WS7 0AB, United Kingdom",Burntwood Civil Parish,,,New Road,WS7 0AB,,Burntwood,Staffordshire,STS,England,ENG,United Kingdom,gb,0.5,1,1,© OpenStreetMap contributors,Open Database License,https://www.openstreetmap.org/copyright
United Kingdom,"New Wave Complex,Bradbourne Dr.,Tilbrook,Milton Keynes MK7 8BN",2620,6,52.0087233,-0.6901381,"Bradbourne Drive, Milton Keynes, MK7 8AJ, United Kingdom",,Bradbourne Drive,,Bradbourne Drive,MK7 8AJ,Tilbrook,Milton Keynes,City of Milton Keynes,,England,ENG,United Kingdom,gb,0.5103,1,1,© OpenStreetMap contributors,Open Database License,https://www.openstreetmap.org/copyright
United Kingdom,"New Wave Complex,Bradbourne Dr.,Tilbrook,Milton Keynes,MK7 8BN",2621,6,52.0087233,-0.6901381,"Bradbourne Drive, Milton Keynes, MK7 8AJ, United Kingdom",,Bradbourne Drive,,Bradbourne Drive,MK7 8AJ,Tilbrook,Milton Keynes,City of Milton Keynes,,England,ENG,United Kingdom,gb,0.5103,1,1,© OpenStreetMap contributors,Open Database License,https://www.openstreetmap.org/copyright
United Kingdom,"New York Industrial Estate,North Tyneside,Tyne & Wear",2622,6,55.02979945,-1.5082559996141889,"yes, North Tyneside, ENG, United Kingdom",yes,,,,,,North Tyneside,North of Tyne,,England,ENG,United Kingdom,gb,0.06818181818181818,0.2727272727272727,,© OpenStreetMap contributors,Open Database License,https://www.openstreetmap.org/copyright
United Kingdom,"New York Way,Shiremoor,Newcastle upon Tyne NE27 0QE",2623,6,55.01894,-1.49661,"North Tyneside, NE27 0QE, United Kingdom",,,,,NE27 0QE,,North Tyneside,North of Tyne,,England,ENG,United Kingdom,gb,0.6,1,,© OpenStreetMap contributors,Open Database License,https://www.openstreetmap.org/copyright
United Kingdom,"New York Way,Shiremoor,Newcastle Upon Tyne NE27 0QE",2624,6,55.01894,-1.49661,"North Tyneside, NE27 0QE, United Kingdom",,,,,NE27 0QE,,North Tyneside,North of Tyne,,England,ENG,United Kingdom,gb,0.6,1,,© OpenStreetMap contributors,Open Database License,https://www.openstreetmap.org/copyright
United Kingdom,"New York Way,Shiremoor,Newcastle Upon Tyne NE27 OQE",2625,6,55.0241807,-1.4939795,"New York Way, North Tyneside, NE27 0QH, United Kingdom",,New York Way,,New York Way,NE27 0QH,,North Tyneside,North of Tyne,,England,ENG,United Kingdom,gb,0.44099999999999995,0.7,0.7,© OpenStreetMap contributors,Open Database License,https://www.openstreetmap.org/copyright
United Kingdom,"New York Way,Shiremoor,Newcastle upon Tyne,NE27 0QE",2626,6,55.01894,-1.49661,"North Tyneside, NE27 0QE, United Kingdom",,,,,NE27 0QE,,North Tyneside,North of Tyne,,England,ENG,United Kingdom,gb,0.6,1,,© OpenStreetMap contributors,Open Database License,https://www.openstreetmap.org/copyright
United Kingdom,Newcastle,2627,6,51.8519508,-2.8033085,"Whitecastle, Newcastle, WLS, United Kingdom",,Newcastle,,,NP25 5NT,Whitecastle,Newcastle,Monmouthshire,MON,Wales,WLS,United Kingdom,gb,1,1,,© OpenStreetMap contributors,Open Database License,https://www.openstreetmap.org/copyright
United Kingdom,"Nightingale Hase,65 Curzon St.,Mayjair,London,W1Y 7PE",2628,6,51.506381,-0.149052,"30 Curzon Street, London, W1J 7UL, United Kingdom",Westminster,,30,Curzon Street,W1J 7UL,Mayfair,London,London,,England,ENG,United Kingdom,gb,0,,,© OpenStreetMap contributors,Open Database License,https://www.openstreetmap.org/copyright
United Kingdom,"Nightingale House 65 Curzon St.,London W1Y 7PE",2629,6,51.507941349999996,-0.14461872917987129,"65 Curzon Street, London, W1J 8PE, United Kingdom",St. James's,,65,Curzon Street,W1J 8PE,Mayfair,London,Greater London,,England,ENG,United Kingdom,gb,0.9,1,1,© OpenStreetMap contributors,Open Database License,https://www.openstreetmap.org/copyright
United Kingdom,"Nikko House,17 God Riman St.,London EC4V 5BD",2630,6,51.5125041,-0.0988759,"Miyama, 17 Godliman Street, City of London, EC4V 5BD, United Kingdom",,Miyama,17,Godliman Street,EC4V 5BD,Vintry,City of London,Greater London,,England,ENG,United Kingdom,gb,0.45,1,0.5,© OpenStreetMap contributors,Open Database License,https://www.openstreetmap.org/copyright
United Kingdom,"Nikko House,17 Godliman St.,London EC4V 5BD",2631,6,51.5125041,-0.0988759,"Miyama, 17 Godliman Street, City of London, EC4V 5BD, United Kingdom",,Miyama,17,Godliman Street,EC4V 5BD,Vintry,City of London,Greater London,,England,ENG,United Kingdom,gb,0.9,1,1,© OpenStreetMap contributors,Open Database License,https://www.openstreetmap.org/copyright
United Kingdom,"Nissan Way,Sunderland,Tyne & Wear,SR5 3NY",2632,6,54.9093775,-1.4881804,"Nissan Way, Sunderland, SR5 3QY, United Kingdom",,Nissan Way,,Nissan Way,SR5 3QY,Sulgrave,Sunderland,Tyne and Wear,,England,ENG,United Kingdom,gb,0.7460526315789474,0.9,0.81,© OpenStreetMap contributors,Open Database License,https://www.openstreetmap.org/copyright
United Kingdom,"NNR House Stanwel Rd.,Feltham,Middlesex,TW14 8NG",2633,6,51.445848,-0.404353,"Feltham, London, TW14 8NG, United Kingdom",Hounslow,Feltham,,,TW14 8NG,Feltham,London,London,,England,ENG,United Kingdom,gb,0.25,1,,Who's On First,CC0,https://www.whosonfirst.org/docs/licenses/
United Kingdom,"NNR House Stanwel Rd.,Feltham,Middlesex,TW14 8NH",2634,6,51.445848,-0.404353,"Feltham, London, TW14 8NH, United Kingdom",Hounslow,Feltham,,,TW14 8NH,Feltham,London,London,,England,ENG,United Kingdom,gb,0.25,1,,Who's On First,CC0,https://www.whosonfirst.org/docs/licenses/
United Kingdom,"NNR House Stanwel Rd.,Feltham,Middlesex,TW148 NG",2635,6,50.550894549999995,-3.499484498984387,"Teignmouth Community School, Exeter Road, Exeter Road, Teignbridge, TQ14 9HZ, United Kingdom",,"Teignmouth Community School, Exeter Road",,Exeter Road,TQ14 9HZ,,Teignbridge,Devon,DEV,England,ENG,United Kingdom,gb,0,,,© OpenStreetMap contributors,Open Database License,https://www.openstreetmap.org/copyright
United Kingdom,"NNR House Stanwell Rd.,Feltham,Middlesex,TW14 8NG",2636,6,51.4538168,-0.4496247,"Stanwell Road, London, TW14 8NG, United Kingdom",London Borough of Hounslow,Stanwell Road,,Stanwell Road,TW14 8NG,Bedfont,London,Greater London,,England,ENG,United Kingdom,gb,0.7,1,1,© OpenStreetMap contributors,Open Database License,https://www.openstreetmap.org/copyright
United Kingdom,"NNR House,Stanwell Rd.,Feltham,Middlesex,TW14 8NG",2637,6,51.4538168,-0.4496247,"Stanwell Road, London, TW14 8NG, United Kingdom",London Borough of Hounslow,Stanwell Road,,Stanwell Road,TW14 8NG,Bedfont,London,Greater London,,England,ENG,United Kingdom,gb,0.7,1,1,© OpenStreetMap contributors,Open Database License,https://www.openstreetmap.org/copyright
United Kingdom,"No.1 Station Approach, Ruislip,Middlesex HA4 8LF",2638,6,51.5554102,-0.4005544,"Station Approach, London, HA4 6RT, United Kingdom",London Borough of Hillingdon,Station Approach,,Station Approach,HA4 6RT,,London,Greater London,,England,ENG,United Kingdom,gb,0.44099999999999995,0.7,0.7,© OpenStreetMap contributors,Open Database License,https://www.openstreetmap.org/copyright
United Kingdom,"No.1 Station Approach, Ruislip,Middlesex,HA4 8LF",2639,6,51.5554102,-0.4005544,"Station Approach, London, HA4 6RT, United Kingdom",London Borough of Hillingdon,Station Approach,,Station Approach,HA4 6RT,,London,Greater London,,England,ENG,United Kingdom,gb,0.44099999999999995,0.7,0.7,© OpenStreetMap contributors,Open Database License,https://www.openstreetmap.org/copyright
United Kingdom,"No.1 Stoke Rd.Guildford,Surrey Gul 4HW",2640,6,51.58184,-0.053555,"Reservoir №1, Tottenham Hale, London, ENG, United Kingdom",Waltham Forest,Reservoir №1,,,,Tottenham Hale,London,London,,England,ENG,United Kingdom,gb,0,,,© OpenStreetMap contributors,Open Database License,https://www.openstreetmap.org/copyright
United Kingdom,"No.1,The Courtyard,76-78 High St.Staines,Middlesex TW18 4DP",2641,6,51.4346237,-0.5099504,"Staines-upon-Thames, TW18 4DP, United Kingdom",,,,,TW18 4DP,,Staines-upon-Thames,Surrey,SRY,England,ENG,United Kingdom,gb,0.6,1,,© OpenStreetMap contributors,Open Database License,https://www.openstreetmap.org/copyright
United Kingdom,"No.12 Lee Grove,Chigwell Essex 1G 7 LAF",2642,6,51.520109,-0.130336,"United Kingdom Warehousing Association, Fitzrovia, London, ENG, United Kingdom",Camden,United Kingdom Warehousing Association,,,,Fitzrovia,London,London,,England,ENG,United Kingdom,gb,0,,,© OpenStreetMap contributors,Open Database License,https://www.openstreetmap.org/copyright
United Kingdom,"No.2 The IO Centre Lea Rd.,Waltham Cross Herts EN8 7PG",2643,6,51.6845166,-0.012467,"Lea Road, Waltham Cross, EN9 1FL, United Kingdom",,Lea Road,,Lea Road,EN9 1FL,,Waltham Cross,Hertfordshire,HRT,England,ENG,United Kingdom,gb,0.5,1,1,© OpenStreetMap contributors,Open Database License,https://www.openstreetmap.org/copyright
United Kingdom,"No.3 Hanover Sq.,London W1R 9RD",2644,6,51.513608,-0.142943,"3 Hanover Square, London, W1R 9RD, United Kingdom",Westminster,,3,Hanover Square,W1R 9RD,Mayfair,London,London,,England,ENG,United Kingdom,gb,0.95,1,1,© OpenStreetMap contributors,Open Database License,https://www.openstreetmap.org/copyright
United Kingdom,"No.3 Hanover Square,London W1R 9RD",2645,6,51.513608,-0.142943,"3 Hanover Square, London, W1R 9RD, United Kingdom",Westminster,,3,Hanover Square,W1R 9RD,Mayfair,London,London,,England,ENG,United Kingdom,gb,0.95,1,1,© OpenStreetMap contributors,Open Database License,https://www.openstreetmap.org/copyright
United Kingdom,"Nomura House 1,St.Martin's-le-Grand,London EC1A 4NP",2646,6,51.526891,-0.096426,"Chadworth House (1-40), London, EC1A 4NP, United Kingdom",Islington,,,Chadworth House (1-40),EC1A 4NP,St Luke's,London,London,,England,ENG,United Kingdom,gb,1,1,,© OpenStreetMap contributors,Open Database License,https://www.openstreetmap.org/copyright
United Kingdom,"Nomura House,1 St,Martin's-le-Grand,London EC1A 4NP",2647,6,51.526891,-0.096426,"Chadworth House (1-40), London, EC1A 4NP, United Kingdom",Islington,,,Chadworth House (1-40),EC1A 4NP,St Luke's,London,London,,England,ENG,United Kingdom,gb,1,1,,© OpenStreetMap contributors,Open Database License,https://www.openstreetmap.org/copyright
United Kingdom,"Nomura House,1 St.Martius-le-Grand,London EC1A 4NP",2648,6,51.506704,-0.141776,"Wimbourne House, London, EC1A 4NP, United Kingdom",Westminster,,,Wimbourne House,EC1A 4NP,St. James's,London,London,,England,ENG,United Kingdom,gb,1,1,,© OpenStreetMap contributors,Open Database License,https://www.openstreetmap.org/copyright
United Kingdom,"Nomura House,1,St Martin's-le-Grand,London,EC1A 4NP",2649,6,51.526891,-0.096426,"Chadworth House (1-40), London, EC1A 4NP, United Kingdom",Islington,,,Chadworth House (1-40),EC1A 4NP,St Luke's,London,London,,England,ENG,United Kingdom,gb,1,1,,© OpenStreetMap contributors,Open Database License,https://www.openstreetmap.org/copyright
United Kingdom,"Nomura House,1,St.Martin's-le Grand,London EC1A 4NP",2650,6,51.51644865,-0.09776585879604383,"1 St. Martin's Le Grand, City of London, EC1A 4AS, United Kingdom",,,1,St. Martin's Le Grand,EC1A 4AS,Cheap,City of London,Greater London,,England,ENG,United Kingdom,gb,0.5103,0.81,0.81,© OpenStreetMap contributors,Open Database License,https://www.openstreetmap.org/copyright
United Kingdom,"Nomura House,1,St.Martin's-le-Grand London,EC1A 4NP",2651,6,51.506704,-0.141776,"Wimbourne House, London, EC1A 4NP, United Kingdom",Westminster,,,Wimbourne House,EC1A 4NP,St. James's,London,London,,England,ENG,United Kingdom,gb,1,1,,© OpenStreetMap contributors,Open Database License,https://www.openstreetmap.org/copyright
United Kingdom,"Nomura House,1,St.Martin's-le-Grand,London EC1A 4NP",2652,6,51.506704,-0.141776,"Wimbourne House, London, EC1A 4NP, United Kingdom",Westminster,,,Wimbourne House,EC1A 4NP,St. James's,London,London,,England,ENG,United Kingdom,gb,1,1,,© OpenStreetMap contributors,Open Database License,https://www.openstreetmap.org/copyright
United Kingdom,"Nomura House,1,St.Martin's-le-Grand,London,EC1A 4NP",2653,6,51.506704,-0.141776,"Wimbourne House, London, EC1A 4NP, United Kingdom",Westminster,,,Wimbourne House,EC1A 4NP,St. James's,London,London,,England,ENG,United Kingdom,gb,1,1,,© OpenStreetMap contributors,Open Database License,https://www.openstreetmap.org/copyright
United Kingdom,"Nomura House,1.St.Martin's-le-Grand,London CE1A 4NP",2654,6,51.506704,-0.141776,"Wimbourne House, London, W1J 9DZ, United Kingdom",Westminster,,,Wimbourne House,W1J 9DZ,St. James's,London,London,,England,ENG,United Kingdom,gb,1,1,,© OpenStreetMap contributors,Open Database License,https://www.openstreetmap.org/copyright
United Kingdom,"Nomura House,1.St.Martin's-le-Grand,London EC1A",2655,6,51.506704,-0.141776,"Wimbourne House, London, E C1A, United Kingdom",Westminster,,,Wimbourne House,E C1A,St. James's,London,London,,England,ENG,United Kingdom,gb,1,1,,© OpenStreetMap contributors,Open Database License,https://www.openstreetmap.org/copyright
United Kingdom,"Nomura House,1.St.Martin's-le-Grand,London EC1A 4NP",2656,6,51.506704,-0.141776,"Wimbourne House, London, EC1A 4NP, United Kingdom",Westminster,,,Wimbourne House,EC1A 4NP,St. James's,London,London,,England,ENG,United Kingdom,gb,1,1,,© OpenStreetMap contributors,Open Database License,https://www.openstreetmap.org/copyright
United Kingdom,"Nomura House,1st,Martin's-le-Grand,London EC1A 4NP",2657,6,51.506704,-0.141776,"Wimbourne House, London, EC1A 4NP, United Kingdom",Westminster,,,Wimbourne House,EC1A 4NP,St. James's,London,London,,England,ENG,United Kingdom,gb,1,1,,© OpenStreetMap contributors,Open Database License,https://www.openstreetmap.org/copyright
United Kingdom,"Nomura House,24 Monument St.,London EC3R 8AJ",2658,6,51.50994133333333,-0.08593873333333334,"City of London, EC3R 8AJ, United Kingdom",,,,,EC3R 8AJ,,City of London,Greater London,,England,ENG,United Kingdom,gb,0.6,1,,© OpenStreetMap contributors,Open Database License,https://www.openstreetmap.org/copyright
United Kingdom,"Nomura House,24 Monument St.London EC3R 8AJ",2659,6,51.51297,-0.085664,"Jamaica Wine House, St. Michaels Alley, London, EC3V 9DS, United Kingdom",City of London,Jamaica Wine House,,St. Michaels Alley,EC3V 9DS,Monument,London,London,,England,ENG,United Kingdom,gb,0.5207142857142857,0.5,,© OpenStreetMap contributors,Open Database License,https://www.openstreetmap.org/copyright
United Kingdom,"Norris House 4 Norris St.,London,SW1V 4RJ",2660,6,51.48787,-0.14469,"London, SW1V 4RJ, United Kingdom",,,,,SW1V 4RJ,,City of Westminster,Greater London,,England,ENG,United Kingdom,gb,0.6,1,,© OpenStreetMap contributors,Open Database License,https://www.openstreetmap.org/copyright
United Kingdom,"Norris House,4 Norris St.,London SW1Y 4R5",2661,6,51.5091961,-0.1325012,"Norris Street, London, SW1Y 4RJ, United Kingdom",St. James's,Norris Street,,Norris Street,SW1Y 4RJ,Covent Garden,London,Greater London,,England,ENG,United Kingdom,gb,0.63,1,1,© OpenStreetMap contributors,Open Database License,https://www.openstreetmap.org/copyright
United Kingdom,"Norris House,4 Norris St.,London SW1Y 4RJ",2662,6,51.5091961,-0.1325012,"Norris Street, London, SW1Y 4RJ, United Kingdom",St. James's,Norris Street,,Norris Street,SW1Y 4RJ,Covent Garden,London,Greater London,,England,ENG,United Kingdom,gb,0.7,1,1,© OpenStreetMap contributors,Open Database License,https://www.openstreetmap.org/copyright
United Kingdom,"Norris House,4 Norris St.,London,SW1Y 4RJ",2663,6,51.5091961,-0.1325012,"Norris Street, London, SW1Y 4RJ, United Kingdom",St. James's,Norris Street,,Norris Street,SW1Y 4RJ,Covent Garden,London,Greater London,,England,ENG,United Kingdom,gb,0.7,1,1,© OpenStreetMap contributors,Open Database License,https://www.openstreetmap.org/copyright
United Kingdom,"North Bldg.,Highworth Rd.,South Marston,Swindon SN3 4TZ",2664,6,51.57032,-1.77783,"Mercure Swindon East South Marston, Wiltshire, SN3 4TZ, United Kingdom",,Mercure Swindon East South Marston,,,SN3 4TZ,,,Wiltshire,WIL,England,ENG,United Kingdom,gb,0.23914845000000007,0.6561000000000001,0.47829690000000014,GeoNames,CC BY 4.0,https://www.geonames.org/datasources/
United Kingdom,"North Bldg.,Highworth Rd.,South Marston,Swindon,SN3 4TZ",2665,6,51.57032,-1.77783,"Mercure Swindon East South Marston, Wiltshire, SN3 4TZ, United Kingdom",,Mercure Swindon East South Marston,,,SN3 4TZ,,,Wiltshire,WIL,England,ENG,United Kingdom,gb,0.23914845000000007,0.6561000000000001,0.47829690000000014,GeoNames,CC BY 4.0,https://www.geonames.org/datasources/
United Kingdom,"North Bldg.,Highworth Rd.,South Marston,Swindon,Wiltshire,SN3 4TZ",2666,6,51.590303,-1.774862,"Marston Avenue, Wiltshire, SN3 4TZ, United Kingdom",,,,Marston Avenue,SN3 4TZ,,,Wiltshire,WIL,England,ENG,United Kingdom,gb,0.45,1,0.9,© OpenStreetMap contributors,Open Database License,https://www.openstreetmap.org/copyright
United Kingdom,"North Portway Close,Round Spinney,Northampton NN3 4RE",2667,6,52.2787005,-0.8357158,"North Portway Close, Northampton, NN3 8RF, United Kingdom",,North Portway Close,,North Portway Close,NN3 8RF,Round Spinney,Northampton,West Northamptonshire,,England,ENG,United Kingdom,gb,0.63,1,1,© OpenStreetMap contributors,Open Database License,https://www.openstreetmap.org/copyright
United Kingdom,"North St.,Huth Waite Sutton in Ashfield,NG17 2PE",2668,6,53.1286722,-1.2922913,"North Street, Ashfield, NG17 2PE, United Kingdom",,North Street,,North Street,NG17 2PE,,Ashfield,Nottinghamshire,NTT,England,ENG,United Kingdom,gb,0.7,1,1,© OpenStreetMap contributors,Open Database License,https://www.openstreetmap.org/copyright
United Kingdom,"North West House,119 Marylebone Rd.,London",2669,6,51.52113295,-0.16128789919287803,"WeWork, 119-127 Marylebone Road, London, NW1 5PU, United Kingdom",,WeWork,119-127,Marylebone Road,NW1 5PU,Marylebone,London,Greater London,,England,ENG,United Kingdom,gb,0.81,1,1,© OpenStreetMap contributors,Open Database License,https://www.openstreetmap.org/copyright
United Kingdom,Northern Ireland,2670,6,54.5859836,-6.9591554,"Northern Ireland, United Kingdom",,,,,,,,,,Northern Ireland,NIR,United Kingdom,gb,1,,,© OpenStreetMap contributors,Open Database License,https://www.openstreetmap.org/copyright
United Kingdom,Northgate House 20-24 Moorgate London EC2R 6JD,2671,6,51.5172127,-0.0887576,"Moorgate, City of London, EC2R 6EJ, United Kingdom",,Moorgate,,Moorgate,EC2R 6EJ,Barbican,City of London,Greater London,,England,ENG,United Kingdom,gb,0.5103,0.81,0.81,© OpenStreetMap contributors,Open Database License,https://www.openstreetmap.org/copyright
United Kingdom,"Norwich Winter House,Rose Lane,Norwich,NR1 1JY",2672,6,52.6280838,1.2993616,"Rose Lane, Norwich, NR1 3DX, United Kingdom",,Rose Lane,,Rose Lane,NR1 3DX,Thorpe Hamlet,Norwich,Norfolk,NFK,England,ENG,United Kingdom,gb,0.63,1,1,© OpenStreetMap contributors,Open Database License,https://www.openstreetmap.org/copyright
United Kingdom,"Norwich Winterthur House,Rose Lane,Norwich NR1 1JY",2673,6,52.6280838,1.2993616,"Rose Lane, Norwich, NR1 3DX, United Kingdom",,Rose Lane,,Rose Lane,NR1 3DX,Thorpe Hamlet,Norwich,Norfolk,NFK,England,ENG,United Kingdom,gb,0.63,1,1,© OpenStreetMap contributors,Open Database License,https://www.openstreetmap.org/copyright
United Kingdom,Nottingham,2674,6,52.9534193,-1.1496461,"Nottingham, ENG, United Kingdom",,,,,,,Nottingham,,,England,ENG,United Kingdom,gb,1,1,,© OpenStreetMap contributors,Open Database License,https://www.openstreetmap.org/copyright
United Kingdom,"Number 1,Elliott Rd.Cirencester Gloucestershire GL7 1LF",2675,6,51.7092815,-1.95671125,"Watermoor Point, Preston (Cirencester), GL7 1LF, United Kingdom",,Watermoor Point,,,GL7 1LF,,Cirencester,Gloucestershire,GLS,England,ENG,United Kingdom,gb,1,1,,© OpenStreetMap contributors,Open Database License,https://www.openstreetmap.org/copyright
United Kingdom,"Number 1,Elliott Rd.Cirencester,Gloucestershire GL7 1LF",2676,6,51.7092815,-1.95671125,"Watermoor Point, Preston (Cirencester), GL7 1LF, United Kingdom",,Watermoor Point,,,GL7 1LF,,Cirencester,Gloucestershire,GLS,England,ENG,United Kingdom,gb,1,1,,© OpenStreetMap contributors,Open Database License,https://www.openstreetmap.org/copyright
United Kingdom,"NYK Complex,Bradbourne Dr.,Tilbrook,Milton Keynes,MK7 8BN",2677,6,52.0087233,-0.6901381,"Bradbourne Drive, Milton Keynes, MK7 8AJ, United Kingdom",,Bradbourne Drive,,Bradbourne Drive,MK7 8AJ,Tilbrook,Milton Keynes,City of Milton Keynes,,England,ENG,United Kingdom,gb,0.5103,1,1,© OpenStreetMap contributors,Open Database License,https://www.openstreetmap.org/copyright
United Kingdom,"Oak House,Ancells Rd.,Ancells Business Park Fleet,Aldershot Hampshire GU 13 8 UN",2678,6,50.988832,-1.500597,"Romsey United Reformed Church, Romsey, SO51 8NB, United Kingdom",Romsey Civil Parish,,,Romsey United Reformed Church,SO51 8NB,,Romsey,Hampshire,HAM,England,ENG,United Kingdom,gb,0.2,,,© OpenStreetMap contributors,Open Database License,https://www.openstreetmap.org/copyright
United Kingdom,"Oak House,Ancells Rd.,Ancells Business Park Fleet,Aldershot Hampshire GU13 8UN",2679,6,51.2494169,-0.7630148,"Aldershot (Rushmoor), GU11 1BX, United Kingdom",,Aldershot,,,GU11 1BX,,Rushmoor,Hampshire,HAM,England,ENG,United Kingdom,gb,0.0225,1,,© OpenStreetMap contributors,Open Database License,https://www.openstreetmap.org/copyright
United Kingdom,"Oak House,Ancells Rd.,Ancells Business Park,Fleet,Hampshire GU13 8UN",2680,6,51.297537,-0.822254,"Ancells Road, Fleet, United Kingdom",Fleet,,,Ancells Road,,,Fleet,Hampshire,HAM,England,ENG,United Kingdom,gb,0.5,1,1,© OpenStreetMap contributors,Open Database License,https://www.openstreetmap.org/copyright
United Kingdom,"Oak House,Ancells Rd.,Ancells Business Park,Fleet,Hampshire GU51 2QW",2681,6,51.2926694,-0.824272,"Ancells Road, Hart, GU51 2TH, United Kingdom",Ancells Farm,Ancells Road,,Ancells Road,GU51 2TH,Fleet,Hart,Hampshire,HAM,England,ENG,United Kingdom,gb,0.63,1,1,© OpenStreetMap contributors,Open Database License,https://www.openstreetmap.org/copyright
United Kingdom,"Oak House,Ancells Rd.,Ancells Business Park,Fleet,Hampshire,GU51 2QW",2682,6,51.2926694,-0.824272,"Ancells Road, Hart, GU51 2TH, United Kingdom",Ancells Farm,Ancells Road,,Ancells Road,GU51 2TH,Fleet,Hart,Hampshire,HAM,England,ENG,United Kingdom,gb,0.63,1,1,© OpenStreetMap contributors,Open Database License,https://www.openstreetmap.org/copyright
United Kingdom,"Oakcroft Rd.,Chessington,Surrey KT9 1SA",2683,6,51.3727908,-0.2928093,"Oakcroft Road, London, KT9 1BD, United Kingdom",Royal Borough of Kingston upon Thames,Oakcroft Road,,Oakcroft Road,KT9 1BD,Tolworth,London,Greater London,,England,ENG,United Kingdom,gb,0.44099999999999995,0.7,0.7,© OpenStreetMap contributors,Open Database License,https://www.openstreetmap.org/copyright
United Kingdom,"Oaktree Place,Rd,35,Hortonwood Ind.Estate Telford,Shropshire TF1 4FR",2684,6,52.719017,-2.465275698623712,"Hortonwood, Telford and Wrekin, TF1 4FR, United Kingdom",,Hortonwood,,,TF1 4FR,Hadley and Leegomery,,Telford and Wrekin,TFW,England,ENG,United Kingdom,gb,0,0.2222222222222222,0.2222222222222222,© OpenStreetMap contributors,Open Database License,https://www.openstreetmap.org/copyright
United Kingdom,"Oaktree Place,Rd,35,Hortonwood Industrial Estate Telford,Shropshire TF1 4PR",2685,6,52.8653107,-2.513493659394459,"Rosehill Industrial Estate, Stoke Heath, TF9 2JU, United Kingdom",,Rosehill Industrial Estate,,,TF9 2JU,Rosehill Industrial Estate,Stoke Heath,Shropshire,SHR,England,ENG,United Kingdom,gb,0.02025,0.3,,© OpenStreetMap contributors,Open Database License,https://www.openstreetmap.org/copyright
United Kingdom,"Oaktree Place,Rd.35,Hortonwood Ind.Estate,Telford,Shropshire TF1 4FR",2686,6,52.719017,-2.465275698623712,"Hortonwood, Telford and Wrekin, TF1 4FR, United Kingdom",,Hortonwood,,,TF1 4FR,Hadley and Leegomery,,Telford and Wrekin,TFW,England,ENG,United Kingdom,gb,0,0.2222222222222222,0.2222222222222222,© OpenStreetMap contributors,Open Database License,https://www.openstreetmap.org/copyright
United Kingdom,"Oaktree Place,Rd.35,Hortonwood Ind.Estate,Telford,Shropshire TF1 7FR",2687,6,52.719017,-2.465275698623712,"Hortonwood, Telford and Wrekin, TF1 7FR, United Kingdom",,Hortonwood,,,TF1 7FR,Hadley and Leegomery,,Telford and Wrekin,TFW,England,ENG,United Kingdom,gb,0,0.2222222222222222,0.2222222222222222,© OpenStreetMap contributors,Open Database License,https://www.openstreetmap.org/copyright
United Kingdom,"Oaktree Place,Rd.35,Hortonwood Ind.Estate,Telford,Shropshire,TF1 4FR",2688,6,52.719017,-2.465275698623712,"Hortonwood, Telford and Wrekin, TF1 4FR, United Kingdom",,Hortonwood,,,TF1 4FR,Hadley and Leegomery,,Telford and Wrekin,TFW,England,ENG,United Kingdom,gb,0,0.2222222222222222,0.2222222222222222,© OpenStreetMap contributors,Open Database License,https://www.openstreetmap.org/copyright
United Kingdom,"Occupation Rd.Wye Ashford,Kent TN25 5EN",2689,6,51.1848999,0.9432737,"Occupation Road, Ashford, TN25 5EN, United Kingdom",,Occupation Road,,Occupation Road,TN25 5EN,Wye with Hinxhill,Ashford,Kent,KEN,England,ENG,United Kingdom,gb,0,1,,© OpenStreetMap contributors,Open Database License,https://www.openstreetmap.org/copyright
United Kingdom,"Ocean House,Parklands Business Park Denmead Hampshire PO7 6XP",2690,6,50.894992,-1.068856,"Denmead (Denmead), PO7 6XP, United Kingdom",Denmead,PO7 6XP,,,PO7 6XP,,Denmead,,,,,United Kingdom,gb,0.6,1,,Who's On First,CC0,https://www.whosonfirst.org/docs/licenses/
United Kingdom,"Ocean House,Parklands Business Park,Denmead,Hampshire,PO7 6XP",2691,6,50.894992,-1.068856,"Denmead (Denmead), PO7 6XP, United Kingdom",Denmead,PO7 6XP,,,PO7 6XP,,Denmead,,,,,United Kingdom,gb,0.6,1,,Who's On First,CC0,https://www.whosonfirst.org/docs/licenses/
United Kingdom,"Ocean House,St.Georg's Rd.Southsea,Hants PO4 9QS",2692,6,50.7833923,-1.0606503,"Portsmouth, PO4 9QS, United Kingdom",,,,,PO4 9QS,,Portsmouth,,,England,ENG,United Kingdom,gb,0.6,1,,© OpenStreetMap contributors,Open Database License,https://www.openstreetmap.org/copyright
United Kingdom,"Octagon Point,2nd Fl.,5 Cheapside,London EC2V 6AA",2693,6,51.514826533333334,-0.0975182,"City of London, EC2V 6AA, United Kingdom",,,,,EC2V 6AA,,City of London,Greater London,,England,ENG,United Kingdom,gb,0.6,1,,© OpenStreetMap contributors,Open Database License,https://www.openstreetmap.org/copyright
United Kingdom,"Offa's Dyke Business Park,Welshpool,Powys SY21 8JF",2694,6,52.67005025,-3.1082615275516523,"Offa's Dyke Business Park, Welshpool, SY21 8JF, United Kingdom",,Offa's Dyke Business Park,,,SY21 8JF,Trewern,Welshpool,Powys,POW,Wales,WLS,United Kingdom,gb,1,1,,© OpenStreetMap contributors,Open Database License,https://www.openstreetmap.org/copyright
United Kingdom,"Office 1,289 Kennington Lane,London,SE11 5QY",2695,6,51.486415199999996,-0.11663614881153761,"Big Yellow Self Storage, 289 Kennington Lane, London, SE11 5QY, United Kingdom",London Borough of Lambeth,Big Yellow Self Storage,289,Kennington Lane,SE11 5QY,Oval,London,Greater London,,England,ENG,United Kingdom,gb,0.9,1,1,© OpenStreetMap contributors,Open Database License,https://www.openstreetmap.org/copyright
United Kingdom,"Office 106,New Broad Street House,35 New Broad St.,London EC2M 1NH",2696,6,51.5168771,-0.0838207,"IoDhub, 35 New Broad Street, City of London, EC2M 1NH, United Kingdom",,IoDhub,35,New Broad Street,EC2M 1NH,Bishopsgate,City of London,Greater London,,England,ENG,United Kingdom,gb,0.9,1,1,© OpenStreetMap contributors,Open Database License,https://www.openstreetmap.org/copyright
United Kingdom,"Office 17,Stafford Dr.,Battlefield Enterprise Park,Shrewsbury SY1 3FE",2697,6,50.358489,-4.78151,"Enterprise Park, Treverbyn, SY1 3FE, United Kingdom",Treverbyn,,,Enterprise Park,SY1 3FE,,Treverbyn,Cornwall,CON,England,ENG,United Kingdom,gb,0,,,© OpenStreetMap contributors,Open Database License,https://www.openstreetmap.org/copyright
United Kingdom,"Office 21,Leslie Sq.Paper Mill End Ind.Estate Aldridge Rd.,Great Barr,Birmingham,B44 8NH",2698,6,52.539848,-1.897526,"Aldridge Rd / Beeches Rd, ALDRIDGE RD, Birmingham, B44 8NH, United Kingdom",,Aldridge Rd / Beeches Rd,,ALDRIDGE RD,B44 8NH,Holford,Birmingham,Birmingham,BIR,England,ENG,United Kingdom,gb,0.19844999999999996,1,0.3968999999999999,© OpenStreetMap contributors,Open Database License,https://www.openstreetmap.org/copyright
United Kingdom,"Office 215,Euston House,24 Eversholt St.,London NW1 1AD",2699,6,51.5287778,-0.1320819,"Pizza Pilgrims, 24 Eversholt Street, London, NW1 1AD, United Kingdom",London Borough of Camden,Pizza Pilgrims,24,Eversholt Street,NW1 1AD,Somers Town,London,Greater London,,England,ENG,United Kingdom,gb,0.9,1,1,© OpenStreetMap contributors,Open Database License,https://www.openstreetmap.org/copyright
United Kingdom,"Office at Swan Valley 1 Cob Dr.,Swan Valley Northampton,Northamptonshire NN4 9BB",2700,6,52.2181117,-0.9480644,"Cob Drive, Northampton, NN4 9BB, United Kingdom",,Cob Drive,,Cob Drive,NN4 9BB,Hunsbury Meadows,Northampton,West Northamptonshire,,England,ENG,United Kingdom,gb,0.7,1,1,© OpenStreetMap contributors,Open Database License,https://www.openstreetmap.org/copyright
United Kingdom,"Ogier House,St.Julians Ave.,St.Peter Port,GY1 1WA,Guernsey",2701,6,52.663642,-1.580326,United Kingdom,,United Kingdom,,,,,,,,,,United Kingdom,gb,0,,,Who's On First,CC0,https://www.whosonfirst.org/docs/licenses/
United Kingdom,"Old Bridge House,The Hythe,Staines,Middlesex TW18 3JQ",2702,6,51.4320289,-0.5150334,"The Hythe, Staines-upon-Thames, TW18 3JQ, United Kingdom",,The Hythe,,The Hythe,TW18 3JQ,,Staines-upon-Thames,Surrey,SRY,England,ENG,United Kingdom,gb,0.7,1,1,© OpenStreetMap contributors,Open Database License,https://www.openstreetmap.org/copyright
United Kingdom,"Old Bridge House,The Hythe,Staines,Middlesex,TW18 3JQ",2703,6,51.4320289,-0.5150334,"The Hythe, Staines-upon-Thames, TW18 3JQ, United Kingdom",,The Hythe,,The Hythe,TW18 3JQ,,Staines-upon-Thames,Surrey,SRY,England,ENG,United Kingdom,gb,0.7,1,1,© OpenStreetMap contributors,Open Database License,https://www.openstreetmap.org/copyright
United Kingdom,"Old Change House 2nd Fl.,128 Queen Victoria St.,London,EC4V 4BJ",2704,6,51.5120574,-0.09743386666666666,"City of London, EC4V 4BJ, United Kingdom",,,,,EC4V 4BJ,,City of London,Greater London,,England,ENG,United Kingdom,gb,0.6,1,,© OpenStreetMap contributors,Open Database License,https://www.openstreetmap.org/copyright
United Kingdom,"Old Change House,128 Queen Victoria St.,London EC4V 4BJ",2705,6,51.5120574,-0.09743386666666666,"City of London, EC4V 4BJ, United Kingdom",,,,,EC4V 4BJ,,City of London,Greater London,,England,ENG,United Kingdom,gb,0.6,1,,© OpenStreetMap contributors,Open Database License,https://www.openstreetmap.org/copyright
United Kingdom,"Old Change House,128 Queen Victoria St.,London EC4V 4HR",2706,6,51.5121069,-0.09776936195835118,"128 Queen Victoria Street, City of London, EC4V 4EH, United Kingdom",City of London,,128,Queen Victoria Street,EC4V 4EH,Vintry,City of London,Greater London,,England,ENG,United Kingdom,gb,0.5103,0.81,0.81,© OpenStreetMap contributors,Open Database License,https://www.openstreetmap.org/copyright
United Kingdom,"Old Change House,128 Queen Victoria St.,London EC4V 8BJ",2707,6,51.5121069,-0.09776936195835118,"128 Queen Victoria Street, City of London, EC4V 4EH, United Kingdom",City of London,,128,Queen Victoria Street,EC4V 4EH,Vintry,City of London,Greater London,,England,ENG,United Kingdom,gb,0.5103,0.81,0.81,© OpenStreetMap contributors,Open Database License,https://www.openstreetmap.org/copyright
United Kingdom,"Old Change House,128 Queen Victoria St.,London,EC4V 4BJ",2708,6,51.5120574,-0.09743386666666666,"City of London, EC4V 4BJ, United Kingdom",,,,,EC4V 4BJ,,City of London,Greater London,,England,ENG,United Kingdom,gb,0.6,1,,© OpenStreetMap contributors,Open Database License,https://www.openstreetmap.org/copyright
United Kingdom,"Old Change House,128 Queen Victoria St.,London,EC4V 4HR",2709,6,51.5121069,-0.09776936195835118,"128 Queen Victoria Street, City of London, EC4V 4EH, United Kingdom",City of London,,128,Queen Victoria Street,EC4V 4EH,Vintry,City of London,Greater London,,England,ENG,United Kingdom,gb,0.5103,0.81,0.81,© OpenStreetMap contributors,Open Database License,https://www.openstreetmap.org/copyright
United Kingdom,"Old Change House,128 Queen Victoria St.London EC4V 4BJ",2710,6,51.5120574,-0.09743386666666666,"City of London, EC4V 4BJ, United Kingdom",,,,,EC4V 4BJ,,City of London,Greater London,,England,ENG,United Kingdom,gb,0.6,1,,© OpenStreetMap contributors,Open Database License,https://www.openstreetmap.org/copyright
United Kingdom,"Old Station Rd.,St.Andrews,Fife KY169 SP Scotland",2711,6,56.3430018,-2.8086859,"Old Station Road, St Andrews, KY16 9HR, United Kingdom",,Old Station Road,,Old Station Road,KY16 9HR,,St Andrews,Fife,FIF,Scotland,SCT,United Kingdom,gb,0.5670000000000001,0.9,0.9,© OpenStreetMap contributors,Open Database License,https://www.openstreetmap.org/copyright
United Kingdom,"Oldham St.,Denton,Manchester,M34 3SW",2712,6,53.4535588,-2.1301406,"Oldham Street, Tameside, M34 3SU, United Kingdom",,Oldham Street,,Oldham Street,M34 3SU,,Tameside,Greater Manchester,,England,ENG,United Kingdom,gb,0.5103,0.81,0.81,© OpenStreetMap contributors,Open Database License,https://www.openstreetmap.org/copyright
United Kingdom,"Olympus Park,Quedgeley Gloucester,GL2 4NF",2713,6,51.831311,-2.274451,"Olympus Business Park, Gloucester, GL2 4NF, United Kingdom",Quedgeley,,,Olympus Business Park,GL2 4NF,Quedgeley,Gloucester,Gloucestershire,GLS,England,ENG,United Kingdom,gb,0.9,1,0.9,© OpenStreetMap contributors,Open Database License,https://www.openstreetmap.org/copyright
United Kingdom,"One Aldgate,London EC3N 1LP",2714,6,51.5133443,-0.0756348,"One Stop, 8 Minories, City of London, EC3N 1BJ, United Kingdom",,One Stop,8,Minories,EC3N 1BJ,Aldgate,City of London,Greater London,,England,ENG,United Kingdom,gb,0.63,0.81,,© OpenStreetMap contributors,Open Database License,https://www.openstreetmap.org/copyright
United Kingdom,"One Aldgate,London,EC3N 1LP",2715,6,51.5133443,-0.0756348,"One Stop, 8 Minories, City of London, EC3N 1BJ, United Kingdom",,One Stop,8,Minories,EC3N 1BJ,Aldgate,City of London,Greater London,,England,ENG,United Kingdom,gb,0.63,0.81,,© OpenStreetMap contributors,Open Database License,https://www.openstreetmap.org/copyright
United Kingdom,"One Appold St.,London EC2A 2UU",2716,6,51.5203557,-0.0823266,"Appold Street, London, EC2A 2AF, United Kingdom",London Borough of Hackney,Appold Street,,Appold Street,EC2A 2AF,Shoreditch,London,Greater London,,England,ENG,United Kingdom,gb,0.63,1,1,© OpenStreetMap contributors,Open Database License,https://www.openstreetmap.org/copyright
United Kingdom,"One Appold St.,London,EC2A 2UU",2717,6,51.5203557,-0.0823266,"Appold Street, London, EC2A 2AF, United Kingdom",London Borough of Hackney,Appold Street,,Appold Street,EC2A 2AF,Shoreditch,London,Greater London,,England,ENG,United Kingdom,gb,0.63,1,1,© OpenStreetMap contributors,Open Database License,https://www.openstreetmap.org/copyright
United Kingdom,"One Broadgate,London,EC2M 2QS",2718,6,51.518638,-0.0841112,"one broadway, 1 Broadgate Circle, City of London, EC2M 2QS, United Kingdom",Bishopsgate Without,one broadway,1,Broadgate Circle,EC2M 2QS,,City of London,Greater London,,England,ENG,United Kingdom,gb,0.9,1,,© OpenStreetMap contributors,Open Database License,https://www.openstreetmap.org/copyright
United Kingdom,"One Charlotte Sq.,Edinburgh,EH2 4DZ",2719,6,55.9512815,-3.2067649,"Charlotte Square, City of Edinburgh, EH2 4AX, United Kingdom",First New Town,Charlotte Square,,Charlotte Square,EH2 4AX,New Town/Broughton,City of Edinburgh,,,Scotland,SCT,United Kingdom,gb,0.5103,0.81,0.81,© OpenStreetMap contributors,Open Database License,https://www.openstreetmap.org/copyright
United Kingdom,"One Charlotte Square,Edinburgh EH2 4DZ",2720,6,55.9512815,-3.2067649,"Charlotte Square, City of Edinburgh, EH2 4AX, United Kingdom",First New Town,Charlotte Square,,Charlotte Square,EH2 4AX,New Town/Broughton,City of Edinburgh,,,Scotland,SCT,United Kingdom,gb,0.5103,0.81,0.81,© OpenStreetMap contributors,Open Database License,https://www.openstreetmap.org/copyright
United Kingdom,"One Exchange Sq.,London EC2A 2JL",2721,6,51.514993,-0.092813,"City of London, London, EC2A 2JL, United Kingdom",City of London,City of London,,,EC2A 2JL,Blackfriars,London,London,,England,ENG,United Kingdom,gb,0.25,1,,Who's On First,CC0,https://www.whosonfirst.org/docs/licenses/
United Kingdom,"One Forge End,Woking,Surrey,GU21 6DB",2722,6,51.318321,-0.5626,"Forge End, Woking, GU21 6DB, United Kingdom",,,,Forge End,GU21 6DB,,Woking,Surrey,SRY,England,ENG,United Kingdom,gb,0.33333333333333337,1,0.6666666666666667,© OpenStreetMap contributors,Open Database License,https://www.openstreetmap.org/copyright
United Kingdom,"One Friday St.,London,EC4M 9JA",2723,6,51.51239,-0.09579,"Friday Street, London, EC4M 9JA, United Kingdom",City of London,Friday Street,,,EC4M 9JA,Blackfriars,London,London,,England,ENG,United Kingdom,gb,0.315,1,0.63,GeoNames,CC BY 4.0,https://www.geonames.org/datasources/
United Kingdom,"One New Change,London,EC4M 9AF",2724,6,51.513856149999995,-0.09504805519021789,"One New Change, New Change, City of London, EC4M 9AF, United Kingdom",,One New Change,,New Change,EC4M 9AF,Vintry,City of London,Greater London,,England,ENG,United Kingdom,gb,1,1,,© OpenStreetMap contributors,Open Database License,https://www.openstreetmap.org/copyright
United Kingdom,"One Thames Valley House Wokingham Rd.,Bracknell,Berkshire,RG42 1NG",2725,6,51.418207,-0.759496,"Wokingham Road, Bracknell, RG42 1NG, United Kingdom",Bracknell Civil Parish,,,Wokingham Road,RG42 1NG,,Bracknell,West Berkshire,WBK,England,ENG,United Kingdom,gb,0.45,1,1,© OpenStreetMap contributors,Open Database License,https://www.openstreetmap.org/copyright
United Kingdom,"Ongar Rd.,Brentwood,Essex CM15 9AY",2726,6,51.6401166,0.2763216,"Ongar Road, Brentwood, CM15 9RZ, United Kingdom",,Ongar Road,,Ongar Road,CM15 9RZ,,Brentwood,Essex,ESS,England,ENG,United Kingdom,gb,0.63,1,1,© OpenStreetMap contributors,Open Database License,https://www.openstreetmap.org/copyright
United Kingdom,"Orchard House,1st Fl.,Orchard Parade Mutton Lane,Potters Bar,Herts EN6 3AX",2727,6,51.70056,-0.20753,"Hertsmere, EN6 3AX, United Kingdom",,,,,EN6 3AX,,Hertsmere,Hertfordshire,HRT,England,ENG,United Kingdom,gb,0.6,1,,© OpenStreetMap contributors,Open Database License,https://www.openstreetmap.org/copyright
United Kingdom,"Oulton Works,School Rd.,Lowestoft,Suffolk NR33 9NA",2728,6,52.4712715,1.7206855,"School Road, East Suffolk, NR33 9NB, United Kingdom",,School Road,,School Road,NR33 9NB,Oulton Broad,East Suffolk,Suffolk,SFK,England,ENG,United Kingdom,gb,0.44099999999999995,0.7,0.7,© OpenStreetMap contributors,Open Database License,https://www.openstreetmap.org/copyright
United Kingdom,"Oultonworks,School Rd.,Lowestoft,Suffolk NR33 9NA",2729,6,52.4712715,1.7206855,"School Road, East Suffolk, NR33 9NB, United Kingdom",,School Road,,School Road,NR33 9NB,Oulton Broad,East Suffolk,Suffolk,SFK,England,ENG,United Kingdom,gb,0.44099999999999995,0.7,0.7,© OpenStreetMap contributors,Open Database License,https://www.openstreetmap.org/copyright
United Kingdom,Oxford,2730,6,51.7520131,-1.2578499,"Oxford, ENG, United Kingdom",,,,,,,Oxford,Oxfordshire,OXF,England,ENG,United Kingdom,gb,1,1,,© OpenStreetMap contributors,Open Database License,https://www.openstreetmap.org/copyright
United Kingdom,Oxfordshire,2731,6,51.833333,-1.25,"Oxfordshire, ENG, UK",,,,,,,,Oxfordshire,OXF,England,ENG,United Kingdom,gb,1,,,© OpenStreetMap contributors,Open Database License,https://www.openstreetmap.org/copyright
United Kingdom,"P.O.Box 132,Wigan,WN2 4XZ",2732,6,53.5457188,-2.6264624,"Wigan, ENG, United Kingdom",,,,,,,Wigan,Greater Manchester,,England,ENG,United Kingdom,gb,0.11111111111111113,1,,© OpenStreetMap contributors,Open Database License,https://www.openstreetmap.org/copyright
United Kingdom,"P.O.Box 2320 Swanagl,Dorset.BH19 1YH",2733,6,52.663642,-1.580326,United Kingdom,,United Kingdom,,,,,,,,,,United Kingdom,gb,0,,,Who's On First,CC0,https://www.whosonfirst.org/docs/licenses/
United Kingdom,"P.O.Box 384,the Albany South Esplanacle,St.Peter Port,Guernsey GY1 4NF",2734,6,50.834964,-0.202253,"384 Portland Road, Brighton and Hove, BN3 5SJ, United Kingdom",,,384,Portland Road,BN3 5SJ,Hangleton,Brighton and Hove,East Sussex,ESX,England,ENG,United Kingdom,gb,0.10698351525952325,0.025,0.011025,© OpenStreetMap contributors,Open Database License,https://www.openstreetmap.org/copyright
United Kingdom,"P.O.Box 432 11th Fl.,Commercial Union Bldg.,St.Helen's,1 Undershaft,London EC3A 8LQ",2735,6,51.5142975,-0.08160520073231234,"St. Helen's, 1 Undershaft, City of London, EC3A 6AE, United Kingdom",,St. Helen's,1,Undershaft,EC3A 6AE,Bishopsgate,City of London,Greater London,,England,ENG,United Kingdom,gb,0.5103000000000001,0.81,0.81,© OpenStreetMap contributors,Open Database License,https://www.openstreetmap.org/copyright
United Kingdom,"P.O.Box 70 10th Fl.,Commercial Union Bldg.,St.Helen's.1-Undershaft,London EC3A 8JJ",2736,6,,,,,,,,,,,,,,,,,,,,,,
United Kingdom,"P.O.Box 70,10th Fl.,Commercial Union Bldg.,St.Helen's,1-Undershaft,London EC3A 8JJ",2737,6,51.516313,-0.143816,"Embassy of Belgium Delegation of Flanders in the United Kingdom, 1a Cavendish Square, London, EC3A 8JJ, United Kingdom",Westminster,Embassy of Belgium Delegation of Flanders in the United Kingdom,1a,Cavendish Square,EC3A 8JJ,Marylebone,London,London,,England,ENG,United Kingdom,gb,0,1,,© OpenStreetMap contributors,Open Database License,https://www.openstreetmap.org/copyright
United Kingdom,"P.O.Box 88,Hong Kong Bank Bldg.,Greenville St.,St.Helier Jersey Cl.,Channel Island",2738,6,51.516313,-0.143816,"Embassy of Belgium Delegation of Flanders in the United Kingdom, 1a Cavendish Square, London, W1G 0LA, United Kingdom",Westminster,Embassy of Belgium Delegation of Flanders in the United Kingdom,1a,Cavendish Square,W1G 0LA,Marylebone,London,London,,England,ENG,United Kingdom,gb,0.1111111111111111,,,© OpenStreetMap contributors,Open Database License,https://www.openstreetmap.org/copyright
United Kingdom,"Padgets Lane,Redditch,Worcestershire B98 0RT",2739,6,52.3089852,-1.9018356,"Padgets Lane, Redditch, B98 0RD, United Kingdom",,Padgets Lane,,Padgets Lane,B98 0RD,Church Hill North,Redditch,Worcestershire,WOR,England,ENG,United Kingdom,gb,0.63,1,1,© OpenStreetMap contributors,Open Database License,https://www.openstreetmap.org/copyright
United Kingdom,"Padgets Lane,Redditch,Worcestershire B98 ORT",2740,6,52.3089852,-1.9018356,"Padgets Lane, Redditch, B98 0RD, United Kingdom",,Padgets Lane,,Padgets Lane,B98 0RD,Church Hill North,Redditch,Worcestershire,WOR,England,ENG,United Kingdom,gb,0.63,1,1,© OpenStreetMap contributors,Open Database License,https://www.openstreetmap.org/copyright
United Kingdom,"Padgets Lane,Redditch,Worcestershire,B98 0RT",2741,6,52.3089852,-1.9018356,"Padgets Lane, Redditch, B98 0RD, United Kingdom",,Padgets Lane,,Padgets Lane,B98 0RD,Church Hill North,Redditch,Worcestershire,WOR,England,ENG,United Kingdom,gb,0.63,1,1,© OpenStreetMap contributors,Open Database License,https://www.openstreetmap.org/copyright
United Kingdom,"Panasonic House,2 Gables Way,Colthrop.Thancham,Berkshire RG 19 4ZB",2742,6,51.3959024,-1.2251547,"Gables Way, Thatcham, RG19 4ZA, United Kingdom",,Gables Way,,Gables Way,RG19 4ZA,Thatcham,Thatcham,West Berkshire,WBK,England,ENG,United Kingdom,gb,0.5,,,© OpenStreetMap contributors,Open Database License,https://www.openstreetmap.org/copyright
United Kingdom,"Pancarn Way,Duffryn Newport,Gwent NP1 9YE",2743,6,51.561963,-3.026214,"Duffryn, Coedkernew Community, NP1 9YE, United Kingdom",Coedkernew Community,Duffryn,,,NP1 9YE,Duffryn,Coedkernew Community,Monmouthshire,MON,Wales,WLS,United Kingdom,gb,0.05,0.2,,Who's On First,CC0,https://www.whosonfirst.org/docs/licenses/
United Kingdom,"Pantglas Ind.Estate,Bedwas,Newport,Gwent,NP1 8DR",2744,6,51.58881375,-3.1876688992538904,"Pantglas Industrial Estate, Bedwas, NP1 8DR, United Kingdom",,Pantglas Industrial Estate,,,NP1 8DR,"Bedwas, Trethomas and Machen",Bedwas,Caerphilly County Borough,,Wales,WLS,United Kingdom,gb,0.058823529411764705,1,1,© OpenStreetMap contributors,Open Database License,https://www.openstreetmap.org/copyright
United Kingdom,"Pantglas Industrial Estate,Bedwas,Newport,Gwent,NP1 8DR",2745,6,51.58881375,-3.1876688992538904,"Pantglas Industrial Estate, Bedwas, NP1 8DR, United Kingdom",,Pantglas Industrial Estate,,,NP1 8DR,"Bedwas, Trethomas and Machen",Bedwas,Caerphilly County Borough,,Wales,WLS,United Kingdom,gb,0.058823529411764705,1,1,© OpenStreetMap contributors,Open Database License,https://www.openstreetmap.org/copyright
United Kingdom,Paramount House 23/25 Bridge St.Pinner Middlesex HA5 3HR,2746,6,51.5948667,-0.3836105,"Bridge Street, London, HA5 3JJ, United Kingdom",London Borough of Harrow,Bridge Street,,Bridge Street,HA5 3JJ,Pinner,London,Greater London,,England,ENG,United Kingdom,gb,0.2778299999999999,0.7,0.44099999999999995,© OpenStreetMap contributors,Open Database License,https://www.openstreetmap.org/copyright
United Kingdom,"Parc Hendre,Capel Hendre,Ammanford,Camarthenshire,SA18 3SJ",2747,6,51.78989105,-3.9931585975087494,"Ammanford, Carmarthenshire, WLS, United Kingdom",,,,,,Ammanford,,Carmarthenshire,CMN,Wales,WLS,United Kingdom,gb,0.25,1,,© OpenStreetMap contributors,Open Database License,https://www.openstreetmap.org/copyright
United Kingdom,"Park Crescent,Waterton Industrial Estate,Bridgend,Mid-Glamorgan,CF31 3YN",2748,6,51.500245,-3.534585,"Waterton Industrial Primary Substation, Bridgend, CF31 3TR, United Kingdom",Coychurch Lower Community,,,Waterton Industrial Primary Substation,CF31 3TR,Coychurch Lower,Bridgend,Rhondda Cynon Taf,RCT,Wales,WLS,United Kingdom,gb,0.19448099999999996,1,0.3969,© OpenStreetMap contributors,Open Database License,https://www.openstreetmap.org/copyright
United Kingdom,"Part 9th Fl.CP House,97/107 Uxbridge Rd.,Ealing,London W5 5TL",2749,6,51.51167075,-0.31261260513359096,"CP House, 97-107 Uxbridge Road, London, W5 5TL, United Kingdom",London Borough of Ealing,CP House,97-107,Uxbridge Road,W5 5TL,,London,Greater London,,England,ENG,United Kingdom,gb,0.9,1,1,© OpenStreetMap contributors,Open Database License,https://www.openstreetmap.org/copyright
United Kingdom,"Part 9th Fl.CP House,97/107 Uxbridge Rd.Ealing,London W5 5TL",2750,6,,,,,,,,,,,,,,,,,,,,,,
United Kingdom,"Part Ground Fl.,30 Eastbourne Terrace,London,W2 6LA",2751,6,51.51639955,-0.17860918460242892,"30 Eastbourne Terrace, London, W2 6LG, United Kingdom",,,30,Eastbourne Terrace,W2 6LG,Paddington,London,Greater London,,England,ENG,United Kingdom,gb,0.63,1,1,© OpenStreetMap contributors,Open Database License,https://www.openstreetmap.org/copyright
United Kingdom,"Part Ground Fl.,30 Eastbourne Terrace,Puddington,London,W2 6LA",2752,6,51.51639955,-0.17860918460242892,"30 Eastbourne Terrace, London, W2 6LG, United Kingdom",,,30,Eastbourne Terrace,W2 6LG,Paddington,London,Greater London,,England,ENG,United Kingdom,gb,0.63,1,1,© OpenStreetMap contributors,Open Database License,https://www.openstreetmap.org/copyright
United Kingdom,"Part Second Fl.,Carrington House 126-130,Regent St.,London,W1B 5SE",2753,6,51.5110105,-0.1384455015476545,"T.M.Lewin, 126 Regent Street, London, W1B 5SF, United Kingdom",St. James's,T.M.Lewin,126,Regent Street,W1B 5SF,Mayfair,City of Westminster,Greater London,,England,ENG,United Kingdom,gb,0.5670000000000001,0.9,0.9,© OpenStreetMap contributors,Open Database License,https://www.openstreetmap.org/copyright
United Kingdom,"Pavilion 1,Olympus Park Business Centre,Quedgeley,Gloucestershine GL2 6NF",2754,6,52.17045,-1.709915,"1 Clifford Park Business Centre, Stratford-upon-Avon, CV37 8HW, United Kingdom",Stratford-Upon-Avon,,1,Clifford Park Business Centre,CV37 8HW,,Stratford-upon-Avon,Warwickshire,WAR,England,ENG,United Kingdom,gb,0.09716326530612247,0.32148899999999997,0.2893401,© OpenStreetMap contributors,Open Database License,https://www.openstreetmap.org/copyright
United Kingdom,"Pavilion 1,Olympus Park Business Centre,Quedgeley,Gloucestershire GL2 6NF",2755,6,51.8274128,-2.2773034,"Quedgeley, Gloucester, ENG, United Kingdom",,,,,,Quedgeley,Gloucester,Gloucestershire,GLS,England,ENG,United Kingdom,gb,0.25,1,,© OpenStreetMap contributors,Open Database License,https://www.openstreetmap.org/copyright
United Kingdom,"Pencarn Way,Duffryn Newport,Gwent NP1 9YE",2756,6,51.5584871,-3.0293949,"Pencarn Way, Newport, NP10 8AU, United Kingdom",,Pencarn Way,,Pencarn Way,NP10 8AU,Tredegar Park,Newport,,,Wales,WLS,United Kingdom,gb,0.25,1,1,© OpenStreetMap contributors,Open Database License,https://www.openstreetmap.org/copyright
United Kingdom,"Pencarn Way,Duffryn Newport,South Wales NP10 8YE",2757,6,51.5563648,-3.0192918,"Pencarn Way, Newport, NP10 8UX, United Kingdom",,Pencarn Way,,Pencarn Way,NP10 8UX,Duffryn,Newport,,,Wales,WLS,United Kingdom,gb,0.63,0.9,0.9,© OpenStreetMap contributors,Open Database License,https://www.openstreetmap.org/copyright
United Kingdom,"Pencarn Way,Duffryn Newport,South Wales,NP10 8YE",2758,6,51.5563648,-3.0192918,"Pencarn Way, Newport, NP10 8UX, United Kingdom",,Pencarn Way,,Pencarn Way,NP10 8UX,Duffryn,Newport,,,Wales,WLS,United Kingdom,gb,0.63,0.9,0.9,© OpenStreetMap contributors,Open Database License,https://www.openstreetmap.org/copyright
United Kingdom,"Pencoed Technology Park Pencoed,Bridgend CF35 5HY",2759,6,51.51694175,-3.4887040498502175,"Pencoed Technology Park, Pencoed, CF35 5HY, United Kingdom",,Pencoed Technology Park,,,CF35 5HY,Pencoed,Pencoed,Bridgend County Borough,,Wales,WLS,United Kingdom,gb,1,1,,© OpenStreetMap contributors,Open Database License,https://www.openstreetmap.org/copyright
United Kingdom,"Peninslar House,36 Monument St.,London EC3R 8LJ",2760,6,51.50968,-0.08522,"City of London, EC3R 8LJ, United Kingdom",,,,,EC3R 8LJ,,City of London,Greater London,,England,ENG,United Kingdom,gb,0.6,1,,© OpenStreetMap contributors,Open Database License,https://www.openstreetmap.org/copyright
United Kingdom,Pennywell Ind.Estate Sunderland SR4 9EW,2761,6,54.892902899999996,-1.4538848146698249,"Pennywell Industrial Estate, Sunderland, SR4 9EW, United Kingdom",,Pennywell Industrial Estate,,,SR4 9EW,Hastings Hill,Sunderland,Tyne and Wear,,England,ENG,United Kingdom,gb,1,1,,© OpenStreetMap contributors,Open Database License,https://www.openstreetmap.org/copyright
United Kingdom,"Pennywell Ind.Estate,Sunderland SR4 9EW",2762,6,54.892902899999996,-1.4538848146698249,"Pennywell Industrial Estate, Sunderland, SR4 9EW, United Kingdom",,Pennywell Industrial Estate,,,SR4 9EW,Hastings Hill,Sunderland,Tyne and Wear,,England,ENG,United Kingdom,gb,1,1,,© OpenStreetMap contributors,Open Database License,https://www.openstreetmap.org/copyright
United Kingdom,Pennywell Industrial Estate Sunderland SR4 9EW,2763,6,54.892902899999996,-1.4538848146698249,"Pennywell Industrial Estate, Sunderland, SR4 9EW, United Kingdom",,Pennywell Industrial Estate,,,SR4 9EW,Hastings Hill,Sunderland,Tyne and Wear,,England,ENG,United Kingdom,gb,1,1,,© OpenStreetMap contributors,Open Database License,https://www.openstreetmap.org/copyright
United Kingdom,"Pennywell Rd.,Bristol BS5 0TT",2764,6,51.4636522,-2.5759246,"Bristol, BS5 0TT, United Kingdom",,,,,BS5 0TT,,Bristol,City of Bristol,BST,England,ENG,United Kingdom,gb,0.6,1,,© OpenStreetMap contributors,Open Database License,https://www.openstreetmap.org/copyright
United Kingdom,"Pennywell Rd.,Bristol BS5 OTT",2765,6,51.462167,-2.576575,"Pennywell Road, Bristol, BS5 0UX, United Kingdom",,,,Pennywell Road,BS5 0UX,St. Agnes,Bristol,Bristol,,England,ENG,United Kingdom,gb,0.6428571428571428,1,1,© OpenStreetMap contributors,Open Database License,https://www.openstreetmap.org/copyright
United Kingdom,"Pentax House South Hill Ave.,South Harrow Middlesex HA2 0LT",2766,6,51.5637509,-0.3504665,"South Hill Avenue, London, HA2 0NW, United Kingdom",London Borough of Harrow,South Hill Avenue,,South Hill Avenue,HA2 0NW,South Harrow,London,Greater London,,England,ENG,United Kingdom,gb,0.63,0.7,0.7,© OpenStreetMap contributors,Open Database License,https://www.openstreetmap.org/copyright
United Kingdom,"Pentax House,Heron Dr.,Langley,Slough,Berks SL3 8PN",2767,6,51.4985668,-0.5346241,"Heron Drive, Slough, SL3 8XP, United Kingdom",,Heron Drive,,Heron Drive,SL3 8XP,Heathrow West Business Park,Slough,,,England,ENG,United Kingdom,gb,0.63,1,1,© OpenStreetMap contributors,Open Database License,https://www.openstreetmap.org/copyright
United Kingdom,"Pentax House,Heron Dr.,Langley,Slough,Berks.SL3 8PN",2768,6,51.416337,-0.778342,"3M United Kingdom, Binfield, RG12 1WP, United Kingdom","St. Nicholas, Hurst",,,3M United Kingdom,RG12 1WP,Temple Park,Binfield,West Berkshire,WBK,England,ENG,United Kingdom,gb,0,,,© OpenStreetMap contributors,Open Database License,https://www.openstreetmap.org/copyright
United Kingdom,"Pentax House,Heron Dr.,Langley,Slough,Berkshire,SL3 8PN",2769,6,51.4985668,-0.5346241,"Heron Drive, Slough, SL3 8XP, United Kingdom",,Heron Drive,,Heron Drive,SL3 8XP,Heathrow West Business Park,Slough,,,England,ENG,United Kingdom,gb,0.63,1,1,© OpenStreetMap contributors,Open Database License,https://www.openstreetmap.org/copyright
United Kingdom,"Pentax House,Heron Dr.,Langley,Slough,SL3 8PN",2770,6,51.4985668,-0.5346241,"Heron Drive, Slough, SL3 8XP, United Kingdom",,Heron Drive,,Heron Drive,SL3 8XP,Heathrow West Business Park,Slough,,,England,ENG,United Kingdom,gb,0.63,1,1,© OpenStreetMap contributors,Open Database License,https://www.openstreetmap.org/copyright
United Kingdom,"Phoenix House 18 King William St.,London EC4N 7BP",2771,6,51.511096,-0.087252,"Santander, 18 King William Street, City of London, EC4N 7BP, United Kingdom",,Santander,18,King William Street,EC4N 7BP,Cornhill,City of London,Greater London,,England,ENG,United Kingdom,gb,0.9,1,1,© OpenStreetMap contributors,Open Database License,https://www.openstreetmap.org/copyright
United Kingdom,"Phoenix House,18 King William St.,London EC4N 7BP",2772,6,51.511096,-0.087252,"Santander, 18 King William Street, City of London, EC4N 7BP, United Kingdom",,Santander,18,King William Street,EC4N 7BP,Cornhill,City of London,Greater London,,England,ENG,United Kingdom,gb,0.9,1,1,© OpenStreetMap contributors,Open Database License,https://www.openstreetmap.org/copyright
United Kingdom,"Pickfords Wharf,Clink St.,London SE1 9DG",2773,6,51.5068904,-0.090626,"Clink Street, London, SE1 9DG, United Kingdom",London Borough of Southwark,Clink Street,,Clink Street,SE1 9DG,Southwark,London,Greater London,,England,ENG,United Kingdom,gb,0.7,1,1,© OpenStreetMap contributors,Open Database License,https://www.openstreetmap.org/copyright
United Kingdom,"Pilgrim House Suite 2,2-6 William St.,Windsor,Berkshire SL4 1BA",2774,6,51.4806514,-0.6104429,"William Street, Windsor, SL4 1BA, United Kingdom",Clewer Within,William Street,,William Street,SL4 1BA,Clewer New Town,Windsor,Royal Borough of Windsor and Maidenhead,,England,ENG,United Kingdom,gb,0.7,1,1,© OpenStreetMap contributors,Open Database License,https://www.openstreetmap.org/copyright
United Kingdom,"Pillings Rd.,Oakham,Leicestershire LE15 6QF",2775,6,52.6786662,-0.7356288,"Pillings Road, Barleythorpe, LE15 6QF, United Kingdom",,Pillings Road,,Pillings Road,LE15 6QF,Oakham,Barleythorpe,Rutland,RUT,England,ENG,United Kingdom,gb,0.7,1,1,© OpenStreetMap contributors,Open Database License,https://www.openstreetmap.org/copyright
United Kingdom,"Pillings Rd.,Oakham,Leicestershire,LE15 6QF",2776,6,52.6786662,-0.7356288,"Pillings Road, Barleythorpe, LE15 6QF, United Kingdom",,Pillings Road,,Pillings Road,LE15 6QF,Oakham,Barleythorpe,Rutland,RUT,England,ENG,United Kingdom,gb,0.7,1,1,© OpenStreetMap contributors,Open Database License,https://www.openstreetmap.org/copyright
United Kingdom,"Pioneer Way-Castleford,Leeds,Yorkshire",2777,6,53.710085,-1.385738,"Pioneer Way, Castleford, United Kingdom",,,,Pioneer Way,,,Castleford,Kirklees,KIR,England,ENG,United Kingdom,gb,0,,,© OpenStreetMap contributors,Open Database License,https://www.openstreetmap.org/copyright
United Kingdom,"Pioneer Way,Castleford West,Yorkshire,WF10 5QG",2778,6,53.7096014,-1.3811896,"Pioneer Way, Wakefield, WF10 5QG, United Kingdom",,Pioneer Way,,Pioneer Way,WF10 5QG,Pioneer Business Park,Wakefield,West Yorkshire,,England,ENG,United Kingdom,gb,0.7,1,1,© OpenStreetMap contributors,Open Database License,https://www.openstreetmap.org/copyright
United Kingdom,"Pioneer,Crawley Business Quarter Fleming Way,Crawley,West Sussex,RH10 9QL",2779,6,51.13405,-0.1801,"Crawley, RH10 9QL, United Kingdom",,,,,RH10 9QL,,Crawley,West Sussex,WSX,England,ENG,United Kingdom,gb,0.6,1,,© OpenStreetMap contributors,Open Database License,https://www.openstreetmap.org/copyright
United Kingdom,"Pioneer,Crawley Business Quarter,Fleming Way,Crawley,West Sussex,RH10 9QL",2780,6,51.1346846,-0.180156,"Fleming Way, Crawley, RH10 9QL, United Kingdom",,Fleming Way,,Fleming Way,RH10 9QL,Lowfield Heath,Crawley,West Sussex,WSX,England,ENG,United Kingdom,gb,0.7,1,1,© OpenStreetMap contributors,Open Database License,https://www.openstreetmap.org/copyright
United Kingdom,"Pioneer,Crowley Business Quarter Fleming Way,Crawley,West Sussex,RH10 9QL",2781,6,51.1346846,-0.180156,"Fleming Way, Crawley, RH10 9QL, United Kingdom",,Fleming Way,,Fleming Way,RH10 9QL,Lowfield Heath,Crawley,West Sussex,WSX,England,ENG,United Kingdom,gb,0.7,1,1,© OpenStreetMap contributors,Open Database License,https://www.openstreetmap.org/copyright
United Kingdom,"Pitt St.,St.Helier,Jersey Channel Islands",2782,6,53.429923,-1.384483,"Pitt Street, Rotherham, United Kingdom",,,,Pitt Street,,,Rotherham,Rotherham,ROT,England,ENG,United Kingdom,gb,0,,,© OpenStreetMap contributors,Open Database License,https://www.openstreetmap.org/copyright
United Kingdom,"Plane Tree Crescent,Feltham Middlesex TW13 7HD",2783,6,51.4388796,-0.4085403,"Plane Tree Crescent, London, TW13 7BZ, United Kingdom",London Borough of Hounslow,Plane Tree Crescent,,Plane Tree Crescent,TW13 7BZ,Feltham,London,Greater London,,England,ENG,United Kingdom,gb,0.44099999999999995,1,1,© OpenStreetMap contributors,Open Database License,https://www.openstreetmap.org/copyright
United Kingdom,"Plane Tree Crescent,Feltham,Middlesex TW13 7HD",2784,6,51.4388796,-0.4085403,"Plane Tree Crescent, London, TW13 7BZ, United Kingdom",London Borough of Hounslow,Plane Tree Crescent,,Plane Tree Crescent,TW13 7BZ,Feltham,London,Greater London,,England,ENG,United Kingdom,gb,0.44099999999999995,1,1,© OpenStreetMap contributors,Open Database License,https://www.openstreetmap.org/copyright
United Kingdom,"Plantation House 31/35,Fenchurch St.,London",2785,6,51.5117075,-0.0816364,"35 Fenchurch Street, London, United Kingdom",City of London,,35,Fenchurch Street,,Fenchurch,London,London,,England,ENG,United Kingdom,gb,0.63,1,1,,,
United Kingdom,"Plastribution House 81 Market St.Ashby-de-la-Zouch,Leicestershire LE6 5AH",2786,6,,,,,,,,,,,,,,,,,,,,,,
United Kingdom,"Plot 5000 Park Ave.,Dove Valley Park,Foston,Derbyshire",2787,6,52.8876125,-1.6933710188448516,"PLOT P2-04, Park Avenue, South Derbyshire, DE65 5BG, United Kingdom",,PLOT P2-04,,Park Avenue,DE65 5BG,Foston and Scropton CP,South Derbyshire,Derbyshire,DBY,England,ENG,United Kingdom,gb,0.36450000000000005,0.7290000000000001,0.7290000000000001,© OpenStreetMap contributors,Open Database License,https://www.openstreetmap.org/copyright
United Kingdom,"Plot 5000 Park Ave.,Dove Valley Park,Foston,Derbyshire,DE65 5BT",2788,6,52.885939,-1.697481,"Park Avenue, Foston and Scropton, DE65 5BT, United Kingdom",Foston and Scropton,,,Park Avenue,DE65 5BT,,Foston and Scropton,Derbyshire,DBY,England,ENG,United Kingdom,gb,0.405,0.81,0.81,© OpenStreetMap contributors,Open Database License,https://www.openstreetmap.org/copyright
United Kingdom,"Plot 6000 Gloucester Business Park,Golf Club Lane,Brockworth Gloucester GL3 4AJ",2789,6,51.8435661,-2.1689574,"Golf Club Lane, Tewkesbury, GL3 4AJ, United Kingdom",,Golf Club Lane,,Golf Club Lane,GL3 4AJ,Brockworth,Tewkesbury,Gloucestershire,GLS,England,ENG,United Kingdom,gb,0.63,1,0.9,© OpenStreetMap contributors,Open Database License,https://www.openstreetmap.org/copyright
United Kingdom,Plum Tree Court Farringdom Street London EC4A 4HT,2790,6,51.516313,-0.143816,"Embassy of Belgium Delegation of Flanders in the United Kingdom, 1a Cavendish Square, London, EC4A 4HT, United Kingdom",Westminster,Embassy of Belgium Delegation of Flanders in the United Kingdom,1a,Cavendish Square,EC4A 4HT,Marylebone,London,London,,England,ENG,United Kingdom,gb,0,1,,© OpenStreetMap contributors,Open Database License,https://www.openstreetmap.org/copyright
United Kingdom,"Plumtree Court,London,EC4A 4H",2791,6,51.5169338,-0.1052591,"Plumtree Court, City of London, EC4A 3BL, United Kingdom",West Smithfield,Plumtree Court,,Plumtree Court,EC4A 3BL,,City of London,Greater London,,England,ENG,United Kingdom,gb,0.2025,0.81,0.81,© OpenStreetMap contributors,Open Database License,https://www.openstreetmap.org/copyright
United Kingdom,"Plumtree Court,London,EC4A 4HT",2792,6,51.5169338,-0.1052591,"Plumtree Court, City of London, EC4A 3BL, United Kingdom",West Smithfield,Plumtree Court,,Plumtree Court,EC4A 3BL,,City of London,Greater London,,England,ENG,United Kingdom,gb,0.5103,0.81,0.81,© OpenStreetMap contributors,Open Database License,https://www.openstreetmap.org/copyright
United Kingdom,"POB 101,Elmhirst Lane,Dodworth,Barnsley,South Yorkshire S75 3TA",2793,6,53.5481006,-1.5390903,"Elmhirst Lane, Barnsley, S75 4LD, United Kingdom",,Elmhirst Lane,,Elmhirst Lane,S75 4LD,,Barnsley,South Yorkshire,,England,ENG,United Kingdom,gb,0.63,1,1,© OpenStreetMap contributors,Open Database License,https://www.openstreetmap.org/copyright
United Kingdom,"POB 101,Elmhirst Lane,Dodworth,Barnsley,South Yorkshire,S75 3SN",2794,6,53.5481006,-1.5390903,"Elmhirst Lane, Barnsley, S75 4LD, United Kingdom",,Elmhirst Lane,,Elmhirst Lane,S75 4LD,,Barnsley,South Yorkshire,,England,ENG,United Kingdom,gb,0.63,1,1,© OpenStreetMap contributors,Open Database License,https://www.openstreetmap.org/copyright
United Kingdom,"POB 101,Elmhirst Lane,Dodworth,Barnsley,South Yorkshire,S75 3TA",2795,6,53.5481006,-1.5390903,"Elmhirst Lane, Barnsley, S75 4LD, United Kingdom",,Elmhirst Lane,,Elmhirst Lane,S75 4LD,,Barnsley,South Yorkshire,,England,ENG,United Kingdom,gb,0.63,1,1,© OpenStreetMap contributors,Open Database License,https://www.openstreetmap.org/copyright
United Kingdom,"POB 18,Hunsworth Lane,Cleckheaton,West Yorkshire,BD19 3UJ",2796,6,53.72313,-1.71384,"Kirklees, BD19 3UJ, United Kingdom",,,,,BD19 3UJ,,Kirklees,West Yorkshire,,England,ENG,United Kingdom,gb,0.6,1,,© OpenStreetMap contributors,Open Database License,https://www.openstreetmap.org/copyright
United Kingdom,"POB 18,Northern Rd.,Newark,Nottinghamshire NG24 2JF",2797,6,53.0811219,-0.7975114,"Northern Road, Newark and Sherwood, NG24 2EJ, United Kingdom",,Northern Road,,Northern Road,NG24 2EJ,Newark,Newark and Sherwood,Nottinghamshire,NTT,England,ENG,United Kingdom,gb,0.63,1,1,© OpenStreetMap contributors,Open Database License,https://www.openstreetmap.org/copyright
United Kingdom,"POB 18,Northern Rd.,Newark,Nottinghamshire,NG24 2JF",2798,6,53.0811219,-0.7975114,"Northern Road, Newark and Sherwood, NG24 2EJ, United Kingdom",,Northern Road,,Northern Road,NG24 2EJ,Newark,Newark and Sherwood,Nottinghamshire,NTT,England,ENG,United Kingdom,gb,0.63,1,1,© OpenStreetMap contributors,Open Database License,https://www.openstreetmap.org/copyright
United Kingdom,"POB 182 Wetherby West Yorkshire,LS22 7TB",2799,6,53.9259798,-1.3776342114695606,"Wetherby, Leeds, ENG, United Kingdom",,,,,,Wetherby,Leeds,West Yorkshire,,England,ENG,United Kingdom,gb,1,1,,© OpenStreetMap contributors,Open Database License,https://www.openstreetmap.org/copyright
United Kingdom,"POB 19,Bird Hall Lane,Cheadle Heath,Stockport,Cheshire SK3 0RX",2800,6,53.3979081,-2.1867262,"Bird Hall Lane, Cheadle, SK3 0RS, United Kingdom",,Bird Hall Lane,,Bird Hall Lane,SK3 0RS,Cheadle Heath,Cheadle,Greater Manchester,,England,ENG,United Kingdom,gb,0.44099999999999995,0.7,0.7,© OpenStreetMap contributors,Open Database License,https://www.openstreetmap.org/copyright
United Kingdom,"POB 19,Bird Hall Lane,Cheadle Heath,Stockport,Cheshire SK3 ORX",2801,6,53.3979081,-2.1867262,"Bird Hall Lane, Cheadle, SK3 0RS, United Kingdom",,Bird Hall Lane,,Bird Hall Lane,SK3 0RS,Cheadle Heath,Cheadle,Greater Manchester,,England,ENG,United Kingdom,gb,0.44099999999999995,0.7,0.7,© OpenStreetMap contributors,Open Database License,https://www.openstreetmap.org/copyright
United Kingdom,"POB 22,19,Scotts Rd.,Paisley,PA2 7AN",2802,6,55.8408254,-4.3936821,"Scotts Road, Paisley, PA2 7AL, United Kingdom",,Scotts Road,,Scotts Road,PA2 7AL,Hawkhead,Paisley,Renfrewshire,RFW,Scotland,SCT,United Kingdom,gb,0.63,1,1,© OpenStreetMap contributors,Open Database License,https://www.openstreetmap.org/copyright
United Kingdom,"POB 22,Ladysneuk Rd.,Stirling,FK9 5NZ",2803,6,56.1347378,-3.9193197,"Ladysneuk Road, Stirling, FK9 5NR, United Kingdom",,Ladysneuk Road,,Ladysneuk Road,FK9 5NR,Causewayhead,Stirling,Stirling,STG,Scotland,SCT,United Kingdom,gb,0.5,1,1,© OpenStreetMap contributors,Open Database License,https://www.openstreetmap.org/copyright
United Kingdom,"POB 225,Polygon Hall,Le Marchant St.,St.Peter Port,Guernsey,Channel Islands,GY1 4HY",2804,6,49.454813,-2.566659,"Guernsey, Channel Islands",,Guernsey,,,,,,,,,,Guernsey,gg,0.0625,,,Who's On First,CC0,https://www.whosonfirst.org/docs/licenses/
United Kingdom,"POB 2320 Swanagl,Dorset.BH19 1YH",2805,6,52.510846,-1.876021,"Pob Precision Tools, Witton, Birmingham, ENG, United Kingdom",,Pob Precision Tools,,,,Witton,Birmingham,Birmingham,BIR,England,ENG,United Kingdom,gb,0,,,© OpenStreetMap contributors,Open Database License,https://www.openstreetmap.org/copyright
United Kingdom,"POB 301,Queen's House,Don Rd.St.Helier Jersey,British Isles",2806,6,53.171624,-1.056387,"301 301 Cedar, Rufford, NG22 9DN, United Kingdom",Rufford,,301,301 Cedar,NG22 9DN,,Rufford,Nottinghamshire,NTT,England,ENG,United Kingdom,gb,0,,,© OpenStreetMap contributors,Open Database License,https://www.openstreetmap.org/copyright
United Kingdom,"POB 301,Queen's House,Don Road.St.Helier Jersey,British Isles",2807,6,53.171624,-1.056387,"301 301 Cedar, Rufford, NG22 9DN, United Kingdom",Rufford,,301,301 Cedar,NG22 9DN,,Rufford,Nottinghamshire,NTT,England,ENG,United Kingdom,gb,0,,,© OpenStreetMap contributors,Open Database License,https://www.openstreetmap.org/copyright
United Kingdom,"POB 301,Queen's House,St.Helier Jersey,C.I.British Isles",2808,6,51.481384,-0.003911,"Queen's House, London, SE10 9NF, United Kingdom",Greenwich,Queen's House,,,SE10 9NF,Greenwich,London,London,,England,ENG,United Kingdom,gb,0,,,© OpenStreetMap contributors,Open Database License,https://www.openstreetmap.org/copyright
United Kingdom,"POB 33 Maison Trinity,Trinity Sq.,St.Peter Port,Guernsey,Channel Islands,GY1 4AT",2809,6,49.453811,-2.540431,"3 Port Vase, St Peter Port, GY1 1HN, Guernsey, Channel Islands",,,3,Port Vase,GY1 1HN,,St Peter Port,,,Guernsey,,Guernsey,gg,0.405,0.5,0.45,© OpenAddresses contributors,BSD-3-Clause License,
United Kingdom,"POB 384,the Albany South Esplanacle,St.Peter Port,Guernsey GY1 4NF",2810,6,50.834964,-0.202253,"384 Portland Road, Brighton and Hove, BN3 5SJ, United Kingdom",,,384,Portland Road,BN3 5SJ,Hangleton,Brighton and Hove,East Sussex,ESX,England,ENG,United Kingdom,gb,0.23099999999999998,0.025,0.011025,© OpenStreetMap contributors,Open Database License,https://www.openstreetmap.org/copyright
United Kingdom,"POB 384,The Albany South Esplanade,St.Peter Port,Guernsey,GY1 4NF",2811,6,52.663642,-1.580326,United Kingdom,,United Kingdom,,,,,,,,,,United Kingdom,gb,0,,,Who's On First,CC0,https://www.whosonfirst.org/docs/licenses/
United Kingdom,"POB 4,Thornton Cleveleys,Lancashire,FY5 4QD",2812,6,53.88392,-3.00222,"Wyre, FY5 4QD, United Kingdom",,,,,FY5 4QD,Trunnah,Borough of Wyre,Lancashire,LAN,England,ENG,United Kingdom,gb,0.5,1,,© OpenStreetMap contributors,Open Database License,https://www.openstreetmap.org/copyright
United Kingdom,"POB 42,Hexagon Tower,Blackley,Manchester,M9 82S",2813,6,53.4794892,-2.2451148,"Manchester, ENG, United Kingdom",,,,,,,Manchester,Greater Manchester,,England,ENG,United Kingdom,gb,0.25,1,,© OpenStreetMap contributors,Open Database License,https://www.openstreetmap.org/copyright
United Kingdom,"POB 42,Hexagon Tower,Blackley,Manchester,M9 8ZS",2814,6,53.522115,-2.225658,"Hexagon Tower, Manchester, M9 8ZS, United Kingdom",,,,Hexagon Tower,M9 8ZS,Blackley,Manchester,Salford,SLF,England,ENG,United Kingdom,gb,1,1,,© OpenStreetMap contributors,Open Database License,https://www.openstreetmap.org/copyright
United Kingdom,"POB 53,Horsfield Way,Bredbury Ind.Park,Bredbury,Stockport,Cheshire,SK6 2FG",2815,6,53.41898,-2.10121,"Stockport, SK6 2FG, United Kingdom",,,,,SK6 2FG,,Stockport,Greater Manchester,,England,ENG,United Kingdom,gb,0.6,1,,© OpenStreetMap contributors,Open Database License,https://www.openstreetmap.org/copyright
United Kingdom,"POB 53,Horsfield Way,Bredbury Ind.Park,Bredbury,Stockport,Cheshire,SK6 2SU",2816,6,53.4296576,-2.1118548,"Horsfield Way, Stockport, SK6 2SU, United Kingdom",Castle Hill,Horsfield Way,,Horsfield Way,SK6 2SU,Bredbury,Stockport,Greater Manchester,,England,ENG,United Kingdom,gb,0.7,1,1,© OpenStreetMap contributors,Open Database License,https://www.openstreetmap.org/copyright
United Kingdom,"POB 737,City Place House,55 Basinghall St.,London EC2V 5DQ",2817,6,51.5169515,-0.091456,"55 Basinghall Avenue, City of London, EC2V 5DE, United Kingdom",,,55,Basinghall Avenue,EC2V 5DE,Barbican,City of London,Greater London,,England,ENG,United Kingdom,gb,0.5103,0.81,0.81,© OpenStreetMap contributors,Open Database License,https://www.openstreetmap.org/copyright
United Kingdom,"POB 746,Sunderland,SR9 9XF",2818,6,54.9058512,-1.3828727,"yes, Sunderland, ENG, United Kingdom",yes,,,,,,Sunderland,North East,,England,ENG,United Kingdom,gb,1,1,,© OpenStreetMap contributors,Open Database License,https://www.openstreetmap.org/copyright
United Kingdom,"POB 76,Wests Centre St.,Helier Jersey JE4 8PQ Channel Islands",2819,6,49.1849582,-2.1024039219649575,"West's Center, Canton de Haut, St. Helier, Jersey, Channel Islands",La Vingtaine de la Ville,West's Center,,,,Canton de Haut,St. Helier,,,,,Jersey,je,0.3333333333333333,0.3333333333333333,,© OpenStreetMap contributors,Open Database License,https://www.openstreetmap.org/copyright
United Kingdom,"Pollen House,10-12,Cork St.,London W1X 1PD",2820,6,51.5100875,-0.1415570654908814,"Pollen House, 10-12 Cork Street, London, W1S 3LB, United Kingdom",St. James's,Pollen House,10-12,Cork Street,W1S 3LB,Mayfair,London,Greater London,,England,ENG,United Kingdom,gb,0.9,1,1,© OpenStreetMap contributors,Open Database License,https://www.openstreetmap.org/copyright
United Kingdom,"Porland House,14/20 Regent St.,London SW1 4PF",2821,6,51.5098447,-0.1362113,"20 Regent Street, London, SW1 4PF, United Kingdom",Westminster,,20,Regent Street,SW1 4PF,Mayfair,London,London,,England,ENG,United Kingdom,gb,0.63,1,1,,,
United Kingdom,"Porsham Close,Believer Ind.Estate,Plymouth,PL6 7DB",2822,6,50.393988,-4.113637,"Plymouth, PL6 7DB, United Kingdom",,,,,PL6 7DB,,Plymouth,Devon,DEV,England,ENG,United Kingdom,gb,0.25,1,,Who's On First,CC0,https://www.whosonfirst.org/docs/licenses/
United Kingdom,"Porsham Close,Belliver Ind.Estate,Plymouth,Devon,PL6 7DB",2823,6,50.4407595,-4.117524,"Porsham Close., Plymouth, PL6 7DB, United Kingdom",,Porsham Close.,,Porsham Close.,PL6 7DB,Belliver,Plymouth,,,England,ENG,United Kingdom,gb,0.7,1,1,© OpenStreetMap contributors,Open Database License,https://www.openstreetmap.org/copyright
United Kingdom,"Poseidon House Castle Park,Cambridge,CB3 0RD",2824,6,52.213831,0.112567,"Castle Park, Cambridge, CB3 0RD, United Kingdom",,,,Castle Park,CB3 0RD,,Cambridge,Cambridgeshire,CAM,England,ENG,United Kingdom,gb,1,1,1,© OpenStreetMap contributors,Open Database License,https://www.openstreetmap.org/copyright
United Kingdom,"Power Rd.,Chiswick London W.4",2825,6,51.4935075,-0.2801067,"Power Road, London, W4 5PY, United Kingdom",London Borough of Hounslow,Power Road,,Power Road,W4 5PY,Grove Park,London,Greater London,,England,ENG,United Kingdom,gb,0.5357142857142857,1,1,© OpenStreetMap contributors,Open Database License,https://www.openstreetmap.org/copyright
United Kingdom,"Power Road Studios,114 Power Rd.,Chiswick,London W4 5PY",2826,6,51.4939778,-0.2806141,"Navmii, 114 Power Road, London, W4 5PY, United Kingdom",London Borough of Hounslow,Navmii,114,Power Road,W4 5PY,Grove Park,London,Greater London,,England,ENG,United Kingdom,gb,0.9,1,1,© OpenStreetMap contributors,Open Database License,https://www.openstreetmap.org/copyright
United Kingdom,"Precedent Dr.,Rooksley Park,Milton Keynes,MK 13 8HF",2827,6,52.0439612,-0.7783476,"Precedent Drive, Milton Keynes, MK13 8ND, United Kingdom",,Precedent Drive,,Precedent Drive,MK13 8ND,Rooksley,Milton Keynes,City of Milton Keynes,,England,ENG,United Kingdom,gb,0.5,1,1,© OpenStreetMap contributors,Open Database License,https://www.openstreetmap.org/copyright
United Kingdom,"Precedent Dr.,Rooksley,Milton Keynes MK13 8PJ",2828,6,52.0439612,-0.7783476,"Precedent Drive, Milton Keynes, MK13 8ND, United Kingdom",,Precedent Drive,,Precedent Drive,MK13 8ND,Rooksley,Milton Keynes,City of Milton Keynes,,England,ENG,United Kingdom,gb,0.5103,1,1,© OpenStreetMap contributors,Open Database License,https://www.openstreetmap.org/copyright
United Kingdom,"Precedent Dr.,Rooksley,Milton Keynes,MK13 8HF",2829,6,52.0439612,-0.7783476,"Precedent Drive, Milton Keynes, MK13 8ND, United Kingdom",,Precedent Drive,,Precedent Drive,MK13 8ND,Rooksley,Milton Keynes,City of Milton Keynes,,England,ENG,United Kingdom,gb,0.5103,1,1,© OpenStreetMap contributors,Open Database License,https://www.openstreetmap.org/copyright
United Kingdom,"Precedent Dr.,Rooksley,Milton Keynes,MK13 8PJ",2830,6,52.0439612,-0.7783476,"Precedent Drive, Milton Keynes, MK13 8ND, United Kingdom",,Precedent Drive,,Precedent Drive,MK13 8ND,Rooksley,Milton Keynes,City of Milton Keynes,,England,ENG,United Kingdom,gb,0.5103,1,1,© OpenStreetMap contributors,Open Database License,https://www.openstreetmap.org/copyright
United Kingdom,"Precedent Drive,Rooksley,Milton Keynes MK138PJ",2831,6,52.0439612,-0.7783476,"Precedent Drive, Milton Keynes, MK13 8ND, United Kingdom",,Precedent Drive,,Precedent Drive,MK13 8ND,Rooksley,Milton Keynes,City of Milton Keynes,,England,ENG,United Kingdom,gb,0.5103,1,1,© OpenStreetMap contributors,Open Database License,https://www.openstreetmap.org/copyright
United Kingdom,"Premiere House Betts Way,London Rd.Crawley,West Sussex RH10 2GB",2832,6,51.1347853,-0.1870838,"Betts Way, Crawley, RH10 9XA, United Kingdom",,Betts Way,,Betts Way,RH10 9XA,Little Dell,Crawley,West Sussex,WSX,England,ENG,United Kingdom,gb,0.44099999999999995,0.7,0.7,© OpenStreetMap contributors,Open Database License,https://www.openstreetmap.org/copyright
United Kingdom,"Premiere House,Betts Way,London Rd.Crawley,West Sussex RH10 2GB",2833,6,51.1347853,-0.1870838,"Betts Way, Crawley, RH10 9XA, United Kingdom",,Betts Way,,Betts Way,RH10 9XA,Little Dell,Crawley,West Sussex,WSX,England,ENG,United Kingdom,gb,0.44099999999999995,0.7,0.7,© OpenStreetMap contributors,Open Database License,https://www.openstreetmap.org/copyright
United Kingdom,Prescot Rd.St.Helens WA10 3TT,2834,6,53.4507199,-2.74174,"St Helens, WA10 3TT, United Kingdom",,,,,WA10 3TT,,St Helens,Liverpool City Region,,England,ENG,United Kingdom,gb,0.7586206896551724,1,,© OpenStreetMap contributors,Open Database License,https://www.openstreetmap.org/copyright
United Kingdom,"Prescot Rd.St.Helens,WA10 3TT",2835,6,53.4507199,-2.74174,"St Helens, WA10 3TT, United Kingdom",,,,,WA10 3TT,,St Helens,Liverpool City Region,,England,ENG,United Kingdom,gb,0.75,1,,© OpenStreetMap contributors,Open Database License,https://www.openstreetmap.org/copyright
United Kingdom,Presley Way Crownhil Milton Keynes Buckinghamshire MK8 0ES,2836,6,52.040241,-0.748082,"BP Childs Way, Childs Way, Milton Keynes, MK9 3DA, United Kingdom",Central Milton Keynes,BP Childs Way,,Childs Way,MK9 3DA,,Central Milton Keynes,Buckinghamshire,BKM,England,ENG,United Kingdom,gb,0.018,0.9,0.12,© OpenStreetMap contributors,Open Database License,https://www.openstreetmap.org/copyright
United Kingdom,Presley Way Crownhil Milton Keynes Buckinghamshire MK8 0ES England,2837,6,52.04224,-0.755508,"Milton Keynes, MK8 0ES, United Kingdom",,,,,MK8 0ES,,Central Milton Keynes,Buckinghamshire,BKM,England,ENG,United Kingdom,gb,0.225,0.9,,Who's On First,CC0,https://www.whosonfirst.org/docs/licenses/
United Kingdom,Presley Way Crownhill Milton Keynes MK8 OES,2838,6,52.0280878,-0.799815,"Presley Way, Milton Keynes, MK8 0AJ, United Kingdom",,Presley Way,,Presley Way,MK8 0AJ,Crownhill,Milton Keynes,City of Milton Keynes,,England,ENG,United Kingdom,gb,0.5103,1,1,© OpenStreetMap contributors,Open Database License,https://www.openstreetmap.org/copyright
United Kingdom,"Prestige House,23-26 High-St.,Egham,Surrey TW20 90DU",2839,6,51.4315913,-0.5521314,"24 High Street, Egham, TW209 0DU, United Kingdom",,,24,High Street,TW209 0DU,,Egham,Surrey,SRY,England,ENG,United Kingdom,gb,0.63,1,1,,,
United Kingdom,"Prestige House,23-26 High-St.,Egham,Surrey TW20 9DU",2840,6,51.4315913,-0.5521314,"24 High Street, Egham, TW20 9DU, United Kingdom",,,24,High Street,TW20 9DU,,Egham,Surrey,SRY,England,ENG,United Kingdom,gb,0.63,1,1,,,
United Kingdom,"Pricewaterhouse Coopers,2 Humber Quays,Willington St.West,Hull HU1 2BN",2841,6,53.737673,-0.337528,"Humber Quays, Hull, HU1 2BN, United Kingdom",,,,Humber Quays,HU1 2BN,Old Town,Hull,East Riding of Yorkshire,ERY,England,ENG,United Kingdom,gb,1,1,1,© OpenStreetMap contributors,Open Database License,https://www.openstreetmap.org/copyright
United Kingdom,"Prince Rupert House,64 Queen St.,London EC4R 1AD",2842,6,51.5118038,-0.0927867,"Queen Street, City of London, EC4R 1BR, United Kingdom",,Queen Street,,Queen Street,EC4R 1BR,Vintry,City of London,Greater London,,England,ENG,United Kingdom,gb,0.5103,0.81,0.81,© OpenStreetMap contributors,Open Database License,https://www.openstreetmap.org/copyright
United Kingdom,"Prince Rupert House,64 Queen St.,London,EC4R 1AD",2843,6,51.5118038,-0.0927867,"Queen Street, City of London, EC4R 1BR, United Kingdom",,Queen Street,,Queen Street,EC4R 1BR,Vintry,City of London,Greater London,,England,ENG,United Kingdom,gb,0.5103,0.81,0.81,© OpenStreetMap contributors,Open Database License,https://www.openstreetmap.org/copyright
United Kingdom,"Princes House 95 Gresham St.,London EC2V 7NA",2844,6,51.51508,-0.09097,"City of London, EC2V 7NA, United Kingdom",,,,,EC2V 7NA,,City of London,Greater London,,England,ENG,United Kingdom,gb,0.6,1,,© OpenStreetMap contributors,Open Database License,https://www.openstreetmap.org/copyright
United Kingdom,"Priorslee Telford,Shropshire TF2 9NS",2845,6,52.68255,-2.41812,"Telford and Wrekin, TF2 9NS, United Kingdom",,,,,TF2 9NS,St. Georges and Priorslee,,Telford and Wrekin,TFW,England,ENG,United Kingdom,gb,0.9,1,,© OpenStreetMap contributors,Open Database License,https://www.openstreetmap.org/copyright
United Kingdom,"Priorslee Telford,Shropshire,TF2 9NS",2846,6,52.68255,-2.41812,"Telford and Wrekin, TF2 9NS, United Kingdom",,,,,TF2 9NS,St. Georges and Priorslee,,Telford and Wrekin,TFW,England,ENG,United Kingdom,gb,0.9,1,,© OpenStreetMap contributors,Open Database License,https://www.openstreetmap.org/copyright
United Kingdom,"Prioslee Telford,Shropshire TF2 9NS",2847,6,,,,,,,,,,,,,,,,,,,,,,
United Kingdom,"Prospect House,Cemetery Rd.,Silverdale Newcastle-Under-Lyme,Staffordshire ST5 6PA",2848,6,53.0126,-2.25863,"Silverdale (Newcastle-under-Lyme), ST5 6PA, United Kingdom",,,,,ST5 6PA,,Newcastle-under-Lyme,Staffordshire,STS,England,ENG,United Kingdom,gb,0.6,1,,© OpenStreetMap contributors,Open Database License,https://www.openstreetmap.org/copyright
United Kingdom,"Prospect House,Cemetery Rd.,Silverdale Newcastle-Under-Lyme,Staffordshire,ST5 6PA",2849,6,53.0126,-2.25863,"Silverdale (Newcastle-under-Lyme), ST5 6PA, United Kingdom",,,,,ST5 6PA,,Newcastle-under-Lyme,Staffordshire,STS,England,ENG,United Kingdom,gb,0.6,1,,© OpenStreetMap contributors,Open Database License,https://www.openstreetmap.org/copyright
United Kingdom,"Prospect House,Cemetery Rd.,Silverdale,Newcastle-under-Lyme,Staffordshire,ST5 6PA",2850,6,53.0126,-2.25863,"Silverdale (Newcastle-under-Lyme), ST5 6PA, United Kingdom",,,,,ST5 6PA,,Newcastle-under-Lyme,Staffordshire,STS,England,ENG,United Kingdom,gb,0.6,1,,© OpenStreetMap contributors,Open Database License,https://www.openstreetmap.org/copyright
United Kingdom,"Pulnix House Aviary Court,Wade Rd.Basingstoke Hampshire RG 24 8PE",2851,6,52.663642,-1.580326,United Kingdom,,United Kingdom,,,,,,,,,,United Kingdom,gb,0,,,Who's On First,CC0,https://www.whosonfirst.org/docs/licenses/
United Kingdom,"Pulnix House Aviary Court,Wade Rd.Basingstoke Hampshire RG24 8PE",2852,6,51.2792358,-1.0680472,"Basingstoke (Basingstoke and Deane), RG24 8PE, United Kingdom",,,,,RG24 8PE,,Basingstoke and Deane,Hampshire,HAM,England,ENG,United Kingdom,gb,0.6,1,,© OpenStreetMap contributors,Open Database License,https://www.openstreetmap.org/copyright
United Kingdom,"Pyrene House,Sunbury Cross Sunbury on Thames,Middlesex",2853,6,51.4077066,-0.4118589,"Sunbury-on-Thames, Surrey, ENG, United Kingdom",,Sunbury-on-Thames,,,,,Sunbury-on-Thames,Surrey,SRY,England,ENG,United Kingdom,gb,0,1,,© OpenStreetMap contributors,Open Database License,https://www.openstreetmap.org/copyright
United Kingdom,"Pysons Rd.,Broadstairs,Kent CT10 2LE",2854,6,51.3565067,1.4174117,"Pysons Road, Thanet, CT10 2LG, United Kingdom",,Pysons Road,,Pysons Road,CT10 2LG,Bromstone,Thanet,Kent,KEN,England,ENG,United Kingdom,gb,0.63,1,1,© OpenStreetMap contributors,Open Database License,https://www.openstreetmap.org/copyright
United Kingdom,"Pysons Rd.,Broadstairs,Kent,CT10 2LE",2855,6,51.3565067,1.4174117,"Pysons Road, Thanet, CT10 2LG, United Kingdom",,Pysons Road,,Pysons Road,CT10 2LG,Bromstone,Thanet,Kent,KEN,England,ENG,United Kingdom,gb,0.63,1,1,© OpenStreetMap contributors,Open Database License,https://www.openstreetmap.org/copyright
United Kingdom,"Queens Bldg.,Hastings Rd.,Leicester LE5 0LJ",2856,6,52.6467886,-1.0961142,"Hastings Road, Leicester, LE5 0LF, United Kingdom",New Humberstone,Hastings Road,,Hastings Road,LE5 0LF,Northfields,Leicester,City of Leicester,,England,ENG,United Kingdom,gb,0.63,1,1,© OpenStreetMap contributors,Open Database License,https://www.openstreetmap.org/copyright
United Kingdom,"Queens Bldg.,Hastings Rd.,Leicester,LE5 0LJ",2857,6,52.6467886,-1.0961142,"Hastings Road, Leicester, LE5 0LF, United Kingdom",New Humberstone,Hastings Road,,Hastings Road,LE5 0LF,Northfields,Leicester,City of Leicester,,England,ENG,United Kingdom,gb,0.63,1,1,© OpenStreetMap contributors,Open Database License,https://www.openstreetmap.org/copyright
United Kingdom,"Queensferry House,Carnegie Campus,Dunfermline,Scotland KY11 8GR",2858,6,56.048443,-3.429329,"Queensferry House, Dunfermline, KY11 8GR, United Kingdom",,,,Queensferry House,KY11 8GR,,Dunfermline,Fife,FIF,Scotland,SCT,United Kingdom,gb,1,1,,© OpenStreetMap contributors,Open Database License,https://www.openstreetmap.org/copyright
United Kingdom,"Queensway,Hortonwood,Telford,Shropshire TF1 4LL",2859,6,52.661382,-2.459511,"Queensway South, Hinkshay Road, Great Dawley, TF4 3PP, United Kingdom",Great Dawley,Queensway South,,Hinkshay Road,TF4 3PP,,Great Dawley,Shropshire,SHR,England,ENG,United Kingdom,gb,0.0045,0.3,0.03,© OpenStreetMap contributors,Open Database License,https://www.openstreetmap.org/copyright
United Kingdom,"Queensway,Hortonwood,Telford,Shropshire TF1 7LL",2860,6,52.719017,-2.465275698623712,"Hortonwood, Telford and Wrekin, TF1 7LL, United Kingdom",,Hortonwood,,,TF1 7LL,Hadley and Leegomery,,Telford and Wrekin,TFW,England,ENG,United Kingdom,gb,0,0.2222222222222222,0.2222222222222222,© OpenStreetMap contributors,Open Database License,https://www.openstreetmap.org/copyright