original_countryname,original_AddressAlph,original_address_id,original_group,lat,lon,formatted,name,housenumber,street,postcode,district,county_code,suburb,city,county,state,state_code,country,country_code,confidence,confidence_city_level,confidence_street_level,attribution,attribution_license,attribution_url
United Kingdom,"4th Fl.,167-169,Great Portland St.,London,W1W 5PF",955,3,51.52167,-0.14373,"London, W1W 5PF, United Kingdom",,,,W1W 5PF,,,,London,Greater London,England,ENG,United Kingdom,gb,0.6,1,,© OpenStreetMap contributors,Open Database License,https://www.openstreetmap.org/copyright
United Kingdom,"4th Fl.,18 Mansell St.,London E1 8AA",956,3,51.5137523,-0.0736688,"Thaï Express, 18b Mansell Street, London, E1 8AA, United Kingdom",Thaï Express,18b,Mansell Street,E1 8AA,London Borough of Tower Hamlets,,Whitechapel,London,Greater London,England,ENG,United Kingdom,gb,0.855,1,1,© OpenStreetMap contributors,Open Database License,https://www.openstreetmap.org/copyright
United Kingdom,"4th Fl.,20 King St.,London EC2",957,3,51.51494725,-0.09194611116519982,"Killik & Co, 20 King Street, City of London, EC2V 8EG, United Kingdom",Killik & Co,20,King Street,EC2V 8EG,City of London,,Cheap,City of London,Greater London,England,ENG,United Kingdom,gb,0.5103000000000001,0.81,0.81,© OpenStreetMap contributors,Open Database License,https://www.openstreetmap.org/copyright
United Kingdom,"4th Fl.,27 Throgmorton St.,London,EC2N 2AQ",958,3,51.515032399999996,-0.08596956644210293,"Abokado, 27 Throgmorton Street, City of London, EC2N 2AQ, United Kingdom",Abokado,27,Throgmorton Street,EC2N 2AQ,,,Cornhill,City of London,Greater London,England,ENG,United Kingdom,gb,0.9,1,1,© OpenStreetMap contributors,Open Database License,https://www.openstreetmap.org/copyright
United Kingdom,"4th Fl.,275/281 King St.,Hammersmith,London",959,3,51.4933233,-0.2401396,"281 King Street, London, W6 9NA, United Kingdom",,281,King Street,W6 9NA,Hammersmith and Fulham,,Hammersmith Broadway,London,London,England,ENG,United Kingdom,gb,0.63,1,1,,,
United Kingdom,"4th Fl.,3 St.Helen's Place,London EC3A 6AB",960,3,51.5152324,-0.0813625,"City of London, EC3A 6AB, United Kingdom",,,,EC3A 6AB,,,,City of London,Greater London,England,ENG,United Kingdom,gb,0.6,1,,© OpenStreetMap contributors,Open Database License,https://www.openstreetmap.org/copyright
United Kingdom,"4th Fl.,3 St.Helen's Place,London,EC3A 6AB",961,3,51.5152324,-0.0813625,"City of London, EC3A 6AB, United Kingdom",,,,EC3A 6AB,,,,City of London,Greater London,England,ENG,United Kingdom,gb,0.6,1,,© OpenStreetMap contributors,Open Database License,https://www.openstreetmap.org/copyright
United Kingdom,"4th Fl.,3,St.Helen's Place,London,EC3A 6EB",962,3,51.521878,-0.079194,"Principal Place, London, EC3A 6EB, United Kingdom",,,Principal Place,EC3A 6EB,Hackney,,Shoreditch,London,London,England,ENG,United Kingdom,gb,0.9,1,0.9,© OpenStreetMap contributors,Open Database License,https://www.openstreetmap.org/copyright
United Kingdom,"4th Fl.,31 Davies St.,London W1Y 1FN",963,3,51.5118818,-0.1479437,"31 Davies Street, London, United Kingdom",,31,Davies Street,,Westminster,,Mayfair,London,London,England,ENG,United Kingdom,gb,0.9,1,1,,,
United Kingdom,"4th Fl.,31 Davies St.,London WIY IFN",964,3,51.5100499,-0.1473851,"31 Davies Street, London, W1K 3DB, United Kingdom",,31,Davies Street,W1K 3DB,,,Mayfair,London,Greater London,England,ENG,United Kingdom,gb,0.9,1,1,© OpenStreetMap contributors,Open Database License,https://www.openstreetmap.org/copyright
United Kingdom,"4th Fl.,4 Moorgate,London",965,3,51.5182516,-0.0890625,"Moorgate, Barbican Highwalks, City of London, EC2Y 9DB, United Kingdom",Moorgate,,Barbican Highwalks,EC2Y 9DB,,,Barbican,City of London,Greater London,England,ENG,United Kingdom,gb,0.81,0.81,,© OpenStreetMap contributors,Open Database License,https://www.openstreetmap.org/copyright
United Kingdom,"4th Fl.,47/48 New Bond St.,London W1S 1DJ",966,3,51.51245,-0.14434,"London, W1S 1DJ, United Kingdom",,,,W1S 1DJ,,,,City of Westminster,Greater London,England,ENG,United Kingdom,gb,0.6,1,,© OpenStreetMap contributors,Open Database License,https://www.openstreetmap.org/copyright
United Kingdom,"4th Fl.,47/48 New Bond St.,London,W1S 1DJ",967,3,51.51245,-0.14434,"London, W1S 1DJ, United Kingdom",,,,W1S 1DJ,,,,City of Westminster,Greater London,England,ENG,United Kingdom,gb,0.6,1,,© OpenStreetMap contributors,Open Database License,https://www.openstreetmap.org/copyright
United Kingdom,"4th Fl.,6 Broadgate,London EC2M 2QS",968,3,51.51876663636364,-0.08360273636363637,"City of London, EC2M 2QS, United Kingdom",,,,EC2M 2QS,,,,City of London,Greater London,England,ENG,United Kingdom,gb,1,1,,© OpenStreetMap contributors,Open Database License,https://www.openstreetmap.org/copyright
United Kingdom,"4th Fl.,71 Fenchurch St.,London,EC3M 4BS",969,3,51.51251,-0.07876,"City of London, EC3M 4BS, United Kingdom",,,,EC3M 4BS,,,,City of London,Greater London,England,ENG,United Kingdom,gb,0.6,1,,© OpenStreetMap contributors,Open Database License,https://www.openstreetmap.org/copyright
United Kingdom,"4th Fl.,Atlas House,1 King St.,London,EC2V 8AU",970,3,51.5138761,-0.0921743,"1-7 King Street, City of London, EC2V 8AU, United Kingdom",,1-7,King Street,EC2V 8AU,,,Cheap,City of London,Greater London,England,ENG,United Kingdom,gb,0.81,1,1,© OpenStreetMap contributors,Open Database License,https://www.openstreetmap.org/copyright
United Kingdom,"4th Fl.,Bldg.3,Hyde Park Hayes,11 Millington Rd.,Hayes,UB3 4AZ",971,3,51.501164,-0.4273837,"Millington Road, London, UB3 4AZ, United Kingdom",Millington Road,,Millington Road,UB3 4AZ,London Borough of Hillingdon,,Hayes,London,Greater London,England,ENG,United Kingdom,gb,0.7,1,1,© OpenStreetMap contributors,Open Database License,https://www.openstreetmap.org/copyright
United Kingdom,"4th Fl.,Bucklersbury House 83 Cannon St.,London EC4N 8EL",972,3,51.5110734,-0.0874997,"Cannon Street, City of London, EC4N 5AJ, United Kingdom",Cannon Street,,Cannon Street,EC4N 5AJ,,,Cornhill,City of London,Greater London,England,ENG,United Kingdom,gb,0.5103,0.81,0.81,© OpenStreetMap contributors,Open Database License,https://www.openstreetmap.org/copyright
United Kingdom,"4th Fl.,Bucklersbury House 83 Cannon St.,London EC4N EL",973,3,51.511669,-0.061471,"83 Cannon Street Road, London, EC4 NEL, United Kingdom",,83,Cannon Street Road,EC4 NEL,Tower Hamlets,,Whitechapel,London,London,England,ENG,United Kingdom,gb,0.9,1,1,© OpenStreetMap contributors,Open Database License,https://www.openstreetmap.org/copyright
United Kingdom,"4th Fl.,Condor House,14 St.Paul's Churchyard,London EC4M 8BD",974,3,50.85879,-0.085098,"Flat 4, Brighton and Hove, BN1 9BL, United Kingdom",,,Flat 4,BN1 9BL,,ESX,Falmer,Brighton and Hove,East Sussex,England,ENG,United Kingdom,gb,0.26666666666666666,0.26666666666666666,,© OpenStreetMap contributors,Open Database License,https://www.openstreetmap.org/copyright
United Kingdom,"4th Fl.,Crown House,143 Regent St.,London W1R 7LB",975,3,51.511283950000006,-0.13930629299270444,"Uno de 50, 143 Regent Street, London, W1B 4NR, United Kingdom",Uno de 50,143,Regent Street,W1B 4NR,St. James's,,Mayfair,London,Greater London,England,ENG,United Kingdom,gb,0.27,1,1,© OpenStreetMap contributors,Open Database License,https://www.openstreetmap.org/copyright
United Kingdom,"4th Fl.,Dorland House,20 Regent St.,London SW1Y 4PH",976,3,51.50912,-0.13369,"London, SW1Y 4PH, United Kingdom",,,,SW1Y 4PH,,,,London,Greater London,England,ENG,United Kingdom,gb,0.6,1,,© OpenStreetMap contributors,Open Database License,https://www.openstreetmap.org/copyright
United Kingdom,"4th Fl.,Dorland House,20 Regent St.,London,SW1Y 4PH",977,3,51.50912,-0.13369,"London, SW1Y 4PH, United Kingdom",,,,SW1Y 4PH,,,,London,Greater London,England,ENG,United Kingdom,gb,0.6,1,,© OpenStreetMap contributors,Open Database License,https://www.openstreetmap.org/copyright
United Kingdom,"4th Fl.,Durrant House,8-13 Chiswell St.,London EC1Y 4TQ",978,3,51.5207356,-0.089821,"Chiswell Street, London, EC1Y 4YY, United Kingdom",Chiswell Street,,Chiswell Street,EC1Y 4YY,London Borough of Islington,,Finsbury,London,Greater London,England,ENG,United Kingdom,gb,0.63,1,1,© OpenStreetMap contributors,Open Database License,https://www.openstreetmap.org/copyright
United Kingdom,"4th Fl.,Garrard House,31/45,Gresham St.,London EC2V 7DN",979,3,51.5150805,-0.0919733,"Gresham Street, City of London, EC2V 8EG, United Kingdom",Gresham Street,,Gresham Street,EC2V 8EG,,,Cheap,City of London,Greater London,England,ENG,United Kingdom,gb,0.5103,0.81,0.81,© OpenStreetMap contributors,Open Database License,https://www.openstreetmap.org/copyright
United Kingdom,"4th Fl.,Hyde Park Hayes-Bldg.3,11 Millington Rd.,Hayes,Middlesex,UB3 4AZ",980,3,51.501164,-0.4273837,"Millington Road, London, UB3 4AZ, United Kingdom",Millington Road,,Millington Road,UB3 4AZ,London Borough of Hillingdon,,Hayes,London,Greater London,England,ENG,United Kingdom,gb,0.7,1,1,© OpenStreetMap contributors,Open Database License,https://www.openstreetmap.org/copyright
United Kingdom,"4th Fl.,Imperial House,15-19 Kingsway,London WC2 6UU",981,3,51.5137293,-0.1182326,"Coco di Mama, 15-19 Kingsway, London, WC2B 6UN, United Kingdom",Coco di Mama,15-19,Kingsway,WC2B 6UN,London Borough of Camden,,Holborn,London,Greater London,England,ENG,United Kingdom,gb,0.63,1,1,© OpenStreetMap contributors,Open Database License,https://www.openstreetmap.org/copyright
United Kingdom,"4th Fl.,Int'l Bldg.,71 Kingsway,London,WC2B 6ST",982,3,51.5163189,-0.1194997,"Kingsway, London, WC2B 6DX, United Kingdom",Kingsway,,Kingsway,WC2B 6DX,London Borough of Camden,,Holborn,London,Greater London,England,ENG,United Kingdom,gb,0.63,1,1,© OpenStreetMap contributors,Open Database License,https://www.openstreetmap.org/copyright
United Kingdom,"4th Fl.,Moorgate Hall 155,Moorgate,London EC2M 6UB",983,3,51.5187729,-0.0881274,"Mace, 155 Moorgate, City of London, EC2M 6XB, United Kingdom",Mace,155,Moorgate,EC2M 6XB,City of London,,Barbican,City of London,Greater London,England,ENG,United Kingdom,gb,0.5103000000000001,0.81,0.81,© OpenStreetMap contributors,Open Database License,https://www.openstreetmap.org/copyright
United Kingdom,"4th Fl.,Moorgate Hall 155,Moorgate,London EC2M 6XB",984,3,51.5187729,-0.0881274,"Mace, 155 Moorgate, City of London, EC2M 6XB, United Kingdom",Mace,155,Moorgate,EC2M 6XB,,,Barbican,City of London,Greater London,England,ENG,United Kingdom,gb,0.9,1,1,© OpenStreetMap contributors,Open Database License,https://www.openstreetmap.org/copyright
United Kingdom,"4th Fl.,Moorgate Hall,155 Moorgate,London EC2M 6UB",985,3,51.5187729,-0.0881274,"Mace, 155 Moorgate, City of London, EC2M 6XB, United Kingdom",Mace,155,Moorgate,EC2M 6XB,City of London,,Barbican,City of London,Greater London,England,ENG,United Kingdom,gb,0.5103000000000001,0.81,0.81,© OpenStreetMap contributors,Open Database License,https://www.openstreetmap.org/copyright
United Kingdom,"4th Fl.,Moorgate Hall,155 Moorgate,London EC2M 6XB",986,3,51.5187729,-0.0881274,"Mace, 155 Moorgate, City of London, EC2M 6XB, United Kingdom",Mace,155,Moorgate,EC2M 6XB,,,Barbican,City of London,Greater London,England,ENG,United Kingdom,gb,0.9,1,1,© OpenStreetMap contributors,Open Database License,https://www.openstreetmap.org/copyright
United Kingdom,"4th Fl.,Moorgate Hall,155 Moorgate,London EC2M,6XB",987,3,51.5187729,-0.0881274,"Mace, 155 Moorgate, City of London, EC2M 6XB, United Kingdom",Mace,155,Moorgate,EC2M 6XB,City of London,,Barbican,City of London,Greater London,England,ENG,United Kingdom,gb,0.5103000000000001,0.81,0.81,© OpenStreetMap contributors,Open Database License,https://www.openstreetmap.org/copyright
United Kingdom,"4th Fl.,Regal House,London Rd.,Twickenham,Middlesex TW1 3QS",988,3,51.4507032,-0.3317195,"London Road, London, TW1 1EE, United Kingdom",London Road,,London Road,TW1 1EE,London Borough of Richmond upon Thames,,Twickenham,London,Greater London,England,ENG,United Kingdom,gb,0.44099999999999995,0.7,0.7,© OpenStreetMap contributors,Open Database License,https://www.openstreetmap.org/copyright
United Kingdom,"4th Fl.,Salisbury House London Wall,London,EC2M 5QQ",989,3,51.479086,-0.146414,"Salisbury House, 5 Palmer Road, London, SW11 4FX, United Kingdom",Salisbury House,5,Palmer Road,SW11 4FX,Wandsworth,,Nine Elms,London,London,England,ENG,United Kingdom,gb,1,1,,© OpenStreetMap contributors,Open Database License,https://www.openstreetmap.org/copyright
United Kingdom,"4th Fl.,Salisbury House,London Wall,London,EC2M 5QQ",990,3,51.479086,-0.146414,"Salisbury House, 5 Palmer Road, London, SW11 4FX, United Kingdom",Salisbury House,5,Palmer Road,SW11 4FX,Wandsworth,,Nine Elms,London,London,England,ENG,United Kingdom,gb,1,1,,© OpenStreetMap contributors,Open Database License,https://www.openstreetmap.org/copyright
United Kingdom,"4th Fl.,St.Martins Court,10 Paternoster Row,London,EC4M 7BB",991,3,51.5146643,-0.0984702,"Paternoster Row, City of London, EC4M 7DX, United Kingdom",Paternoster Row,,Paternoster Row,EC4M 7DX,,,Cheap,City of London,Greater London,England,ENG,United Kingdom,gb,0.5103,0.81,0.81,© OpenStreetMap contributors,Open Database License,https://www.openstreetmap.org/copyright
United Kingdom,"4th Fl.,Standon House,21 Mansell St.,London E1 8AA",992,3,51.5137767,-0.0732525,"Pret A Manger, 21 Mansell Street, London, E1 8AA, United Kingdom",Pret A Manger,21,Mansell Street,E1 8AA,London Borough of Tower Hamlets,,Whitechapel,London,Greater London,England,ENG,United Kingdom,gb,0.9,1,1,© OpenStreetMap contributors,Open Database License,https://www.openstreetmap.org/copyright
United Kingdom,"4th Fl.,Temple Court,11 Queen Victoria St.,London EC4N 4TA",993,3,51.5122676,-0.0940659,"Queen Victoria Street, City of London, EC4N 4UA, United Kingdom",Queen Victoria Street,,Queen Victoria Street,EC4N 4UA,,,Vintry,City of London,Greater London,England,ENG,United Kingdom,gb,0.5103,0.81,0.81,© OpenStreetMap contributors,Open Database License,https://www.openstreetmap.org/copyright
United Kingdom,"4th Fl.,Trigate 210-222 Hagley Rd. West Birmingham,B68 ONP",994,3,52.4617887,-2.0084653,"Hagley Road West, Birmingham, B68 0QA, United Kingdom",Hagley Road West,,Hagley Road West,B68 0QA,,,,Birmingham,West Midlands Combined Authority,England,ENG,United Kingdom,gb,0.63,1,1,© OpenStreetMap contributors,Open Database License,https://www.openstreetmap.org/copyright
United Kingdom,"4th Fl.,West Block 11 Moorfield,High Walk,London EC2Y 9DE",995,3,51.5929994,-0.1063191,"Walk n Talk, High Road, London, N22 6HH, United Kingdom",Walk n Talk,,High Road,N22 6HH,Hornsey Park,,Harringay,London,Greater London,England,ENG,United Kingdom,gb,0.5,1,1,© OpenStreetMap contributors,Open Database License,https://www.openstreetmap.org/copyright
United Kingdom,"4th Fl.,West Block 11 Moorfields,High Walk,London EC2Y 9DE",996,3,51.5929994,-0.1063191,"Walk n Talk, High Road, London, N22 6HH, United Kingdom",Walk n Talk,,High Road,N22 6HH,Hornsey Park,,Harringay,London,Greater London,England,ENG,United Kingdom,gb,0.5,1,1,© OpenStreetMap contributors,Open Database License,https://www.openstreetmap.org/copyright
United Kingdom,"4th Fl.(North)Suite,Warnick House,65/66 Queen St.,London EC4R 1EB",997,3,51.5111509,-0.0928922,"Queen Street, City of London, EC4R 1EB, United Kingdom",Queen Street,,Queen Street,EC4R 1EB,,,Vintry,City of London,Greater London,England,ENG,United Kingdom,gb,0.7,1,1,© OpenStreetMap contributors,Open Database License,https://www.openstreetmap.org/copyright
United Kingdom,"4th Fl.(North)Suite,Warnick House,65/66 Queen St.,London EC4R IEB",998,3,51.5118038,-0.0927867,"Queen Street, City of London, EC4R 1BR, United Kingdom",Queen Street,,Queen Street,EC4R 1BR,,,Vintry,City of London,Greater London,England,ENG,United Kingdom,gb,0.5103,0.81,0.81,© OpenStreetMap contributors,Open Database License,https://www.openstreetmap.org/copyright
United Kingdom,"4th Fl.(North)Suite,Warnick House,65/66 Queen St.,London,EC4R 1EB",999,3,51.5111509,-0.0928922,"Queen Street, City of London, EC4R 1EB, United Kingdom",Queen Street,,Queen Street,EC4R 1EB,,,Vintry,City of London,Greater London,England,ENG,United Kingdom,gb,0.7,1,1,© OpenStreetMap contributors,Open Database License,https://www.openstreetmap.org/copyright
United Kingdom,"4th Fl.(North)Suite,Warnick House,65/66 Queen St.,London,EC4R 1ED",1000,3,51.5118038,-0.0927867,"Queen Street, City of London, EC4R 1BR, United Kingdom",Queen Street,,Queen Street,EC4R 1BR,,,Vintry,City of London,Greater London,England,ENG,United Kingdom,gb,0.5103,0.81,0.81,© OpenStreetMap contributors,Open Database License,https://www.openstreetmap.org/copyright
United Kingdom,"4th Fl.(North)Suite,Warnick House,65166 Queen St.,London EC4R IEB",1001,3,51.513216,-0.092404,"Queen Street, London, EC4R IEB, United Kingdom",,,Queen Street,EC4R IEB,City of London,,Cheapside,London,London,England,ENG,United Kingdom,gb,0.5,1,1,© OpenStreetMap contributors,Open Database License,https://www.openstreetmap.org/copyright
United Kingdom,"4th Fl.(North)Suite,Warwick House,65-66 Queen St.,London,EC4R 1EB",1002,3,51.5111509,-0.0928922,"Queen Street, City of London, EC4R 1EB, United Kingdom",Queen Street,,Queen Street,EC4R 1EB,,,Vintry,City of London,Greater London,England,ENG,United Kingdom,gb,0.7,1,1,© OpenStreetMap contributors,Open Database License,https://www.openstreetmap.org/copyright
United Kingdom,"4th Fl.(North)Suite,Warwick House,65/66 Queen St.,London,EC4R 1EB",1003,3,51.5111509,-0.0928922,"Queen Street, City of London, EC4R 1EB, United Kingdom",Queen Street,,Queen Street,EC4R 1EB,,,Vintry,City of London,Greater London,England,ENG,United Kingdom,gb,0.7,1,1,© OpenStreetMap contributors,Open Database License,https://www.openstreetmap.org/copyright
United Kingdom,"4th Fl.27 Throgmorton St.,London EC 2",1004,3,51.515032399999996,-0.08596956644210293,"Abokado, 27 Throgmorton Street, City of London, EC2N 2AQ, United Kingdom",Abokado,27,Throgmorton Street,EC2N 2AQ,,,Cornhill,City of London,Greater London,England,ENG,United Kingdom,gb,0.7290000000000001,0.81,0.81,© OpenStreetMap contributors,Open Database License,https://www.openstreetmap.org/copyright
United Kingdom,"4th Fl.27 Throgmorton St.,London EC2",1005,3,51.515032399999996,-0.08596956644210293,"Abokado, 27 Throgmorton Street, City of London, EC2N 2AQ, United Kingdom",Abokado,27,Throgmorton Street,EC2N 2AQ,City of London,,Cornhill,City of London,Greater London,England,ENG,United Kingdom,gb,0.5103000000000001,0.81,0.81,© OpenStreetMap contributors,Open Database License,https://www.openstreetmap.org/copyright
United Kingdom,"4th Fl.27 Throgmorton St.,London EC2N 2AQ",1006,3,51.515032399999996,-0.08596956644210293,"Abokado, 27 Throgmorton Street, City of London, EC2N 2AQ, United Kingdom",Abokado,27,Throgmorton Street,EC2N 2AQ,,,Cornhill,City of London,Greater London,England,ENG,United Kingdom,gb,0.9,1,1,© OpenStreetMap contributors,Open Database License,https://www.openstreetmap.org/copyright
United Kingdom,"4th Fl.27 Throgmorton St.,London,EC2N 2AQ",1007,3,51.515032399999996,-0.08596956644210293,"Abokado, 27 Throgmorton Street, City of London, EC2N 2AQ, United Kingdom",Abokado,27,Throgmorton Street,EC2N 2AQ,,,Cornhill,City of London,Greater London,England,ENG,United Kingdom,gb,0.9,1,1,© OpenStreetMap contributors,Open Database License,https://www.openstreetmap.org/copyright
United Kingdom,"4th Fl.Bow Bells House Bread St.,London EC4M 9BQ",1008,3,51.5138641,-0.0945893,"Bread Street, City of London, EC4M 9BE, United Kingdom",Bread Street,,Bread Street,EC4M 9BE,,,Cheap,City of London,Greater London,England,ENG,United Kingdom,gb,0.5103,0.81,0.81,© OpenStreetMap contributors,Open Database License,https://www.openstreetmap.org/copyright
United Kingdom,4th Fl.Bow Bells House Bread St.London EC4M 9BQ,1009,3,,,,,,,,,,,,,,,,,,,,,,
United Kingdom,"4th Fl.Greenly House,40 Dukes Place,London EC3A 7LP",1010,3,51.514532,-0.077848,"40 Dukes Place, London, EC3A 7LP, United Kingdom",,40,Dukes Place,EC3A 7LP,City of London,,Aldgate,London,London,England,ENG,United Kingdom,gb,0.9,1,1,© OpenStreetMap contributors,Open Database License,https://www.openstreetmap.org/copyright
United Kingdom,"4th Fl.Holborn House,52-54 High Holborn,London WC1V 6RL",1011,3,51.5174847,-0.1212578,"High Holborn, London, WC1V 7EP, United Kingdom",High Holborn,,High Holborn,WC1V 7EP,London Borough of Camden,,Holborn,London,Greater London,England,ENG,United Kingdom,gb,0.63,1,1,© OpenStreetMap contributors,Open Database License,https://www.openstreetmap.org/copyright
United Kingdom,"4th.Fl.,Condor House,14 St.Paul's Churchyard,London EC4M 8BD",1012,3,51.533343,-0.192736,"Condor House, London, NW6 5GJ, United Kingdom",,,Condor House,NW6 5GJ,Brent,,Queen's Park,London,London,England,ENG,United Kingdom,gb,1,1,,© OpenStreetMap contributors,Open Database License,https://www.openstreetmap.org/copyright
United Kingdom,"4th.Fl.,Imperial House,15-19 Kingsway,London WC2 6UU",1013,3,51.5137293,-0.1182326,"Coco di Mama, 15-19 Kingsway, London, WC2B 6UN, United Kingdom",Coco di Mama,15-19,Kingsway,WC2B 6UN,London Borough of Camden,,Holborn,London,Greater London,England,ENG,United Kingdom,gb,0.63,1,1,© OpenStreetMap contributors,Open Database License,https://www.openstreetmap.org/copyright
United Kingdom,"4th.Fl.Condor House,14 St.Paul's Churchyard,London EC4M 8BD",1014,3,,,,,,,,,,,,,,,,,,,,,,
United Kingdom,"5 Chancery Lane,Clifford's INN London EC4A 1BV",1015,3,51.5143972,-0.1108839,"SNR Denton, 5 Chancery Lane, City of London, EC4A 2LT, United Kingdom",SNR Denton,5,Chancery Lane,EC4A 2LT,,,Blackfriars,City of London,Greater London,England,ENG,United Kingdom,gb,0.5103000000000001,0.81,0.81,© OpenStreetMap contributors,Open Database License,https://www.openstreetmap.org/copyright
United Kingdom,"5 Chancery Lane,London WC2A 1LG",1016,3,51.5144762,-0.1108739,"Orega Chancery Lane, 5 Chancery Lane, City of London, WC2A 1LG, United Kingdom",Orega Chancery Lane,5,Chancery Lane,WC2A 1LG,,,Blackfriars,City of London,Greater London,England,ENG,United Kingdom,gb,0.9,1,1,© OpenStreetMap contributors,Open Database License,https://www.openstreetmap.org/copyright
United Kingdom,"5 Clarendon Drive,Wymbush,Milton Keynes,MK8 8DA",1017,3,52.040468,-0.7956472,"Clarendon drive, Milton Keynes, MK8 8DA, United Kingdom",Clarendon drive,,Clarendon drive,MK8 8DA,Abbey Hill,,Wymbush,Milton Keynes,City of Milton Keynes,England,ENG,United Kingdom,gb,0.7,1,1,© OpenStreetMap contributors,Open Database License,https://www.openstreetmap.org/copyright
United Kingdom,"5 Clifton Court.Cornerhall,Hemel Hempstead,Hertfordshire HP3 9XY",1018,3,51.7432769,-0.471961,"Dacorum, HP3 9XY, United Kingdom",,,,HP3 9XY,,HRT,,Dacorum,Hertfordshire,England,ENG,United Kingdom,gb,0.6,1,,© OpenStreetMap contributors,Open Database License,https://www.openstreetmap.org/copyright
United Kingdom,"5 Davy Way,Llay Ind.Estate,Llay,Wrexham LL12 0PG",1019,3,53.1028991,-3.0113806,"Davy Way, Llay, LL12 0PG, United Kingdom",Davy Way,,Davy Way,LL12 0PG,Llay Community,WRX,Llay,Llay,Wrexham,Wales,WLS,United Kingdom,gb,0.7,1,1,© OpenStreetMap contributors,Open Database License,https://www.openstreetmap.org/copyright
United Kingdom,"5 Didcot Way,Boldon Business Park,Boldon,Tyne & Wear,NE35 9PD",1020,3,54.9439142,-1.4636487,"Didcot Way, South Tyneside, NE35 9PD, United Kingdom",Didcot Way,,Didcot Way,NE35 9PD,,,Boldon Colliery,South Tyneside,Tyne and Wear,England,ENG,United Kingdom,gb,0.45,0.9,0.9,© OpenStreetMap contributors,Open Database License,https://www.openstreetmap.org/copyright
United Kingdom,"5 Fleet Place,London",1021,3,51.5161332,-0.1032709,"5 Fleet Place, City of London, EC4M 7RF, United Kingdom",,5,Fleet Place,EC4M 7RF,West Smithfield,,Blackfriars,City of London,London,England,ENG,United Kingdom,gb,0.7290000000000001,0.81,0.81,,,
United Kingdom,5 Galea Close Amington Heights Tamworth B77 4AS,1022,3,52.6345819,-1.6948438,"Tamworth, ENG, United Kingdom",,,,,,STS,,Tamworth,Staffordshire,England,ENG,United Kingdom,gb,0.25,1,,© OpenStreetMap contributors,Open Database License,https://www.openstreetmap.org/copyright
United Kingdom,"5 Galea Close Amington Heights,Tamworth B77 4AS",1023,3,52.6345819,-1.6948438,"Tamworth, ENG, United Kingdom",,,,,,STS,,Tamworth,Staffordshire,England,ENG,United Kingdom,gb,0.25,1,,© OpenStreetMap contributors,Open Database License,https://www.openstreetmap.org/copyright
United Kingdom,"5 Galea Close Amington Heights,Tamworth,B77 4AS",1024,3,52.6345819,-1.6948438,"Tamworth, ENG, United Kingdom",,,,,,STS,,Tamworth,Staffordshire,England,ENG,United Kingdom,gb,0.25,1,,© OpenStreetMap contributors,Open Database License,https://www.openstreetmap.org/copyright
United Kingdom,"5 Grove Park,Mill Lane,Alton,Hampshire,GU34 2QG",1025,3,51.1530171,-0.9620847,"Alton (East Hampshire), GU34 2QG, United Kingdom",,,,GU34 2QG,,HAM,,East Hampshire,Hampshire,England,ENG,United Kingdom,gb,0.6,1,,© OpenStreetMap contributors,Open Database License,https://www.openstreetmap.org/copyright
United Kingdom,"5 King William St.,London EC4N 7AX",1026,3,51.5112826,-0.087128,"King William Street, City of London, EC4N 7HR, United Kingdom",King William Street,,King William Street,EC4N 7HR,,,Cornhill,City of London,Greater London,England,ENG,United Kingdom,gb,0.5103,0.81,0.81,© OpenStreetMap contributors,Open Database License,https://www.openstreetmap.org/copyright
United Kingdom,"5 King William St.,London EC4N 7DA",1027,3,51.51203,-0.08818,"City of London, EC4N 7DA, United Kingdom",,,,EC4N 7DA,,,,City of London,Greater London,England,ENG,United Kingdom,gb,0.6,1,,© OpenStreetMap contributors,Open Database License,https://www.openstreetmap.org/copyright
United Kingdom,"5 King William St.,London EC4N 7JB",1028,3,51.5112826,-0.087128,"King William Street, City of London, EC4N 7HR, United Kingdom",King William Street,,King William Street,EC4N 7HR,,,Cornhill,City of London,Greater London,England,ENG,United Kingdom,gb,0.5103,0.81,0.81,© OpenStreetMap contributors,Open Database License,https://www.openstreetmap.org/copyright
United Kingdom,"5 King William St.,London,EC4N 7AX",1029,3,51.5112826,-0.087128,"King William Street, City of London, EC4N 7HR, United Kingdom",King William Street,,King William Street,EC4N 7HR,,,Cornhill,City of London,Greater London,England,ENG,United Kingdom,gb,0.5103,0.81,0.81,© OpenStreetMap contributors,Open Database License,https://www.openstreetmap.org/copyright
United Kingdom,"5 King William St.,London,EC4N 7JB",1030,3,51.5112826,-0.087128,"King William Street, City of London, EC4N 7HR, United Kingdom",King William Street,,King William Street,EC4N 7HR,,,Cornhill,City of London,Greater London,England,ENG,United Kingdom,gb,0.5103,0.81,0.81,© OpenStreetMap contributors,Open Database License,https://www.openstreetmap.org/copyright
United Kingdom,"5 Lloyds Ave.,London,EC3N 3AE",1031,3,51.5117445,-0.0774102,"Caffeina, 5 Lloyd's Avenue, City of London, EC3N 3AE, United Kingdom",Caffeina,5,Lloyd's Avenue,EC3N 3AE,,,Aldgate,City of London,Greater London,England,ENG,United Kingdom,gb,0.9,1,1,© OpenStreetMap contributors,Open Database License,https://www.openstreetmap.org/copyright
United Kingdom,"5 Maple Park,Lowfields Ave.,Leeds,LS12 6HH",1032,3,53.7811601,-1.569948,"Lowfields Avenue, Leeds, LS12 6HH, United Kingdom",Lowfields Avenue,,Lowfields Avenue,LS12 6HH,,,Beeston,Leeds,West Yorkshire,England,ENG,United Kingdom,gb,0.7,1,1,© OpenStreetMap contributors,Open Database License,https://www.openstreetmap.org/copyright
United Kingdom,"5 Maple Park,Lowfields Ave.,Leeds,West Yorkshire,LS12 6HH",1033,3,53.7811601,-1.569948,"Lowfields Avenue, Leeds, LS12 6HH, United Kingdom",Lowfields Avenue,,Lowfields Avenue,LS12 6HH,,,Beeston,Leeds,West Yorkshire,England,ENG,United Kingdom,gb,0.7,1,1,© OpenStreetMap contributors,Open Database License,https://www.openstreetmap.org/copyright
United Kingdom,"5 Maple Park.Lowfields Ave.,Leeds West Yorkshire England LS12 6HH",1034,3,53.78147,-1.5699399,"Leeds, LS12 6HH, United Kingdom",,,,LS12 6HH,,,,Leeds,West Yorkshire,England,ENG,United Kingdom,gb,0.6,1,,© OpenStreetMap contributors,Open Database License,https://www.openstreetmap.org/copyright
United Kingdom,"5 Maple Park.Lowfields Ave.,Leeds West Yorkshire LS12 6HH",1035,3,53.78147,-1.5699399,"Leeds, LS12 6HH, United Kingdom",,,,LS12 6HH,,,,Leeds,West Yorkshire,England,ENG,United Kingdom,gb,0.6,1,,© OpenStreetMap contributors,Open Database License,https://www.openstreetmap.org/copyright
United Kingdom,"5 Marlin House,Merlins Meadow The Croxley Centre Watford,Herts,WD1 8YA",1036,3,51.667566,-0.407563,"Watford, WD1 8YA, United Kingdom",,,,WD1 8YA,,HRT,,Watford,Hertfordshire,England,ENG,United Kingdom,gb,0.25,1,,Who's On First,CC0,https://www.whosonfirst.org/docs/licenses/
United Kingdom,"5 Meadowbank Rd.,Trooperslane Ind.Estate,Carrickfergus,Co.Antrim BT38 8YF Northern Ireland",1037,3,54.709451,-5.8398744,"Meadowbank Road, Carrickfergus, BT38 8YF, United Kingdom",Meadowbank Road,,Meadowbank Road,BT38 8YF,,,Trooperslane Industrial Estate,Carrickfergus,County Antrim,Northern Ireland,NIR,United Kingdom,gb,0.7,1,1,© OpenStreetMap contributors,Open Database License,https://www.openstreetmap.org/copyright
United Kingdom,"5 Meadowbank Rd.,Trooperslane Ind.Estate,Carrickfergus,County Antrim,BT38 8YF",1038,3,54.709451,-5.8398744,"Meadowbank Road, Carrickfergus, BT38 8YF, United Kingdom",Meadowbank Road,,Meadowbank Road,BT38 8YF,,,Trooperslane Industrial Estate,Carrickfergus,County Antrim,Northern Ireland,NIR,United Kingdom,gb,0.7,1,1,© OpenStreetMap contributors,Open Database License,https://www.openstreetmap.org/copyright
United Kingdom,"5 Meadowbank Rd.,Trooperslane Industrial Estate Carrickfergus,Co.Antrim BT38 8YF N.Ireland",1039,3,54.709451,-5.8398744,"Meadowbank Road, Carrickfergus, BT38 8YF, United Kingdom",Meadowbank Road,,Meadowbank Road,BT38 8YF,,,Trooperslane Industrial Estate,Carrickfergus,County Antrim,Northern Ireland,NIR,United Kingdom,gb,0.5,1,1,© OpenStreetMap contributors,Open Database License,https://www.openstreetmap.org/copyright
United Kingdom,"5 Meadowbank Rd.,Trooperslane Industrial Estate,Carrickfergus,Co.Antrim BT38 8YF N.Ireland",1040,3,54.709451,-5.8398744,"Meadowbank Road, Carrickfergus, BT38 8YF, United Kingdom",Meadowbank Road,,Meadowbank Road,BT38 8YF,,,Trooperslane Industrial Estate,Carrickfergus,County Antrim,Northern Ireland,NIR,United Kingdom,gb,0.5,1,1,© OpenStreetMap contributors,Open Database License,https://www.openstreetmap.org/copyright
United Kingdom,"5 Meadowbank Rd.,Trooperslane Industrial Estate,Carrickfergus,Co.Antrim BT38 8YF Northen Ireland",1041,3,54.710915,-5.838078,"1 Meadowbank Road, Carrickfergus, BT38 8YF, United Kingdom",,1,Meadowbank Road,BT38 8YF,,MEA,,Carrickfergus,Mid and East Antrim,Northern Ireland,NIR,United Kingdom,gb,0,,,© OpenStreetMap contributors,Open Database License,https://www.openstreetmap.org/copyright
United Kingdom,"5 Meadowbank Rd.,Trooperslane Industrial Estate,Carrickfergus,Co.Antrim BT38 8YF Northern Ireland",1042,3,54.709451,-5.8398744,"Meadowbank Road, Carrickfergus, BT38 8YF, United Kingdom",Meadowbank Road,,Meadowbank Road,BT38 8YF,,,Trooperslane Industrial Estate,Carrickfergus,County Antrim,Northern Ireland,NIR,United Kingdom,gb,0.7,1,1,© OpenStreetMap contributors,Open Database License,https://www.openstreetmap.org/copyright
United Kingdom,"5 Pioneer Court,Vision Park,Histon Cambridge CB24 9PT",1043,3,52.209881,0.121971,"Cambridge, CB24 9PT, United Kingdom",,,,CB24 9PT,,CAM,,Cambridge,Cambridgeshire,England,ENG,United Kingdom,gb,0.25,1,,Who's On First,CC0,https://www.whosonfirst.org/docs/licenses/
United Kingdom,"5 Yeoman Ind.Park,Test Lane,Nursling,Southampton,Hampshire,SO16 9JX",1044,3,50.929164,-1.474192,"Yeoman Industrial Park, Test Valley, SO16 9JX, United Kingdom",,,Yeoman Industrial Park,SO16 9JX,,HAM,Nursling and Rownhams,Test Valley,Hampshire,England,ENG,United Kingdom,gb,0.81,1,0.81,© OpenStreetMap contributors,Open Database License,https://www.openstreetmap.org/copyright
United Kingdom,"5-6th Fl.,Classic House,174-180 Old St.,London,EC1V 9EQ",1045,3,51.525197,-0.0900377,"Sports Bar & Grill, 174-180 Old Street, London, EC1V 9BP, United Kingdom",Sports Bar & Grill,174-180,Old Street,EC1V 9BP,London Borough of Islington,,Finsbury,London,Greater London,England,ENG,United Kingdom,gb,0.5670000000000001,1,1,© OpenStreetMap contributors,Open Database License,https://www.openstreetmap.org/copyright
United Kingdom,"5-7 Vere St.,London,W1M 9HQ",1046,3,51.515066,-0.147319,"Vere Street, London, United Kingdom",,,Vere Street,,Westminster,,Marylebone,London,London,England,ENG,United Kingdom,gb,0.5,1,1,© OpenStreetMap contributors,Open Database License,https://www.openstreetmap.org/copyright
United Kingdom,"5,Arlington St.,London SW1A 1RA",1047,3,51.5071566,-0.1408579,"Robert and Horace Walpole, 5 Arlington Street, London, SW1A 1RA, United Kingdom",Robert and Horace Walpole,5,Arlington Street,SW1A 1RA,St. James's,,Mayfair,London,Greater London,England,ENG,United Kingdom,gb,0.9,1,1,© OpenStreetMap contributors,Open Database License,https://www.openstreetmap.org/copyright
United Kingdom,"5,Arlington St.,London SW1A 1RD",1048,3,51.5071566,-0.1408579,"Robert and Horace Walpole, 5 Arlington Street, London, SW1A 1RA, United Kingdom",Robert and Horace Walpole,5,Arlington Street,SW1A 1RA,St. James's,,Mayfair,London,Greater London,England,ENG,United Kingdom,gb,0.63,1,1,© OpenStreetMap contributors,Open Database License,https://www.openstreetmap.org/copyright
United Kingdom,"5,Arlington St.,St.James's,London SW1A 1RD",1049,3,51.5071566,-0.1408579,"Robert and Horace Walpole, 5 Arlington Street, London, SW1A 1RA, United Kingdom",Robert and Horace Walpole,5,Arlington Street,SW1A 1RA,St. James's,,Mayfair,London,Greater London,England,ENG,United Kingdom,gb,0.63,1,1,© OpenStreetMap contributors,Open Database License,https://www.openstreetmap.org/copyright
United Kingdom,"5,Arlington St.London SW1A 1RA",1050,3,51.5072216,-0.1407838463003257,"5 Arlington Street, London, SW1A 1RA, United Kingdom",,5,Arlington Street,SW1A 1RA,St. James's,,Mayfair,London,Greater London,England,ENG,United Kingdom,gb,0.63,1,0.63,© OpenStreetMap contributors,Open Database License,https://www.openstreetmap.org/copyright
United Kingdom,"5,Berners St.,London,W1P 3AG",1051,3,51.516578,-0.135897,"5 Berners Street, London, W1T 3LE, United Kingdom",,5,Berners Street,W1T 3LE,Westminster,,Fitzrovia,London,London,England,ENG,United Kingdom,gb,0.9,1,1,© OpenStreetMap contributors,Open Database License,https://www.openstreetmap.org/copyright
United Kingdom,"5.06 Exchange Tower 1,Harbour Exchange Sq.,London E14 9GB",1052,3,51.49885345,-0.014322495858097901,"1-2 Harbour Exchange Square, London, E14 9HE, United Kingdom",,1-2,Harbour Exchange Square,E14 9HE,London Borough of Tower Hamlets,,Isle of Dogs,London,Greater London,England,ENG,United Kingdom,gb,0.5670000000000001,1,1,© OpenStreetMap contributors,Open Database License,https://www.openstreetmap.org/copyright
United Kingdom,"5.06 Exchange Tower 1,Harbour Exchange Square,London E14 9GB",1053,3,51.49885345,-0.014322495858097901,"1-2 Harbour Exchange Square, London, E14 9HE, United Kingdom",,1-2,Harbour Exchange Square,E14 9HE,London Borough of Tower Hamlets,,Isle of Dogs,London,Greater London,England,ENG,United Kingdom,gb,0.5670000000000001,1,1,© OpenStreetMap contributors,Open Database License,https://www.openstreetmap.org/copyright
United Kingdom,"5.06 Exchange Tower,1 Harbour Exchange Sq.,London,E14 9GE",1054,3,51.49885345,-0.014322495858097901,"1-2 Harbour Exchange Square, London, E14 9HE, United Kingdom",,1-2,Harbour Exchange Square,E14 9HE,London Borough of Tower Hamlets,,Isle of Dogs,London,Greater London,England,ENG,United Kingdom,gb,0.5670000000000001,1,1,© OpenStreetMap contributors,Open Database License,https://www.openstreetmap.org/copyright
United Kingdom,"5.Yeoman Ind.Park,Test Lane,Nursling,Southampton,Hants.SO1 9JX",1055,3,51.6056711,-1.6368605003017744,"The Defence Academy of the United Kingdom, Northford Hill, Vale of White Horse, SN6 8EU, United Kingdom",The Defence Academy of the United Kingdom,,Northford Hill,SN6 8EU,,OXF,,Vale of White Horse,Oxfordshire,England,ENG,United Kingdom,gb,0,,,© OpenStreetMap contributors,Open Database License,https://www.openstreetmap.org/copyright
United Kingdom,"5.Yeoman Industrial Park,Test Lane,Nursling,Southampton,Hants.SO1 9JX",1056,3,50.922944,-1.474832,"Test Lane, Southampton, SO16 9JP, United Kingdom",,,Test Lane,SO16 9JP,,HAM,Redbridge,Southampton,Hampshire,England,ENG,United Kingdom,gb,0,,,© OpenStreetMap contributors,Open Database License,https://www.openstreetmap.org/copyright
United Kingdom,"50 Carn Wath Rd.,London,SW6 3JX",1057,3,51.514993,-0.092813,"City of London, London, ENG, United Kingdom",City of London,,,,City of London,,,London,London,England,ENG,United Kingdom,gb,0.25,1,,Who's On First,CC0,https://www.whosonfirst.org/docs/licenses/
United Kingdom,"50 Carnwath Rd.,London,SW6 3JX",1058,3,51.4656068,-0.1932395,"The Fort Gym, 50 Carnwath Road, London, SW6 3DQ, United Kingdom",The Fort Gym,50,Carnwath Road,SW6 3DQ,London Borough of Hammersmith and Fulham,,Sands End,London,Greater London,England,ENG,United Kingdom,gb,0.63,1,1,© OpenStreetMap contributors,Open Database License,https://www.openstreetmap.org/copyright
United Kingdom,"50 Fenchurch St.,London EC3M 3JY",1059,3,51.511741,-0.081051,"50 Fenchurch Street, City of London, EC3M 3JY, United Kingdom",,50,Fenchurch Street,EC3M 3JY,City of London,,Cornhill,City of London,London,England,ENG,United Kingdom,gb,0.9,1,1,© OpenStreetMap contributors,Open Database License,https://www.openstreetmap.org/copyright
United Kingdom,"50 Summerleys Rd.,Princes Risborough,Buckinghamshire HP27 9PW",1060,3,51.7265638,-0.8500683,"Summerleys Road, Princes Risborough, HP27 9QD, United Kingdom",Summerleys Road,,Summerleys Road,HP27 9QD,,BKM,Longwick-cum-Ilmer,Princes Risborough,Buckinghamshire,England,ENG,United Kingdom,gb,0.63,1,1,© OpenStreetMap contributors,Open Database License,https://www.openstreetmap.org/copyright
United Kingdom,"50 Summerleys Rd.,Princes Risborough,Buckinghamshire,HP27 9PW",1061,3,51.7265638,-0.8500683,"Summerleys Road, Princes Risborough, HP27 9QD, United Kingdom",Summerleys Road,,Summerleys Road,HP27 9QD,,BKM,Longwick-cum-Ilmer,Princes Risborough,Buckinghamshire,England,ENG,United Kingdom,gb,0.63,1,1,© OpenStreetMap contributors,Open Database License,https://www.openstreetmap.org/copyright
United Kingdom,"50,Fenchurch,St.,London EC3",1062,3,51.5123701,-0.0793661,"Fenchurch Street, City of London, EC3M 4AQ, United Kingdom",Fenchurch Street,,Fenchurch Street,EC3M 4AQ,,,Aldgate,City of London,Greater London,England,ENG,United Kingdom,gb,0.5103,0.81,0.81,© OpenStreetMap contributors,Open Database License,https://www.openstreetmap.org/copyright
United Kingdom,"50,Fenchurch,St.,London EC3M 3JY",1063,3,51.511741,-0.081051,"50 Fenchurch Street, City of London, EC3M 3JY, United Kingdom",,50,Fenchurch Street,EC3M 3JY,City of London,,Cornhill,City of London,London,England,ENG,United Kingdom,gb,0.9,1,1,© OpenStreetMap contributors,Open Database License,https://www.openstreetmap.org/copyright
United Kingdom,"500 Chiswick High Rd.,London W4 5RG",1064,3,51.4928891,-0.2503183,"Chiswick High Road, London, W4 1SH, United Kingdom",Chiswick High Road,,Chiswick High Road,W4 1SH,London Borough of Hounslow,,,London,Greater London,England,ENG,United Kingdom,gb,0.63,1,1,© OpenStreetMap contributors,Open Database License,https://www.openstreetmap.org/copyright
United Kingdom,"500 Chiswick High Rd.,London,W4 5RG",1065,3,51.4928891,-0.2503183,"Chiswick High Road, London, W4 1SH, United Kingdom",Chiswick High Road,,Chiswick High Road,W4 1SH,London Borough of Hounslow,,,London,Greater London,England,ENG,United Kingdom,gb,0.63,1,1,© OpenStreetMap contributors,Open Database License,https://www.openstreetmap.org/copyright
United Kingdom,"504-510 Elder House,Station Sq.Elder Gate,Milton Keynes MK9 1LR",1066,3,52.033969,-0.771948,"Milton Keynes (Central Milton Keynes), MK9 1LR, United Kingdom",MK9 1LR,,,MK9 1LR,Central Milton Keynes,MIK,,Central Milton Keynes,Milton Keynes,,,United Kingdom,gb,0.6,1,,Who's On First,CC0,https://www.whosonfirst.org/docs/licenses/
United Kingdom,"51 Spindus Rd.,Speke Hall Ind.Estate,Liverpool,L24 1YA",1067,3,53.3436148,-2.8644686,"Spindus Road, Liverpool, L24 1YA, United Kingdom",Spindus Road,,Spindus Road,L24 1YA,,,Speke,Liverpool,Liverpool City Region,England,ENG,United Kingdom,gb,0.7,1,1,© OpenStreetMap contributors,Open Database License,https://www.openstreetmap.org/copyright
United Kingdom,"51 Spindus Rd.Speke Hall Ind.Estate,Liverpool L24 1YA",1068,3,,,,,,,,,,,,,,,,,,,,,,
United Kingdom,"51 Spindus Rd.Speke Hall Ind.Estate,Liverpool,L24 1YA",1069,3,,,,,,,,,,,,,,,,,,,,,,
United Kingdom,"51 Spindus Rd.Speke Hall Industrial Estate,Liverpool L24 1YA",1070,3,,,,,,,,,,,,,,,,,,,,,,
United Kingdom,"511 Coldhams Lane Cambridge,CB1 3JS",1071,3,52.195085,0.173257,"511 Coldhams Lane, Cambridge, CB1 3JS, United Kingdom",,511,Coldhams Lane,CB1 3JS,,CAM,,Cambridge,Cambridgeshire,England,ENG,United Kingdom,gb,0.9,1,1,© OpenStreetMap contributors,Open Database License,https://www.openstreetmap.org/copyright
United Kingdom,"515 Coldhams Lane Cambridge,CB1 3JS",1072,3,52.194152599999995,0.17519825964056554,"Agfa, 515 Coldhams Lane, Cambridge, CB1 3JS, United Kingdom",Agfa,515,Coldhams Lane,CB1 3JS,,CAM,Cherry Hinton,Cambridge,Cambridgeshire,England,ENG,United Kingdom,gb,0.9,1,1,© OpenStreetMap contributors,Open Database License,https://www.openstreetmap.org/copyright
United Kingdom,52 Godstone Rd.Kenley Surrey CR8 5JF,1073,3,51.3132319,-0.0821991,"52-54 Godstone Road, Tandridge, CR3 0EA, United Kingdom",,52-54,Godstone Road,CR3 0EA,London Borough of Croydon,SRY,Whyteleafe,Tandridge,Surrey,England,ENG,United Kingdom,gb,0.16199999999999998,,,© OpenStreetMap contributors,Open Database License,https://www.openstreetmap.org/copyright
United Kingdom,"52-54 Gracechurch St.,London,EC3V 0EH",1074,3,51.51106405,-0.08519313913440421,"52-54 Gracechurch Street, City of London, EC3V 0EH, United Kingdom",,52-54,Gracechurch Street,EC3V 0EH,,,Cornhill,City of London,Greater London,England,ENG,United Kingdom,gb,0.9,1,1,© OpenStreetMap contributors,Open Database License,https://www.openstreetmap.org/copyright
United Kingdom,"52-54 Gracechurch St.,London,EC3V OEH",1075,3,51.51106405,-0.08519313913440421,"52-54 Gracechurch Street, City of London, EC3V 0EH, United Kingdom",,52-54,Gracechurch Street,EC3V 0EH,City of London,,Cornhill,City of London,Greater London,England,ENG,United Kingdom,gb,0.5103,0.81,0.81,© OpenStreetMap contributors,Open Database License,https://www.openstreetmap.org/copyright
United Kingdom,52-54 Gracechurch St.London,1076,3,51.511004,-0.085164,"52-54 Gracechurch Street, London, EC3V 0EH, United Kingdom",,52-54,Gracechurch Street,EC3V 0EH,City of London,,Monument,London,London,England,ENG,United Kingdom,gb,0.5670000000000001,,,© OpenStreetMap contributors,Open Database License,https://www.openstreetmap.org/copyright
United Kingdom,"52-56 Leadenhall St.,London,EC3A 2BJ",1077,3,51.5132584,-0.0788722,"Leadenhall Street, City of London, EC3A 2BJ, United Kingdom",Leadenhall Street,,Leadenhall Street,EC3A 2BJ,,,Aldgate,City of London,Greater London,England,ENG,United Kingdom,gb,0.7,1,1,© OpenStreetMap contributors,Open Database License,https://www.openstreetmap.org/copyright
United Kingdom,"52/54 Gracechurch St.,London EC3V 0EH",1078,3,51.51106405,-0.08519313913440421,"52-54 Gracechurch Street, City of London, EC3V 0EH, United Kingdom",,52-54,Gracechurch Street,EC3V 0EH,,,Cornhill,City of London,Greater London,England,ENG,United Kingdom,gb,0.9,1,1,© OpenStreetMap contributors,Open Database License,https://www.openstreetmap.org/copyright
United Kingdom,"52/54,Leadenhall St.,London EC3A 2BJ",1079,3,51.5132352,-0.0793408,"Tylers' and Bricklayers' Hall, 52-54 Leadenhall Street, City of London, EC3A 2BJ, United Kingdom",Tylers' and Bricklayers' Hall,52-54,Leadenhall Street,EC3A 2BJ,,,Bishopsgate,City of London,Greater London,England,ENG,United Kingdom,gb,0.9,1,1,© OpenStreetMap contributors,Open Database License,https://www.openstreetmap.org/copyright
United Kingdom,"52/54,Leadenhall St.,London,EC3A 2BJ",1080,3,51.5132352,-0.0793408,"Tylers' and Bricklayers' Hall, 52-54 Leadenhall Street, City of London, EC3A 2BJ, United Kingdom",Tylers' and Bricklayers' Hall,52-54,Leadenhall Street,EC3A 2BJ,,,Bishopsgate,City of London,Greater London,England,ENG,United Kingdom,gb,0.9,1,1,© OpenStreetMap contributors,Open Database License,https://www.openstreetmap.org/copyright
United Kingdom,"5210 Valiant Court,Gloucester Business Park,Delta Way Gloucester GL3 4FE",1081,3,51.8468776,-2.1735404,"Delta Way, Tewkesbury, GL3 4FE, United Kingdom",Delta Way,,Delta Way,GL3 4FE,,GLS,Brockworth,Tewkesbury,Gloucestershire,England,ENG,United Kingdom,gb,0.4666666666666667,1,0.6666666666666667,© OpenStreetMap contributors,Open Database License,https://www.openstreetmap.org/copyright
United Kingdom,"53 St James'Mill Rd.,Northampton,Northamptonshire NN5 5JP",1082,3,52.232009500000004,-0.9123612499999973,"53 St James Mill Road, Northampton, NN5 5JP, United Kingdom",,53,St James Mill Road,NN5 5JP,,,St James' End,Northampton,West Northamptonshire,England,ENG,United Kingdom,gb,0.9,1,1,© OpenStreetMap contributors,Open Database License,https://www.openstreetmap.org/copyright
United Kingdom,"54 High St.,Second Fl.,Eton,Windsor,Berkshire SL4 6BL",1083,3,51.4872621,-0.6086914,"Eton, SL4 6BL, United Kingdom",,,,SL4 6BL,,,,Eton,Royal Borough of Windsor and Maidenhead,England,ENG,United Kingdom,gb,0.6,1,,© OpenStreetMap contributors,Open Database License,https://www.openstreetmap.org/copyright
United Kingdom,"54 Jermyn St.,London,SW1Y6LX",1084,3,51.5077202,-0.1391315,"London, SW1Y 6LX, United Kingdom",,,,SW1Y 6LX,,,,City of Westminster,Greater London,England,ENG,United Kingdom,gb,0.6,1,,© OpenStreetMap contributors,Open Database License,https://www.openstreetmap.org/copyright
United Kingdom,"54 Jermyn Street London,SWY 6LX",1085,3,51.5076479,-0.1390127,"54 Jermyn Street, London, SW1Y 6JE, United Kingdom",,54,Jermyn Street,SW1Y 6JE,Westminster,,St. James's,London,London,England,ENG,United Kingdom,gb,0.9,1,1,,,
United Kingdom,"54 Summerleys Rd.,Princes Risborough,Aylesbury,Buckinghamshire,HP17 9PW",1086,3,51.7265638,-0.8500683,"Summerleys Road, Princes Risborough, HP27 9QD, United Kingdom",Summerleys Road,,Summerleys Road,HP27 9QD,,BKM,Longwick-cum-Ilmer,Princes Risborough,Buckinghamshire,England,ENG,United Kingdom,gb,0.11764705882352941,0.23529411764705882,0.23529411764705882,© OpenStreetMap contributors,Open Database License,https://www.openstreetmap.org/copyright
United Kingdom,"54,Grosvenor St.,London W1X 9FH",1087,3,51.511388,-0.147973,"53-54 Grosvenor Street, London, W1K 3JZ, United Kingdom",,53-54,Grosvenor Street,W1K 3JZ,Westminster,,Mayfair,London,London,England,ENG,United Kingdom,gb,0.81,1,1,© OpenStreetMap contributors,Open Database License,https://www.openstreetmap.org/copyright
United Kingdom,"55 Ashbourn Rd.,Derby,DE3 3FT",1088,3,52.925574049999994,-1.4939444042347905,"55 Ashbourne Road, Derby, DE22 3TU, United Kingdom",,55,Ashbourne Road,DE22 3TU,New Zealand,DER,Mackworth Estate,Derby,Derby,England,ENG,United Kingdom,gb,0.72,1,0.7999999999999999,© OpenStreetMap contributors,Open Database License,https://www.openstreetmap.org/copyright
United Kingdom,"55 Ashbourne Rd.,Derby,Derbyshire DE3 3FT",1089,3,52.925574049999994,-1.4939444042347905,"55 Ashbourne Road, Derby, DE22 3TU, United Kingdom",,55,Ashbourne Road,DE22 3TU,New Zealand,DER,Mackworth Estate,Derby,Derby,England,ENG,United Kingdom,gb,0.9,1,1,© OpenStreetMap contributors,Open Database License,https://www.openstreetmap.org/copyright
United Kingdom,"55 Baker St.,London W1U 8EW",1090,3,51.519244,-0.1564277,"Tesco Express, 55 Baker Street, London, W1U 8EW, United Kingdom",Tesco Express,55,Baker Street,W1U 8EW,Westminster,,Marylebone,London,Greater London,England,ENG,United Kingdom,gb,0.9,1,1,© OpenStreetMap contributors,Open Database License,https://www.openstreetmap.org/copyright
United Kingdom,"55 Bishopsgate,London EC2N 3AN",1091,3,51.5151085,-0.0829092,"NatWest, 55 Bishopsgate, City of London, EC2N 3AH, United Kingdom",NatWest,55,Bishopsgate,EC2N 3AH,,,Bishopsgate,City of London,Greater London,England,ENG,United Kingdom,gb,0.5103000000000001,0.81,0.81,© OpenStreetMap contributors,Open Database License,https://www.openstreetmap.org/copyright
United Kingdom,"55 Bishopsgate,London EC2N 3AX",1092,3,51.5151085,-0.0829092,"NatWest, 55 Bishopsgate, City of London, EC2N 3AH, United Kingdom",NatWest,55,Bishopsgate,EC2N 3AH,,,Bishopsgate,City of London,Greater London,England,ENG,United Kingdom,gb,0.5103000000000001,0.81,0.81,© OpenStreetMap contributors,Open Database License,https://www.openstreetmap.org/copyright
United Kingdom,"55 Kedleston Court,Norbury Close,Allestree,Derby DE22 2QF",1093,3,52.93061315,-1.4865846129629605,"55-51 Kedleston Road, Derby, DE22 1FL, United Kingdom",,55-51,Kedleston Road,DE22 1FL,West End,DER,Little Chester,Derby,Derby,England,ENG,United Kingdom,gb,0.5670000000000001,1,1,© OpenStreetMap contributors,Open Database License,https://www.openstreetmap.org/copyright
United Kingdom,"55 Kedleston Court,Norbury Close,Allestree,Derby DE2Z 2QF",1094,3,52.93061315,-1.4865846129629605,"55-51 Kedleston Road, Derby, DE22 1FL, United Kingdom",,55-51,Kedleston Road,DE22 1FL,West End,DER,Little Chester,Derby,Derby,England,ENG,United Kingdom,gb,0.405,1,1,© OpenStreetMap contributors,Open Database License,https://www.openstreetmap.org/copyright
United Kingdom,"55 Kedleston Court,Norbury Close,Allestree,Derby,DE22 2QF",1095,3,52.93061315,-1.4865846129629605,"55-51 Kedleston Road, Derby, DE22 1FL, United Kingdom",,55-51,Kedleston Road,DE22 1FL,West End,DER,Little Chester,Derby,Derby,England,ENG,United Kingdom,gb,0.5670000000000001,1,1,© OpenStreetMap contributors,Open Database License,https://www.openstreetmap.org/copyright
United Kingdom,"55 Victoria St.,London SW1H 0EU",1096,3,51.49773215,-0.13359115210643394,"55 Victoria Street, London, SW1H 0AT, United Kingdom",,55,Victoria Street,SW1H 0AT,,,Victoria,London,Greater London,England,ENG,United Kingdom,gb,0.63,1,1,© OpenStreetMap contributors,Open Database License,https://www.openstreetmap.org/copyright
United Kingdom,"56,Sudbury Court Drive,Harrow,Middlesex,HAI 3TD",1097,3,51.564201,-0.325782,"56 Sudbury Court Drive, London, HA1 3TA, United Kingdom",,56,Sudbury Court Drive,HA1 3TA,Brent,,North Wembley,London,London,England,ENG,United Kingdom,gb,0.9,1,1,© OpenStreetMap contributors,Open Database License,https://www.openstreetmap.org/copyright
United Kingdom,"56/60 Gresham St.,London EC2V 7BB",1098,3,51.5151164,-0.092281,"Gresham Street, City of London, EC2V 7BB, United Kingdom",Gresham Street,,Gresham Street,EC2V 7BB,,,Cheap,City of London,Greater London,England,ENG,United Kingdom,gb,0.7,1,1,© OpenStreetMap contributors,Open Database License,https://www.openstreetmap.org/copyright
United Kingdom,"56/60 Gresham St.,London EC2V 7BB.",1099,3,51.5151164,-0.092281,"Gresham Street, City of London, EC2V 7BB, United Kingdom",Gresham Street,,Gresham Street,EC2V 7BB,,,Cheap,City of London,Greater London,England,ENG,United Kingdom,gb,0.7,1,1,© OpenStreetMap contributors,Open Database License,https://www.openstreetmap.org/copyright
United Kingdom,"57 Colne Rd,Twickenham Middlesex",1100,3,51.4467444,-0.3281887,"Twickenham, London, ENG, United Kingdom",Twickenham,,,TW1 3RZ,London Borough of Richmond upon Thames,,Twickenham,London,Greater London,England,ENG,United Kingdom,gb,0.25,1,,© OpenStreetMap contributors,Open Database License,https://www.openstreetmap.org/copyright
United Kingdom,"57 London Rd.High Wycombe Buckinghamshire,HP11 1BS",1101,3,51.6254297,-0.7358315,"London Road, High Wycombe, HP11 1BU, United Kingdom",London Road,,London Road,HP11 1BU,High Wycombe Community Board,BKM,Totteridge,High Wycombe,Buckinghamshire,England,ENG,United Kingdom,gb,0.35721,0.9,0.5670000000000001,© OpenStreetMap contributors,Open Database License,https://www.openstreetmap.org/copyright
United Kingdom,"57-63 Scrutton St.,London EC2A 4PF",1102,3,51.5232311,-0.0822084,"Scrutton Street, London, EC2A 4LG, United Kingdom",Scrutton Street,,Scrutton Street,EC2A 4LG,London Borough of Hackney,,Shoreditch,London,Greater London,England,ENG,United Kingdom,gb,0.63,1,1,© OpenStreetMap contributors,Open Database License,https://www.openstreetmap.org/copyright
United Kingdom,"57/63 Line Wall Rd.,Gibraltar",1103,3,36.136159,-5.348677,"Gibraltar, United Kingdom",Gibraltar,,,,,,,,,,,United Kingdom,gb,0,1,,Who's On First,CC0,https://www.whosonfirst.org/docs/licenses/
United Kingdom,"58-66 Conduit St.,London W1R 9FD",1104,3,51.512163,-0.141969,"Conduit Street, London, W1R 9FD, United Kingdom",,,Conduit Street,W1R 9FD,Westminster,,Mayfair,London,London,England,ENG,United Kingdom,gb,0.5,1,1,© OpenStreetMap contributors,Open Database License,https://www.openstreetmap.org/copyright
United Kingdom,"584B Finchley Rd.,Golders Green,London NW11 7RX",1105,3,51.5718055,-0.1952061,"Finchley Road, London, NW11 7NX, United Kingdom",Finchley Road,,Finchley Road,NW11 7NX,London Borough of Barnet,,Golders Green,London,Greater London,England,ENG,United Kingdom,gb,0.63,1,1,© OpenStreetMap contributors,Open Database License,https://www.openstreetmap.org/copyright
United Kingdom,"59 Inglewood Ave.,Mickleover,Derby,DE3 5RU",1106,3,52.9172807,-1.5453634,"Inglewood Avenue, Derby, DE3 0RT, United Kingdom",Inglewood Avenue,,Inglewood Avenue,DE3 0RT,,DER,Mickleover,Derby,Derby,England,ENG,United Kingdom,gb,0.63,1,1,© OpenStreetMap contributors,Open Database License,https://www.openstreetmap.org/copyright
United Kingdom,"59 Inglewood Ave.Mickleover.Derby,DE3 5RU",1107,3,52.917505,-1.546109,"Inglewood Avenue, Derby, DE3 5RU, United Kingdom",,,Inglewood Avenue,DE3 5RU,,DBY,,Derby,Derbyshire,England,ENG,United Kingdom,gb,0,,,© OpenStreetMap contributors,Open Database License,https://www.openstreetmap.org/copyright
United Kingdom,"59-60 Piccadilly London,W1J 0EB",1108,3,51.5086437,-0.1382156,"Piccadilly, London, W1J 0DS, United Kingdom",Piccadilly,,Piccadilly,W1J 0DS,St. James's,,Mayfair,London,Greater London,England,ENG,United Kingdom,gb,0.63,1,1,© OpenStreetMap contributors,Open Database License,https://www.openstreetmap.org/copyright
United Kingdom,"5th & 6th Fl.,One Lampton Rd.,Hounslow,TW3 1JB",1109,3,51.468647000000004,-0.3657178287724276,"One Lampton Road, 1 Lampton Road, London, TW3 1HA, United Kingdom",One Lampton Road,1,Lampton Road,TW3 1HA,,,Lampton,London,Greater London,England,ENG,United Kingdom,gb,0.22049999999999997,1,0.63,© OpenStreetMap contributors,Open Database License,https://www.openstreetmap.org/copyright
United Kingdom,"5th Fl,The Record Hall,16-16A Baldwin's Gardens,London EC1N 7RJ",1110,3,51.5199688,-0.1098485,"Bespoke Goldsmith, 16-16a Baldwins Gardens, London, EC1N 7RJ, United Kingdom",Bespoke Goldsmith,16-16a,Baldwins Gardens,EC1N 7RJ,London Borough of Camden,,Holborn,London,Greater London,England,ENG,United Kingdom,gb,0.9,1,1,© OpenStreetMap contributors,Open Database License,https://www.openstreetmap.org/copyright
United Kingdom,"5th Fl.,107 Cannon St.,London,EC4N 5AF",1111,3,51.5116025,-0.0896573,"Tossed, 107 Cannon Street, City of London, EC4N 5AF, United Kingdom",Tossed,107,Cannon Street,EC4N 5AF,,,Vintry,City of London,Greater London,England,ENG,United Kingdom,gb,0.9,1,1,© OpenStreetMap contributors,Open Database License,https://www.openstreetmap.org/copyright
United Kingdom,"5th Fl.,11 Old Jewry,London,EC2R 8DU",1112,3,51.5142317,-0.0907172,"Goodmans City, 11 Old Jewry, City of London, EC2R 8DU, United Kingdom",Goodmans City,11,Old Jewry,EC2R 8DU,,,Cheap,City of London,Greater London,England,ENG,United Kingdom,gb,0.9,1,1,© OpenStreetMap contributors,Open Database License,https://www.openstreetmap.org/copyright
United Kingdom,"5th Fl.,2 Honey Lane London EC2V 8BT",1113,3,51.5143709,-0.0929305,"Honey Lane, City of London, EC2V 8AF, United Kingdom",Honey Lane,,Honey Lane,EC2V 8AF,,,Cheap,City of London,Greater London,England,ENG,United Kingdom,gb,0.5103,0.81,0.81,© OpenStreetMap contributors,Open Database License,https://www.openstreetmap.org/copyright
United Kingdom,"5th Fl.,20 Fenchurch St.,London EC3M 3BY",1114,3,51.5115724,-0.0838073,"Untitled x3, 20 Fenchurch Street, City of London, EC3M 3BY, United Kingdom",Untitled x3,20,Fenchurch Street,EC3M 3BY,,,Cornhill,City of London,Greater London,England,ENG,United Kingdom,gb,0.9,1,1,© OpenStreetMap contributors,Open Database License,https://www.openstreetmap.org/copyright
United Kingdom,"5th Fl.,30 City Rd.,London EC1Y 2AY",1115,3,51.52255625,-0.08744706756082879,"30 City Road, London, EC1Y 1AG, United Kingdom",,30,City Road,EC1Y 1AG,London Borough of Islington,,Finsbury,London,Greater London,England,ENG,United Kingdom,gb,0.63,1,1,© OpenStreetMap contributors,Open Database License,https://www.openstreetmap.org/copyright
United Kingdom,"5th Fl.,39 Cornhill,London EC3V 3ND",1116,3,51.513203971428574,-0.0874783,"City of London, EC3V 3ND, United Kingdom",,,,EC3V 3ND,,,,City of London,Greater London,England,ENG,United Kingdom,gb,0.6,1,,© OpenStreetMap contributors,Open Database License,https://www.openstreetmap.org/copyright
United Kingdom,"5th Fl.,5 King William St.,London EC4N 7AX",1117,3,51.5112826,-0.087128,"King William Street, City of London, EC4N 7HR, United Kingdom",King William Street,,King William Street,EC4N 7HR,,,Cornhill,City of London,Greater London,England,ENG,United Kingdom,gb,0.5103,0.81,0.81,© OpenStreetMap contributors,Open Database License,https://www.openstreetmap.org/copyright
United Kingdom,"5th Fl.,5 King William St.,London,EC4N 7AX",1118,3,51.5112826,-0.087128,"King William Street, City of London, EC4N 7HR, United Kingdom",King William Street,,King William Street,EC4N 7HR,,,Cornhill,City of London,Greater London,England,ENG,United Kingdom,gb,0.5103,0.81,0.81,© OpenStreetMap contributors,Open Database License,https://www.openstreetmap.org/copyright
United Kingdom,"5th Fl.,5 King William St.London EC4N 7AX",1119,3,51.516237,-0.130478,"5, London, EC4N 7AX, United Kingdom",,,5,EC4N 7AX,Westminster,,Soho,London,London,England,ENG,United Kingdom,gb,0.032805000000000015,0.45,0.45,© OpenStreetMap contributors,Open Database License,https://www.openstreetmap.org/copyright
United Kingdom,"5th Fl.,50 Southwark St.,London SE1 1UN",1120,3,51.5070583,-0.1040306,"Southwark Street, London, SE1 9UF, United Kingdom",Southwark Street,,Southwark Street,SE1 9UF,London Borough of Southwark,,Southwark,London,Greater London,England,ENG,United Kingdom,gb,0.63,1,1,© OpenStreetMap contributors,Open Database License,https://www.openstreetmap.org/copyright
United Kingdom,"5th Fl.,6 Broad St.Place Blomfield St.,London EC2M 7JH",1121,3,51.51799,-0.0844,"City of London, EC2M 7JH, United Kingdom",,,,EC2M 7JH,,,,City of London,Greater London,England,ENG,United Kingdom,gb,0.6,1,,© OpenStreetMap contributors,Open Database License,https://www.openstreetmap.org/copyright
United Kingdom,"5th Fl.,6 Broad St.Place,Blomfield St.,London EC2M 7JH",1122,3,51.51799,-0.0844,"City of London, EC2M 7JH, United Kingdom",,,,EC2M 7JH,,,,City of London,Greater London,England,ENG,United Kingdom,gb,0.6,1,,© OpenStreetMap contributors,Open Database License,https://www.openstreetmap.org/copyright
United Kingdom,"5th Fl.,6 Broad St.Place,Blomfield St.,London,EC2M 7JH",1123,3,51.51799,-0.0844,"City of London, EC2M 7JH, United Kingdom",,,,EC2M 7JH,,,,City of London,Greater London,England,ENG,United Kingdom,gb,0.6,1,,© OpenStreetMap contributors,Open Database License,https://www.openstreetmap.org/copyright
United Kingdom,"5th Fl.,6 Broad Street Place,Blomfield St.,London EC2M 7JH",1124,3,51.51799,-0.0844,"City of London, EC2M 7JH, United Kingdom",,,,EC2M 7JH,,,,City of London,Greater London,England,ENG,United Kingdom,gb,0.6,1,,© OpenStreetMap contributors,Open Database License,https://www.openstreetmap.org/copyright
United Kingdom,"5th Fl.,60 Cheapside,London,EC2V 6AX",1125,3,51.5138481,-0.093172,"City of London, EC2V 6AX, United Kingdom",,,,EC2V 6AX,,,,City of London,Greater London,England,ENG,United Kingdom,gb,1,1,,© OpenStreetMap contributors,Open Database License,https://www.openstreetmap.org/copyright
United Kingdom,"5th Fl.,63 Queen Victoria St.,London,EC4N 4UA",1126,3,51.5121671,-0.0942146,"Sainsbury's Local, 63 Queen Victoria Street, City of London, EC4N 4UA, United Kingdom",Sainsbury's Local,63,Queen Victoria Street,EC4N 4UA,,,Vintry,City of London,Greater London,England,ENG,United Kingdom,gb,0.9,1,1,© OpenStreetMap contributors,Open Database License,https://www.openstreetmap.org/copyright
United Kingdom,"5th Fl.,7 Birchin Lane,London,EC3V 9BW",1127,3,51.51297,-0.08661,"City of London, EC3V 9BW, United Kingdom",,,,EC3V 9BW,,,,City of London,Greater London,England,ENG,United Kingdom,gb,0.6,1,,© OpenStreetMap contributors,Open Database License,https://www.openstreetmap.org/copyright
United Kingdom,"5th Fl.,8 Waterloo Place,London,SW1Y 4BE",1128,3,51.5078076,-0.1327613,"8 Waterloo Place, London, SW1Y 4BN, United Kingdom",,8,Waterloo Place,SW1Y 4BN,St. James's,,Covent Garden,London,Greater London,England,ENG,United Kingdom,gb,0.63,1,1,© OpenStreetMap contributors,Open Database License,https://www.openstreetmap.org/copyright
United Kingdom,"5th Fl.,Aldermary House,10-15 Queen St.,London,EC4N 1TX",1129,3,51.51297486666667,-0.09265436666666667,"City of London, EC4N 1TX, United Kingdom",,,,EC4N 1TX,,,,City of London,Greater London,England,ENG,United Kingdom,gb,0.6,1,,© OpenStreetMap contributors,Open Database License,https://www.openstreetmap.org/copyright
United Kingdom,"5th Fl.,Bow Bells House Bread St.,Cheapside London EC4M 9BQ",1130,3,51.5138641,-0.0945893,"Bread Street, City of London, EC4M 9BE, United Kingdom",Bread Street,,Bread Street,EC4M 9BE,,,Cheap,City of London,Greater London,England,ENG,United Kingdom,gb,0.5103,0.81,0.81,© OpenStreetMap contributors,Open Database License,https://www.openstreetmap.org/copyright
United Kingdom,"5th Fl.,Bow Bells House Bread St.,London EC4M 9BQ",1131,3,51.5138641,-0.0945893,"Bread Street, City of London, EC4M 9BE, United Kingdom",Bread Street,,Bread Street,EC4M 9BE,,,Cheap,City of London,Greater London,England,ENG,United Kingdom,gb,0.5103,0.81,0.81,© OpenStreetMap contributors,Open Database License,https://www.openstreetmap.org/copyright
United Kingdom,"5th Fl.,Bow Bells House Bread St.,London,EC4M 9BQ",1132,3,51.5138641,-0.0945893,"Bread Street, City of London, EC4M 9BE, United Kingdom",Bread Street,,Bread Street,EC4M 9BE,,,Cheap,City of London,Greater London,England,ENG,United Kingdom,gb,0.5103,0.81,0.81,© OpenStreetMap contributors,Open Database License,https://www.openstreetmap.org/copyright
United Kingdom,"5th Fl.,Bow Bells House,Bread St.,London EC4M 9BQ",1133,3,51.5138641,-0.0945893,"Bread Street, City of London, EC4M 9BE, United Kingdom",Bread Street,,Bread Street,EC4M 9BE,,,Cheap,City of London,Greater London,England,ENG,United Kingdom,gb,0.5103,0.81,0.81,© OpenStreetMap contributors,Open Database License,https://www.openstreetmap.org/copyright
United Kingdom,"5th Fl.,Bury House,31 Bury St.,London EC3A 5AR",1134,3,51.51405,-0.07933,"City of London, EC3A 5AR, United Kingdom",,,,EC3A 5AR,,,,City of London,Greater London,England,ENG,United Kingdom,gb,0.6,1,,© OpenStreetMap contributors,Open Database License,https://www.openstreetmap.org/copyright
United Kingdom,"5th Fl.,Bury House,31 Bury St.,London,EC3A 5AR",1135,3,51.51405,-0.07933,"City of London, EC3A 5AR, United Kingdom",,,,EC3A 5AR,,,,City of London,Greater London,England,ENG,United Kingdom,gb,0.6,1,,© OpenStreetMap contributors,Open Database License,https://www.openstreetmap.org/copyright
United Kingdom,"5th Fl.,Castlewood House,77/91 New Oxford St.,London,WC1A 1DT",1136,3,51.516647,-0.1286588,"New Oxford Street, London, WC1A 1HB, United Kingdom",New Oxford Street,,New Oxford Street,WC1A 1HB,London Borough of Camden,,Bloomsbury,London,Greater London,England,ENG,United Kingdom,gb,0.63,1,1,© OpenStreetMap contributors,Open Database License,https://www.openstreetmap.org/copyright
United Kingdom,"5th Fl.,Dauntsey House,4B Fredericks Place,London,EC2R 8AB",1137,3,51.5141839,-0.091577,"4a Frederick's Place, City of London, EC2R 8AB, United Kingdom",,4a,Frederick's Place,EC2R 8AB,,,Cheap,City of London,Greater London,England,ENG,United Kingdom,gb,0.855,1,1,© OpenStreetMap contributors,Open Database License,https://www.openstreetmap.org/copyright
United Kingdom,"5th Fl.,Delta View,2309 Coventry Rd.,Sheldon,Birmingham,B26 3PG",1138,3,52.45087875,-1.7759316,"Birmingham, B26 3PG, United Kingdom",,,,B26 3PG,,,,Birmingham,West Midlands Combined Authority,England,ENG,United Kingdom,gb,0.6,1,,© OpenStreetMap contributors,Open Database License,https://www.openstreetmap.org/copyright
United Kingdom,"5th Fl.,Delta View,2309 Coventry Rd.,Sheldon,Birmingham,B26 3PL",1139,3,52.453926,-1.7904641,"Coventry Road, Birmingham, B26 3DF, United Kingdom",Coventry Road,,Coventry Road,B26 3DF,,,,Birmingham,West Midlands Combined Authority,England,ENG,United Kingdom,gb,0.63,1,1,© OpenStreetMap contributors,Open Database License,https://www.openstreetmap.org/copyright
United Kingdom,"5th Fl.,Devon House 58-60 St.,Katharine's Way London,E1W 1LB",1140,3,51.5059304,-0.07110985321575411,"Devon House, 58-60 St. Katharine's Way, London, E1W 1JP, United Kingdom",Devon House,58-60,St. Katharine's Way,E1W 1JP,London Borough of Tower Hamlets,,Wapping,London,Greater London,England,ENG,United Kingdom,gb,0.63,1,1,© OpenStreetMap contributors,Open Database License,https://www.openstreetmap.org/copyright
United Kingdom,"5th Fl.,Devon House,58-60 St.Katharine's Way,London,E1W 1LB",1141,3,51.5059304,-0.07110985321575411,"Devon House, 58-60 St. Katharine's Way, London, E1W 1JP, United Kingdom",Devon House,58-60,St. Katharine's Way,E1W 1JP,London Borough of Tower Hamlets,,Wapping,London,Greater London,England,ENG,United Kingdom,gb,0.63,1,1,© OpenStreetMap contributors,Open Database License,https://www.openstreetmap.org/copyright
United Kingdom,"5th Fl.,Epworth House,25 City Rd.,London,EC1Y 1AA",1142,3,51.5230948,-0.0870557805602247,"Epworth House, 25 City Road, London, EC1Y 1AA, United Kingdom",Epworth House,25,City Road,EC1Y 1AA,London Borough of Islington,,Finsbury,London,Greater London,England,ENG,United Kingdom,gb,0.9,1,1,© OpenStreetMap contributors,Open Database License,https://www.openstreetmap.org/copyright
United Kingdom,"5th Fl.,Kingsbury House 15-17 King St.,London,SW1Y 6QU",1143,3,51.5062229,-0.1382809,"15-17 King Street, London, SW1Y 6QY, United Kingdom",,15-17,King Street,SW1Y 6QY,St. James's,,Mayfair,London,Greater London,England,ENG,United Kingdom,gb,0.63,1,1,© OpenStreetMap contributors,Open Database License,https://www.openstreetmap.org/copyright
United Kingdom,"5th Fl.,Kingsbury House,15-17 King St.,London SW1Y 6QU",1144,3,51.5062229,-0.1382809,"15-17 King Street, London, SW1Y 6QY, United Kingdom",,15-17,King Street,SW1Y 6QY,St. James's,,Mayfair,London,Greater London,England,ENG,United Kingdom,gb,0.63,1,1,© OpenStreetMap contributors,Open Database License,https://www.openstreetmap.org/copyright
United Kingdom,"5th Fl.,Lansdowne House,57 Berkeley Sq.,London W1X 5DH",1145,3,51.508676300000005,-0.14474412933184538,"Lansdowne House, 57 Berkeley Square, London, W1J 6AB, United Kingdom",Lansdowne House,57,Berkeley Square,W1J 6AB,St. James's,,Mayfair,London,Greater London,England,ENG,United Kingdom,gb,0.9,1,1,© OpenStreetMap contributors,Open Database License,https://www.openstreetmap.org/copyright
United Kingdom,"5th Fl.,Market Towers,1 Nine Elms Lane,London,SW8 5NQ",1146,3,51.4850273,-0.1279856520833334,"Saint George Wharf Tower, 1 Nine Elms Lane, London, SW8 2DU, United Kingdom",Saint George Wharf Tower,1,Nine Elms Lane,SW8 2DU,London Borough of Lambeth,,Nine Elms,London,Greater London,England,ENG,United Kingdom,gb,0.63,1,1,© OpenStreetMap contributors,Open Database License,https://www.openstreetmap.org/copyright
United Kingdom,"5th Fl.,Prince House,43/51 Prince St.,Bristol BS1 4PS",1147,3,51.4504866,-2.5963071,"Bristol, BS1 4PS, United Kingdom",,,,BS1 4PS,,BST,,Bristol,City of Bristol,England,ENG,United Kingdom,gb,0.6,1,,© OpenStreetMap contributors,Open Database License,https://www.openstreetmap.org/copyright
United Kingdom,"5th Fl.,Prince House,43/51 Prince St.,Bristol Bsi 4PS",1148,3,51.4499506,-2.5967268,"51 Prince Street, Bristol, BS1 4DJ, United Kingdom",,51,Prince Street,BS1 4DJ,,,Old City,Bristol,Bristol,England,ENG,United Kingdom,gb,0.63,1,1,,,
United Kingdom,"5th Fl.,River Plate House,7-11 Finsbury Circus,London,EC2M 7EA",1149,3,51.51733,-0.08594,"City of London, EC2M 7EA, United Kingdom",,,,EC2M 7EA,,,,City of London,Greater London,England,ENG,United Kingdom,gb,0.6,1,,© OpenStreetMap contributors,Open Database License,https://www.openstreetmap.org/copyright
United Kingdom,"5th Fl.,St.Alphage House 2,Fore St.,London EC2Y 5DQ",1150,3,51.5183696,-0.092361,"Fore Street, City of London, EC2Y 5DB, United Kingdom",Fore Street,,Fore Street,EC2Y 5DB,,,Barbican,City of London,Greater London,England,ENG,United Kingdom,gb,0.5103,0.81,0.81,© OpenStreetMap contributors,Open Database License,https://www.openstreetmap.org/copyright
United Kingdom,"5th Fl.,St.Martin's Court,10 Paternoster Row,London,EC4M 7BB",1151,3,51.5146643,-0.0984702,"Paternoster Row, City of London, EC4M 7DX, United Kingdom",Paternoster Row,,Paternoster Row,EC4M 7DX,,,Cheap,City of London,Greater London,England,ENG,United Kingdom,gb,0.5103,0.81,0.81,© OpenStreetMap contributors,Open Database License,https://www.openstreetmap.org/copyright
United Kingdom,"5th Fl.,St.Martin's Court,10 Paternoster Row,London,ECC 7BB",1152,3,51.624891,0.214944,"Paternoster Row, London, United Kingdom",,,Paternoster Row,,Havering,,Havering-atte-Bower,London,London,England,ENG,United Kingdom,gb,0.5,1,1,© OpenStreetMap contributors,Open Database License,https://www.openstreetmap.org/copyright
United Kingdom,"5th Fl.,Temple Bar House 23-28 Fleet St.,London,EC4Y 1AA",1153,3,51.5135918,-0.11031138218789585,"Z City Hotel, 23-28 Fleet Street, City of London, EC4Y 1AA, United Kingdom",Z City Hotel,23-28,Fleet Street,EC4Y 1AA,,,Blackfriars,City of London,Greater London,England,ENG,United Kingdom,gb,0.9,1,1,© OpenStreetMap contributors,Open Database License,https://www.openstreetmap.org/copyright
United Kingdom,"5th Fl.,Temple Bar House,23-28 Fleet St.,London,EC4Y 1AA",1154,3,51.5135918,-0.11031138218789585,"Z City Hotel, 23-28 Fleet Street, City of London, EC4Y 1AA, United Kingdom",Z City Hotel,23-28,Fleet Street,EC4Y 1AA,,,Blackfriars,City of London,Greater London,England,ENG,United Kingdom,gb,0.9,1,1,© OpenStreetMap contributors,Open Database License,https://www.openstreetmap.org/copyright
United Kingdom,"5th Fl.,Temple Court 11,Queen Victoria St.,London,EC4N 4TA",1155,3,51.5122676,-0.0940659,"Queen Victoria Street, City of London, EC4N 4UA, United Kingdom",Queen Victoria Street,,Queen Victoria Street,EC4N 4UA,,,Vintry,City of London,Greater London,England,ENG,United Kingdom,gb,0.5103,0.81,0.81,© OpenStreetMap contributors,Open Database License,https://www.openstreetmap.org/copyright
United Kingdom,"5th Fl.,Vintner's Place 68 Upper Thames St.London EC4V 3BJ",1156,3,51.510592,-0.095637,"58 Upper Thames Street, London, EC4V 3EH, United Kingdom",,58,Upper Thames Street,EC4V 3EH,City of London,,Cannon,London,London,England,ENG,United Kingdom,gb,0.17639999999999997,0.7,0.4666666666666667,© OpenStreetMap contributors,Open Database License,https://www.openstreetmap.org/copyright
United Kingdom,"5th Fl.103 Cannon St.,London EC4N 6DB",1157,3,51.51171345,-0.08980779943830634,"All Bar One, 103 Cannon Street, City of London, EC4N 5AG, United Kingdom",All Bar One,103,Cannon Street,EC4N 5AG,City of London,,Vintry,City of London,Greater London,England,ENG,United Kingdom,gb,0.5103000000000001,0.81,0.81,© OpenStreetMap contributors,Open Database License,https://www.openstreetmap.org/copyright
United Kingdom,"5th Fl.Dresden House,70-72 King William St.,London EC4N 7HR",1158,3,51.5112826,-0.087128,"King William Street, City of London, EC4N 7HR, United Kingdom",King William Street,,King William Street,EC4N 7HR,,,Cornhill,City of London,Greater London,England,ENG,United Kingdom,gb,0.7,1,1,© OpenStreetMap contributors,Open Database License,https://www.openstreetmap.org/copyright
United Kingdom,"5th Fl.East,Lansdowne House 57 Berkeley Sq.,London,W1J 6ER",1159,3,51.508676300000005,-0.14474412933184538,"Lansdowne House, 57 Berkeley Square, London, W1J 6AB, United Kingdom",Lansdowne House,57,Berkeley Square,W1J 6AB,St. James's,,Mayfair,London,Greater London,England,ENG,United Kingdom,gb,0.63,1,1,© OpenStreetMap contributors,Open Database License,https://www.openstreetmap.org/copyright
United Kingdom,"5th Fl.Temple Court,11 Queen Victoria St.,London EC4N 4TA",1160,3,51.5122676,-0.0940659,"Queen Victoria Street, City of London, EC4N 4UA, United Kingdom",Queen Victoria Street,,Queen Victoria Street,EC4N 4UA,,,Vintry,City of London,Greater London,England,ENG,United Kingdom,gb,0.5103,0.81,0.81,© OpenStreetMap contributors,Open Database License,https://www.openstreetmap.org/copyright
United Kingdom,"5th Fl.Vintners Place,68 Upper Thames St.,London,EC4V 3BJ",1161,3,51.51073,-0.0939099,"City of London, EC4V 3BJ, United Kingdom",,,,EC4V 3BJ,,,,City of London,Greater London,England,ENG,United Kingdom,gb,0.6,1,,© OpenStreetMap contributors,Open Database License,https://www.openstreetmap.org/copyright
United Kingdom,"5th Fl.Vintners' Place,68 Upper Thames St.,London EC4V 3BJ",1162,3,51.51073,-0.0939099,"City of London, EC4V 3BJ, United Kingdom",,,,EC4V 3BJ,,,,City of London,Greater London,England,ENG,United Kingdom,gb,0.6,1,,© OpenStreetMap contributors,Open Database License,https://www.openstreetmap.org/copyright
United Kingdom,"5th Fl.Vintners' Place,68 Upper Thames St.,London,EC4V 3BJ",1163,3,51.51073,-0.0939099,"City of London, EC4V 3BJ, United Kingdom",,,,EC4V 3BJ,,,,City of London,Greater London,England,ENG,United Kingdom,gb,0.6,1,,© OpenStreetMap contributors,Open Database License,https://www.openstreetmap.org/copyright
United Kingdom,"5th Fl.Vintners'Place,68 Upper Thames St.,London EC4V 3BJ",1164,3,51.51073,-0.0939099,"City of London, EC4V 3BJ, United Kingdom",,,,EC4V 3BJ,,,,City of London,Greater London,England,ENG,United Kingdom,gb,0.6,1,,© OpenStreetMap contributors,Open Database License,https://www.openstreetmap.org/copyright
United Kingdom,"5th Fl.Vintners'Place,68 Upper Thames St.,London,EC4V 3BJ",1165,3,51.51073,-0.0939099,"City of London, EC4V 3BJ, United Kingdom",,,,EC4V 3BJ,,,,City of London,Greater London,England,ENG,United Kingdom,gb,0.6,1,,© OpenStreetMap contributors,Open Database License,https://www.openstreetmap.org/copyright
United Kingdom,"5th-6th Fl.,Classic House,174-180 Old St.,London,EC1V 9EQ",1166,3,51.525197,-0.0900377,"Sports Bar & Grill, 174-180 Old Street, London, EC1V 9BP, United Kingdom",Sports Bar & Grill,174-180,Old Street,EC1V 9BP,London Borough of Islington,,Finsbury,London,Greater London,England,ENG,United Kingdom,gb,0.5670000000000001,1,1,© OpenStreetMap contributors,Open Database License,https://www.openstreetmap.org/copyright
United Kingdom,"6 Beardmore Way,Clydebank Ind.Estate,Clydebank,Dunbartonshire,G81 4HT,Scotland",1167,3,55.9078025,-4.431763284383157,"6 Beardmore Way, Clydebank, G81 4GE, United Kingdom",,6,Beardmore Way,G81 4GE,,WDU,Dalmuir,Clydebank,West Dunbartonshire,Scotland,SCT,United Kingdom,gb,0.5670000000000001,1,1,© OpenStreetMap contributors,Open Database License,https://www.openstreetmap.org/copyright
United Kingdom,"6 Braham St.,London E1 8ED",1168,3,51.513933300000005,-0.07246753636094,"Braham Street Data Centre, 6 Braham Street, London, E1 8EE, United Kingdom",Braham Street Data Centre,6,Braham Street,E1 8EE,London Borough of Tower Hamlets,,Whitechapel,London,Greater London,England,ENG,United Kingdom,gb,0.63,1,1,© OpenStreetMap contributors,Open Database License,https://www.openstreetmap.org/copyright
United Kingdom,"6 Broad Gate,London,EC2M 2RQ",1169,3,51.5138412,0.0404437,"Broadgate Road, London, E16 3TL, United Kingdom",Broadgate Road,,Broadgate Road,E16 3TL,London Borough of Newham,,Silvertown,London,Greater London,England,ENG,United Kingdom,gb,0.5,1,1,© OpenStreetMap contributors,Open Database License,https://www.openstreetmap.org/copyright
United Kingdom,"6 Broadgate,London EC2M 2AA",1170,3,51.51912,-0.083923,"3 Broadgate, London, EC2M 2QS, United Kingdom",,3,Broadgate,EC2M 2QS,City of London,,Broadgate,London,London,England,ENG,United Kingdom,gb,0.6192307692307691,1,1,© OpenStreetMap contributors,Open Database License,https://www.openstreetmap.org/copyright
United Kingdom,"6 Broadgate,London,EC2M 2AA",1171,3,51.51912,-0.083923,"3 Broadgate, London, EC2M 2QS, United Kingdom",,3,Broadgate,EC2M 2QS,City of London,,Broadgate,London,London,England,ENG,United Kingdom,gb,0.616,1,1,© OpenStreetMap contributors,Open Database License,https://www.openstreetmap.org/copyright
United Kingdom,"6 Broadgate,London,EC2M 2RQ",1172,3,51.51912,-0.083923,"3 Broadgate, London, EC2M 2QS, United Kingdom",,3,Broadgate,EC2M 2QS,City of London,,Broadgate,London,London,England,ENG,United Kingdom,gb,0.616,1,1,© OpenStreetMap contributors,Open Database License,https://www.openstreetmap.org/copyright
United Kingdom,"6 Broadgate,Lonon,EC2M 2RQ",1173,3,51.6056711,-1.6368605003017744,"The Defence Academy of the United Kingdom, Northford Hill, Vale of White Horse, SN6 8EU, United Kingdom",The Defence Academy of the United Kingdom,,Northford Hill,SN6 8EU,,OXF,,Vale of White Horse,Oxfordshire,England,ENG,United Kingdom,gb,0,,,© OpenStreetMap contributors,Open Database License,https://www.openstreetmap.org/copyright
United Kingdom,"6 Duke St.,St.James's Sq.,London,SW1Y 6BN",1174,3,51.5070311,-0.1373404,"Whitford Fine Art, 6 Duke Street St James's, London, SW1Y 6BN, United Kingdom",Whitford Fine Art,6,Duke Street St James's,SW1Y 6BN,St. James's,,Mayfair,London,Greater London,England,ENG,United Kingdom,gb,0.81,1,0.9,© OpenStreetMap contributors,Open Database License,https://www.openstreetmap.org/copyright
United Kingdom,"6 Hawtin Park,Blackwood,Gwent,NP12 2EU",1175,3,51.654368149999996,-3.2114068592377816,"Hawtin Park Industrial Estate, Maesycwmmer, NP12 2EU, United Kingdom",Hawtin Park Industrial Estate,,,NP12 2EU,,,Hawtin Park Industrial Estate,Maesycwmmer,Caerphilly County Borough,Wales,WLS,United Kingdom,gb,0.225,1,,© OpenStreetMap contributors,Open Database License,https://www.openstreetmap.org/copyright
United Kingdom,"6 Hawtin Park,Gellihaf Pontllanfraith,Blackwood,NP12 2EU",1176,3,51.654368149999996,-3.2114068592377816,"Hawtin Park Industrial Estate, Maesycwmmer, NP12 2EU, United Kingdom",Hawtin Park Industrial Estate,,,NP12 2EU,,,Hawtin Park Industrial Estate,Maesycwmmer,Caerphilly County Borough,Wales,WLS,United Kingdom,gb,0.225,1,,© OpenStreetMap contributors,Open Database License,https://www.openstreetmap.org/copyright
United Kingdom,"6 Lloyd's Ave.,London EC3N 3AX",1177,3,51.5118606,-0.0780174,"Unbolted, 6, Lloyd's Avenue, City of London, EC3N 3AX, United Kingdom",Unbolted,"6,",Lloyd's Avenue,EC3N 3AX,,,Aldgate,City of London,Greater London,England,ENG,United Kingdom,gb,0.9,1,1,© OpenStreetMap contributors,Open Database License,https://www.openstreetmap.org/copyright
United Kingdom,"6 Maple Grove Business Centere,Lawrence Rd.Hounslow,Heathrow,Middlesex TW4 6DK",1178,3,52.899123,-1.304388,"6 Maple Grove, Breaston, DE72 3BN, United Kingdom",,6,Maple Grove,DE72 3BN,Drakelow,DBY,,Breaston,Derbyshire,England,ENG,United Kingdom,gb,0,,,© OpenStreetMap contributors,Open Database License,https://www.openstreetmap.org/copyright
United Kingdom,"6 Westernagate Langley Rd.,Swindon,Wiltshire,SN5 5WN",1179,3,51.56265,-1.756725,"Swindon, England, United Kingdom",Swindon,,,SN5 5WN,,SWD,,,Swindon,England,ENG,United Kingdom,gb,0.125,,,Who's On First,CC0,https://www.whosonfirst.org/docs/licenses/
United Kingdom,"6-8 Bonhill St.,London EC2A 4BX",1180,3,51.52258085,-0.08533943021443774,"6-8 Bonhill Street, London, EC2A 4DJ, United Kingdom",,6-8,Bonhill Street,EC2A 4DJ,London Borough of Islington,,Finsbury,London,Greater London,England,ENG,United Kingdom,gb,0.63,1,1,© OpenStreetMap contributors,Open Database License,https://www.openstreetmap.org/copyright
United Kingdom,"6-8,Old Bond St.,London W1X 3TA",1181,3,51.5085162,-0.1402693,"Dolce & Gabbana, 6-8 Old Bond Street, London, W1S 4PP, United Kingdom",Dolce & Gabbana,6-8,Old Bond Street,W1S 4PP,St. James's,,Mayfair,London,Greater London,England,ENG,United Kingdom,gb,0.9,1,1,© OpenStreetMap contributors,Open Database License,https://www.openstreetmap.org/copyright
United Kingdom,"6-9 The Square,Stockley Park,Uxbridge,Middlesex,UB11 1FW",1182,3,51.542143,-0.479459,"Uxbridge, London, ENG, United Kingdom",Uxbridge,,,,Hillingdon,,Uxbridge,London,London,England,ENG,United Kingdom,gb,0.25,1,,Who's On First,CC0,https://www.whosonfirst.org/docs/licenses/
United Kingdom,"6,Hipley St.,Old Woking,Surrey",1183,3,51.3030742,-0.5440294,"Hipley Street, Woking, GU22 9LQ, United Kingdom",Hipley Street,,Hipley Street,GU22 9LQ,,SRY,Westfield,Woking,Surrey,England,ENG,United Kingdom,gb,0.5,1,1,© OpenStreetMap contributors,Open Database License,https://www.openstreetmap.org/copyright
United Kingdom,"6,Hipley St.,Old Woking,Surrey,GU22 9LG",1184,3,51.3030742,-0.5440294,"Hipley Street, Woking, GU22 9LQ, United Kingdom",Hipley Street,,Hipley Street,GU22 9LQ,,SRY,Westfield,Woking,Surrey,England,ENG,United Kingdom,gb,0.63,1,1,© OpenStreetMap contributors,Open Database License,https://www.openstreetmap.org/copyright
United Kingdom,"6,Miles Gray Rd.,Basilden,Essex SS14 3AR",1185,3,51.5797573,0.445885,"Miles Gray Road, Basildon, SS14 3UL, United Kingdom",Miles Gray Road,,Miles Gray Road,SS14 3UL,,ESS,,Basildon,Essex,England,ENG,United Kingdom,gb,0.4961249999999999,0.7875,0.7875,© OpenStreetMap contributors,Open Database License,https://www.openstreetmap.org/copyright
United Kingdom,"6/8 Long Lane,London EC1A 9HF",1186,3,51.5199854,-0.0981545,"City of London, EC1A 9HF, United Kingdom",,,,EC1A 9HF,,,,City of London,Greater London,England,ENG,United Kingdom,gb,0.6,1,,© OpenStreetMap contributors,Open Database License,https://www.openstreetmap.org/copyright
United Kingdom,"6/8 Long Lane,London,EC1A 9HF",1187,3,51.5199854,-0.0981545,"City of London, EC1A 9HF, United Kingdom",,,,EC1A 9HF,,,,City of London,Greater London,England,ENG,United Kingdom,gb,0.6,1,,© OpenStreetMap contributors,Open Database License,https://www.openstreetmap.org/copyright
United Kingdom,"6/8 Sackville St.,London W1X 1DD",1188,3,51.5093756,-0.1379554,"8a Sackville Street, London, United Kingdom",,8a,Sackville Street,,Westminster,,Mayfair,London,London,England,ENG,United Kingdom,gb,0.63,1,1,© OpenStreetMap contributors,Open Database License,https://www.openstreetmap.org/copyright
United Kingdom,"60 Cannon St.,London,EC4N 6JP",1189,3,51.5119011,-0.09224108848009985,"EAT., 60 Cannon Street, City of London, EC4N 6NP, United Kingdom",EAT.,60,Cannon Street,EC4N 6NP,City of London,,Vintry,City of London,Greater London,England,ENG,United Kingdom,gb,0.5103000000000001,0.81,0.81,© OpenStreetMap contributors,Open Database License,https://www.openstreetmap.org/copyright
United Kingdom,"60 Lombard St.,London,EC3V 9EA",1190,3,51.51252195,-0.08646455918821025,"60 Lombard Street, City of London, EC3V 9EA, United Kingdom",,60,Lombard Street,EC3V 9EA,,,Cornhill,City of London,Greater London,England,ENG,United Kingdom,gb,0.9,1,1,© OpenStreetMap contributors,Open Database License,https://www.openstreetmap.org/copyright
United Kingdom,"61 Aldwych,London,WC2B 4AE",1191,3,51.5136899,-0.11735,"London, WC2B 4AE, United Kingdom",,,,WC2B 4AE,,,,London,Greater London,England,ENG,United Kingdom,gb,0.6,1,,© OpenStreetMap contributors,Open Database License,https://www.openstreetmap.org/copyright
United Kingdom,"61 Central St.,London EC1V 8AN",1192,3,51.5282867,-0.097069,"Central Street, Street, London, EC1V 8AX, United Kingdom",Central Street,,Central Street,EC1V 8AX,London Borough of Islington,,Finsbury,London,Greater London,England,ENG,United Kingdom,gb,0.63,1,1,© OpenStreetMap contributors,Open Database License,https://www.openstreetmap.org/copyright
United Kingdom,"61 Central St.London,EC1V 8AN",1193,3,51.52692035,-0.09660706895771556,"Chicken Diner, 102 Street, London, EC1V 8AB, United Kingdom",Chicken Diner,102,Central Street,EC1V 8AB,London Borough of Islington,,Finsbury,London,Greater London,England,ENG,United Kingdom,gb,0.13891499999999998,0.7,0.44099999999999995,© OpenStreetMap contributors,Open Database License,https://www.openstreetmap.org/copyright
United Kingdom,"610 Centennial Park,Centennial Ave.,Elstree,Herts,WD6 3TJ",1194,3,51.6391556,-0.3061715,"Centennial Avenue, Hertsmere, WD6 3SZ, United Kingdom",Centennial Avenue,,Centennial Avenue,WD6 3SZ,,HRT,Elstree and Borehamwood,Hertsmere,Hertfordshire,England,ENG,United Kingdom,gb,0.5,1,1,© OpenStreetMap contributors,Open Database License,https://www.openstreetmap.org/copyright
United Kingdom,"610 Centennial Park,Centennial Ave.,Elstree,Herts,WD6 3TL",1195,3,51.6391556,-0.3061715,"Centennial Avenue, Hertsmere, WD6 3SZ, United Kingdom",Centennial Avenue,,Centennial Avenue,WD6 3SZ,,HRT,Elstree and Borehamwood,Hertsmere,Hertfordshire,England,ENG,United Kingdom,gb,0.5,1,1,© OpenStreetMap contributors,Open Database License,https://www.openstreetmap.org/copyright
United Kingdom,"62-70 Shorts Garden,London,WC2H 9AH",1196,3,51.514993,-0.092813,"City of London, London, WC2H 9AH, United Kingdom",City of London,,,WC2H 9AH,City of London,,,London,London,England,ENG,United Kingdom,gb,0.25,1,,Who's On First,CC0,https://www.whosonfirst.org/docs/licenses/
United Kingdom,"62/64 Well St.,Hackney,London",1197,3,51.5405718,-0.050985,"64 Well Street, London, E9 6RG, United Kingdom",,64,Well Street,E9 6RG,Hackney,,South Hackney,London,London,England,ENG,United Kingdom,gb,0.63,1,1,,,
United Kingdom,"63 Curzon St.,London W1J 8PD",1198,3,51.5078279,-0.1448888,"Hiro Miyoshi, 63 Curzon Street, London, W1J 7UL, United Kingdom",Hiro Miyoshi,63,Curzon Street,W1J 7UL,St. James's,,Mayfair,London,Greater London,England,ENG,United Kingdom,gb,0.63,1,1,© OpenStreetMap contributors,Open Database License,https://www.openstreetmap.org/copyright
United Kingdom,"63 Curzon St.,London,W1Y 7PE",1199,3,51.507828,-0.144889,"63 Curzon Street, London, W1J 5HS, United Kingdom",,63,Curzon Street,W1J 5HS,Westminster,,Mayfair,London,London,England,ENG,United Kingdom,gb,0,,,© OpenStreetMap contributors,Open Database License,https://www.openstreetmap.org/copyright
United Kingdom,"63 Queen Victoria St.,London,EC4N 4UA",1200,3,51.5121671,-0.0942146,"Sainsbury's Local, 63 Queen Victoria Street, City of London, EC4N 4UA, United Kingdom",Sainsbury's Local,63,Queen Victoria Street,EC4N 4UA,,,Vintry,City of London,Greater London,England,ENG,United Kingdom,gb,0.9,1,1,© OpenStreetMap contributors,Open Database License,https://www.openstreetmap.org/copyright
United Kingdom,"63 Queen Victria St.,London EC4N 4UD",1201,3,51.512167,-0.094215,"63 Queen Victoria Street, London, EC4N 4UA, United Kingdom",,63,Queen Victoria Street,EC4N 4UA,City of London,,Cannon,London,London,England,ENG,United Kingdom,gb,0.4961249999999999,1,0.7875,© OpenStreetMap contributors,Open Database License,https://www.openstreetmap.org/copyright
United Kingdom,"63 Queen Victria St.,London EC4N4UD",1202,3,51.512167,-0.094215,"63 Queen Victoria Street, London, EC4N 4UA, United Kingdom",,63,Queen Victoria Street,EC4N 4UA,City of London,,Cannon,London,London,England,ENG,United Kingdom,gb,0.4961249999999999,1,0.7875,© OpenStreetMap contributors,Open Database License,https://www.openstreetmap.org/copyright
United Kingdom,"64 Barwell Business Park Leatherhhead Rd.Chessington,Surrey KT9 2NY",1203,3,51.3537629,-0.311033664112983,"Barwell Business Park, London, KT9 2NY, United Kingdom",Barwell Business Park,,,KT9 2NY,Royal Borough of Kingston upon Thames,,Chessington,London,Greater London,England,ENG,United Kingdom,gb,0.375,1,0.75,© OpenStreetMap contributors,Open Database License,https://www.openstreetmap.org/copyright
United Kingdom,"64-66 Mark Lane,London,EC3R 7HS",1204,3,51.5111446,-0.0801123,"Mark Lane, City of London, EC3R 7NQ, United Kingdom",Mark Lane,,Mark Lane,EC3R 7NQ,,,Bishopsgate,City of London,Greater London,England,ENG,United Kingdom,gb,0.5103,0.81,0.81,© OpenStreetMap contributors,Open Database License,https://www.openstreetmap.org/copyright
United Kingdom,"64-66 Mark Lane,London,EC3R 7PJ",1205,3,51.5111446,-0.0801123,"Mark Lane, City of London, EC3R 7NQ, United Kingdom",Mark Lane,,Mark Lane,EC3R 7NQ,,,Bishopsgate,City of London,Greater London,England,ENG,United Kingdom,gb,0.5103,0.81,0.81,© OpenStreetMap contributors,Open Database License,https://www.openstreetmap.org/copyright
United Kingdom,"64-66 St.Pauls Churchyard,London EC4M 8AA",1206,3,51.5145339,-0.0981903,"65 St. Paul's Churchyard, London, EC4M 8AA, United Kingdom",,65,St. Paul's Churchyard,EC4M 8AA,City of London,,Blackfriars,London,London,England,ENG,United Kingdom,gb,0.63,1,1,© OpenStreetMap contributors,Open Database License,https://www.openstreetmap.org/copyright
United Kingdom,"65 London Wall,London,EC2M 5TU",1207,3,51.5168305,-0.086379,"Hedox Clinic, 65 London Wall, City of London, EC2M 5TU, United Kingdom",Hedox Clinic,65,London Wall,EC2M 5TU,,,Cornhill,City of London,Greater London,England,ENG,United Kingdom,gb,0.9,1,1,© OpenStreetMap contributors,Open Database License,https://www.openstreetmap.org/copyright
United Kingdom,"66 Burners Lane,Kiln Farm,Milton Keynes,MK11 3HD",1208,3,52.0490653,-0.8235367,"Burners Lane, Milton Keynes, MK11 3HD, United Kingdom",Burners Lane,,Burners Lane,MK11 3HD,Abbey Hill,,Abbey Hill,Milton Keynes,City of Milton Keynes,England,ENG,United Kingdom,gb,0.7,1,1,© OpenStreetMap contributors,Open Database License,https://www.openstreetmap.org/copyright
United Kingdom,66 Chiltem St.London W1M 2AP,1209,3,,,,,,,,,,,,,,,,,,,,,,
United Kingdom,66 Chilten St.London W1M 2AP,1210,3,,,,,,,,,,,,,,,,,,,,,,
United Kingdom,"66 Chilten St.London,W1M 2AP",1211,3,,,,,,,,,,,,,,,,,,,,,,
United Kingdom,"66 Chiltern St.,London W1M 2AP",1212,3,51.520796,-0.156012,"75 Chiltern Street, London, W1U 5AQ, United Kingdom",,75,Chiltern Street,W1U 5AQ,Westminster,,Marylebone,London,London,England,ENG,United Kingdom,gb,0.6,1,1,© OpenStreetMap contributors,Open Database License,https://www.openstreetmap.org/copyright
United Kingdom,"66 Chiltern St.,London W1U 4AG",1213,3,51.5203069,-0.1553901,"Wulf and Lamb, 66 Chiltern Street, London, W1U 4EJ, United Kingdom",Wulf and Lamb,66,Chiltern Street,W1U 4EJ,Westminster,,Marylebone,London,Greater London,England,ENG,United Kingdom,gb,0.63,1,1,© OpenStreetMap contributors,Open Database License,https://www.openstreetmap.org/copyright
United Kingdom,"66 Chiltern St.,London WIM 2AP",1214,3,51.5203069,-0.1553901,"Wulf and Lamb, 66 Chiltern Street, London, W1U 4EJ, United Kingdom",Wulf and Lamb,66,Chiltern Street,W1U 4EJ,Westminster,,Marylebone,London,Greater London,England,ENG,United Kingdom,gb,0.9,1,1,© OpenStreetMap contributors,Open Database License,https://www.openstreetmap.org/copyright
United Kingdom,"66 Chiltern St.,London,W1U 4AG",1215,3,51.5203069,-0.1553901,"Wulf and Lamb, 66 Chiltern Street, London, W1U 4EJ, United Kingdom",Wulf and Lamb,66,Chiltern Street,W1U 4EJ,Westminster,,Marylebone,London,Greater London,England,ENG,United Kingdom,gb,0.63,1,1,© OpenStreetMap contributors,Open Database License,https://www.openstreetmap.org/copyright
United Kingdom,"66 Mark Lane London,EC3R 7HS",1216,3,51.5111446,-0.0801123,"Mark Lane, City of London, EC3R 7NQ, United Kingdom",Mark Lane,,Mark Lane,EC3R 7NQ,,,Bishopsgate,City of London,Greater London,England,ENG,United Kingdom,gb,0.5103,0.81,0.81,© OpenStreetMap contributors,Open Database License,https://www.openstreetmap.org/copyright
United Kingdom,"66 Neal St.,London WC2H 9PA",1217,3,51.5148214,-0.1260970837250226,"Tabio, 66 Neal Street, London, WC2H 9BN, United Kingdom",Tabio,66,Neal Street,WC2H 9BN,London Borough of Camden,,Bloomsbury,London,Greater London,England,ENG,United Kingdom,gb,0.63,1,1,© OpenStreetMap contributors,Open Database License,https://www.openstreetmap.org/copyright
United Kingdom,"66 Queen St.,Edinburgh Scotland",1218,3,55.9535786,-3.2053267,"66 Queen Street, City of Edinburgh, EH2 4NA, United Kingdom",,66,Queen Street,EH2 4NA,First New Town,,New Town/Broughton,City of Edinburgh,,Scotland,SCT,United Kingdom,gb,0.7290000000000001,0.81,0.81,© OpenStreetMap contributors,Open Database License,https://www.openstreetmap.org/copyright
United Kingdom,"671 Spur Rd.,North Feltham Trading Estate,Feltham,Middlesex,TW14 0SL",1219,3,51.4637775,-0.4051383,"Spur Road, London, TW14 0SL, United Kingdom",Spur Road,,Spur Road,TW14 0SL,London Borough of Hounslow,,Hounslow West,London,Greater London,England,ENG,United Kingdom,gb,0.7,1,1,© OpenStreetMap contributors,Open Database License,https://www.openstreetmap.org/copyright
United Kingdom,"671 Spur Rd.,North Feltham Trasing Estate,Feltham,Middlesex,TW14 0SL",1220,3,51.4637775,-0.4051383,"Spur Road, London, TW14 0SL, United Kingdom",Spur Road,,Spur Road,TW14 0SL,London Borough of Hounslow,,Hounslow West,London,Greater London,England,ENG,United Kingdom,gb,0.7,1,1,© OpenStreetMap contributors,Open Database License,https://www.openstreetmap.org/copyright
United Kingdom,"68 King William St.,London,EC4N 7DZ",1221,3,51.511239,-0.0868999,"Chipotle, 68 King William Street, City of London, EC4N 7HR, United Kingdom",Chipotle,68,King William Street,EC4N 7HR,,,Cornhill,City of London,Greater London,England,ENG,United Kingdom,gb,0.5103000000000001,0.81,0.81,© OpenStreetMap contributors,Open Database License,https://www.openstreetmap.org/copyright
United Kingdom,"68 Upper Thames St.,London EC4V 3BJ",1222,3,51.51073,-0.0939099,"City of London, EC4V 3BJ, United Kingdom",,,,EC4V 3BJ,,,,City of London,Greater London,England,ENG,United Kingdom,gb,0.6,1,,© OpenStreetMap contributors,Open Database License,https://www.openstreetmap.org/copyright
United Kingdom,"68 Vpper Thames St.,London EC4V 3BJ",1223,3,51.51073,-0.0939099,"City of London, EC4V 3BJ, United Kingdom",,,,EC4V 3BJ,,,,City of London,Greater London,England,ENG,United Kingdom,gb,0.6,1,,© OpenStreetMap contributors,Open Database License,https://www.openstreetmap.org/copyright
United Kingdom,"69 Grosvenor St.,London,W1K 3JP",1224,3,51.5117459,-0.14606521704962153,"69 Grosvenor Street, London, W1K 3JZ, United Kingdom",,69,Grosvenor Street,W1K 3JZ,,,Mayfair,London,Greater London,England,ENG,United Kingdom,gb,0.63,1,1,© OpenStreetMap contributors,Open Database License,https://www.openstreetmap.org/copyright
United Kingdom,"69 Grosvenor St.,Mayfair London,W1K 3JP",1225,3,51.5117459,-0.14606521704962153,"69 Grosvenor Street, London, W1K 3JZ, United Kingdom",,69,Grosvenor Street,W1K 3JZ,,,Mayfair,London,Greater London,England,ENG,United Kingdom,gb,0.63,1,1,© OpenStreetMap contributors,Open Database License,https://www.openstreetmap.org/copyright
United Kingdom,"69 Regent St.,London W1R 7HG",1226,3,51.509688100000005,-0.13638776106856387,"Coccinelle, 69 Regent Street, London, W1B 4EE, United Kingdom",Coccinelle,69,Regent Street,W1B 4EE,St. James's,,Mayfair,City of Westminster,Greater London,England,ENG,United Kingdom,gb,0.24300000000000002,0.9,0.9,© OpenStreetMap contributors,Open Database License,https://www.openstreetmap.org/copyright
United Kingdom,"69 Regent St.,London,W1B 4ED",1227,3,51.509688100000005,-0.13638776106856387,"Coccinelle, 69 Regent Street, London, W1B 4EE, United Kingdom",Coccinelle,69,Regent Street,W1B 4EE,St. James's,,Mayfair,City of Westminster,Greater London,England,ENG,United Kingdom,gb,0.5670000000000001,0.9,0.9,© OpenStreetMap contributors,Open Database License,https://www.openstreetmap.org/copyright
United Kingdom,"69 Regent St.,London,W1R 7HG",1228,3,51.509688100000005,-0.13638776106856387,"Coccinelle, 69 Regent Street, London, W1B 4EE, United Kingdom",Coccinelle,69,Regent Street,W1B 4EE,St. James's,,Mayfair,City of Westminster,Greater London,England,ENG,United Kingdom,gb,0.24300000000000002,0.9,0.9,© OpenStreetMap contributors,Open Database License,https://www.openstreetmap.org/copyright
United Kingdom,69 Regent St.London W1R 7HG,1229,3,52.663642,-1.580326,United Kingdom,United Kingdom,,,,,,,,,,,United Kingdom,gb,0,,,Who's On First,CC0,https://www.whosonfirst.org/docs/licenses/
United Kingdom,"6B Forres St.,Edinburgh EH3 6BJ Scotland",1230,3,55.9537148,-3.2079094,"6B Forres Street, City of Edinburgh, EH3 6DE, United Kingdom",,6B,Forres Street,EH3 6DE,Moray Feu,,New Town/Broughton,City of Edinburgh,Edinburgh,Scotland,SCT,United Kingdom,gb,0.5103,0.81,0.81,© OpenStreetMap contributors,Open Database License,https://www.openstreetmap.org/copyright
United Kingdom,6F Finsbury Circus House 12/15 Finsbury Circus London EC2M 7EB,1231,3,51.5182136,-0.0853162,"City of London, EC2M 7EB, United Kingdom",,,,EC2M 7EB,,,,City of London,Greater London,England,ENG,United Kingdom,gb,0.6,1,,© OpenStreetMap contributors,Open Database License,https://www.openstreetmap.org/copyright
United Kingdom,"6th Fl.,1 St Martin's Le Grand,London,EC1A 4BB",1232,3,51.51644865,-0.09776585879604383,"1 St. Martin's Le Grand, City of London, EC1A 4AS, United Kingdom",,1,St. Martin's Le Grand,EC1A 4AS,,,Cheap,City of London,Greater London,England,ENG,United Kingdom,gb,0.5103,0.81,0.81,© OpenStreetMap contributors,Open Database License,https://www.openstreetmap.org/copyright
United Kingdom,"6th Fl.,100 Ludgate Hill,London,EC4M 7RE",1233,3,51.5143,-0.10378,"City of London, EC4M 7RE, United Kingdom",,,,EC4M 7RE,,,,City of London,Greater London,England,ENG,United Kingdom,gb,0.6,1,,© OpenStreetMap contributors,Open Database License,https://www.openstreetmap.org/copyright
United Kingdom,"6th Fl.,125 Old Broad St.,London,EC2N 1AR",1234,3,51.5147929,-0.0856924,"Pret A Manger, 125 Old Broad Street, City of London, EC2N 1AR, United Kingdom",Pret A Manger,125,Old Broad Street,EC2N 1AR,,,Cornhill,City of London,Greater London,England,ENG,United Kingdom,gb,0.9,1,1,© OpenStreetMap contributors,Open Database License,https://www.openstreetmap.org/copyright
United Kingdom,"6th Fl.,20 Old Bailey,London,EC4M 7AM",1235,3,51.5156385,-0.1027039,"Triodos Bank, 20 Old Bailey, City of London, EC4M 7NB, United Kingdom",Triodos Bank,20,Old Bailey,EC4M 7NB,West Smithfield,,,City of London,Greater London,England,ENG,United Kingdom,gb,0.5103000000000001,0.81,0.81,© OpenStreetMap contributors,Open Database License,https://www.openstreetmap.org/copyright
United Kingdom,"6th Fl.,20 Old Bailey,London,EC4M 7AN",1236,3,51.5156385,-0.1027039,"Triodos Bank, 20 Old Bailey, City of London, EC4M 7NB, United Kingdom",Triodos Bank,20,Old Bailey,EC4M 7NB,West Smithfield,,,City of London,Greater London,England,ENG,United Kingdom,gb,0.5103000000000001,0.81,0.81,© OpenStreetMap contributors,Open Database License,https://www.openstreetmap.org/copyright
United Kingdom,"6th Fl.,200 Aldersgate St.,London,EC1A 4HD",1237,3,51.5171828,-0.0970164,"Pret A Manger, 200 Aldersgate Street, City of London, EC1A 4HD, United Kingdom",Pret A Manger,200,Aldersgate Street,EC1A 4HD,,,Cheap,City of London,Greater London,England,ENG,United Kingdom,gb,0.9,1,1,© OpenStreetMap contributors,Open Database License,https://www.openstreetmap.org/copyright
United Kingdom,"6th Fl.,3 Thomas More Sq.,London E1W 1YW",1238,3,51.508086649999996,-0.06745736220340005,"3 Thomas More Square, London, E1W 1WY, United Kingdom",,3,Thomas More Square,E1W 1WY,London Borough of Tower Hamlets,,Wapping,London,Greater London,England,ENG,United Kingdom,gb,0.63,1,1,© OpenStreetMap contributors,Open Database License,https://www.openstreetmap.org/copyright
United Kingdom,"6th Fl.,38 Finsbury Sq.London EC2A 1PX",1239,3,51.5202348,-0.0854463,"38 Finsbury Square, London, EC2A 1PX, United Kingdom",,38,Finsbury Square,EC2A 1PX,London Borough of Islington,,Finsbury,London,Greater London,England,ENG,United Kingdom,gb,0.63,1,0.63,© OpenStreetMap contributors,Open Database License,https://www.openstreetmap.org/copyright
United Kingdom,"6th Fl.,38 Finsbury Sq.London,EC2A 1LT",1240,3,51.5202348,-0.0854463,"38 Finsbury Square, London, EC2A 1PX, United Kingdom",,38,Finsbury Square,EC2A 1PX,London Borough of Islington,,Finsbury,London,Greater London,England,ENG,United Kingdom,gb,0.3086999999999999,0.7,0.44099999999999995,© OpenStreetMap contributors,Open Database License,https://www.openstreetmap.org/copyright
United Kingdom,"6th Fl.,4 Broadgate,London EC2M 2AH",1241,3,51.520494,-0.079931,"Broadgate, London, ENG, United Kingdom",Broadgate,,,,City of London,,Broadgate,London,London,England,ENG,United Kingdom,gb,1,1,,Who's On First,CC0,https://www.whosonfirst.org/docs/licenses/
United Kingdom,"6th Fl.,5/10 Bury St.,London EC3A 5BD",1242,3,51.5143835,-0.07934228373981876,"5-10 Bury Street, City of London, EC3A 5AW, United Kingdom",,5-10,Bury Street,EC3A 5AW,,,Bishopsgate,City of London,Greater London,England,ENG,United Kingdom,gb,0.5103,0.81,0.81,© OpenStreetMap contributors,Open Database License,https://www.openstreetmap.org/copyright
United Kingdom,"6th Fl.,5/10 Bury St.,London,EC3A 5BD",1243,3,51.5143835,-0.07934228373981876,"5-10 Bury Street, City of London, EC3A 5AW, United Kingdom",,5-10,Bury Street,EC3A 5AW,,,Bishopsgate,City of London,Greater London,England,ENG,United Kingdom,gb,0.5103,0.81,0.81,© OpenStreetMap contributors,Open Database License,https://www.openstreetmap.org/copyright
United Kingdom,"6th Fl.,5/10 Bury St.London EC3A",1244,3,51.5143835,-0.07934228373981876,"5-10 Bury Street, City of London, EC3A 5AW, United Kingdom",,5-10,Bury Street,EC3A 5AW,,,Bishopsgate,City of London,Greater London,England,ENG,United Kingdom,gb,0.3086999999999999,0.7,0.44099999999999995,© OpenStreetMap contributors,Open Database License,https://www.openstreetmap.org/copyright
United Kingdom,"6th Fl.,5/10 Bury St.London EC3A 5BD",1245,3,51.634242,-0.069168,"Bury Street, London, United Kingdom",,,Bury Street,,Enfield,,Edmonton,London,London,England,ENG,United Kingdom,gb,0,,,© OpenStreetMap contributors,Open Database License,https://www.openstreetmap.org/copyright
United Kingdom,"6th Fl.,52-54 Gracechurch St.,London EC3V 0EH",1246,3,51.51106405,-0.08519313913440421,"52-54 Gracechurch Street, City of London, EC3V 0EH, United Kingdom",,52-54,Gracechurch Street,EC3V 0EH,,,Cornhill,City of London,Greater London,England,ENG,United Kingdom,gb,0.9,1,1,© OpenStreetMap contributors,Open Database License,https://www.openstreetmap.org/copyright
United Kingdom,"6th Fl.,6 Gracechurch St.,London EC3V 0AT",1247,3,51.5128315,-0.0845788,"Pod, 6 Gracechurch Street, City of London, EC3V 0AT, United Kingdom",Pod,6,Gracechurch Street,EC3V 0AT,,,Cornhill,City of London,Greater London,England,ENG,United Kingdom,gb,0.9,1,1,© OpenStreetMap contributors,Open Database License,https://www.openstreetmap.org/copyright
United Kingdom,"6th Fl.,65 Gresham St.,London EC2V 7NQ",1248,3,51.5149817,-0.0910919,"Gresham Street, City of London, EC2V 7NQ, United Kingdom",Gresham Street,,Gresham Street,EC2V 7NQ,,,Cheap,City of London,Greater London,England,ENG,United Kingdom,gb,0.7,1,1,© OpenStreetMap contributors,Open Database License,https://www.openstreetmap.org/copyright
United Kingdom,"6th Fl.,74-78 Finshury Pavement,London EC2A 1AT",1249,3,51.514993,-0.092813,"City of London, London, EC2A 1AT, United Kingdom",City of London,,,EC2A 1AT,City of London,,,London,London,England,ENG,United Kingdom,gb,0.25,1,,Who's On First,CC0,https://www.whosonfirst.org/docs/licenses/
United Kingdom,"6th Fl.,88 Wood St.,London,EC2V 7DA",1250,3,51.5171393,-0.094835,"Pret A Manger, 88 Wood Street, City of London, EC2V 7AJ, United Kingdom",Pret A Manger,88,Wood Street,EC2V 7AJ,City of London,,Cheap,City of London,Greater London,England,ENG,United Kingdom,gb,0.5103000000000001,0.81,0.81,© OpenStreetMap contributors,Open Database License,https://www.openstreetmap.org/copyright
United Kingdom,"6th Fl.,Barnard's Inn,86 Fetter Lane,London,EC4A 1EN",1251,3,51.51712,-0.10941,"City of London, EC4A 1EN, United Kingdom",,,,EC4A 1EN,,,,City of London,Greater London,England,ENG,United Kingdom,gb,0.6,1,,© OpenStreetMap contributors,Open Database License,https://www.openstreetmap.org/copyright
United Kingdom,"6th Fl.,Cassini House,57-58 St James's St.,London,SW1A 1LD",1252,3,51.50679,-0.1403,"London, SW1A 1LD, United Kingdom",,,,SW1A 1LD,,,,City of Westminster,Greater London,England,ENG,United Kingdom,gb,0.6,1,,© OpenStreetMap contributors,Open Database License,https://www.openstreetmap.org/copyright
United Kingdom,"6th Fl.,Cassini House,57-58 St.James's St.,London,SW1A 1LD",1253,3,51.50679,-0.1403,"London, SW1A 1LD, United Kingdom",,,,SW1A 1LD,,,,City of Westminster,Greater London,England,ENG,United Kingdom,gb,0.6,1,,© OpenStreetMap contributors,Open Database License,https://www.openstreetmap.org/copyright
United Kingdom,"6th Fl.,Dukes House,32-38 Dukes Place London,EC3A 7LP",1254,3,51.514408,-0.077625,"32-38 Dukes Place, London, EC3A 7LP, United Kingdom",,32-38,Dukes Place,EC3A 7LP,City of London,,Aldgate,London,London,England,ENG,United Kingdom,gb,0.9,1,1,© OpenStreetMap contributors,Open Database License,https://www.openstreetmap.org/copyright
United Kingdom,"6th Fl.,Finsbury Circus House 12-15 Finsbury Circus,London EC2M 7EB",1255,3,51.5182136,-0.0853162,"City of London, EC2M 7EB, United Kingdom",,,,EC2M 7EB,,,,City of London,Greater London,England,ENG,United Kingdom,gb,0.6,1,,© OpenStreetMap contributors,Open Database License,https://www.openstreetmap.org/copyright
United Kingdom,"6th Fl.,Finsbury Circus House,12-15 Finsbury Circus,London,EC2M 7EB",1256,3,51.5182136,-0.0853162,"City of London, EC2M 7EB, United Kingdom",,,,EC2M 7EB,,,,City of London,Greater London,England,ENG,United Kingdom,gb,0.6,1,,© OpenStreetMap contributors,Open Database License,https://www.openstreetmap.org/copyright
United Kingdom,"6th Fl.,Firsbury Circus House,12-15 Finsbury Circus,London,EC2M 7EB",1257,3,51.5182136,-0.0853162,"City of London, EC2M 7EB, United Kingdom",,,,EC2M 7EB,,,,City of London,Greater London,England,ENG,United Kingdom,gb,0.6,1,,© OpenStreetMap contributors,Open Database License,https://www.openstreetmap.org/copyright
United Kingdom,"6th Fl.,First Central 200, 2 Lakeside Dr.Park Royal,London,NW10 7FQ",1258,3,51.53007335,-0.28489345443285297,"First Central 200, Lakeside Drive, London, NW10 7FZ, United Kingdom",First Central 200,,Lakeside Drive,NW10 7FZ,London Borough of Brent,,Alperton,London,Greater London,England,ENG,United Kingdom,gb,0.19844999999999996,1,0.567,© OpenStreetMap contributors,Open Database License,https://www.openstreetmap.org/copyright
United Kingdom,"6th Fl.,Int'l Press Centre,76 Shoe Lane,London,EC4A 3JB",1259,3,51.5157556,-0.1067376,"Deloitte, 76 Shoe Lane, City of London, EC4A 3JR, United Kingdom",Deloitte,76,Shoe Lane,EC4A 3JR,,,Blackfriars,City of London,Greater London,England,ENG,United Kingdom,gb,0.5103000000000001,0.81,0.81,© OpenStreetMap contributors,Open Database License,https://www.openstreetmap.org/copyright
United Kingdom,"6th Fl.,Kingdom St.,London,W2 6BD",1260,3,51.58215,-0.09032,"West Green, London, ENG, United Kingdom",West Green,,,,Haringey,,West Green,London,London,England,ENG,United Kingdom,gb,0.25,1,,GeoNames,CC BY 4.0,https://www.geonames.org/datasources/
United Kingdom,"6th Fl.,Matrix House,Basing View,Basingstoke Hampshire,RG21 4DZ",1261,3,51.2691736,-1.0722987,"Basing View, Basingstoke and Deane, RG21 4HG, United Kingdom",Basing View,,Basing View,RG21 4HG,,HAM,Riverdene,Basingstoke and Deane,Hampshire,England,ENG,United Kingdom,gb,0.63,1,1,© OpenStreetMap contributors,Open Database License,https://www.openstreetmap.org/copyright
United Kingdom,"6th Fl.,Mutual House,70 Conduit ST.,London EIR 9TQ",1262,3,51.5224795,-0.1187132,"Ryman's, 70 Lamb's Conduit Street, London, WC1N 3LP, United Kingdom",Ryman's,70,Lamb's Conduit Street,WC1N 3LP,London Borough of Camden,,Holborn,London,Greater London,England,ENG,United Kingdom,gb,0.81,1,0.9,© OpenStreetMap contributors,Open Database License,https://www.openstreetmap.org/copyright
United Kingdom,"6th Fl.,New London House,6 London St.,London EC3R 7LP",1263,3,51.51143,-0.07914,"City of London, EC3R 7LP, United Kingdom",,,,EC3R 7LP,,,,City of London,Greater London,England,ENG,United Kingdom,gb,0.6,1,,© OpenStreetMap contributors,Open Database License,https://www.openstreetmap.org/copyright
United Kingdom,"6th Fl.,New London House,6 London St.,London,EC3R 7LP",1264,3,51.51143,-0.07914,"City of London, EC3R 7LP, United Kingdom",,,,EC3R 7LP,,,,City of London,Greater London,England,ENG,United Kingdom,gb,0.6,1,,© OpenStreetMap contributors,Open Database License,https://www.openstreetmap.org/copyright
United Kingdom,"6th Fl.,No.5 Victoria St.,London,SW1E 6QT",1265,3,51.4983171,-0.1322111,"London, SW1E 6QT, United Kingdom",,,,SW1E 6QT,,,,City of Westminster,Greater London,England,ENG,United Kingdom,gb,0.6,1,,© OpenStreetMap contributors,Open Database License,https://www.openstreetmap.org/copyright
United Kingdom,"6th Fl.,Nomura House,1 Saint Martin's-1e-Grand,London EC1A 4NT",1266,3,51.522335,-0.103298,"1 Saint John's Square, London, EC1A 4NT, United Kingdom",,1,Saint John's Square,EC1A 4NT,Islington,,Farringdon,London,London,England,ENG,United Kingdom,gb,0.81,1,0.9,© OpenStreetMap contributors,Open Database License,https://www.openstreetmap.org/copyright
United Kingdom,"6th Fl.,Nomura House,1 St.Martin's-le-Grand,London,EC1A 4NP",1267,3,51.509648,-0.099076,"London, EC1A 4NP, United Kingdom",,,,EC1A 4NP,,,,London,London,England,ENG,United Kingdom,gb,0.25,1,,Who's On First,CC0,https://www.whosonfirst.org/docs/licenses/
United Kingdom,"6th Fl.,Nomura House,1 St.Martin's-le-Grand,London,EC1A 4NT",1268,3,51.509648,-0.099076,"London, EC1A 4NT, United Kingdom",,,,EC1A 4NT,,,,London,London,England,ENG,United Kingdom,gb,0.25,1,,Who's On First,CC0,https://www.whosonfirst.org/docs/licenses/
United Kingdom,"6th Fl.,Nomura House,1,St.Martin's-le-Grand,London,EC1A 4NP",1269,3,51.509648,-0.099076,"London, EC1A 4NP, United Kingdom",,,,EC1A 4NP,,,,London,London,England,ENG,United Kingdom,gb,0.25,1,,Who's On First,CC0,https://www.whosonfirst.org/docs/licenses/
United Kingdom,"6th Fl.,Nomura House,1st,Martin's-1e-Grand,London EC1A 4NT",1270,3,51.56664,-0.036725,"Platform 1, London, United Kingdom",,,Platform 1,,Waltham Forest,,,London,London,England,ENG,United Kingdom,gb,0.125,1,0.125,© OpenStreetMap contributors,Open Database License,https://www.openstreetmap.org/copyright
United Kingdom,"6th Fl.,Nomura House.1st.Martin's-Le Grand,London EC1A 4NT",1271,3,51.520737,-0.097025,"London, EC1A 4LX, United Kingdom",EC1A 4LX,,,EC1A 4LX,,,,London,,,,United Kingdom,gb,0.48999999999999994,1,,Who's On First,CC0,https://www.whosonfirst.org/docs/licenses/
United Kingdom,"6th Fl.,North,High Holborn House,52-54 High Holborn,London WC1V 6RL",1272,3,51.5174847,-0.1212578,"High Holborn, London, WC1V 7EP, United Kingdom",High Holborn,,High Holborn,WC1V 7EP,London Borough of Camden,,Holborn,London,Greater London,England,ENG,United Kingdom,gb,0.63,1,1,© OpenStreetMap contributors,Open Database License,https://www.openstreetmap.org/copyright
United Kingdom,"6th Fl.,One Lampton Rd.,Hounslow,TW3 1JB",1273,3,51.468647000000004,-0.3657178287724276,"One Lampton Road, 1 Lampton Road, London, TW3 1HA, United Kingdom",One Lampton Road,1,Lampton Road,TW3 1HA,,,Lampton,London,Greater London,England,ENG,United Kingdom,gb,0.35,1,1,© OpenStreetMap contributors,Open Database License,https://www.openstreetmap.org/copyright
United Kingdom,"6th Fl.,Section D,Plantation House,31-35 Fenchurch St.London EC3M 3NN",1274,3,51.5116447,-0.0836201,"Fenchurch Street, City of London, EC3M 6DE, United Kingdom",Fenchurch Street,,Fenchurch Street,EC3M 6DE,,,Cornhill,City of London,Greater London,England,ENG,United Kingdom,gb,0.2778299999999999,0.7,0.44099999999999995,© OpenStreetMap contributors,Open Database License,https://www.openstreetmap.org/copyright
United Kingdom,"6th Fl.,Shaftesbury House,151 Shaftesbury Ave.,London WC2H 8AL",1275,3,51.514612150000005,-0.12779686355545372,"151 Shaftesbury Avenue, London, WC2H 8DP, United Kingdom",,151,Shaftesbury Avenue,WC2H 8DP,London Borough of Camden,,Bloomsbury,London,Greater London,England,ENG,United Kingdom,gb,0.63,1,1,© OpenStreetMap contributors,Open Database License,https://www.openstreetmap.org/copyright
United Kingdom,"6th Fl.,St.Martin's Le Grand,London,EC1A 4BB",1276,3,51.51641,-0.09772,"City of London, EC1A 4BB, United Kingdom",,,,EC1A 4BB,,,,City of London,Greater London,England,ENG,United Kingdom,gb,0.6,1,,© OpenStreetMap contributors,Open Database License,https://www.openstreetmap.org/copyright
United Kingdom,"6th Fl.,United Kingdom House,180 Oxford St.,London W1N 0DT",1277,3,51.515614,-0.1392491,"180 Oxford Street, London, United Kingdom",,180,Oxford Street,,Westminster,,Mayfair,London,London,England,ENG,United Kingdom,gb,0.9,1,1,,,
United Kingdom,"6th Fl.,United Kingdom House,180 Oxford St.,London W1N ODT",1278,3,51.515614,-0.1392491,"180 Oxford Street, London, W1C 2BR, United Kingdom",,180,Oxford Street,W1C 2BR,Westminster,,Mayfair,London,London,England,ENG,United Kingdom,gb,0.9,1,1,,,
United Kingdom,"6th Fl.,United Kingdom House,180 Oxford St.,London,W1D 1DT",1279,3,51.5163526,-0.1317116,"Oxford Street, London, W1D 1AP, United Kingdom",Oxford Street,,Oxford Street,W1D 1AP,St Giles,,Bloomsbury,London,Greater London,England,ENG,United Kingdom,gb,0.63,1,1,© OpenStreetMap contributors,Open Database License,https://www.openstreetmap.org/copyright
United Kingdom,"6th Fl.,United Kingdom House,180 Oxford St.London W1N 0DT",1280,3,51.515614,-0.1392491,"180 Oxford Street, London, United Kingdom",,180,Oxford Street,,Westminster,,Mayfair,London,London,England,ENG,United Kingdom,gb,0,,,,,
United Kingdom,"6th Fl.19 Great Winchester St.,London EC2N 2BH",1281,3,51.5160179,-0.0846116,"Great Winchester Street, City of London, EC2N 2AE, United Kingdom",Great Winchester Street,,Great Winchester Street,EC2N 2AE,,,Cornhill,City of London,Greater London,England,ENG,United Kingdom,gb,0.5103,0.81,0.81,© OpenStreetMap contributors,Open Database License,https://www.openstreetmap.org/copyright
United Kingdom,"6th Fl.4 Broadgate,London EC2M 2AH",1282,3,51.520494,-0.079931,"Broadgate, London, E C2M, United Kingdom",Broadgate,,,E C2M,City of London,,Broadgate,London,London,England,ENG,United Kingdom,gb,0.5,1,,Who's On First,CC0,https://www.whosonfirst.org/docs/licenses/
United Kingdom,6th Fl.5/10 Bury St.London EC3A,1283,3,51.5142936,-0.0797212,"Bury Street, City of London, EC3A 5AW, United Kingdom",Bury Street,,Bury Street,EC3A 5AW,,,Bishopsgate,City of London,Greater London,England,ENG,United Kingdom,gb,0.2778299999999999,0.7,0.44099999999999995,© OpenStreetMap contributors,Open Database License,https://www.openstreetmap.org/copyright
United Kingdom,"6th Fl.Beaufort House 15,St.Botolph St.,London EC3A 7NY",1284,3,51.5152012,-0.0751222,"Barcelona Tapas, 15 St. Botolph Street, City of London, EC3A 7DT, United Kingdom",Barcelona Tapas,15,St. Botolph Street,EC3A 7DT,,,Aldgate,City of London,Greater London,England,ENG,United Kingdom,gb,0.5103000000000001,0.81,0.81,© OpenStreetMap contributors,Open Database License,https://www.openstreetmap.org/copyright
United Kingdom,"6th Fl.Beaufort House,15 St.Botolph St.,London EC3A 7NY",1285,3,51.5152012,-0.0751222,"Barcelona Tapas, 15 St. Botolph Street, City of London, EC3A 7DT, United Kingdom",Barcelona Tapas,15,St. Botolph Street,EC3A 7DT,,,Aldgate,City of London,Greater London,England,ENG,United Kingdom,gb,0.5103000000000001,0.81,0.81,© OpenStreetMap contributors,Open Database License,https://www.openstreetmap.org/copyright
United Kingdom,"6th Fl.Finsbury Circus House 12/15 Finsbury Circus,London EC2M 7EB",1286,3,51.5182136,-0.0853162,"City of London, EC2M 7EB, United Kingdom",,,,EC2M 7EB,,,,City of London,Greater London,England,ENG,United Kingdom,gb,0.6,1,,© OpenStreetMap contributors,Open Database License,https://www.openstreetmap.org/copyright
United Kingdom,"6th Fl.Peninsular House,36 Monument St.,London",1287,3,51.5097588,-0.0852738,"Red Hat, 30-36 Monument Street, City of London, EC3R 8NB, United Kingdom",Red Hat,30-36,Monument Street,EC3R 8NB,City of London,,Cornhill,City of London,Greater London,England,ENG,United Kingdom,gb,0.6561000000000001,0.81,0.81,© OpenStreetMap contributors,Open Database License,https://www.openstreetmap.org/copyright
United Kingdom,"6th Fl.Peninsular House,36 Monument St.,London EC3R 8LJ",1288,3,51.50968,-0.08522,"City of London, EC3R 8LJ, United Kingdom",,,,EC3R 8LJ,,,,City of London,Greater London,England,ENG,United Kingdom,gb,0.6,1,,© OpenStreetMap contributors,Open Database License,https://www.openstreetmap.org/copyright
United Kingdom,"6th Fl.Peninsular House,36 Monument St.EC3R 8LJ London",1289,3,51.5097416,-0.0849692,"36 Monument Street, London, EC3R 8AF, United Kingdom",,36,Monument Street,EC3R 8AF,City of London,,Monument,London,London,England,ENG,United Kingdom,gb,0.35720999999999997,1,0.3969,,,
United Kingdom,"6th Fl.Peninsular House,36 Monument St.London",1290,3,51.348628,-0.273822,"6 Cedar House, Parkview Way, Epsom, KT19 8FJ, United Kingdom",6 Cedar House,,Parkview Way,KT19 8FJ,,SRY,,Epsom,Surrey,England,ENG,United Kingdom,gb,0,,,© OpenStreetMap contributors,Open Database License,https://www.openstreetmap.org/copyright
United Kingdom,"6th Fl.Peninsular House,36Monument St.,London,EC3R 8LJ",1291,3,51.50968,-0.08522,"City of London, EC3R 8LJ, United Kingdom",,,,EC3R 8LJ,,,,City of London,Greater London,England,ENG,United Kingdom,gb,0.6,1,,© OpenStreetMap contributors,Open Database License,https://www.openstreetmap.org/copyright
United Kingdom,"6th Fl.Regal House,London Rd.,Twickenham,Middlesex,TW1 3QS",1292,3,51.4507032,-0.3317195,"London Road, London, TW1 1EE, United Kingdom",London Road,,London Road,TW1 1EE,London Borough of Richmond upon Thames,,Twickenham,London,Greater London,England,ENG,United Kingdom,gb,0.44099999999999995,0.7,0.7,© OpenStreetMap contributors,Open Database License,https://www.openstreetmap.org/copyright
United Kingdom,"6th Fl.River Place House,7-11 Finsbury Circus,London,EC2M 7DH",1293,3,51.5180861,-0.08809,"Finsbury Circus, City of London, EC2M 6UR, United Kingdom",Finsbury Circus,,Finsbury Circus,EC2M 6UR,,,Barbican,City of London,Greater London,England,ENG,United Kingdom,gb,0.5103,0.81,0.81,© OpenStreetMap contributors,Open Database License,https://www.openstreetmap.org/copyright
United Kingdom,"6th Fl.River Place House,7-11 Finsbury Circus,London,EC2M 7EA",1294,3,51.51733,-0.08594,"City of London, EC2M 7EA, United Kingdom",,,,EC2M 7EA,,,,City of London,Greater London,England,ENG,United Kingdom,gb,0.6,1,,© OpenStreetMap contributors,Open Database License,https://www.openstreetmap.org/copyright
United Kingdom,"6th Fl.Valiant House,4-10 Heneage Lane,London EC3A 5DQ",1295,3,51.5141353,-0.0790943,"Heneage Lane, City of London, EC3A 5DQ, United Kingdom",Heneage Lane,,Heneage Lane,EC3A 5DQ,,,Bishopsgate,City of London,Greater London,England,ENG,United Kingdom,gb,0.7,1,1,© OpenStreetMap contributors,Open Database License,https://www.openstreetmap.org/copyright
United Kingdom,"6th Fl.Valiant House,4-10 Heneage Lane,London,EC3A 5DQ",1296,3,51.5141353,-0.0790943,"Heneage Lane, City of London, EC3A 5DQ, United Kingdom",Heneage Lane,,Heneage Lane,EC3A 5DQ,,,Bishopsgate,City of London,Greater London,England,ENG,United Kingdom,gb,0.7,1,1,© OpenStreetMap contributors,Open Database License,https://www.openstreetmap.org/copyright
United Kingdom,"6th Floor,11 Bruton St.,London Wixfag",1297,3,51.510473700000006,-0.14409005429180796,"Barclays, 11 Bruton Street, London, W1J 6QB, United Kingdom",Barclays,11,Bruton Street,W1J 6QB,St. James's,,Mayfair,London,Greater London,England,ENG,United Kingdom,gb,0.9,1,1,© OpenStreetMap contributors,Open Database License,https://www.openstreetmap.org/copyright
United Kingdom,"7 Albemarle St.,London",1298,3,51.50861155,-0.1411274498633118,"7 Albemarle Street, London, W1S 4JH, United Kingdom",,7,Albemarle Street,W1S 4JH,St. James's,,Mayfair,London,Greater London,England,ENG,United Kingdom,gb,0.9,1,1,© OpenStreetMap contributors,Open Database License,https://www.openstreetmap.org/copyright
United Kingdom,"7 Chester Rd.,Colmworth Business Park,Eaton Socon,St.Neots Cambs,E19 8JH",1299,3,52.478276,-1.898265,"Laser Clinics United Kingdom, Chinatown, Birmingham, ENG, United Kingdom",Laser Clinics United Kingdom,,,,,BIR,Chinatown,Birmingham,Birmingham,England,ENG,United Kingdom,gb,0,,,© OpenStreetMap contributors,Open Database License,https://www.openstreetmap.org/copyright
United Kingdom,"7 Chester Rd.,Colmworth Business Park,Eaton Socon,St.Neots Cambs,E19 8YT",1300,3,52.478276,-1.898265,"Laser Clinics United Kingdom, Chinatown, Birmingham, ENG, United Kingdom",Laser Clinics United Kingdom,,,,,BIR,Chinatown,Birmingham,Birmingham,England,ENG,United Kingdom,gb,0,,,© OpenStreetMap contributors,Open Database License,https://www.openstreetmap.org/copyright
United Kingdom,"7 Deerdykes Rd.,Westfield Ind.Estate,Cumbernauld,Glasgow,G68 9HF",1301,3,51.4948999,-0.2276944,"7 Overstone Road, London, W6 0AA, United Kingdom",,7,Overstone Road,W6 0AA,London Borough of Hammersmith and Fulham,,Brook Green,London,Greater London,England,ENG,United Kingdom,gb,0.01818181818181818,0.09090909090909091,0.0202020202020202,© OpenStreetMap contributors,Open Database License,https://www.openstreetmap.org/copyright
United Kingdom,"7 Dolphin,Ind. Estate,Southampton Rd.,Salisbury Wiltshire SP1 2NB",1302,3,51.063449,-1.78261,"Southampton Road, Salisbury, SP1 2NB, United Kingdom",,,Southampton Road,SP1 2NB,Salisbury Civil Parish,WIL,,Salisbury,Wiltshire,England,ENG,United Kingdom,gb,0.5,1,1,© OpenStreetMap contributors,Open Database License,https://www.openstreetmap.org/copyright
United Kingdom,"7 Dolphin,Ind.Estate,Southampton Rd.,Salisbury Wiltshire SP1 2NB",1303,3,51.063449,-1.78261,"Southampton Road, Salisbury, SP1 2NB, United Kingdom",,,Southampton Road,SP1 2NB,Salisbury Civil Parish,WIL,,Salisbury,Wiltshire,England,ENG,United Kingdom,gb,0.5,1,1,© OpenStreetMap contributors,Open Database License,https://www.openstreetmap.org/copyright
United Kingdom,"7 Dolphin,Ind.Estate,Southampton Rd.,Salisbury,Wiltshire,SP1 2NB",1304,3,51.063449,-1.78261,"Southampton Road, Salisbury, SP1 2NB, United Kingdom",,,Southampton Road,SP1 2NB,Salisbury Civil Parish,WIL,,Salisbury,Wiltshire,England,ENG,United Kingdom,gb,0.5,1,1,© OpenStreetMap contributors,Open Database License,https://www.openstreetmap.org/copyright
United Kingdom,"7 Dolphin,Industrial Estate,Southampton Rd.,Salisbury SP1 2NB",1305,3,51.063449,-1.78261,"Southampton Road, Salisbury, SP1 2NB, United Kingdom",,,Southampton Road,SP1 2NB,Salisbury Civil Parish,WIL,,Salisbury,Wiltshire,England,ENG,United Kingdom,gb,0.5,1,1,© OpenStreetMap contributors,Open Database License,https://www.openstreetmap.org/copyright
United Kingdom,"7 Dolphin,Industrial Estate,Southampton Rd.,Salisbury Wiltshire SP1 2NB",1306,3,51.063449,-1.78261,"Southampton Road, Salisbury, SP1 2NB, United Kingdom",,,Southampton Road,SP1 2NB,Salisbury Civil Parish,WIL,,Salisbury,Wiltshire,England,ENG,United Kingdom,gb,0.5,1,1,© OpenStreetMap contributors,Open Database License,https://www.openstreetmap.org/copyright
United Kingdom,7 Linford Forum Rockingham Dr.Linford Wood Milton Keynes MK14 6LY,1307,3,51.719823,0.666493,"7 Linford Mews, Maldon, CM9 6XR, United Kingdom",,7,Linford Mews,CM9 6XR,Maldon,ESS,Maldon,Maldon,Essex,England,ENG,United Kingdom,gb,0.11907000000000001,0.3333333333333333,0.11907000000000001,© OpenStreetMap contributors,Open Database License,https://www.openstreetmap.org/copyright
United Kingdom,"7 Linford Forum Rockingham Dr.Linford Wood,Milton Keynes,MK14 6LY",1308,3,51.719823,0.666493,"7 Linford Mews, Maldon, CM9 6XR, United Kingdom",,7,Linford Mews,CM9 6XR,Maldon,ESS,Maldon,Maldon,Essex,England,ENG,United Kingdom,gb,0.11907000000000001,0.3333333333333333,0.11907000000000001,© OpenStreetMap contributors,Open Database License,https://www.openstreetmap.org/copyright
United Kingdom,7 Old Park Lane London W1Y3LJ,1309,3,51.504453,-0.149023,"7 Old Park Lane, London, W1K 1QN, United Kingdom",,7,Old Park Lane,W1K 1QN,Westminster,,Mayfair,London,London,England,ENG,United Kingdom,gb,0.9,1,1,© OpenStreetMap contributors,Open Database License,https://www.openstreetmap.org/copyright
United Kingdom,"7 Old Park Lane,London W1Y 3LJ",1310,3,51.504453,-0.149023,"7 Old Park Lane, London, W1K 1QN, United Kingdom",,7,Old Park Lane,W1K 1QN,Westminster,,Mayfair,London,London,England,ENG,United Kingdom,gb,0.9,1,1,© OpenStreetMap contributors,Open Database License,https://www.openstreetmap.org/copyright
United Kingdom,"7 Old Park Lane,London,W1K 1QR",1311,3,51.50443775,-0.14908106904938984,"7 Old Park Lane, London, W1K 1QN, United Kingdom",,7,Old Park Lane,W1K 1QN,,,Mayfair,London,Greater London,England,ENG,United Kingdom,gb,0.63,1,1,© OpenStreetMap contributors,Open Database License,https://www.openstreetmap.org/copyright
United Kingdom,"7 Old Parklane,London,W1K 1QR",1312,3,51.50448,-0.14911,"London, W1K 1QR, United Kingdom",,,,W1K 1QR,,,,City of Westminster,Greater London,England,ENG,United Kingdom,gb,0.6,1,,© OpenStreetMap contributors,Open Database License,https://www.openstreetmap.org/copyright
United Kingdom,"7 Orchardton Rd.,Westfield Ind.Estate,Cumbernauld,G68 9LB",1313,3,52.41899,-1.531315,"7 Ro-Oak Road, Coventry, CV6 1EE, United Kingdom",,7,Ro-Oak Road,CV6 1EE,,BIR,Coundon,Coventry,Birmingham,England,ENG,United Kingdom,gb,0,,,© OpenStreetMap contributors,Open Database License,https://www.openstreetmap.org/copyright
United Kingdom,"7 Orchardton Rd.,Westfield,Cumbernauld,Glasgow Lanarkshire,G68 9LB",1314,3,55.9335985,-4.0548632,"Orchardton Road, Cumbernauld, G68 9LB, United Kingdom",Orchardton Road,,Orchardton Road,G68 9LB,,NLK,Collingwood,Cumbernauld,North Lanarkshire,Scotland,SCT,United Kingdom,gb,0.7,1,1,© OpenStreetMap contributors,Open Database License,https://www.openstreetmap.org/copyright
United Kingdom,"7 Orchardton Rd.,Westfield,Cumbernauld,Scotland,G68 9LB",1315,3,55.9335985,-4.0548632,"Orchardton Road, Cumbernauld, G68 9LB, United Kingdom",Orchardton Road,,Orchardton Road,G68 9LB,,NLK,Collingwood,Cumbernauld,North Lanarkshire,Scotland,SCT,United Kingdom,gb,0.7,1,1,© OpenStreetMap contributors,Open Database License,https://www.openstreetmap.org/copyright
United Kingdom,"7 Station Rd.,Finchley Central,London N3 2SB",1316,3,51.600690775000004,-0.193277275,"7 Station Road, London, N3 2RY, United Kingdom",,7,Station Road,N3 2RY,London Borough of Barnet,,Church End,London,Greater London,England,ENG,United Kingdom,gb,0.44099999999999995,0.7,0.7,© OpenStreetMap contributors,Open Database License,https://www.openstreetmap.org/copyright
United Kingdom,"7 West Nile St.,Glasgow G1 2PX Scotland",1317,3,55.8606619,-4.2556165,"7 West Nile Street, Glasgow, G1 2PP, United Kingdom",,7,West Nile Street,G1 2PP,,GLG,Blythswood Hill,Glasgow,Glasgow City,Scotland,SCT,United Kingdom,gb,0.63,1,1,© OpenStreetMap contributors,Open Database License,https://www.openstreetmap.org/copyright
United Kingdom,"7-10 Chandos St.,London W1G 9DQ",1318,3,51.51788,-0.1452,"London, W1G 9DQ, United Kingdom",,,,W1G 9DQ,,,,London,Greater London,England,ENG,United Kingdom,gb,0.6,1,,© OpenStreetMap contributors,Open Database License,https://www.openstreetmap.org/copyright
United Kingdom,"7-10 Chandos St.,London W1M 9DE",1319,3,51.517741,-0.145176,"7-10 Chandos Street, London, W1B 1PN, United Kingdom",,7-10,Chandos Street,W1B 1PN,Westminster,,Marylebone,London,London,England,ENG,United Kingdom,gb,0.9,1,1,© OpenStreetMap contributors,Open Database License,https://www.openstreetmap.org/copyright
United Kingdom,"7-10 Chandos St.,London W1R 9TG",1320,3,51.5100754,-0.12453003848314592,"Brigit's Bakery, 6-7 Chandos Place, London, WC2N 4HU, United Kingdom",Brigit's Bakery,6-7,Chandos Place,WC2N 4HU,Seven Dials,,Covent Garden,London,Greater London,England,ENG,United Kingdom,gb,0.5670000000000001,1,0.9,© OpenStreetMap contributors,Open Database License,https://www.openstreetmap.org/copyright
United Kingdom,"7/8 Garrick Ind.Centre,Irving Way,London NW9 6AQ",1321,3,51.5831306,-0.2412531,"Irving Way, London, NW9 6AQ, United Kingdom",Irving Way,,Irving Way,NW9 6AQ,London Borough of Barnet,,West Hendon,London,Greater London,England,ENG,United Kingdom,gb,0.7,1,1,© OpenStreetMap contributors,Open Database License,https://www.openstreetmap.org/copyright
United Kingdom,"7/8 Garrick Ind.Centre,Irving Way,London,NW9 6AQ",1322,3,51.5831306,-0.2412531,"Irving Way, London, NW9 6AQ, United Kingdom",Irving Way,,Irving Way,NW9 6AQ,London Borough of Barnet,,West Hendon,London,Greater London,England,ENG,United Kingdom,gb,0.7,1,1,© OpenStreetMap contributors,Open Database License,https://www.openstreetmap.org/copyright
United Kingdom,"70 Alston Dr.,Bradwell Abbey,Milton Keynes Bocks MK13 9HQ",1323,3,52.045892,-0.793075,"Bradwell Abbey, Bradwell, ENG, United Kingdom",Bradwell Abbey,,,,Bradwell,BKM,Bradwell Abbey,Bradwell,Buckinghamshire,England,ENG,United Kingdom,gb,0.25,1,,Who's On First,CC0,https://www.whosonfirst.org/docs/licenses/
United Kingdom,"70 Alston Dr.,Bradwell Abbey,Milton Keynes,Bucks.MK13 9HQ",1324,3,52.0464575,-0.7962995,"Alston Drive, Milton Keynes, MK13 9HG, United Kingdom",Alston Drive,,Alston Drive,MK13 9HG,,,Bradwell Abbey,Milton Keynes,City of Milton Keynes,England,ENG,United Kingdom,gb,0.5,1,1,© OpenStreetMap contributors,Open Database License,https://www.openstreetmap.org/copyright
United Kingdom,"70 Alston Drive,Bradwell Abbey,Milton Keynes",1325,3,52.0464575,-0.7962995,"Alston Drive, Milton Keynes, MK13 9HG, United Kingdom",Alston Drive,,Alston Drive,MK13 9HG,,,Bradwell Abbey,Milton Keynes,City of Milton Keynes,England,ENG,United Kingdom,gb,0.405,1,1,© OpenStreetMap contributors,Open Database License,https://www.openstreetmap.org/copyright
United Kingdom,"70 Alston Drive,Bradwell Abbey,Milton Keynes Bocks MK13 9HQ",1326,3,52.045892,-0.793075,"Bradwell Abbey, Bradwell, ENG, United Kingdom",Bradwell Abbey,,,,Bradwell,BKM,Bradwell Abbey,Bradwell,Buckinghamshire,England,ENG,United Kingdom,gb,0.25,1,,Who's On First,CC0,https://www.whosonfirst.org/docs/licenses/
United Kingdom,"70 Cardigan St.,Birmingham B4 7SA",1327,3,52.483524,-1.8838251,"Cardigan Street, Birmingham, B4 7BD, United Kingdom",Cardigan Street,,Cardigan Street,B4 7BD,,,Digbeth,Birmingham,West Midlands Combined Authority,England,ENG,United Kingdom,gb,0.63,1,1,© OpenStreetMap contributors,Open Database License,https://www.openstreetmap.org/copyright
United Kingdom,"70 Cardigan St.,Gosta Green,Birmingham B4 7SA",1328,3,52.483524,-1.8838251,"Cardigan Street, Birmingham, B4 7BD, United Kingdom",Cardigan Street,,Cardigan Street,B4 7BD,,,Digbeth,Birmingham,West Midlands Combined Authority,England,ENG,United Kingdom,gb,0.63,1,1,© OpenStreetMap contributors,Open Database License,https://www.openstreetmap.org/copyright
United Kingdom,"70 Gracechurch St.London,EC3V 0XL",1329,3,51.5119662,-0.0842852974897592,"XL, 70 Gracechurch Street, City of London, EC3V 0XL, United Kingdom",XL,70,Gracechurch Street,EC3V 0XL,,,Cornhill,City of London,Greater London,England,ENG,United Kingdom,gb,0.63,1,0.63,© OpenStreetMap contributors,Open Database License,https://www.openstreetmap.org/copyright
United Kingdom,"70 Ld Parklane,London W1Y 3LJ",1330,3,51.514993,-0.092813,"City of London, London, ENG, United Kingdom",City of London,,,,City of London,,,London,London,England,ENG,United Kingdom,gb,0.25,1,,Who's On First,CC0,https://www.whosonfirst.org/docs/licenses/
United Kingdom,"70-74 City Rd.,London EC1Y 2BJ",1331,3,51.5247387,-0.0877257,"Daffodil Mulligan, 70-74 City Road, London, EC1Y 2AS, United Kingdom",Daffodil Mulligan,70-74,City Road,EC1Y 2AS,London Borough of Islington,,Finsbury,London,Greater London,England,ENG,United Kingdom,gb,0.63,1,1,© OpenStreetMap contributors,Open Database License,https://www.openstreetmap.org/copyright
United Kingdom,"71 Fenchurch St.,Landon EC3M 4BS",1332,3,52.663642,-1.580326,United Kingdom,United Kingdom,,,,,,,,,,,United Kingdom,gb,0,,,Who's On First,CC0,https://www.whosonfirst.org/docs/licenses/
United Kingdom,"71 Fenchurch St.,London EC3M 4BS",1333,3,51.51251,-0.07876,"City of London, EC3M 4BS, United Kingdom",,,,EC3M 4BS,,,,City of London,Greater London,England,ENG,United Kingdom,gb,0.6,1,,© OpenStreetMap contributors,Open Database License,https://www.openstreetmap.org/copyright
United Kingdom,"71 High Holborn,London,WC1V 6BA",1334,3,51.5182045,-0.1159999,"Halifax, 71 High Holborn, London, WC1V 6EA, United Kingdom",Halifax,71,High Holborn,WC1V 6EA,London Borough of Camden,,Holborn,London,Greater London,England,ENG,United Kingdom,gb,0.63,1,1,© OpenStreetMap contributors,Open Database License,https://www.openstreetmap.org/copyright
United Kingdom,"71-79 Station Rd.,West Drayton,Middlesex,UB7 7LT",1335,3,51.5058624,-0.469922,"Station Road, London, UB7 7LT, United Kingdom",Station Road,,Station Road,UB7 7LT,London Borough of Hillingdon,,West Drayton,London,Greater London,England,ENG,United Kingdom,gb,0.7,1,1,© OpenStreetMap contributors,Open Database License,https://www.openstreetmap.org/copyright
United Kingdom,"71-79 Station Rd.,West Drayton,Middlesex,UB7LT",1336,3,51.5862157,-0.3607434,"Station Road, London, HA2 6BU, United Kingdom",Station Road,,Station Road,HA2 6BU,London Borough of Harrow,,Rayners Lane,London,Greater London,England,ENG,United Kingdom,gb,0,0.2857142857142857,0.2857142857142857,© OpenStreetMap contributors,Open Database License,https://www.openstreetmap.org/copyright
United Kingdom,"71-79,Albany House,Station Rd.,West Drayton,Middlesex,UB7 7LT",1337,3,51.5058624,-0.469922,"Station Road, London, UB7 7LT, United Kingdom",Station Road,,Station Road,UB7 7LT,London Borough of Hillingdon,,West Drayton,London,Greater London,England,ENG,United Kingdom,gb,0.7,1,1,© OpenStreetMap contributors,Open Database License,https://www.openstreetmap.org/copyright
United Kingdom,"71-79,Station Rd.,West Drayton,Middlesex UB7 7LT",1338,3,51.5058624,-0.469922,"Station Road, London, UB7 7LT, United Kingdom",Station Road,,Station Road,UB7 7LT,London Borough of Hillingdon,,West Drayton,London,Greater London,England,ENG,United Kingdom,gb,0.7,1,1,© OpenStreetMap contributors,Open Database License,https://www.openstreetmap.org/copyright
United Kingdom,"71-79,Station Rd.,West Drayton,Middlesex,UB7 7LT",1339,3,51.5058624,-0.469922,"Station Road, London, UB7 7LT, United Kingdom",Station Road,,Station Road,UB7 7LT,London Borough of Hillingdon,,West Drayton,London,Greater London,England,ENG,United Kingdom,gb,0.7,1,1,© OpenStreetMap contributors,Open Database License,https://www.openstreetmap.org/copyright
United Kingdom,"72 Hammersmith Rd.,London,W14 8TH",1340,3,51.494706300000004,-0.2142237076244458,"68-72 Hammersmith Road, London, W14 0QL, United Kingdom",68-72 Hammersmith Road,68-72,Hammersmith Road,W14 0QL,London Borough of Hammersmith and Fulham,,Brook Green,London,Greater London,England,ENG,United Kingdom,gb,0.567,1,1,© OpenStreetMap contributors,Open Database License,https://www.openstreetmap.org/copyright
United Kingdom,"72 Nottingham Rd.,Arivold,Nottingham NG 56LF",1341,3,53.0177479,-1.305435643652849,"Savers, 72 Nottingham Road, Nottingham, NG16 3NQ, United Kingdom",Savers,72,Nottingham Road,NG16 3NQ,,NTT,,Nottingham,Nottinghamshire,England,ENG,United Kingdom,gb,0.9,1,1,© OpenStreetMap contributors,Open Database License,https://www.openstreetmap.org/copyright
United Kingdom,"72/73 St.James' St.,London SW1A 1PH",1342,3,51.50565,-0.13889,"London, SW1A 1PH, United Kingdom",,,,SW1A 1PH,,,,City of Westminster,Greater London,England,ENG,United Kingdom,gb,0.6,1,,© OpenStreetMap contributors,Open Database License,https://www.openstreetmap.org/copyright
United Kingdom,"72/73 St.James'St.,London,SW1A 1PH",1343,3,51.50565,-0.13889,"London, SW1A 1PH, United Kingdom",,,,SW1A 1PH,,,,City of Westminster,Greater London,England,ENG,United Kingdom,gb,0.6,1,,© OpenStreetMap contributors,Open Database License,https://www.openstreetmap.org/copyright
United Kingdom,"72/73 St.James'Street,London,SW1A 1PH",1344,3,51.50565,-0.13889,"London, SW1A 1PH, United Kingdom",,,,SW1A 1PH,,,,City of Westminster,Greater London,England,ENG,United Kingdom,gb,0.6,1,,© OpenStreetMap contributors,Open Database License,https://www.openstreetmap.org/copyright
United Kingdom,"73 Dartmouth Rd.,London SE23 3HT",1345,3,51.436539,-0.054818,"73 Dartmouth Road, London, SE23 3HT, United Kingdom",,73,Dartmouth Road,SE23 3HT,Lewisham,,Forest Hill,London,London,England,ENG,United Kingdom,gb,0.9,1,1,© OpenStreetMap contributors,Open Database License,https://www.openstreetmap.org/copyright
United Kingdom,"74 Charlotte St.,London W1P 1LB",1346,3,51.5204626,-0.1367992,"74 Charlotte Street, London, United Kingdom",,74,Charlotte Street,,Camden,,Fitzrovia,London,London,England,ENG,United Kingdom,gb,0.9,1,1,,,
United Kingdom,"74 Wood Land White City London W12,7R",1347,3,51.514312,-0.225395,"74 Wood Lane, London, W12, United Kingdom",,74,Wood Lane,W12,Hammersmith and Fulham,,White City,London,London,England,ENG,United Kingdom,gb,0.6075,1,0.675,© OpenStreetMap contributors,Open Database License,https://www.openstreetmap.org/copyright
United Kingdom,"74 Wood Land White City,London W12 7R",1348,3,51.514311500000005,-0.22545722211049918,"Yonex UK Ltd, 74 Wood Lane, London, W12 7TP, United Kingdom",Yonex UK Ltd,74,Wood Lane,W12 7TP,London Borough of Hammersmith and Fulham,,,London,Greater London,England,ENG,United Kingdom,gb,0.3325,0.7,0.63,© OpenStreetMap contributors,Open Database License,https://www.openstreetmap.org/copyright
United Kingdom,"74 Wood Lane White City,London,W12 7RH",1349,3,51.514311500000005,-0.22545722211049918,"Yonex UK Ltd, 74 Wood Lane, London, W12 7TP, United Kingdom",Yonex UK Ltd,74,Wood Lane,W12 7TP,London Borough of Hammersmith and Fulham,,,London,Greater London,England,ENG,United Kingdom,gb,0.63,1,1,© OpenStreetMap contributors,Open Database License,https://www.openstreetmap.org/copyright
United Kingdom,"74-78 Finsbury Pavement,London EC 2A-1AT",1350,3,,,,,,,,,,,,,,,,,,,,,,
United Kingdom,"74-78 Finsbury Pavement,London EC2A 1AT",1351,3,51.5201218,-0.0873343,"Finsbury Pavement, London, EC2A 1AT, United Kingdom",Finsbury Pavement,,Finsbury Pavement,EC2A 1AT,London Borough of Islington,,Finsbury,London,Greater London,England,ENG,United Kingdom,gb,0.7,1,1,© OpenStreetMap contributors,Open Database License,https://www.openstreetmap.org/copyright
United Kingdom,"74/78 Finsbury Pavement,London EC2A 1AT",1352,3,51.5201218,-0.0873343,"Finsbury Pavement, London, EC2A 1AT, United Kingdom",Finsbury Pavement,,Finsbury Pavement,EC2A 1AT,London Borough of Islington,,Finsbury,London,Greater London,England,ENG,United Kingdom,gb,0.7,1,1,© OpenStreetMap contributors,Open Database License,https://www.openstreetmap.org/copyright
United Kingdom,"74/78 Finsbury Pavement,London EC2A 1JD",1353,3,51.5194257,-0.0876097,"Finsbury Pavement, London, EC2A 1RS, United Kingdom",Finsbury Pavement,,Finsbury Pavement,EC2A 1RS,London Borough of Islington,,Finsbury,London,Greater London,England,ENG,United Kingdom,gb,0.63,1,1,© OpenStreetMap contributors,Open Database License,https://www.openstreetmap.org/copyright
United Kingdom,"75 High St.,Winborne,Dorset,BH21 1HS",1354,3,50.799,-1.98694,"Wimborne Minster, BH21 1HS, United Kingdom",,,,BH21 1HS,,DOR,,Wimborne Minster,Dorset,England,ENG,United Kingdom,gb,0.6,1,,© OpenStreetMap contributors,Open Database License,https://www.openstreetmap.org/copyright
United Kingdom,"75 Swingbridge Rd.,Loughborough,Leicestershire,LE11 5JB",1355,3,52.7833977,-1.2183669,"Swingbridge Road, Charnwood, LE11 5JB, United Kingdom",Swingbridge Road,,Swingbridge Road,LE11 5JB,,LEC,,Charnwood,Leicestershire,England,ENG,United Kingdom,gb,0.7,1,1,© OpenStreetMap contributors,Open Database License,https://www.openstreetmap.org/copyright
United Kingdom,"76 Bishopsgate,London,EC2 N4AU",1356,3,51.5144339,-0.0836239,"Bishopsgate, City of London, EC2N 3AR, United Kingdom",Bishopsgate,,Bishopsgate,EC2N 3AR,,,Cornhill,City of London,Greater London,England,ENG,United Kingdom,gb,0.5103,0.81,0.81,© OpenStreetMap contributors,Open Database License,https://www.openstreetmap.org/copyright
United Kingdom,"76 Shoe Lane,London EC4A 3JB",1357,3,51.5157556,-0.1067376,"Deloitte, 76 Shoe Lane, City of London, EC4A 3JR, United Kingdom",Deloitte,76,Shoe Lane,EC4A 3JR,,,Blackfriars,City of London,Greater London,England,ENG,United Kingdom,gb,0.5103000000000001,0.81,0.81,© OpenStreetMap contributors,Open Database License,https://www.openstreetmap.org/copyright
United Kingdom,"76 Shoe Lane,London EC4A 3PJ",1358,3,51.5157556,-0.1067376,"Deloitte, 76 Shoe Lane, City of London, EC4A 3JR, United Kingdom",Deloitte,76,Shoe Lane,EC4A 3JR,,,Blackfriars,City of London,Greater London,England,ENG,United Kingdom,gb,0.5103000000000001,0.81,0.81,© OpenStreetMap contributors,Open Database License,https://www.openstreetmap.org/copyright
United Kingdom,"76 Shoe Lane,London EC4A 7JB",1359,3,51.5157556,-0.1067376,"Deloitte, 76 Shoe Lane, City of London, EC4A 3JR, United Kingdom",Deloitte,76,Shoe Lane,EC4A 3JR,,,Blackfriars,City of London,Greater London,England,ENG,United Kingdom,gb,0.5103000000000001,0.81,0.81,© OpenStreetMap contributors,Open Database License,https://www.openstreetmap.org/copyright
United Kingdom,"76 Shoe Lane,London,EC4A 3PJ",1360,3,51.5157556,-0.1067376,"Deloitte, 76 Shoe Lane, City of London, EC4A 3JR, United Kingdom",Deloitte,76,Shoe Lane,EC4A 3JR,,,Blackfriars,City of London,Greater London,England,ENG,United Kingdom,gb,0.5103000000000001,0.81,0.81,© OpenStreetMap contributors,Open Database License,https://www.openstreetmap.org/copyright
United Kingdom,"76-80 Whitfield St.,London,W1T 4EZ",1361,3,51.5220591,-0.1369724,"Whitfield Street, London, W1T 4EZ, United Kingdom",Whitfield Street,,Whitfield Street,W1T 4EZ,London Borough of Camden,,Fitzrovia,London,Greater London,England,ENG,United Kingdom,gb,0.7,1,1,© OpenStreetMap contributors,Open Database License,https://www.openstreetmap.org/copyright
United Kingdom,"77 Mount Ephraim,Tunbridge Wells,Kent",1362,3,51.132992900000005,0.2539072904510814,"Brockbourne House, 77 Mount Ephraim, Tunbridge Wells, TN4 8BS, United Kingdom",Brockbourne House,77,Mount Ephraim,TN4 8BS,Royal Wells Park,KEN,Broadwater Down,Tunbridge Wells,Kent,England,ENG,United Kingdom,gb,1,1,1,© OpenStreetMap contributors,Open Database License,https://www.openstreetmap.org/copyright
United Kingdom,"77 Mount Ephraim,Tunbridge Wells,Kent TN4 8BS",1363,3,51.132992900000005,0.2539072904510814,"Brockbourne House, 77 Mount Ephraim, Tunbridge Wells, TN4 8BS, United Kingdom",Brockbourne House,77,Mount Ephraim,TN4 8BS,Royal Wells Park,KEN,Broadwater Down,Tunbridge Wells,Kent,England,ENG,United Kingdom,gb,1,1,1,© OpenStreetMap contributors,Open Database License,https://www.openstreetmap.org/copyright
United Kingdom,"77 Mount Ephraim,Tunbridge Wells,Kent,TN4 8BS",1364,3,51.132992900000005,0.2539072904510814,"Brockbourne House, 77 Mount Ephraim, Tunbridge Wells, TN4 8BS, United Kingdom",Brockbourne House,77,Mount Ephraim,TN4 8BS,Royal Wells Park,KEN,Broadwater Down,Tunbridge Wells,Kent,England,ENG,United Kingdom,gb,1,1,1,© OpenStreetMap contributors,Open Database License,https://www.openstreetmap.org/copyright
United Kingdom,"77,Mount Ephraim,Tunbridge Wells,Kent,TN4 8BS",1365,3,51.132992900000005,0.2539072904510814,"Brockbourne House, 77 Mount Ephraim, Tunbridge Wells, TN4 8BS, United Kingdom",Brockbourne House,77,Mount Ephraim,TN4 8BS,Royal Wells Park,KEN,Broadwater Down,Tunbridge Wells,Kent,England,ENG,United Kingdom,gb,1,1,1,© OpenStreetMap contributors,Open Database License,https://www.openstreetmap.org/copyright
United Kingdom,"77,Mount Ephraim,Tunbrige Wells,Kent TN4 8BS",1366,3,51.132992900000005,0.2539072904510814,"Brockbourne House, 77 Mount Ephraim, Tunbridge Wells, TN4 8BS, United Kingdom",Brockbourne House,77,Mount Ephraim,TN4 8BS,Royal Wells Park,KEN,Broadwater Down,Tunbridge Wells,Kent,England,ENG,United Kingdom,gb,0.8048780487804879,1,1,© OpenStreetMap contributors,Open Database License,https://www.openstreetmap.org/copyright
United Kingdom,"77,Mount Ephrain,Tunbridge Wells,Kent TN4 8BS",1367,3,51.1329929,0.2539072,"Tunbridge Wells, TN4 8BS, United Kingdom",,,,TN4 8BS,,KEN,,Tunbridge Wells,Kent,England,ENG,United Kingdom,gb,0.6,1,,© OpenStreetMap contributors,Open Database License,https://www.openstreetmap.org/copyright
United Kingdom,"77,Mount Ephrain,Tunbrige Wells,Kent T 8BS",1368,3,52.663642,-1.580326,United Kingdom,United Kingdom,,,,,,,,,,,United Kingdom,gb,0,,,Who's On First,CC0,https://www.whosonfirst.org/docs/licenses/
United Kingdom,"780-781 Buckingham Av.,Slough,Berkshire,SL1 4LA",1369,3,51.52298025,-0.6403810217484407,"Nuvonic, 780-781 Buckingham Avenue, Slough, SL1 4LA, United Kingdom",Nuvonic,780-781,Buckingham Avenue,SL1 4LA,,,Cippenham,Slough,,England,ENG,United Kingdom,gb,0.81,1,1,© OpenStreetMap contributors,Open Database License,https://www.openstreetmap.org/copyright
United Kingdom,"780-781 Buckingham Av.Slough,Berkshire SL1 1JX",1370,3,51.52298025,-0.6403810217484407,"Nuvonic, 780-781 Buckingham Avenue, Slough, SL1 4LA, United Kingdom",Nuvonic,780-781,Buckingham Avenue,SL1 4LA,,WBK,Cippenham,Slough,West Berkshire,England,ENG,United Kingdom,gb,0.28934010000000004,0.81,0.5103000000000001,© OpenStreetMap contributors,Open Database License,https://www.openstreetmap.org/copyright
United Kingdom,"780-781 Buckingham Ave.,Slough,Berkshire SL1 4LA",1371,3,51.52298025,-0.6403810217484407,"Nuvonic, 780-781 Buckingham Avenue, Slough, SL1 4LA, United Kingdom",Nuvonic,780-781,Buckingham Avenue,SL1 4LA,,,Cippenham,Slough,,England,ENG,United Kingdom,gb,0.81,1,1,© OpenStreetMap contributors,Open Database License,https://www.openstreetmap.org/copyright
United Kingdom,"780-781 Buckingham Ave.,Slough,Berkshire,SL1 4LA",1372,3,51.52298025,-0.6403810217484407,"Nuvonic, 780-781 Buckingham Avenue, Slough, SL1 4LA, United Kingdom",Nuvonic,780-781,Buckingham Avenue,SL1 4LA,,,Cippenham,Slough,,England,ENG,United Kingdom,gb,0.81,1,1,© OpenStreetMap contributors,Open Database License,https://www.openstreetmap.org/copyright
United Kingdom,"79 Beardmore Way,Clydebank Ind.Estate,Clydebank Glasgow,G81 4HT",1373,3,55.9060428,-4.4345229,"Beardmore Way, Clydebank, G81 4HT, United Kingdom",Beardmore Way,,Beardmore Way,G81 4HT,,WDU,Dalmuir,Clydebank,West Dunbartonshire,Scotland,SCT,United Kingdom,gb,0.7,1,1,© OpenStreetMap contributors,Open Database License,https://www.openstreetmap.org/copyright
United Kingdom,"7st Georges Ind.Estate,White Hart Lane,London N22 5QL",1374,3,51.6043405,-0.1000925,"White Hart Lane, London, N22 5QW, United Kingdom",White Hart Lane,,White Hart Lane,N22 5QW,London Borough of Haringey,,,London,Greater London,England,ENG,United Kingdom,gb,0.63,1,1,© OpenStreetMap contributors,Open Database License,https://www.openstreetmap.org/copyright
United Kingdom,"7st Georges Industrial Estate,White Hart Lane,London N22 5QL",1375,3,51.6043405,-0.1000925,"White Hart Lane, London, N22 5QW, United Kingdom",White Hart Lane,,White Hart Lane,N22 5QW,London Borough of Haringey,,,London,Greater London,England,ENG,United Kingdom,gb,0.63,1,1,© OpenStreetMap contributors,Open Database License,https://www.openstreetmap.org/copyright
United Kingdom,"7th Fl.,1-2 Finsbury Square London EC2A 1AJ",1376,3,51.5211967,-0.0871257,"Finsbury Square, London, EC2A 1AJ, United Kingdom",Finsbury Square,,Finsbury Square,EC2A 1AJ,London Borough of Islington,,Finsbury,London,Greater London,England,ENG,United Kingdom,gb,0.7,1,1,© OpenStreetMap contributors,Open Database License,https://www.openstreetmap.org/copyright
United Kingdom,"7th Fl.,18 King William St.,London EC4N 7BP",1377,3,51.511096,-0.087252,"Santander, 18 King William Street, City of London, EC4N 7BP, United Kingdom",Santander,18,King William Street,EC4N 7BP,,,Cornhill,City of London,Greater London,England,ENG,United Kingdom,gb,0.9,1,1,© OpenStreetMap contributors,Open Database License,https://www.openstreetmap.org/copyright
United Kingdom,"7th Fl.,40 Holborn Viaduct,London,EC1N 2PB",1378,3,51.5179232,-0.10679581367542912,"Pret A Manger, 40 Holborn Viaduct, City of London, EC1N 2PB, United Kingdom",Pret A Manger,40,Holborn Viaduct,EC1N 2PB,West Smithfield,,,City of London,Greater London,England,ENG,United Kingdom,gb,0.9,1,1,© OpenStreetMap contributors,Open Database License,https://www.openstreetmap.org/copyright
United Kingdom,"7th Fl.,45 Moorfields,London,EC2Y 9AE",1379,3,51.518862,-0.0891796,"Rack & Tenter, 45 Moorfields, City of London, EC2Y 9AE, United Kingdom",Rack & Tenter,45,Moorfields,EC2Y 9AE,London Borough of Islington,,Barbican,City of London,Greater London,England,ENG,United Kingdom,gb,0.9,1,1,© OpenStreetMap contributors,Open Database License,https://www.openstreetmap.org/copyright
United Kingdom,"7th Fl.,76 Shoe Lane,London,EC4A 3JB",1380,3,51.5157556,-0.1067376,"Deloitte, 76 Shoe Lane, City of London, EC4A 3JR, United Kingdom",Deloitte,76,Shoe Lane,EC4A 3JR,,,Blackfriars,City of London,Greater London,England,ENG,United Kingdom,gb,0.5103000000000001,0.81,0.81,© OpenStreetMap contributors,Open Database License,https://www.openstreetmap.org/copyright
United Kingdom,"7th Fl.,8 Finsbury Circus,London EC2M 7EA",1381,3,51.51733,-0.08594,"City of London, EC2M 7EA, United Kingdom",,,,EC2M 7EA,,,,City of London,Greater London,England,ENG,United Kingdom,gb,0.6,1,,© OpenStreetMap contributors,Open Database License,https://www.openstreetmap.org/copyright
United Kingdom,"7th Fl.,8 Finsbury Circus,London,EC2M 7EA",1382,3,51.51733,-0.08594,"City of London, EC2M 7EA, United Kingdom",,,,EC2M 7EA,,,,City of London,Greater London,England,ENG,United Kingdom,gb,0.6,1,,© OpenStreetMap contributors,Open Database License,https://www.openstreetmap.org/copyright
United Kingdom,"7th Fl.,9 Berkeley St.,London",1383,3,51.5078632,-0.1426978,"Joe & The Juice, 9 Berkeley Street, London, W1J 8DR, United Kingdom",Joe & The Juice,9,Berkeley Street,W1J 8DR,St. James's,,Mayfair,London,Greater London,England,ENG,United Kingdom,gb,0.9,1,1,© OpenStreetMap contributors,Open Database License,https://www.openstreetmap.org/copyright
United Kingdom,"7th Fl.,Bastion House,140 London Wall,London,EC2Y 5DN",1384,3,51.51788,-0.09603,"City of London, EC2Y 5DN, United Kingdom",,,,EC2Y 5DN,,,,City of London,Greater London,England,ENG,United Kingdom,gb,0.6,1,,© OpenStreetMap contributors,Open Database License,https://www.openstreetmap.org/copyright
United Kingdom,"7th Fl.,Berger House,38 Berkeley Sq.,London,W1J 5AE",1385,3,51.5098916,-0.14744029236475698,"Berger House, 36-38 Berkeley Square, London, W1J 6EN, United Kingdom",Berger House,36-38,Berkeley Square,W1J 6EN,St. James's,,Mayfair,London,Greater London,England,ENG,United Kingdom,gb,0.567,1,1,© OpenStreetMap contributors,Open Database License,https://www.openstreetmap.org/copyright
United Kingdom,"7th Fl.,Int'l Press Centre,76 Shoe Lane,London EC4A 3JB",1386,3,51.5157556,-0.1067376,"Deloitte, 76 Shoe Lane, City of London, EC4A 3JR, United Kingdom",Deloitte,76,Shoe Lane,EC4A 3JR,,,Blackfriars,City of London,Greater London,England,ENG,United Kingdom,gb,0.5103000000000001,0.81,0.81,© OpenStreetMap contributors,Open Database License,https://www.openstreetmap.org/copyright
United Kingdom,"7th Fl.,Int'l Press Centre,76 Shoe Lane,London,EC4A 3JB",1387,3,51.5157556,-0.1067376,"Deloitte, 76 Shoe Lane, City of London, EC4A 3JR, United Kingdom",Deloitte,76,Shoe Lane,EC4A 3JR,,,Blackfriars,City of London,Greater London,England,ENG,United Kingdom,gb,0.5103000000000001,0.81,0.81,© OpenStreetMap contributors,Open Database License,https://www.openstreetmap.org/copyright
United Kingdom,"7th Fl.,Mid City Place,High Holborn,London,WC1V 6BA",1388,3,51.517752,-0.118635,"High Holborn, London, WC1V 6LF, United Kingdom",High Holborn,,High Holborn,WC1V 6LF,London Borough of Camden,,Holborn,London,Greater London,England,ENG,United Kingdom,gb,0.63,1,1,© OpenStreetMap contributors,Open Database License,https://www.openstreetmap.org/copyright
United Kingdom,"7th Fl.,Milton Gate,60 Chiswell St.,London,EC1Y 4SA",1389,3,51.520421850000005,-0.09024621303868166,"Milton Gate, 60 Chiswell Street, London, EC1Y 4AG, United Kingdom",Milton Gate,60,Chiswell Street,EC1Y 4AG,London Borough of Islington,,Finsbury,London,Greater London,England,ENG,United Kingdom,gb,0.63,1,1,© OpenStreetMap contributors,Open Database License,https://www.openstreetmap.org/copyright
United Kingdom,"7th Fl.,One New Ludgate,60 Ludgate Hill,London,EC4M 7AW",1390,3,51.514291,-0.10315012819236188,"Ozone Coffee, 56 Ludgate Hill, City of London, EC4M 7AW, United Kingdom",Ozone Coffee,56,Ludgate Hill,EC4M 7AW,,,Blackfriars,City of London,Greater London,England,ENG,United Kingdom,gb,0.6039215686274509,1,1,© OpenStreetMap contributors,Open Database License,https://www.openstreetmap.org/copyright
United Kingdom,"7th Fl.,the Int'l Centre,76 Shoe Lane,London,EC4A 3JB",1391,3,51.5157556,-0.1067376,"Deloitte, 76 Shoe Lane, City of London, EC4A 3JR, United Kingdom",Deloitte,76,Shoe Lane,EC4A 3JR,,,Blackfriars,City of London,Greater London,England,ENG,United Kingdom,gb,0.5103000000000001,0.81,0.81,© OpenStreetMap contributors,Open Database License,https://www.openstreetmap.org/copyright
United Kingdom,"7th Fl.,the Int'l Press Centre,76 Shoe Lane,London,EC4A 3JB",1392,3,51.5157556,-0.1067376,"Deloitte, 76 Shoe Lane, City of London, EC4A 3JR, United Kingdom",Deloitte,76,Shoe Lane,EC4A 3JR,,,Blackfriars,City of London,Greater London,England,ENG,United Kingdom,gb,0.5103000000000001,0.81,0.81,© OpenStreetMap contributors,Open Database License,https://www.openstreetmap.org/copyright
United Kingdom,"7th Fl.,The Northern & Shell Bldg.,10 Lower Thamaes St.,London",1393,3,51.509051,-0.085055,"10 Lower Thames Street, London, EC3R 6EN, United Kingdom",,10,Lower Thames Street,EC3R 6EN,City of London,,Monument,London,London,England,ENG,United Kingdom,gb,0.6942857142857143,1,0.7714285714285714,© OpenStreetMap contributors,Open Database License,https://www.openstreetmap.org/copyright
United Kingdom,"7th Fl.,The Northern & Shell Bldg.,10 Lower Thames St.,London",1394,3,51.509051,-0.085055,"10 Lower Thames Street, London, EC3R 6EN, United Kingdom",,10,Lower Thames Street,EC3R 6EN,City of London,,Monument,London,London,England,ENG,United Kingdom,gb,0.9,1,1,© OpenStreetMap contributors,Open Database License,https://www.openstreetmap.org/copyright
United Kingdom,"7th Fl.,The Northern & Shell Bldg.,10 Lower Thames St.,London EC3R 6EQ",1395,3,51.5090306,-0.08480555346346892,"Northern and Shell, 10 Lower Thames Street, City of London, EC3R 6EN, United Kingdom",Northern and Shell,10,Lower Thames Street,EC3R 6EN,,,Cornhill,City of London,Greater London,England,ENG,United Kingdom,gb,0.5103000000000001,0.81,0.81,© OpenStreetMap contributors,Open Database License,https://www.openstreetmap.org/copyright
United Kingdom,"7th Fl.,The Northern & Shell Bldg.,10 Lower Thames St.,London,EC3R 6EQ",1396,3,51.5090306,-0.08480555346346892,"Northern and Shell, 10 Lower Thames Street, City of London, EC3R 6EN, United Kingdom",Northern and Shell,10,Lower Thames Street,EC3R 6EN,,,Cornhill,City of London,Greater London,England,ENG,United Kingdom,gb,0.5103000000000001,0.81,0.81,© OpenStreetMap contributors,Open Database License,https://www.openstreetmap.org/copyright
United Kingdom,"7th Fl.,The Northern & Shell Bldg.,10 Lower Themes St.,London EC3R 6EQ",1397,3,51.5090306,-0.08502560506772358,"Northern and Shell, 10 Lower Thames Street, City of London, EC3R 6EN, United Kingdom",Northern and Shell,10,Lower Thames Street,EC3R 6EN,,,Cornhill,City of London,Greater London,England,ENG,United Kingdom,gb,0.38272500000000004,0.81,0.6075,© OpenStreetMap contributors,Open Database License,https://www.openstreetmap.org/copyright
United Kingdom,"7th Fl.,The Northern & Shell Bldg.,London,EC3R 6EQ",1398,3,51.509051,-0.085055,"Northern and Shell, 10 Lower Thames Street, London, EC3R 6EN, United Kingdom",Northern and Shell,10,Lower Thames Street,EC3R 6EN,City of London,,Monument,London,London,England,ENG,United Kingdom,gb,0.42,1,,© OpenStreetMap contributors,Open Database License,https://www.openstreetmap.org/copyright
United Kingdom,"7th Fl.,Tower 42,25 Old Broad St.,London EC2N 1HN",1399,3,51.5152741,-0.0841902,"Physical Gold, 25 Old Broad Street, City of London, EC2N 1HN, United Kingdom",Physical Gold,25,Old Broad Street,EC2N 1HN,,,Cornhill,City of London,Greater London,England,ENG,United Kingdom,gb,0.9,1,1,© OpenStreetMap contributors,Open Database License,https://www.openstreetmap.org/copyright
United Kingdom,"7th Fl.,Tower Bridge House,St.Katharine's Way,London,E1W 1BA",1400,3,51.5056264,-0.070357,"St. Katharine's Way, London, E1W 1UE, United Kingdom",St. Katharine's Way,,St. Katharine's Way,E1W 1UE,London Borough of Tower Hamlets,,Wapping,London,Greater London,England,ENG,United Kingdom,gb,0.63,1,1,© OpenStreetMap contributors,Open Database License,https://www.openstreetmap.org/copyright
United Kingdom,"7th Fl.,Triton Court,14 Finsbury Sq.,London,EC2A 1BR",1401,3,51.5216989,-0.0867593,"Haz, 14 Finsbury Square, London, EC2A 1AH, United Kingdom",Haz,14,Finsbury Square,EC2A 1AH,London Borough of Islington,,Finsbury,London,Greater London,England,ENG,United Kingdom,gb,0.63,1,1,© OpenStreetMap contributors,Open Database License,https://www.openstreetmap.org/copyright
United Kingdom,"7th Fl.140 London Wall,London,EC2Y 5DN",1402,3,51.51788,-0.09603,"City of London, EC2Y 5DN, United Kingdom",,,,EC2Y 5DN,,,,City of London,Greater London,England,ENG,United Kingdom,gb,0.6,1,,© OpenStreetMap contributors,Open Database License,https://www.openstreetmap.org/copyright
United Kingdom,7th Fl.20 Old Bailey London EC4M,1403,3,51.5156385,-0.1027039,"Triodos Bank, 20 Old Bailey, City of London, EC4M 7NB, United Kingdom",Triodos Bank,20,Old Bailey,EC4M 7NB,West Smithfield,,,City of London,Greater London,England,ENG,United Kingdom,gb,0.5103000000000001,0.81,0.81,© OpenStreetMap contributors,Open Database License,https://www.openstreetmap.org/copyright
United Kingdom,"7th Fl.Peninsular House,36 Monument St.,London,EC3R 8LJ",1404,3,51.50968,-0.08522,"City of London, EC3R 8LJ, United Kingdom",,,,EC3R 8LJ,,,,City of London,Greater London,England,ENG,United Kingdom,gb,0.6,1,,© OpenStreetMap contributors,Open Database License,https://www.openstreetmap.org/copyright
United Kingdom,"7th Fl.The Northern 8 Shell Bldg.,10 Lower Thames St.,London,EC3R 6EQ",1405,3,51.5090306,-0.08480555346346892,"Northern and Shell, 10 Lower Thames Street, City of London, EC3R 6EN, United Kingdom",Northern and Shell,10,Lower Thames Street,EC3R 6EN,,,Cornhill,City of London,Greater London,England,ENG,United Kingdom,gb,0.5103000000000001,0.81,0.81,© OpenStreetMap contributors,Open Database License,https://www.openstreetmap.org/copyright
United Kingdom,"7th Georges Ind.Estate,White Hart Lane,London N22 5QL",1406,3,51.6043405,-0.1000925,"White Hart Lane, London, N22 5QW, United Kingdom",White Hart Lane,,White Hart Lane,N22 5QW,London Borough of Haringey,,,London,Greater London,England,ENG,United Kingdom,gb,0.63,1,1,© OpenStreetMap contributors,Open Database License,https://www.openstreetmap.org/copyright
United Kingdom,"8 & 9th Fl.,1 St.Martin's-le-Grand,London,EC1A 4AS",1407,3,51.637176,-0.151138,"Oakhill 9 Hole Pitch and Putt, London, EC1A 4AS, United Kingdom",,,Oakhill 9 Hole Pitch and Putt,EC1A 4AS,Barnet,,Osidge,London,London,England,ENG,United Kingdom,gb,1,1,,© OpenStreetMap contributors,Open Database License,https://www.openstreetmap.org/copyright
United Kingdom,"8 Beacontree Plaza,Gillette Way,Reading,Berkshire,RG2 0BS",1408,3,51.43259046666667,-0.971914,"Reading, RG2 0BS, United Kingdom",,,,RG2 0BS,,,,Reading,,England,ENG,United Kingdom,gb,0.6,1,,© OpenStreetMap contributors,Open Database License,https://www.openstreetmap.org/copyright
United Kingdom,"8 Beacontree Plaza,Gillette Way,Reading,RG2 0BS",1409,3,51.43259046666667,-0.971914,"Reading, RG2 0BS, United Kingdom",,,,RG2 0BS,,,,Reading,,England,ENG,United Kingdom,gb,0.6,1,,© OpenStreetMap contributors,Open Database License,https://www.openstreetmap.org/copyright
United Kingdom,"8 Crosby Square,London EC3A 6AQ",1410,3,51.5143499,-0.08262446185101581,"Crosby Square, City of London, EC3A 6AQ, United Kingdom",Crosby Square,,Crosby Square,EC3A 6AQ,,,Bishopsgate,City of London,Greater London,England,ENG,United Kingdom,gb,0.405,0.81,0.81,© OpenStreetMap contributors,Open Database License,https://www.openstreetmap.org/copyright
United Kingdom,"8 Devonshire Sq.,London EC2M 4PL",1411,3,51.5166453,-0.079355,"Devonshire Square, City of London, EC2M 4BB, United Kingdom",Devonshire Square,,Devonshire Square,EC2M 4BB,,,Bishopsgate,City of London,Greater London,England,ENG,United Kingdom,gb,0.5103,0.81,0.81,© OpenStreetMap contributors,Open Database License,https://www.openstreetmap.org/copyright
United Kingdom,"8 Devonshire Sq.,London,EC2M 4PL",1412,3,51.5166453,-0.079355,"Devonshire Square, City of London, EC2M 4BB, United Kingdom",Devonshire Square,,Devonshire Square,EC2M 4BB,,,Bishopsgate,City of London,Greater London,England,ENG,United Kingdom,gb,0.5103,0.81,0.81,© OpenStreetMap contributors,Open Database License,https://www.openstreetmap.org/copyright
United Kingdom,"8 Devonshire Square,London EC 2M 4PL",1413,3,51.3966855,0.0242181,"Devonshire Square, London, BR2 9HX, United Kingdom",Devonshire Square,,Devonshire Square,BR2 9HX,London Borough of Bromley,,Widmore,London,Greater London,England,ENG,United Kingdom,gb,0.5,1,1,© OpenStreetMap contributors,Open Database License,https://www.openstreetmap.org/copyright
United Kingdom,"8 Devonshire Square,London,EC2M 4PL",1414,3,51.5166453,-0.079355,"Devonshire Square, City of London, EC2M 4BB, United Kingdom",Devonshire Square,,Devonshire Square,EC2M 4BB,,,Bishopsgate,City of London,Greater London,England,ENG,United Kingdom,gb,0.5103,0.81,0.81,© OpenStreetMap contributors,Open Database License,https://www.openstreetmap.org/copyright
United Kingdom,"8 Hanover St.,London W1S 1YE",1415,3,51.513557899999995,-0.14274459268307368,"8 Hanover Street, London, W1S 1YH, United Kingdom",,8,Hanover Street,W1S 1YH,,,Mayfair,City of Westminster,Greater London,England,ENG,United Kingdom,gb,0.5103,0.81,0.81,© OpenStreetMap contributors,Open Database License,https://www.openstreetmap.org/copyright
United Kingdom,"8 Hanover St.,London,W1S 1YE",1416,3,51.513557899999995,-0.14274459268307368,"8 Hanover Street, London, W1S 1YH, United Kingdom",,8,Hanover Street,W1S 1YH,,,Mayfair,City of Westminster,Greater London,England,ENG,United Kingdom,gb,0.5103,0.81,0.81,© OpenStreetMap contributors,Open Database License,https://www.openstreetmap.org/copyright
United Kingdom,"8 Market Lane,Newcastle upon Tyne,NE1 6QQ",1417,3,54.9717416,-1.6106976,"Market Lane, Newcastle upon Tyne, NE1 6QQ, United Kingdom",Market Lane,,Market Lane,NE1 6QQ,,,Grainger Town,Newcastle upon Tyne,North of Tyne,England,ENG,United Kingdom,gb,0.7,1,1,© OpenStreetMap contributors,Open Database License,https://www.openstreetmap.org/copyright
United Kingdom,"8 St.James's Square,London SW1T 4JU",1418,3,51.51927705,-0.11272819752409372,"Gray's Inn Hall, 8 South Square, London, WC1R 5ET, United Kingdom",Gray's Inn Hall,8,South Square,WC1R 5ET,London Borough of Camden,,Holborn,London,Greater London,England,ENG,United Kingdom,gb,0.3969,1,0.44099999999999995,© OpenStreetMap contributors,Open Database License,https://www.openstreetmap.org/copyright
United Kingdom,8-10 Eldon Way London NW10 7QX,1419,3,51.5336299,-0.2760009,"Eldon Way, London, NW10 7TR, United Kingdom",Eldon Way,,Eldon Way,NW10 7TR,London Borough of Brent,,,London,Greater London,England,ENG,United Kingdom,gb,0.63,1,1,© OpenStreetMap contributors,Open Database License,https://www.openstreetmap.org/copyright
United Kingdom,"8-10 Pollen St.,London,W1S 1NG",1420,3,51.513393,-0.1423314,"Pollen Street Social, 8-10 Pollen Street, London, W1S 1NA, United Kingdom",Pollen Street Social,8-10,Pollen Street,W1S 1NA,Westminster,,Mayfair,City of Westminster,Greater London,England,ENG,United Kingdom,gb,0.5670000000000001,0.9,0.9,© OpenStreetMap contributors,Open Database License,https://www.openstreetmap.org/copyright
United Kingdom,"8-12 Leeke St.,London WC1X 9HT",1421,3,51.5304354,-0.1178449,"Leeke Street, London, WC1X 9HZ, United Kingdom",Leeke Street,,Leeke Street,WC1X 9HZ,London Borough of Camden,,King's Cross,London,Greater London,England,ENG,United Kingdom,gb,0.63,1,1,© OpenStreetMap contributors,Open Database License,https://www.openstreetmap.org/copyright
United Kingdom,"8-12 Leeke St.,London,WC1X 9HT",1422,3,51.5304354,-0.1178449,"Leeke Street, London, WC1X 9HZ, United Kingdom",Leeke Street,,Leeke Street,WC1X 9HZ,London Borough of Camden,,King's Cross,London,Greater London,England,ENG,United Kingdom,gb,0.63,1,1,© OpenStreetMap contributors,Open Database License,https://www.openstreetmap.org/copyright
United Kingdom,"8,Acton Park Estate,London,W3 7QF",1423,3,51.514993,-0.092813,"City of London, London, ENG, United Kingdom",City of London,,,,City of London,,,London,London,England,ENG,United Kingdom,gb,0.25,1,,Who's On First,CC0,https://www.whosonfirst.org/docs/licenses/
United Kingdom,"80 Beardmore Way,Clydebank Ind.Estate,Clydebank Glasgow Scotland,G81 4HT",1424,3,55.9060428,-4.4345229,"Beardmore Way, Clydebank, G81 4HT, United Kingdom",Beardmore Way,,Beardmore Way,G81 4HT,,WDU,Dalmuir,Clydebank,West Dunbartonshire,Scotland,SCT,United Kingdom,gb,0.7,1,1,© OpenStreetMap contributors,Open Database License,https://www.openstreetmap.org/copyright
United Kingdom,"80 Beardmore Way,Clydebank Ind.Estate,Clydebank Glasgow,G81 4HT",1425,3,55.9060428,-4.4345229,"Beardmore Way, Clydebank, G81 4HT, United Kingdom",Beardmore Way,,Beardmore Way,G81 4HT,,WDU,Dalmuir,Clydebank,West Dunbartonshire,Scotland,SCT,United Kingdom,gb,0.7,1,1,© OpenStreetMap contributors,Open Database License,https://www.openstreetmap.org/copyright
United Kingdom,"80 Beardmore Way,Clydebank Ind.Estate,Clydebank,G81 4HT",1426,3,55.9060428,-4.4345229,"Beardmore Way, Clydebank, G81 4HT, United Kingdom",Beardmore Way,,Beardmore Way,G81 4HT,,WDU,Dalmuir,Clydebank,West Dunbartonshire,Scotland,SCT,United Kingdom,gb,0.7,1,1,© OpenStreetMap contributors,Open Database License,https://www.openstreetmap.org/copyright
United Kingdom,"80 Beardmore Way,Clydebank Industrial Estate,Clydebank,G 81 4HT",1427,3,55.8553736,-4.2126122,"Beardmore Way, Glasgow, G31 4BW, United Kingdom",Beardmore Way,,Beardmore Way,G31 4BW,,GLG,Camlachie,Glasgow,Glasgow City,Scotland,SCT,United Kingdom,gb,0.5,,,© OpenStreetMap contributors,Open Database License,https://www.openstreetmap.org/copyright
United Kingdom,"80 Beardmore Way,Clydebank Industrial Estate,Clydebank,G81 4HT",1428,3,55.9060428,-4.4345229,"Beardmore Way, Clydebank, G81 4HT, United Kingdom",Beardmore Way,,Beardmore Way,G81 4HT,,WDU,Dalmuir,Clydebank,West Dunbartonshire,Scotland,SCT,United Kingdom,gb,0.7,1,1,© OpenStreetMap contributors,Open Database License,https://www.openstreetmap.org/copyright
United Kingdom,80 Cheapside London EC2V 6EE,1429,3,51.5135459,-0.0915278,"Tesco Express, 80B Cheapside, City of London, EC2V 6EE, United Kingdom",Tesco Express,80B,Cheapside,EC2V 6EE,,,Cheap,City of London,Greater London,England,ENG,United Kingdom,gb,0.855,1,1,© OpenStreetMap contributors,Open Database License,https://www.openstreetmap.org/copyright
United Kingdom,"81 Dean St.,London W1D 3SW",1430,3,51.51435605,-0.1331642461966126,"Hall & Partners, 81 Dean Street, London, W1D 3RS, United Kingdom",Hall & Partners,81,Dean Street,W1D 3RS,,,Soho,London,Greater London,England,ENG,United Kingdom,gb,0.63,1,1,© OpenStreetMap contributors,Open Database License,https://www.openstreetmap.org/copyright