original_countryname,original_AddressAlph,original_address_id,original_group,lat,lon,formatted,name,housenumber,street,suburb,postcode,district,city,county,county_code,state,state_code,country,country_code,confidence,confidence_city_level,confidence_street_level,attribution,attribution_license,attribution_url
United Kingdom,"81 Market St.,Ashby De La Zouch,Leicestershire,LE6 5AH",1431,4,52.7478343,-1.469413,"Market Street Dental Practice, 81 Market Street, North West Leicestershire, LE65 1AH, United Kingdom",Market Street Dental Practice,81,Market Street,,LE65 1AH,Ashby-De-La-Zouch,North West Leicestershire,Leicestershire,LEC,England,ENG,United Kingdom,gb,0.45,1,1,© OpenStreetMap contributors,Open Database License,https://www.openstreetmap.org/copyright
United Kingdom,"81 Market St.Ashby-De-La-Zouch,Leicestershire LE6 5AH",1432,4,52.7478343,-1.469413,"Market Street Dental Practice, 81 Market Street, North West Leicestershire, LE65 1AH, United Kingdom",Market Street Dental Practice,81,Market Street,,LE65 1AH,,North West Leicestershire,Leicestershire,LEC,England,ENG,United Kingdom,gb,0.405,0.9,0.9,© OpenStreetMap contributors,Open Database License,https://www.openstreetmap.org/copyright
United Kingdom,"81 Market St.Ashby-De-La-Zouch,Leicestershire,LE6 5AH",1433,4,52.7478343,-1.469413,"Market Street Dental Practice, 81 Market Street, North West Leicestershire, LE65 1AH, United Kingdom",Market Street Dental Practice,81,Market Street,,LE65 1AH,,North West Leicestershire,Leicestershire,LEC,England,ENG,United Kingdom,gb,0.405,0.9,0.9,© OpenStreetMap contributors,Open Database License,https://www.openstreetmap.org/copyright
United Kingdom,"82/86 Fenchurch St.,London EC3M 4BY",1434,4,51.5130593,-0.077904,"Fenchurch Street, City of London, EC3M 4BY, United Kingdom",Fenchurch Street,,Fenchurch Street,Aldgate,EC3M 4BY,,City of London,Greater London,,England,ENG,United Kingdom,gb,0.7,1,1,© OpenStreetMap contributors,Open Database License,https://www.openstreetmap.org/copyright
United Kingdom,"83 Euston Rd.,London,NW1 2RA",1435,4,51.5286655,-0.1267001,"Euston Flyer, 83-87 Euston Road, London, NW1 2RA, United Kingdom",Euston Flyer,83-87,Euston Road,St Pancras,NW1 2RA,London Borough of Camden,London,Greater London,,England,ENG,United Kingdom,gb,0.81,1,1,© OpenStreetMap contributors,Open Database License,https://www.openstreetmap.org/copyright
United Kingdom,"83 Jermyn St.,London SW1Y 6JD",1436,4,51.50798,-0.13744,"London, SW1Y 6JD, United Kingdom",,,,,SW1Y 6JD,,London,Greater London,,England,ENG,United Kingdom,gb,0.6,1,,© OpenStreetMap contributors,Open Database License,https://www.openstreetmap.org/copyright
United Kingdom,"85 Tottenham Court Rd.,London,W1T 4TQ",1437,4,51.5214361,-0.135709,"Blis Media Ltd, 85 Tottenham Court Road, London, W1T 4TQ, United Kingdom",Blis Media Ltd,85,Tottenham Court Road,Fitzrovia,W1T 4TQ,London Borough of Camden,London,Greater London,,England,ENG,United Kingdom,gb,0.9,1,1,© OpenStreetMap contributors,Open Database License,https://www.openstreetmap.org/copyright
United Kingdom,"85d Goldhurst Terrace,London NW6 3HA",1438,4,51.5460311,-0.1792747,"Goldhurst Terrace, London, NW6 3HX, United Kingdom",Goldhurst Terrace,,Goldhurst Terrace,South Hampstead,NW6 3HX,London Borough of Camden,London,Greater London,,England,ENG,United Kingdom,gb,0.63,1,1,© OpenStreetMap contributors,Open Database License,https://www.openstreetmap.org/copyright
United Kingdom,"86 Jermyn St.,London SWIY 6 JD",1439,4,51.509187749999995,-0.13491987626964644,"Jermyn Street Theatre, 16b Jermyn Street, London, SW1Y 6ST, United Kingdom",Jermyn Street Theatre,16b,Jermyn Street,Mayfair,SW1Y 6ST,St. James's,London,Greater London,,England,ENG,United Kingdom,gb,0,,,© OpenStreetMap contributors,Open Database License,https://www.openstreetmap.org/copyright
United Kingdom,"88 Wood St.,London,EC2V 7DA",1440,4,51.5171393,-0.094835,"Pret A Manger, 88 Wood Street, City of London, EC2V 7AJ, United Kingdom",Pret A Manger,88,Wood Street,Cheap,EC2V 7AJ,City of London,City of London,Greater London,,England,ENG,United Kingdom,gb,0.5103000000000001,0.81,0.81,© OpenStreetMap contributors,Open Database License,https://www.openstreetmap.org/copyright
United Kingdom,"881 Plymouth Rd.,Slough SL1 4PL",1441,4,51.5253011,-0.6410769,"Plymouth Road, Slough, SL1 4NH, United Kingdom",Plymouth Road,,Plymouth Road,Cippenham,SL1 4NH,,Slough,,,England,ENG,United Kingdom,gb,0.63,1,1,© OpenStreetMap contributors,Open Database License,https://www.openstreetmap.org/copyright
United Kingdom,881 Plymouth Rd.Slough SL1 4PL,1442,4,51.5253011,-0.6410769,"Plymouth Road, Slough, SL1 4NH, United Kingdom",Plymouth Road,,Plymouth Road,Cippenham,SL1 4NH,,Slough,,,England,ENG,United Kingdom,gb,0.2778299999999999,0.7,0.44099999999999995,© OpenStreetMap contributors,Open Database License,https://www.openstreetmap.org/copyright
United Kingdom,"89 Spa Rd.,London,SE16 3SG",1443,4,51.4953297,-0.0750465,"Spa Road, London, SE16 3GA, United Kingdom",Spa Road,,Spa Road,Old Kent Road,SE16 3GA,London Borough of Southwark,London,Greater London,,England,ENG,United Kingdom,gb,0.63,1,1,© OpenStreetMap contributors,Open Database License,https://www.openstreetmap.org/copyright
United Kingdom,"8a Kingly St.,SOHO,London W1B 5PQ",1444,4,51.512429,-0.1388908,"Island Poké, 8 Kingly Street, London, W1B 5PQ, United Kingdom",Island Poké,8,Kingly Street,Soho,W1B 5PQ,Westminster,London,Greater London,,England,ENG,United Kingdom,gb,0.855,1,1,© OpenStreetMap contributors,Open Database License,https://www.openstreetmap.org/copyright
United Kingdom,"8th & 9th Fl.,1 St Martin's Le Grand,London,EC1A 4AS",1445,4,51.51644865,-0.09776585879604383,"1 St. Martin's Le Grand, City of London, EC1A 4AS, United Kingdom",,1,St. Martin's Le Grand,Cheap,EC1A 4AS,,City of London,Greater London,,England,ENG,United Kingdom,gb,0.9,1,1,© OpenStreetMap contributors,Open Database License,https://www.openstreetmap.org/copyright
United Kingdom,"8th & 9th Fl.,1 St.Martin's Le Grand,London,EC1A 4AS",1446,4,51.5164486,-0.0977658,"City of London, EC1A 4AS, United Kingdom",,,,,EC1A 4AS,,City of London,Greater London,,England,ENG,United Kingdom,gb,0.6,1,,© OpenStreetMap contributors,Open Database License,https://www.openstreetmap.org/copyright
United Kingdom,"8th & 9th Fl.,1 St.Martin's-le-Grand,London,EC1A 4AS",1447,4,51.5164486,-0.0977658,"City of London, EC1A 4AS, United Kingdom",,,,,EC1A 4AS,,City of London,Greater London,,England,ENG,United Kingdom,gb,0.6,1,,© OpenStreetMap contributors,Open Database License,https://www.openstreetmap.org/copyright
United Kingdom,"8th & 9th Fl.,1st.Martin's Le Grand,London,EC1A 4AS",1448,4,51.516347,-0.098406,"1 St. Martin's Le Grand, City of London, EC1A 4AS, United Kingdom",,1,St. Martin's Le Grand,Cheap,EC1A 4AS,City of London,City of London,London,,England,ENG,United Kingdom,gb,0.7695,1,0.9,© OpenStreetMap contributors,Open Database License,https://www.openstreetmap.org/copyright
United Kingdom,"8th Fl.,1 Angel Lane,London EC4R 3AB",1449,4,51.5091099,-0.0897444,"The Oyster Shed, 1 Angel Lane, City of London, EC4R 3AB, United Kingdom",The Oyster Shed,1,Angel Lane,Vintry,EC4R 3AB,,City of London,Greater London,,England,ENG,United Kingdom,gb,0.9,1,1,© OpenStreetMap contributors,Open Database License,https://www.openstreetmap.org/copyright
United Kingdom,"8th Fl.,165 Fleet St.,London EC4A 2DY",1450,4,51.5143,-0.10853,"City of London, EC4A 2DY, United Kingdom",,,,,EC4A 2DY,,City of London,Greater London,,England,ENG,United Kingdom,gb,0.6,1,,© OpenStreetMap contributors,Open Database License,https://www.openstreetmap.org/copyright
United Kingdom,"8th Fl.,199 Bishopsgate,London EC2M 3TY",1451,4,51.52023,-0.07926,"City of London, EC2M 3TY, United Kingdom",,,,,EC2M 3TY,,City of London,Greater London,,England,ENG,United Kingdom,gb,0.6,1,,© OpenStreetMap contributors,Open Database License,https://www.openstreetmap.org/copyright
United Kingdom,"8th Fl.,Berkshire House,168-173 High Holborn,London,WC1V 7AA",1452,4,51.515637,-0.125979,"Craft Beer Co., 168 High Holborn, London, WC1V 7AA, United Kingdom",Craft Beer Co.,168,High Holborn,Bloomsbury,WC1V 7AA,London Borough of Camden,London,Greater London,,England,ENG,United Kingdom,gb,0.9,1,1,© OpenStreetMap contributors,Open Database License,https://www.openstreetmap.org/copyright
United Kingdom,"8th Fl.,City Tower 40 Basinghall St.London EC2V 5DE",1453,4,51.51703,-0.09127,"City of London, EC2V 5DE, United Kingdom",,,,,EC2V 5DE,,City of London,Greater London,,England,ENG,United Kingdom,gb,0.7,1,,© OpenStreetMap contributors,Open Database License,https://www.openstreetmap.org/copyright
United Kingdom,"8th Fl.,Dashwood House,69 Old Broad St.,London EC2M 1QU",1454,4,51.516884,-0.0828326,"The Ivy, 69 Old Broad Street, City of London, EC2M 1QS, United Kingdom",The Ivy,69,Old Broad Street,Bishopsgate,EC2M 1QS,City of London,City of London,Greater London,,England,ENG,United Kingdom,gb,0.5103000000000001,0.81,0.81,© OpenStreetMap contributors,Open Database License,https://www.openstreetmap.org/copyright
United Kingdom,"8th Fl.,Dashwood House,69 Old Broad St.,London,EC2M 1QU",1455,4,51.516884,-0.0828326,"The Ivy, 69 Old Broad Street, City of London, EC2M 1QS, United Kingdom",The Ivy,69,Old Broad Street,Bishopsgate,EC2M 1QS,City of London,City of London,Greater London,,England,ENG,United Kingdom,gb,0.5103000000000001,0.81,0.81,© OpenStreetMap contributors,Open Database License,https://www.openstreetmap.org/copyright
United Kingdom,"8th Fl.,Exchange House,Primrose St.London EC2A 2NY",1456,4,51.52024,-0.08077,"City of London, EC2A 2NY, United Kingdom",,,,,EC2A 2NY,,City of London,Greater London,,England,ENG,United Kingdom,gb,0.6,1,,© OpenStreetMap contributors,Open Database License,https://www.openstreetmap.org/copyright
United Kingdom,"8th Fl.,Hayes Gate House,27 Uxbridge Rd.,Hayes,Middlesex UB4 0JN",1457,4,51.5146309,-0.3955371,"Uxbridge Road, London, UB4 0JH, United Kingdom",Uxbridge Road,,Uxbridge Road,Yeading,UB4 0JH,London Borough of Hillingdon,London,Greater London,,England,ENG,United Kingdom,gb,0.44099999999999995,0.7,0.7,© OpenStreetMap contributors,Open Database License,https://www.openstreetmap.org/copyright
United Kingdom,"8th Fl.,Mid City Place,71 High Holborn,London,WC1V 6BA",1458,4,51.5182045,-0.1159999,"Halifax, 71 High Holborn, London, WC1V 6EA, United Kingdom",Halifax,71,High Holborn,Holborn,WC1V 6EA,London Borough of Camden,London,Greater London,,England,ENG,United Kingdom,gb,0.63,1,1,© OpenStreetMap contributors,Open Database License,https://www.openstreetmap.org/copyright
United Kingdom,"8th Fl.,Wing 4,Berkeley Sq.House Berkeley Sq.,London W1X 5LA",1459,4,51.5201088,-0.1303356,"United Kingdom Warehousing Association, Gower Mews, London, WC1E 6HB, United Kingdom",United Kingdom Warehousing Association,,Gower Mews,Bloomsbury,WC1E 6HB,London Borough of Camden,London,Greater London,,England,ENG,United Kingdom,gb,0.10125,1,0.125,© OpenStreetMap contributors,Open Database License,https://www.openstreetmap.org/copyright
United Kingdom,"8th Fl.Bucklersbury House,3 Queen Victoria St.,London EC4N 8EL",1460,4,51.512773,-0.0906448,"Bloomberg, 3 Queen Victoria Street, City of London, EC4N 4TQ, United Kingdom",Bloomberg,3,Queen Victoria Street,Cheap,EC4N 4TQ,,City of London,Greater London,,England,ENG,United Kingdom,gb,0.5103000000000001,0.81,0.81,© OpenStreetMap contributors,Open Database License,https://www.openstreetmap.org/copyright
United Kingdom,8th Fl.Royex House 5 Aldermanbury Sq.London EC2V 7HR,1461,4,51.5169849,-0.09329333333333334,"City of London, EC2V 7HR, United Kingdom",,,,,EC2V 7HR,,City of London,Greater London,,England,ENG,United Kingdom,gb,0.9423076923076923,1,,© OpenStreetMap contributors,Open Database License,https://www.openstreetmap.org/copyright
United Kingdom,"8thFl.,Mid City Place,71 High Holborn,London WC1V 6BA",1462,4,51.5182045,-0.1159999,"Halifax, 71 High Holborn, London, WC1V 6EA, United Kingdom",Halifax,71,High Holborn,Holborn,WC1V 6EA,London Borough of Camden,London,Greater London,,England,ENG,United Kingdom,gb,0.63,1,1,© OpenStreetMap contributors,Open Database License,https://www.openstreetmap.org/copyright
United Kingdom,"9 Bell Buiness Park,Smeaton Close,Aylesbury,Buckinghamshire,HP19 8JR",1463,4,51.8161412,-0.8130383,"Aylesbury, ENG, United Kingdom",,,,,,,Aylesbury,Buckinghamshire,BKM,England,ENG,United Kingdom,gb,0.25,1,,© OpenStreetMap contributors,Open Database License,https://www.openstreetmap.org/copyright
United Kingdom,"9 Berkeley St.,London W1X 5AD",1464,4,51.507886,-0.142642,"9 Berkeley Street, London, W1J 8DR, United Kingdom",,9,Berkeley Street,Mayfair,W1J 8DR,Westminster,London,London,,England,ENG,United Kingdom,gb,0.9,1,1,© OpenStreetMap contributors,Open Database License,https://www.openstreetmap.org/copyright
United Kingdom,"9 Blenheim Rd.,High Wycombe Bucks.HP12 3RT",1465,4,51.6178455,-0.7766268,"Blenheim Road, High Wycombe, HP12 3RS, United Kingdom",Blenheim Road,,Blenheim Road,Castlefield,HP12 3RS,High Wycombe Community Board,High Wycombe,Buckinghamshire,BKM,England,ENG,United Kingdom,gb,0.5,1,1,© OpenStreetMap contributors,Open Database License,https://www.openstreetmap.org/copyright
United Kingdom,"9 Chistleton Court,Manor Park,Runcorn WA7 1ST",1466,4,53.3509462,-2.6761182,"Chistleton Court, Runcorn, WA7 1ST, United Kingdom",Chistleton Court,,Chistleton Court,Manor Park,WA7 1ST,,Runcorn,Halton,HAL,England,ENG,United Kingdom,gb,0.7,1,1,© OpenStreetMap contributors,Open Database License,https://www.openstreetmap.org/copyright
United Kingdom,"9 Duncan Close Mouhon Industrial Business Park,Northampton NN3 1WL",1467,4,52.278558,-0.879155,"Duncan Close, Northampton, NN3 1WL, United Kingdom",,,Duncan Close,,NN3 1WL,,Northampton,West Northamptonshire,,England,ENG,United Kingdom,gb,0.16666666666666669,1,0.33333333333333337,© OpenStreetMap contributors,Open Database License,https://www.openstreetmap.org/copyright
United Kingdom,"9 Duncan Close Moulton Industrial Business Park,Northampton NN3 1WL",1468,4,52.247383,-0.894646,"Northampton, NN3 1WL, United Kingdom",,,,,NN3 1WL,,Northampton,West Northamptonshire,,England,ENG,United Kingdom,gb,0.25,1,,Who's On First,CC0,https://www.whosonfirst.org/docs/licenses/
United Kingdom,"9 Falcon Paek,Neasden Lane,London,NW1O 1RZ",1469,4,51.5593771,-0.2500979,"EasyFix, 247 Neasden Lane, London, NW10 1QG, United Kingdom",EasyFix,247,Neasden Lane,Dudden Hill,NW10 1QG,London Borough of Brent,London,Greater London,,England,ENG,United Kingdom,gb,0.1125,0.5,0.5,© OpenStreetMap contributors,Open Database License,https://www.openstreetmap.org/copyright
United Kingdom,"9 Lower John St.,London W1R 3PE",1470,4,51.511053,-0.137044,"Lower John Street, London, W1R 3PE, United Kingdom",,,Lower John Street,Soho,W1R 3PE,Westminster,London,London,,England,ENG,United Kingdom,gb,0.5,1,1,© OpenStreetMap contributors,Open Database License,https://www.openstreetmap.org/copyright
United Kingdom,"9 Old Bond St.,London W1",1471,4,51.5086014,-0.1403614,"La Perla, 9 Old Bond Street, London, W1S 4PP, United Kingdom",La Perla,9,Old Bond Street,Mayfair,W1S 4PP,St. James's,London,Greater London,,England,ENG,United Kingdom,gb,0.9,1,1,© OpenStreetMap contributors,Open Database License,https://www.openstreetmap.org/copyright
United Kingdom,"9-13 Fenchurch Bldg.,London,EC3M 5HR",1472,4,51.514993,-0.092813,"City of London, London, EC3M 5HR, United Kingdom",City of London,,,,EC3M 5HR,City of London,London,London,,England,ENG,United Kingdom,gb,0.25,1,,Who's On First,CC0,https://www.whosonfirst.org/docs/licenses/
United Kingdom,"9-13 St.Andrew St.,London,EC4A 3AE",1473,4,51.51691,-0.10713,"City of London, EC4A 3AE, United Kingdom",,,,,EC4A 3AE,,City of London,Greater London,,England,ENG,United Kingdom,gb,0.6,1,,© OpenStreetMap contributors,Open Database License,https://www.openstreetmap.org/copyright
United Kingdom,"9,Clifford St.,London W1X 2LD",1474,4,51.510975,-0.142266,"9 Clifford Street, London, W1S 4JZ, United Kingdom",,9,Clifford Street,Mayfair,W1S 4JZ,Westminster,London,London,,England,ENG,United Kingdom,gb,0.9,1,1,© OpenStreetMap contributors,Open Database License,https://www.openstreetmap.org/copyright
United Kingdom,"9.Clifford St.,London W1X 2LD",1475,4,51.5109586,-0.1413844,"Buck's Gentlemen's Club, 18 Clifford Street, London, W1S 3RF, United Kingdom",Buck's Gentlemen's Club,18,Clifford Street,Mayfair,W1S 3RF,St. James's,London,Greater London,,England,ENG,United Kingdom,gb,0.81,1,0.9,© OpenStreetMap contributors,Open Database License,https://www.openstreetmap.org/copyright
United Kingdom,"9/13 S.Andrew St.,London ECA4 3AE",1476,4,51.51687,-0.106573,"9-13 St Andrew Street, London, EC1N 2HB, United Kingdom",,9-13,St Andrew Street,Blackfriars,EC1N 2HB,City of London,London,London,,England,ENG,United Kingdom,gb,0.9,1,1,© OpenStreetMap contributors,Open Database License,https://www.openstreetmap.org/copyright
United Kingdom,"9/13 St.Andrew St.,London EC4A 3AE",1477,4,51.51691,-0.10713,"City of London, EC4A 3AE, United Kingdom",,,,,EC4A 3AE,,City of London,Greater London,,England,ENG,United Kingdom,gb,0.6,1,,© OpenStreetMap contributors,Open Database License,https://www.openstreetmap.org/copyright
United Kingdom,"9/13 St.Andrew St.,London ECA4 3AE",1478,4,51.51687,-0.106573,"9-13 St Andrew Street, London, EC1N 2HB, United Kingdom",,9-13,St Andrew Street,Blackfriars,EC1N 2HB,City of London,London,London,,England,ENG,United Kingdom,gb,0.9,1,1,© OpenStreetMap contributors,Open Database License,https://www.openstreetmap.org/copyright
United Kingdom,"90 High Holborn,London,WC1V 6XX",1479,4,51.5178874,-0.1178574,"Starbucks, 90 High Holborn, London, WC1V 6LF, United Kingdom",Starbucks,90,High Holborn,Holborn,WC1V 6LF,London Borough of Camden,London,Greater London,,England,ENG,United Kingdom,gb,0.63,1,1,© OpenStreetMap contributors,Open Database License,https://www.openstreetmap.org/copyright
United Kingdom,"90 Peterborough Rd.,London,SW6 3HH",1480,4,51.4664568,-0.19348880000000096,"Phase Eight, 90 Peterborough Road, London, SW6 3HQ, United Kingdom",Phase Eight,90,Peterborough Road,Sands End,SW6 3HQ,London Borough of Hammersmith and Fulham,London,Greater London,,England,ENG,United Kingdom,gb,0.63,1,1,© OpenStreetMap contributors,Open Database License,https://www.openstreetmap.org/copyright
United Kingdom,"91 Charter House St.,London,EC1M 6HR",1481,4,51.514993,-0.092813,"City of London, London, EC1M 6HR, United Kingdom",City of London,,,,EC1M 6HR,City of London,London,London,,England,ENG,United Kingdom,gb,0.25,1,,Who's On First,CC0,https://www.whosonfirst.org/docs/licenses/
United Kingdom,"91/95 Peregrine Rd.,Hainault Ilford,Essex IG6 3XH",1482,4,51.6093269,0.1219205,"Peregrine Road, London, IG6 3SS, United Kingdom",Peregrine Road,,Peregrine Road,,IG6 3SS,London Borough of Redbridge,London,Greater London,,England,ENG,United Kingdom,gb,0.44099999999999995,0.7,0.7,© OpenStreetMap contributors,Open Database License,https://www.openstreetmap.org/copyright
United Kingdom,"93 Bayham St.,London,NW1 0AG",1483,4,51.5386221,-0.1409663,"Bayham Street, London, NW1 0AG, United Kingdom",Bayham Street,,Bayham Street,Chalk Farm,NW1 0AG,London Borough of Camden,London,Greater London,,England,ENG,United Kingdom,gb,0.7,1,1,© OpenStreetMap contributors,Open Database License,https://www.openstreetmap.org/copyright
United Kingdom,"94 Kings Rd.,London SW3 4TZ",1484,4,51.4210764,-0.2012551,"Kings Road, London, SW19 8PL, United Kingdom",Kings Road,,Kings Road,South Wimbledon,SW19 8PL,London Borough of Merton,London,Greater London,,England,ENG,United Kingdom,gb,0.5,1,1,© OpenStreetMap contributors,Open Database License,https://www.openstreetmap.org/copyright
United Kingdom,"94 Kings Rd.,London,SW3 4TZ",1485,4,51.4210764,-0.2012551,"Kings Road, London, SW19 8PL, United Kingdom",Kings Road,,Kings Road,South Wimbledon,SW19 8PL,London Borough of Merton,London,Greater London,,England,ENG,United Kingdom,gb,0.5,1,1,© OpenStreetMap contributors,Open Database License,https://www.openstreetmap.org/copyright
United Kingdom,"95 Gresham St.,London EC2V 7AB",1486,4,51.51508,-0.09097,"City of London, EC2V 7AB, United Kingdom",,,,,EC2V 7AB,,City of London,Greater London,,England,ENG,United Kingdom,gb,0.6,1,,© OpenStreetMap contributors,Open Database License,https://www.openstreetmap.org/copyright
United Kingdom,"95 Station Rd.,Hampton Middlesex TW12 2BD",1487,4,51.4151705,-0.3674561,"95 Station Road, London, TW12 2BD, United Kingdom",,95,Station Road,Hampton,TW12 2BD,Richmond upon Thames,London,London,,England,ENG,United Kingdom,gb,0,1,1,,,
United Kingdom,"99 Queen Victoria St.,London,EC4V 4EH",1488,4,51.5117502,-0.0979148,"Former site of Blacksmiths' Hall, 99 Queen Victoria Street, City of London, EC4V 4HN, United Kingdom",Former site of Blacksmiths' Hall,99,Queen Victoria Street,Vintry,EC4V 4HN,,City of London,Greater London,,England,ENG,United Kingdom,gb,0.5103000000000001,0.81,0.81,© OpenStreetMap contributors,Open Database License,https://www.openstreetmap.org/copyright
United Kingdom,"9B Chiswick Studios,Power Rd.,London,W4 5PY",1489,4,51.4935075,-0.2801067,"Power Road, London, W4 5PY, United Kingdom",Power Road,,Power Road,Grove Park,W4 5PY,London Borough of Hounslow,London,Greater London,,England,ENG,United Kingdom,gb,0.7,1,1,© OpenStreetMap contributors,Open Database License,https://www.openstreetmap.org/copyright
United Kingdom,"9th Fl.,2 Minster Court,Mincing Lane,London EC3R 7FH",1490,4,51.510585250000005,-0.08092281428331233,"1 Mincing Lane, City of London, EC3R 7AA, United Kingdom",,1,Mincing Lane,Cornhill,EC3R 7AA,,City of London,Greater London,,England,ENG,United Kingdom,gb,0.5103,0.81,0.81,© OpenStreetMap contributors,Open Database License,https://www.openstreetmap.org/copyright
United Kingdom,"9th Fl.,2 Minster Court,Mincing Lane,London,EC3R 7FH",1491,4,51.510585250000005,-0.08092281428331233,"1 Mincing Lane, City of London, EC3R 7AA, United Kingdom",,1,Mincing Lane,Cornhill,EC3R 7AA,,City of London,Greater London,,England,ENG,United Kingdom,gb,0.5103,0.81,0.81,© OpenStreetMap contributors,Open Database License,https://www.openstreetmap.org/copyright
United Kingdom,"9th Fl.,26-28 Hammersmith Grove,Hammersmith,London,W6 7EN",1492,4,51.4949078,-0.2260117,"Fitness First, 26-28 Hammersmith Grove, London, W6 7HB, United Kingdom",Fitness First,26-28,Hammersmith Grove,Brook Green,W6 7HB,London Borough of Hammersmith and Fulham,London,Greater London,,England,ENG,United Kingdom,gb,0.63,1,1,© OpenStreetMap contributors,Open Database License,https://www.openstreetmap.org/copyright
United Kingdom,"9th Fl.,Peninsular House,30-36 Monument St.,London,EC3R 8LJ",1493,4,51.5097588,-0.0852738,"Red Hat, 30-36 Monument Street, City of London, EC3R 8NB, United Kingdom",Red Hat,30-36,Monument Street,Cornhill,EC3R 8NB,City of London,City of London,Greater London,,England,ENG,United Kingdom,gb,0.5103000000000001,0.81,0.81,© OpenStreetMap contributors,Open Database License,https://www.openstreetmap.org/copyright
United Kingdom,"9th Fl.,Skypark 1,8 Elliot Place,Glasgow,G3 8EP,Scotland",1494,4,55.860577,-4.2800908,"Elliot Place, Glasgow, G3 8EP, United Kingdom",Elliot Place,,Elliot Place,Finnieston,G3 8EP,Cranstonhill,Glasgow,Glasgow City,GLG,Scotland,SCT,United Kingdom,gb,0.7,1,1,© OpenStreetMap contributors,Open Database License,https://www.openstreetmap.org/copyright
United Kingdom,"9th Fl.2 Minster Court,Mincing Lane,London EC3R 7FH",1495,4,51.510585250000005,-0.08092281428331233,"1 Mincing Lane, City of London, EC3R 7AA, United Kingdom",,1,Mincing Lane,Cornhill,EC3R 7AA,,City of London,Greater London,,England,ENG,United Kingdom,gb,0.5103,0.81,0.81,© OpenStreetMap contributors,Open Database License,https://www.openstreetmap.org/copyright
United Kingdom,"Abbey Cloisters,Abbey Green,Chertsey,Surrey,KT16 8RB",1496,4,51.3931229,-0.5023662,"Abbey Green, Runnymede, KT16 8RB, United Kingdom",Abbey Green,,Abbey Green,,KT16 8RB,,Borough of Runnymede,Surrey,SRY,England,ENG,United Kingdom,gb,0.7,1,1,© OpenStreetMap contributors,Open Database License,https://www.openstreetmap.org/copyright
United Kingdom,Aberaman Ind.Estate Aberaman Aberdare.Mid Glamorgan CF44 6DA,1497,4,51.716259,-3.446302,"Aberdare Community (Aberdare), CF44 6DA, United Kingdom",,,,,CF44 6DA,Aberdare Community,Aberdare,Rhondda Cynon Taf,RCT,Wales,WLS,United Kingdom,gb,0,,,Who's On First,CC0,https://www.whosonfirst.org/docs/licenses/
United Kingdom,"Aberaman Ind.Estate,Aberaman Aberdare.Mid Glamorgan CF44 6DA",1498,4,51.70307,-3.43026,"Aberaman Community (Aberaman), CF44 6DA, United Kingdom",,,,,CF44 6DA,Aberaman Community,Aberaman,Rhondda Cynon Taf,RCT,Wales,WLS,United Kingdom,gb,0,,,Who's On First,CC0,https://www.whosonfirst.org/docs/licenses/
United Kingdom,"Aberaman Ind.Estate,Aberaman Aberdare.Mid Glamorgan,CF44 6DA",1499,4,51.70307,-3.43026,"Aberaman Community (Aberaman), CF44 6DA, United Kingdom",,,,,CF44 6DA,Aberaman Community,Aberaman,Rhondda Cynon Taf,RCT,Wales,WLS,United Kingdom,gb,0,,,Who's On First,CC0,https://www.whosonfirst.org/docs/licenses/
United Kingdom,"Aberaman Park Ind.Estate,Aberaman Aberdare.Mid Glamorgan CF44 6DA",1500,4,52.663642,-1.580326,United Kingdom,United Kingdom,,,,,,,,,,,United Kingdom,gb,0,,,Who's On First,CC0,https://www.whosonfirst.org/docs/licenses/
United Kingdom,"Aberaman Park Ind.Estate,Aberaman Aberdare.Mid Glamorgan Wales",1501,4,52.140232,-3.651471,"Wales, United Kingdom",Wales,,,,,,,,,,,United Kingdom,gb,0,,,Who's On First,CC0,https://www.whosonfirst.org/docs/licenses/
United Kingdom,"Aberaman Park Ind.Estate,Aberaman Aberdare.Mid Glamorgan,CF44 6DA",1502,4,52.663642,-1.580326,United Kingdom,United Kingdom,,,,,,,,,,,United Kingdom,gb,0,,,Who's On First,CC0,https://www.whosonfirst.org/docs/licenses/
United Kingdom,"Aberaman Park Ind.Estate,Aberdare,Mid Glamorgan,CF44 6DA",1503,4,51.716259,-3.446302,"Aberdare Community (Aberdare), CF44 6DA, United Kingdom",,,,,CF44 6DA,Aberdare Community,Aberdare,Rhondda Cynon Taf,RCT,Wales,WLS,United Kingdom,gb,0.25,1,,Who's On First,CC0,https://www.whosonfirst.org/docs/licenses/
United Kingdom,"Abercarn,Gwent Wales",1504,4,51.6507238,-3.1344992,"Abercarn (Abercarn), NP11 4SW, United Kingdom",Abercarn,,,,NP11 4SW,,Abercarn,Caerphilly County Borough,,Wales,WLS,United Kingdom,gb,1,1,,© OpenStreetMap contributors,Open Database License,https://www.openstreetmap.org/copyright
United Kingdom,"Abercynon,Mountain Ash,Mid Glamorgan,CF45 4XA",1505,4,51.6448956,-3.3283645,"Abercynon, CF45 4RE, United Kingdom",Abercynon,,,,CF45 4RE,,Abercynon,Rhondda Cynon Taf,RCT,Wales,WLS,United Kingdom,gb,0.24499999999999997,0.7,0.7,© OpenStreetMap contributors,Open Database License,https://www.openstreetmap.org/copyright
United Kingdom,"Abercynon,Mountain Ash,Mid,Glamorgan CF45 4XA",1506,4,51.6448956,-3.3283645,"Abercynon, CF45 4RE, United Kingdom",Abercynon,,,,CF45 4RE,,Abercynon,Rhondda Cynon Taf,RCT,Wales,WLS,United Kingdom,gb,0.24499999999999997,0.7,0.7,© OpenStreetMap contributors,Open Database License,https://www.openstreetmap.org/copyright
United Kingdom,"Abercynon,Mountain Ash,Mid,Glamorgan,CF45 4XA",1507,4,51.6448956,-3.3283645,"Abercynon, CF45 4RE, United Kingdom",Abercynon,,,,CF45 4RE,,Abercynon,Rhondda Cynon Taf,RCT,Wales,WLS,United Kingdom,gb,0.24499999999999997,0.7,0.7,© OpenStreetMap contributors,Open Database License,https://www.openstreetmap.org/copyright
United Kingdom,Aberdeen,1508,4,57.1482429,-2.0928095,"Aberdeen City, SCT, United Kingdom",,,,,,,Aberdeen City,,,Scotland,SCT,United Kingdom,gb,1,1,,© OpenStreetMap contributors,Open Database License,https://www.openstreetmap.org/copyright
United Kingdom,Abingdon,1509,4,51.6714842,-1.2779715,"Abingdon (Vale of White Horse), OX14 3UJ, United Kingdom",Abingdon,,,,OX14 3UJ,,Vale of White Horse,Oxfordshire,OXF,England,ENG,United Kingdom,gb,1,1,,© OpenStreetMap contributors,Open Database License,https://www.openstreetmap.org/copyright
United Kingdom,"Abingdon Science Park,Abingdon,Oxford,OX14 3YS",1510,4,51.6720751,-1.2601999,"Autism Oxford UK, Barton Lane, Vale of White Horse, OX14 3YS, United Kingdom",Autism Oxford UK,,Barton Lane,Abingdon on Thames,OX14 3YS,,Vale of White Horse,Oxfordshire,OXF,England,ENG,United Kingdom,gb,0,1,,© OpenStreetMap contributors,Open Database License,https://www.openstreetmap.org/copyright
United Kingdom,"Abington Science Park,Abington,Oxford,OX14 3YS",1511,4,51.42436,-2.220716,"Corsham Science Park, Box, SN13 9FU, United Kingdom",,,Corsham Science Park,Corsham,SN13 9FU,Minchinhampton,Box,Gloucestershire,GLS,England,ENG,United Kingdom,gb,0,,,© OpenStreetMap contributors,Open Database License,https://www.openstreetmap.org/copyright
United Kingdom,"Academy House,161-167 Oxford St.,London W1R 1TA",1512,4,51.5154759,-0.1377934,"161-167 Oxford Street, London, W1D 2JH, United Kingdom",,161-167,Oxford Street,Fitzrovia,W1D 2JH,Westminster,City of Westminster,Greater London,,England,ENG,United Kingdom,gb,0.2187,0.9,0.9,© OpenStreetMap contributors,Open Database License,https://www.openstreetmap.org/copyright
United Kingdom,"Academy House,161-167 Oxford St.,London W1R ITA",1513,4,53.056686,-0.768524,"161,163,165,167 Main Street, Balderton, NG24 3PB, United Kingdom",,"161,163,165,167",Main Street,Balderton,NG24 3PB,Balderton,Balderton,Nottinghamshire,NTT,England,ENG,United Kingdom,gb,0,,,© OpenStreetMap contributors,Open Database License,https://www.openstreetmap.org/copyright
United Kingdom,"Acal House,Redfields Ind.Park Church Crookham,Hampshire,GU52 0RD",1514,4,51.2628663,-0.838533923621331,"Church Crookham, Hart, ENG, United Kingdom",,,,Church Crookham,,,Hart,Hampshire,HAM,England,ENG,United Kingdom,gb,0.25,1,,© OpenStreetMap contributors,Open Database License,https://www.openstreetmap.org/copyright
United Kingdom,"Acal House,Redfields Park Church Crookham,Hampshire GU13 0RD",1515,4,51.2628663,-0.838533923621331,"Church Crookham, Hart, ENG, United Kingdom",,,,Church Crookham,,,Hart,Hampshire,HAM,England,ENG,United Kingdom,gb,0.25,1,,© OpenStreetMap contributors,Open Database License,https://www.openstreetmap.org/copyright
United Kingdom,"Acre Rd.,Reading,Berks.,RG2 0SU",1516,4,51.4239199,-0.9791801,"Acre Road, Reading, RG2 0RJ, United Kingdom",Acre Road,,Acre Road,Whitley Wood,RG2 0RJ,,Reading,,,England,ENG,United Kingdom,gb,0.63,1,1,© OpenStreetMap contributors,Open Database License,https://www.openstreetmap.org/copyright
United Kingdom,"Aero House Stone Close,West Drayton,Middlesex UB7 8JU",1517,4,51.5118441,-0.4608809,"Stone Close, London, UB7 8JD, United Kingdom",Stone Close,,Stone Close,West Drayton,UB7 8JD,London Borough of Hillingdon,London,Greater London,,England,ENG,United Kingdom,gb,0.44099999999999995,0.7,0.7,© OpenStreetMap contributors,Open Database License,https://www.openstreetmap.org/copyright
United Kingdom,"Aero House,Stone Close,West Drayton,Middlesex UB7 8JU",1518,4,51.5118441,-0.4608809,"Stone Close, London, UB7 8JD, United Kingdom",Stone Close,,Stone Close,West Drayton,UB7 8JD,London Borough of Hillingdon,London,Greater London,,England,ENG,United Kingdom,gb,0.44099999999999995,0.7,0.7,© OpenStreetMap contributors,Open Database License,https://www.openstreetmap.org/copyright
United Kingdom,"Aero House,Stone Close,West Drayton,Middlesex,UB7 8JU",1519,4,51.5118441,-0.4608809,"Stone Close, London, UB7 8JD, United Kingdom",Stone Close,,Stone Close,West Drayton,UB7 8JD,London Borough of Hillingdon,London,Greater London,,England,ENG,United Kingdom,gb,0.44099999999999995,0.7,0.7,© OpenStreetMap contributors,Open Database License,https://www.openstreetmap.org/copyright
United Kingdom,"Agincourt Rd.,Warwick,CV34 6XZ",1520,4,52.2643061,-1.6072548,"Agincourt Road, Warwick, CV34 6NH, United Kingdom",Agincourt Road,,Agincourt Road,Warwick,CV34 6NH,,Warwick,Warwickshire,WAR,England,ENG,United Kingdom,gb,0.63,1,1,© OpenStreetMap contributors,Open Database License,https://www.openstreetmap.org/copyright
United Kingdom,"Alban Gate,125 London Wall,London EC2Y 5AH",1521,4,51.5174951,-0.0937283,"Alban Gate, 125 London Wall, City of London, EC2Y 5AS, United Kingdom",Alban Gate,125,London Wall,Barbican,EC2Y 5AS,,City of London,Greater London,,England,ENG,United Kingdom,gb,0.5103000000000001,0.81,0.81,© OpenStreetMap contributors,Open Database License,https://www.openstreetmap.org/copyright
United Kingdom,"Albangate 125,London Wall,London EC2Y 5AS",1522,4,51.5174681,-0.09380595,"City of London, EC2Y 5AS, United Kingdom",,,,,EC2Y 5AS,,City of London,Greater London,,England,ENG,United Kingdom,gb,0.6,1,,© OpenStreetMap contributors,Open Database License,https://www.openstreetmap.org/copyright
United Kingdom,"Albany house 71-79 Station Rd.,West Drayton,Middlesex",1523,4,51.5058624,-0.469922,"Station Road, London, UB7 7LT, United Kingdom",Station Road,,Station Road,West Drayton,UB7 7LT,London Borough of Hillingdon,London,Greater London,,England,ENG,United Kingdom,gb,0,1,1,© OpenStreetMap contributors,Open Database License,https://www.openstreetmap.org/copyright
United Kingdom,"Albemarle House,1 Albemarle St.,London W1X 3HF",1524,4,51.508064,-0.140568,"1 Albemarle Street, London, W1S 4JH, United Kingdom",,1,Albemarle Street,Mayfair,W1S 4JH,Westminster,London,London,,England,ENG,United Kingdom,gb,0.9,1,1,© OpenStreetMap contributors,Open Database License,https://www.openstreetmap.org/copyright
United Kingdom,"Aldermary House,10-15 Queen St.London,EC4N 1TX",1525,4,51.5127409,-0.09323575874874171,"St Mary Aldermary, Watling Street, City of London, EC4M 9BW, United Kingdom",St Mary Aldermary,,Watling Street,Vintry,EC4M 9BW,,City of London,Greater London,,England,ENG,United Kingdom,gb,0.0518801652892562,0.5,0.09090909090909091,© OpenStreetMap contributors,Open Database License,https://www.openstreetmap.org/copyright
United Kingdom,"Aldermary House,15 Queen St.,London EC4N 1UA",1526,4,51.512921899999995,-0.0927487774233315,"Core, 15 Queen Street, City of London, EC4N 1TX, United Kingdom",Core,15,Queen Street,Vintry,EC4N 1TX,,City of London,Greater London,,England,ENG,United Kingdom,gb,0.5103000000000001,0.81,0.81,© OpenStreetMap contributors,Open Database License,https://www.openstreetmap.org/copyright
United Kingdom,"Aldermary House,15 Queen St.,London,EC4N 1UA",1527,4,51.512921899999995,-0.0927487774233315,"Core, 15 Queen Street, City of London, EC4N 1TX, United Kingdom",Core,15,Queen Street,Vintry,EC4N 1TX,,City of London,Greater London,,England,ENG,United Kingdom,gb,0.5103000000000001,0.81,0.81,© OpenStreetMap contributors,Open Database License,https://www.openstreetmap.org/copyright
United Kingdom,"Aldwych House,81 Aldwych.London",1528,4,51.51274545,-0.11717261325662154,"30 Aldwych, London, WC2B 4BG, United Kingdom",,30,Aldwych,Holborn,WC2B 4BG,St Clement Danes,London,Greater London,,England,ENG,United Kingdom,gb,0.225,0.5,0.45,© OpenStreetMap contributors,Open Database License,https://www.openstreetmap.org/copyright
United Kingdom,"Alfa Tower,Great West Rd.,Brenford Middlesex TW8 9BT",1529,4,51.4881078,-0.3134981,"Great West Road, London, TW8 9EY, United Kingdom",Great West Road,,Great West Road,,TW8 9EY,London Borough of Hounslow,London,Greater London,,England,ENG,United Kingdom,gb,0.44099999999999995,0.7,0.7,© OpenStreetMap contributors,Open Database License,https://www.openstreetmap.org/copyright
United Kingdom,"Almack House,28 King St.,London SW1Y 6AR",1530,4,51.5149446,-0.0923991,"28 King Street, City of London, EC2V 8EG, United Kingdom",,28,King Street,Cheap,EC2V 8EG,,City of London,Greater London,,England,ENG,United Kingdom,gb,0.7290000000000001,0.81,0.81,© OpenStreetMap contributors,Open Database License,https://www.openstreetmap.org/copyright
United Kingdom,"Almack House,28 King St.,London,SW1Y 6AR",1531,4,51.5149446,-0.0923991,"28 King Street, City of London, EC2V 8EG, United Kingdom",,28,King Street,Cheap,EC2V 8EG,,City of London,Greater London,,England,ENG,United Kingdom,gb,0.7290000000000001,0.81,0.81,© OpenStreetMap contributors,Open Database License,https://www.openstreetmap.org/copyright
United Kingdom,"Alperton House,Bridgewater Rd.,Wembley,Middlesex,HA0 1EG",1532,4,51.5399998,-0.3007634,"Bridgewater Road, London, HA0 4GP, United Kingdom",Bridgewater Road,,Bridgewater Road,Alperton,HA0 4GP,London Borough of Brent,London,Greater London,,England,ENG,United Kingdom,gb,0.44099999999999995,0.7,0.7,© OpenStreetMap contributors,Open Database License,https://www.openstreetmap.org/copyright
United Kingdom,"Alpha House,Countesthorpe Rd.,South Wigston,Leicester LE184PJ",1533,4,52.57634,-1.1347799,"Oadby and Wigston, LE18 4PJ, United Kingdom",,,,,LE18 4PJ,,Oadby and Wigston,Leicestershire,LEC,England,ENG,United Kingdom,gb,0.6,1,,© OpenStreetMap contributors,Open Database License,https://www.openstreetmap.org/copyright
United Kingdom,"Alpine House Earlplace Business Park Fletchamstead Highway,Coventry CV4 9TW",1534,4,52.3926917,-1.5510994,"Fletchamstead Highway, Coventry, CV4 8GJ, United Kingdom",Fletchamstead Highway,,Fletchamstead Highway,Canley Gardens,CV4 8GJ,,Coventry,West Midlands Combined Authority,,England,ENG,United Kingdom,gb,0.63,1,1,© OpenStreetMap contributors,Open Database License,https://www.openstreetmap.org/copyright
United Kingdom,"Alpine House,Earlplace Business Park,Fletchamstead Highway,Coventry CV4 9TW",1535,4,52.3926917,-1.5510994,"Fletchamstead Highway, Coventry, CV4 8GJ, United Kingdom",Fletchamstead Highway,,Fletchamstead Highway,Canley Gardens,CV4 8GJ,,Coventry,West Midlands Combined Authority,,England,ENG,United Kingdom,gb,0.63,1,1,© OpenStreetMap contributors,Open Database License,https://www.openstreetmap.org/copyright
United Kingdom,"Alta Tower,Great West Rd.,Brenford Middlesex TW8 9BT",1536,4,51.4881078,-0.3134981,"Great West Road, London, TW8 9EY, United Kingdom",Great West Road,,Great West Road,,TW8 9EY,London Borough of Hounslow,London,Greater London,,England,ENG,United Kingdom,gb,0.44099999999999995,0.7,0.7,© OpenStreetMap contributors,Open Database License,https://www.openstreetmap.org/copyright
United Kingdom,"Alton House,174/177 High Holborn London,WC1V 7AA",1537,4,51.5158705,-0.1258352,"High Holborn, London, WC1V 7AA, United Kingdom",High Holborn,,High Holborn,Bloomsbury,WC1V 7AA,London Borough of Camden,London,Greater London,,England,ENG,United Kingdom,gb,0.7,1,1,© OpenStreetMap contributors,Open Database License,https://www.openstreetmap.org/copyright
United Kingdom,"Amalgamated Drive,West Cross Centre Brentford,Middlesex,TW8 9EZ",1538,4,51.4859629,-0.3226478,"Amalgamated Drive, London, TW8 9GH, United Kingdom",Amalgamated Drive,,Amalgamated Drive,Spring Grove,TW8 9GH,London Borough of Hounslow,London,Greater London,,England,ENG,United Kingdom,gb,0.44099999999999995,0.7,0.7,© OpenStreetMap contributors,Open Database License,https://www.openstreetmap.org/copyright
United Kingdom,"Ampney House Falcon Close,Quedgeley,Gloucestershire,GL2 4LS",1539,4,51.8329397,-2.2768376,"Falcon Close, Gloucester, GL2 4LS, United Kingdom",Falcon Close,,Falcon Close,Quedgeley,GL2 4LS,,Gloucester,Gloucestershire,GLS,England,ENG,United Kingdom,gb,0.7,1,1,© OpenStreetMap contributors,Open Database License,https://www.openstreetmap.org/copyright
United Kingdom,"ANA House 6-8 Old Bond St.,London W1X 3TA",1540,4,51.5085162,-0.1402693,"Dolce & Gabbana, 6-8 Old Bond Street, London, W1S 4PP, United Kingdom",Dolce & Gabbana,6-8,Old Bond Street,Mayfair,W1S 4PP,St. James's,London,Greater London,,England,ENG,United Kingdom,gb,0.9,1,1,© OpenStreetMap contributors,Open Database License,https://www.openstreetmap.org/copyright
United Kingdom,"Andover,Hampshire",1541,4,51.2078275,-1.479355,"Andover (Test Valley), ENG, United Kingdom",,,,,,,Test Valley,Hampshire,HAM,England,ENG,United Kingdom,gb,1,1,,© OpenStreetMap contributors,Open Database License,https://www.openstreetmap.org/copyright
United Kingdom,"Apley,Telford,Shropshire TF6 6DA",1542,4,52.699083,-2.560704,"Wrockwardine (Wrockwardine), TF6 5DN, United Kingdom",TF6 5DN,,,,TF6 5DN,Wrockwardine,Wrockwardine,Telford and Wrekin,TFW,,,United Kingdom,gb,0.48999999999999994,0.7,,Who's On First,CC0,https://www.whosonfirst.org/docs/licenses/
United Kingdom,"Appleton House 139 King St.,London W6 9JG",1543,4,51.4935245,-0.2424898,"King Street, London, W6 0RR, United Kingdom",King Street,,King Street,,W6 0RR,London Borough of Hammersmith and Fulham,London,Greater London,,England,ENG,United Kingdom,gb,0.63,1,1,© OpenStreetMap contributors,Open Database License,https://www.openstreetmap.org/copyright
United Kingdom,"Appolo 8,Olympus Park,Quedgeley Gloucester,GL2 4NF",1544,4,52.009185,-2.120455,"Ashchurch Rural (Northway), GL20 8TH, United Kingdom",GL20 8TH,,,,GL20 8TH,Ashchurch Rural,Northway,,,,,United Kingdom,gb,0.0625,0.5,,Who's On First,CC0,https://www.whosonfirst.org/docs/licenses/
United Kingdom,"Aquatite House,Mabgate,Leeds LS9 7DR",1545,4,53.7901137,-1.5579144769537625,"Aquatite House, Water Lane, Leeds, LS11 5WE, United Kingdom",Aquatite House,,Water Lane,Holbeck Urban Village,LS11 5WE,,Leeds,West Yorkshire,,England,ENG,United Kingdom,gb,1,1,,© OpenStreetMap contributors,Open Database License,https://www.openstreetmap.org/copyright
United Kingdom,"Aquatite House,Mabgate,Leeds LS9 7DR,West Yorkshire",1546,4,53.7901137,-1.5579144769537625,"Aquatite House, Water Lane, Leeds, LS11 5WE, United Kingdom",Aquatite House,,Water Lane,Holbeck Urban Village,LS11 5WE,,Leeds,West Yorkshire,,England,ENG,United Kingdom,gb,1,1,,© OpenStreetMap contributors,Open Database License,https://www.openstreetmap.org/copyright
United Kingdom,"Arena Business Park,Acre Rd.,Reading,Berkshire,RG20SU",1547,4,51.4239199,-0.9791801,"Acre Road, Reading, RG2 0RJ, United Kingdom",Acre Road,,Acre Road,Whitley Wood,RG2 0RJ,,Reading,,,England,ENG,United Kingdom,gb,0.63,1,1,© OpenStreetMap contributors,Open Database License,https://www.openstreetmap.org/copyright
United Kingdom,"Arena Business Park,Reading,Berks.,RG2 0SU",1548,4,51.36452,-0.963487,"Riseley Business Park, Swallowfield, RG2 0SU, United Kingdom",,,Riseley Business Park,,RG2 0SU,Shinfield,Swallowfield,West Berkshire,WBK,England,ENG,United Kingdom,gb,0,,,© OpenStreetMap contributors,Open Database License,https://www.openstreetmap.org/copyright
United Kingdom,"Armytage Rd.,Brighouse West Yorkshire,HD6 1QF",1549,4,53.69692889375,-1.7632617625,"Calderdale, HD6 1QF, United Kingdom",,,,,HD6 1QF,,Calderdale,West Yorkshire,,England,ENG,United Kingdom,gb,0.6,1,,© OpenStreetMap contributors,Open Database License,https://www.openstreetmap.org/copyright
United Kingdom,"Arrowhead Rd.,Theale,Reading RG7 4AH",1550,4,51.4564242,-0.9700664,"yes, Reading, ENG, United Kingdom",,,,,,yes,Reading,,,England,ENG,United Kingdom,gb,0.25,1,,© OpenStreetMap contributors,Open Database License,https://www.openstreetmap.org/copyright
United Kingdom,"Arrowhead Rd.,Theale,Reading,Berkshire,RG7 4AH",1551,4,51.432351,-1.0699095,"Arrowhead Road, Theale, RG7 4AH, United Kingdom",Arrowhead Road,,Arrowhead Road,,RG7 4AH,,Theale,West Berkshire,WBK,England,ENG,United Kingdom,gb,0.7,1,1,© OpenStreetMap contributors,Open Database License,https://www.openstreetmap.org/copyright
United Kingdom,"Artline Point,Ashville Way,Sutton Weaver,Runcorn,Cheshire,WA7 3EZ",1552,4,53.3083422,-2.7031118,"Ashville Way, Runcorn, WA7 3EZ, United Kingdom",Ashville Way,,Ashville Way,Beechwood,WA7 3EZ,,Runcorn,Halton,HAL,England,ENG,United Kingdom,gb,0.7,1,1,© OpenStreetMap contributors,Open Database License,https://www.openstreetmap.org/copyright
United Kingdom,"Asahi House,North Farm Rd.,Tunbridge Wells,Kent,TN2 3DR",1553,4,51.1486255,0.2765653,"North Farm Road, Tunbridge Wells, TN2 3XH, United Kingdom",North Farm Road,,North Farm Road,High Brooms,TN2 3XH,,Tunbridge Wells,Kent,KEN,England,ENG,United Kingdom,gb,0.63,1,1,© OpenStreetMap contributors,Open Database License,https://www.openstreetmap.org/copyright
United Kingdom,ASHVILLE HOUSE 131-139 The Broadway Wimbledon London SW19,1554,4,51.4189576,-0.19974374072748902,"131-139 The Broadway, London, SW19 1RH, United Kingdom",,131-139,The Broadway,South Wimbledon,SW19 1RH,London Borough of Merton,London,Greater London,,England,ENG,United Kingdom,gb,0.5670000000000001,1,1,© OpenStreetMap contributors,Open Database License,https://www.openstreetmap.org/copyright
United Kingdom,"Ashville House,131-139 The Broadway,Wimbledon,London,SW19 1QJ",1555,4,51.4189576,-0.19974374072748902,"131-139 The Broadway, London, SW19 1RH, United Kingdom",,131-139,The Broadway,South Wimbledon,SW19 1RH,London Borough of Merton,London,Greater London,,England,ENG,United Kingdom,gb,0.5670000000000001,1,1,© OpenStreetMap contributors,Open Database License,https://www.openstreetmap.org/copyright
United Kingdom,"Asmec Centre,Eagle House The Ring,Bracknell,Berkshire,RG12 1HB",1556,4,51.4141455,-0.7491368,"The Ring, Bracknell, RG12 1XW, United Kingdom",The Ring,,The Ring,,RG12 1XW,,Bracknell,Bracknell Forest,BRC,England,ENG,United Kingdom,gb,0.44099999999999995,1,1,© OpenStreetMap contributors,Open Database License,https://www.openstreetmap.org/copyright
United Kingdom,"Asmec Centre,Eagle House,The Ring Bracknell,Berkshire,RG12 1HB",1557,4,51.4141455,-0.7491368,"The Ring, Bracknell, RG12 1XW, United Kingdom",The Ring,,The Ring,,RG12 1XW,,Bracknell,Bracknell Forest,BRC,England,ENG,United Kingdom,gb,0.44099999999999995,1,1,© OpenStreetMap contributors,Open Database License,https://www.openstreetmap.org/copyright
United Kingdom,"Aspinall Way,Middlebrook Business Park,Horwich,Bolton BL6 6JH",1558,4,53.583735,-2.437376,"Bolton, ENG, United Kingdom",,,,,,,Bolton,Salford,SLF,England,ENG,United Kingdom,gb,0.25,1,,Who's On First,CC0,https://www.whosonfirst.org/docs/licenses/
United Kingdom,"Aspinall Way,Middlebrook Business Park,Horwich,Bolton Lancashire BL6 6JH",1559,4,53.583735,-2.437376,"Bolton, ENG, United Kingdom",,,,,,,Bolton,Salford,SLF,England,ENG,United Kingdom,gb,0.25,1,,Who's On First,CC0,https://www.whosonfirst.org/docs/licenses/
United Kingdom,"Aspinall Way,Middlebrook Business Park,Horwich,Bolton Lancashire,BL6 6JH",1560,4,53.583735,-2.437376,"Bolton, ENG, United Kingdom",,,,,,,Bolton,Salford,SLF,England,ENG,United Kingdom,gb,0.25,1,,Who's On First,CC0,https://www.whosonfirst.org/docs/licenses/
United Kingdom,"Aspinall Way,Middlebrook Business Park,Horwich,Bolton,BL6 6JH",1561,4,53.583735,-2.437376,"Bolton, ENG, United Kingdom",,,,,,,Bolton,Salford,SLF,England,ENG,United Kingdom,gb,0.25,1,,Who's On First,CC0,https://www.whosonfirst.org/docs/licenses/
United Kingdom,"Aston Science Park Love Lane,Birmingham,B7 4BJ",1562,4,52.489300650000004,-1.8867351415679798,"Visitor Car Park and Deliveries, Love Lane, Birmingham, B7 4AS, United Kingdom",Visitor Car Park and Deliveries,,Love Lane,,B7 4AS,,Birmingham,West Midlands Combined Authority,,England,ENG,United Kingdom,gb,0.315,1,0.9,© OpenStreetMap contributors,Open Database License,https://www.openstreetmap.org/copyright
United Kingdom,"Athena 1-3,Olympus Business Park,Quedgeley,Gloucester,GL2 4NF",1563,4,52.381242,-1.461385,"Units 1-3 Pilot Business Park, Coventry, CV3 4RR, United Kingdom",,Units 1-3,Pilot Business Park,,CV3 4RR,,Coventry,Birmingham,BIR,England,ENG,United Kingdom,gb,0,,,© OpenStreetMap contributors,Open Database License,https://www.openstreetmap.org/copyright
United Kingdom,"Athene Odyssey Business Park,West End Rd.,South Ruislip,Middlesex,HA4 6QE",1564,4,51.5555362,-0.4054936,"West End Road, London, HA4 6QQ, United Kingdom",West End Road,,West End Road,,HA4 6QQ,London Borough of Hillingdon,London,Greater London,,England,ENG,United Kingdom,gb,0.44099999999999995,0.7,0.7,© OpenStreetMap contributors,Open Database License,https://www.openstreetmap.org/copyright
United Kingdom,"Atlantic House,Imperial Way,Reading,RG2 0TD",1565,4,51.418498,-0.9753732,"Imperial Way, Reading, RG2 0TD, United Kingdom",Imperial Way,,Imperial Way,Whitley Wood,RG2 0TD,,Reading,,,England,ENG,United Kingdom,gb,0.7,1,1,© OpenStreetMap contributors,Open Database License,https://www.openstreetmap.org/copyright
United Kingdom,"Atlas House 1 King St.,London EC2V 8AU",1566,4,51.5138761,-0.0921743,"1-7 King Street, City of London, EC2V 8AU, United Kingdom",,1-7,King Street,Cheap,EC2V 8AU,,City of London,Greater London,,England,ENG,United Kingdom,gb,0.81,1,1,© OpenStreetMap contributors,Open Database License,https://www.openstreetmap.org/copyright
United Kingdom,"Atlas House 5th Fl.,1 King St.,London,EC2V 8AU",1567,4,51.5138761,-0.0921743,"1-7 King Street, City of London, EC2V 8AU, United Kingdom",,1-7,King Street,Cheap,EC2V 8AU,,City of London,Greater London,,England,ENG,United Kingdom,gb,0.81,1,1,© OpenStreetMap contributors,Open Database License,https://www.openstreetmap.org/copyright
United Kingdom,"Atlas House,4th Fl.,1 King St.,London EC2V 8AU",1568,4,51.5138761,-0.0921743,"1-7 King Street, City of London, EC2V 8AU, United Kingdom",,1-7,King Street,Cheap,EC2V 8AU,,City of London,Greater London,,England,ENG,United Kingdom,gb,0.81,1,1,© OpenStreetMap contributors,Open Database License,https://www.openstreetmap.org/copyright
United Kingdom,"Atlas House(4th Fl.),1 King St.,London,EC2V 8AU",1569,4,51.5138761,-0.0921743,"1-7 King Street, City of London, EC2V 8AU, United Kingdom",,1-7,King Street,Cheap,EC2V 8AU,,City of London,Greater London,,England,ENG,United Kingdom,gb,0.81,1,1,© OpenStreetMap contributors,Open Database License,https://www.openstreetmap.org/copyright
United Kingdom,"Atlas House(4th Fl),1 King St.,London,EC2V 8AU",1570,4,51.5138761,-0.0921743,"1-7 King Street, City of London, EC2V 8AU, United Kingdom",,1-7,King Street,Cheap,EC2V 8AU,,City of London,Greater London,,England,ENG,United Kingdom,gb,0.81,1,1,© OpenStreetMap contributors,Open Database License,https://www.openstreetmap.org/copyright
United Kingdom,"Atrium Court,The Ring Bracknell,Berkshire,RG12 1BW",1571,4,51.4141455,-0.7491368,"The Ring, Bracknell, RG12 1XW, United Kingdom",The Ring,,The Ring,,RG12 1XW,,Bracknell,Bracknell Forest,BRC,England,ENG,United Kingdom,gb,0.44099999999999995,1,1,© OpenStreetMap contributors,Open Database License,https://www.openstreetmap.org/copyright
United Kingdom,Audrey House Ely Place London EC1N 6SN,1572,4,51.518189,-0.1070606,"Ely Place, London, EC1N 6SA, United Kingdom",Ely Place,,Ely Place,Holborn,EC1N 6SA,London Borough of Camden,London,Greater London,,England,ENG,United Kingdom,gb,0.63,1,1,© OpenStreetMap contributors,Open Database License,https://www.openstreetmap.org/copyright
United Kingdom,"Audrey House,Ely Place,London EC1N 6SN",1573,4,51.518189,-0.1070606,"Ely Place, London, EC1N 6SA, United Kingdom",Ely Place,,Ely Place,Holborn,EC1N 6SA,London Borough of Camden,London,Greater London,,England,ENG,United Kingdom,gb,0.63,1,1,© OpenStreetMap contributors,Open Database License,https://www.openstreetmap.org/copyright
United Kingdom,"Audrey House,Ely Place,London,EC1N 6SN",1574,4,51.518189,-0.1070606,"Ely Place, London, EC1N 6SA, United Kingdom",Ely Place,,Ely Place,Holborn,EC1N 6SA,London Borough of Camden,London,Greater London,,England,ENG,United Kingdom,gb,0.63,1,1,© OpenStreetMap contributors,Open Database License,https://www.openstreetmap.org/copyright
United Kingdom,"Austin Friars House 2-6,Austin Friars,London EC2N 2TE",1575,4,51.5155499,-0.0850609,"Austin Friars Square, City of London, EC2N 2HA, United Kingdom",Austin Friars Square,,Austin Friars Square,Cornhill,EC2N 2HA,,City of London,Greater London,,England,ENG,United Kingdom,gb,0.5103,0.81,0.81,© OpenStreetMap contributors,Open Database License,https://www.openstreetmap.org/copyright
United Kingdom,"Austin Friars House,2-5 Austin Friars,London EC2N 2HE",1576,4,51.5158191,-0.0858459,"City of London, EC2N 2HE, United Kingdom",,,,,EC2N 2HE,,City of London,Greater London,,England,ENG,United Kingdom,gb,0.6,1,,© OpenStreetMap contributors,Open Database License,https://www.openstreetmap.org/copyright
United Kingdom,"Austin Friars House,2-6 Austin Friars,London EC2N 2HE",1577,4,51.5158191,-0.0858459,"City of London, EC2N 2HE, United Kingdom",,,,,EC2N 2HE,,City of London,Greater London,,England,ENG,United Kingdom,gb,0.6,1,,© OpenStreetMap contributors,Open Database License,https://www.openstreetmap.org/copyright
United Kingdom,"Avebury House 219-225 Avebury Blvd.,Milton Keynes MK9 1AU",1578,4,52.0353658,-0.7661705,"219 Avebury Boulevard, Milton Keynes, MK9 1FH, United Kingdom",,219,Avebury Boulevard,Central Milton Keynes,MK9 1FH,Central Milton Keynes,Milton Keynes,Buckinghamshire,BKM,England,ENG,United Kingdom,gb,0.63,1,1,,,
United Kingdom,"Avebury House 219-225 Avebury Blvd.,Milton Keynes,MK9 1AU",1579,4,52.0353658,-0.7661705,"219 Avebury Boulevard, Milton Keynes, MK9 1FH, United Kingdom",,219,Avebury Boulevard,Central Milton Keynes,MK9 1FH,Central Milton Keynes,Milton Keynes,Buckinghamshire,BKM,England,ENG,United Kingdom,gb,0.63,1,1,,,
United Kingdom,"Avebury House,219-225 Avebury Blvd.,Milton Keynes,MK9 1AU",1580,4,52.0353658,-0.7661705,"219 Avebury Boulevard, Milton Keynes, MK9 1FH, United Kingdom",,219,Avebury Boulevard,Central Milton Keynes,MK9 1FH,Central Milton Keynes,Milton Keynes,Buckinghamshire,BKM,England,ENG,United Kingdom,gb,0.63,1,1,,,
United Kingdom,"Aviation House,Brocastke Ave.Waterton Ind.Estate,Bridgend Mid Glamorgan CF31 3XR",1581,4,51.5033732,-3.576972917341797,"Bridgend, Bridgend County Borough, WLS, United Kingdom",,,,Bridgend,,,,Bridgend County Borough,,Wales,WLS,United Kingdom,gb,0.25,1,,© OpenStreetMap contributors,Open Database License,https://www.openstreetmap.org/copyright
United Kingdom,"Avonbrook House,Masons Rd.,Stratford-Upon-Avon,Warwickshire CV37 9LQ",1582,4,52.1965512,-1.7212238,"Masons Road, Stratford-on-Avon, CV37 9NE, United Kingdom",Masons Road,,Masons Road,,CV37 9NE,Shottery,Stratford-on-Avon,Warwickshire,WAR,England,ENG,United Kingdom,gb,0.63,1,1,© OpenStreetMap contributors,Open Database License,https://www.openstreetmap.org/copyright
United Kingdom,"Aycliffe Headquaters Unit C-705 Hilton Rd.,Aycliffe Industrial Estate,Newton Aycliffe,County Durham DL5 6YW",1583,4,54.6088325,-1.5706335,"Hilton Road, Aycliffe Village, DL5 6EL, United Kingdom",Hilton Road,,Hilton Road,Great Aycliffe,DL5 6EL,,Aycliffe Village,County Durham,,England,ENG,United Kingdom,gb,0.2778299999999999,0.7,0.44099999999999995,© OpenStreetMap contributors,Open Database License,https://www.openstreetmap.org/copyright
United Kingdom,"Aycliffe Headquaters Unit C-705,Hilton Rd.,Aycliffe Ind.Estate,Newton Aycliffe,County Durham DL5 6YW",1584,4,54.652782,-1.670439,"Hilton Road, Bishop Auckland, DL5 6YW, United Kingdom",,,Hilton Road,,DL5 6YW,Bishop Auckland Civil Parish,Bishop Auckland,Durham,DUR,England,ENG,United Kingdom,gb,0.09000000000000001,0.2,0.2,© OpenStreetMap contributors,Open Database License,https://www.openstreetmap.org/copyright
United Kingdom,"Aycliffe Headquaters Unit C-705,Hilton Rd.,Aycliffe Industrial Estate,Newton Aycliffe,County Durham DL5 6YW",1585,4,54.652782,-1.670439,"Hilton Road, Bishop Auckland, DL5 6YW, United Kingdom",,,Hilton Road,,DL5 6YW,Bishop Auckland Civil Parish,Bishop Auckland,Durham,DUR,England,ENG,United Kingdom,gb,0.09000000000000001,0.2,0.2,© OpenStreetMap contributors,Open Database License,https://www.openstreetmap.org/copyright
United Kingdom,"Azure House,Bagshot Rd.,Bracknell,Berks,RG12 7QY",1586,4,51.3921946,-0.7375383,"Bagshot Road, Easthampstead, RG12 7FH, United Kingdom",Bagshot Road,,Bagshot Road,Winkfield,RG12 7FH,,Easthampstead,Bracknell Forest,BRC,England,ENG,United Kingdom,gb,0.44099999999999995,0.81,0.81,© OpenStreetMap contributors,Open Database License,https://www.openstreetmap.org/copyright
United Kingdom,"Azure House,Bagshot Rd.,Bracknell,Berks.,RG12 7QY",1587,4,51.3921946,-0.7375383,"Bagshot Road, Easthampstead, RG12 7FH, United Kingdom",Bagshot Road,,Bagshot Road,Winkfield,RG12 7FH,,Easthampstead,Bracknell Forest,BRC,England,ENG,United Kingdom,gb,0.44099999999999995,0.81,0.81,© OpenStreetMap contributors,Open Database License,https://www.openstreetmap.org/copyright
United Kingdom,"Azure House,Bagshot Rd.,Bracknell,Berkshire,RG12 7QY",1588,4,51.3921946,-0.7375383,"Bagshot Road, Easthampstead, RG12 7FH, United Kingdom",Bagshot Road,,Bagshot Road,Winkfield,RG12 7FH,,Easthampstead,Bracknell Forest,BRC,England,ENG,United Kingdom,gb,0.44099999999999995,0.81,0.81,© OpenStreetMap contributors,Open Database License,https://www.openstreetmap.org/copyright
United Kingdom,"B5 Bishopsgate,London",1589,4,51.515549,-0.080987,"100 Bishopsgate, City of London, EC2M 3UE, United Kingdom",,100,Bishopsgate,Bishopsgate,EC2M 3UE,City of London,City of London,London,,England,ENG,United Kingdom,gb,0.81,0.81,,© OpenStreetMap contributors,Open Database License,https://www.openstreetmap.org/copyright
United Kingdom,"Backet House,1 Lambeth Palace-Rd.London SE1 7EU",1590,4,51.4997384,-0.1162109833208898,"1 Lambeth Palace Road, London, SE1 7EU, United Kingdom",,1,Lambeth Palace Road,Waterloo,SE1 7EU,London Borough of Lambeth,London,Greater London,,England,ENG,United Kingdom,gb,0.6000000000000001,1,0.6666666666666667,© OpenStreetMap contributors,Open Database License,https://www.openstreetmap.org/copyright
United Kingdom,"Badentoy Ave.,Badentoy Ind.Park,Porlethen,Aberdeen,AB12 4SQ",1591,4,57.066175,-2.1455839,"Badentoy Road, Portlethen, AB12 4YA, United Kingdom",Badentoy Road,,Badentoy Road,Hillside,AB12 4YA,,Portlethen,Aberdeenshire,ABD,Scotland,SCT,United Kingdom,gb,0.44099999999999995,0.7,0.7,© OpenStreetMap contributors,Open Database License,https://www.openstreetmap.org/copyright
United Kingdom,"Badentoy Ave.,Badentoy Ind.Park,Porlethen,Aberdeen,Scotland AB9 8SY",1592,4,57.146262,-2.136575,"Aberdeen, AB9 8SY, United Kingdom",,,,,AB9 8SY,,Aberdeen,Aberdeen City,ABE,Scotland,SCT,United Kingdom,gb,0.25,1,,Who's On First,CC0,https://www.whosonfirst.org/docs/licenses/
United Kingdom,"Badentoy Ave.,Badentoy Ind.Park,Portlethen,Aberdeen,AB12 4SQ",1593,4,57.066175,-2.1455839,"Badentoy Road, Portlethen, AB12 4YA, United Kingdom",Badentoy Road,,Badentoy Road,Hillside,AB12 4YA,,Portlethen,Aberdeenshire,ABD,Scotland,SCT,United Kingdom,gb,0.44099999999999995,0.7,0.7,© OpenStreetMap contributors,Open Database License,https://www.openstreetmap.org/copyright
United Kingdom,"Badgers Rise,Prologis Park,Ridgmont Bedfordshire MK 43 0UL",1594,4,51.460751,-0.90907,"Badgers Rise, Woodley, RG5 3AJ, United Kingdom",,,Badgers Rise,,RG5 3AJ,Woodley,Woodley,West Berkshire,WBK,England,ENG,United Kingdom,gb,0,,,© OpenStreetMap contributors,Open Database License,https://www.openstreetmap.org/copyright
United Kingdom,"Badgeworth Dr.Worcester,Worcestershire,WR4 9NF",1595,4,52.2164325,-2.1875122,"Badgeworth Drive, Worcester, WR4 9YJ, United Kingdom",Badgeworth Drive,,Badgeworth Drive,Warndon,WR4 9YJ,,Worcester,Worcestershire,WOR,England,ENG,United Kingdom,gb,0.5670000000000001,0.9,0.9,© OpenStreetMap contributors,Open Database License,https://www.openstreetmap.org/copyright
United Kingdom,"Badgeworth Dr.Worcester,WR4 9NF",1596,4,52.2164325,-2.1875122,"Badgeworth Drive, Worcester, WR4 9YJ, United Kingdom",Badgeworth Drive,,Badgeworth Drive,Warndon,WR4 9YJ,,Worcester,Worcestershire,WOR,England,ENG,United Kingdom,gb,0.5103000000000001,0.9,0.5670000000000001,© OpenStreetMap contributors,Open Database License,https://www.openstreetmap.org/copyright
United Kingdom,"Baglan Energy Park,Port Talbot SA12 7YL",1597,4,51.59235,-3.77897,"Neath Port Talbot, SA12 7YL, United Kingdom",,,,Port Talbot,SA12 7YL,,,Neath Port Talbot,NTL,Wales,WLS,United Kingdom,gb,1,1,,© OpenStreetMap contributors,Open Database License,https://www.openstreetmap.org/copyright
United Kingdom,"Baglan Energy Park,Port Talbot,SA12 7AX",1598,4,51.621356725,-3.820788175,"Port Talbot, SA12 7AX, United Kingdom",,,,Baglan Bay,SA12 7AX,,Port Talbot,Neath Port Talbot,NTL,Wales,WLS,United Kingdom,gb,1,1,,© OpenStreetMap contributors,Open Database License,https://www.openstreetmap.org/copyright
United Kingdom,"Baglan Energy Park,Port Talbot,SA12 7YL",1599,4,51.59235,-3.77897,"Neath Port Talbot, SA12 7YL, United Kingdom",,,,Port Talbot,SA12 7YL,,,Neath Port Talbot,NTL,Wales,WLS,United Kingdom,gb,1,1,,© OpenStreetMap contributors,Open Database License,https://www.openstreetmap.org/copyright
United Kingdom,"Baglan Energy Park,Port Talbot,Wales SA12 7AX",1600,4,51.621356725,-3.820788175,"Port Talbot, SA12 7AX, United Kingdom",,,,Baglan Bay,SA12 7AX,,Port Talbot,Neath Port Talbot,NTL,Wales,WLS,United Kingdom,gb,1,1,,© OpenStreetMap contributors,Open Database License,https://www.openstreetmap.org/copyright
United Kingdom,"Bailey Court,Bailey Dr.,Gillingham Business Park,Gillingham,Kent ME8 0PZ",1601,4,51.364065,0.572343,"Bailey Drive, Gillingham, ME8 0WG, United Kingdom",,,Bailey Drive,Rainham Mark,ME8 0WG,,Gillingham,Kent,KEN,England,ENG,United Kingdom,gb,0.63,1,1,© OpenStreetMap contributors,Open Database License,https://www.openstreetmap.org/copyright
United Kingdom,"Bailey Court,Bailey Dr.,Gillingham Business Park,Gillingham,Kent,ME8 0PZ",1602,4,51.364065,0.572343,"Bailey Drive, Gillingham, ME8 0WG, United Kingdom",,,Bailey Drive,Rainham Mark,ME8 0WG,,Gillingham,Kent,KEN,England,ENG,United Kingdom,gb,0.63,1,1,© OpenStreetMap contributors,Open Database License,https://www.openstreetmap.org/copyright
United Kingdom,"Baltour House,Churchyield Rd.Walton-on-Thames,Surrey KT12 2TD",1603,4,51.39172,-0.41675,"Walton-on-Thames, KT12 2TD, United Kingdom",,,,,KT12 2TD,,Walton-on-Thames,Surrey,SRY,England,ENG,United Kingdom,gb,0.6,1,,© OpenStreetMap contributors,Open Database License,https://www.openstreetmap.org/copyright
United Kingdom,"Bamford Works,Pinfold St.,Uttoxeter,Staffordshire,ST14 8TL",1604,4,52.8960338,-1.8653021,"Pinfold Street, East Staffordshire, ST14 8JE, United Kingdom",Pinfold Street,,Pinfold Street,Balance Hill,ST14 8JE,,East Staffordshire,Staffordshire,STS,England,ENG,United Kingdom,gb,0.63,1,1,© OpenStreetMap contributors,Open Database License,https://www.openstreetmap.org/copyright
United Kingdom,"Barton Dock Rd.,Urmston,Manchester,M31 2LD",1605,4,53.4577105,-2.3218296,"Barton Dock Road/Icopal, Barton Dock Road, Trafford, M32 0YL, United Kingdom",Barton Dock Road/Icopal,,Barton Dock Road,Mosley,M32 0YL,,Trafford,Greater Manchester,,England,ENG,United Kingdom,gb,0.1215,0.81,0.81,© OpenStreetMap contributors,Open Database License,https://www.openstreetmap.org/copyright
United Kingdom,"Basepoint Business & Innovation Centre,Butterfield,Luton,LU2 8DL",1606,4,51.91122785,-0.38785639840858976,"Basepoint Business And Innovation Centre, 110 Great Marlings, Bedfordshire, LU2 8DL, United Kingdom",Basepoint Business And Innovation Centre,110,Great Marlings,Stopsley,LU2 8DL,,,Central Bedfordshire,CBF,England,ENG,United Kingdom,gb,0.8333333333333334,1,,© OpenStreetMap contributors,Open Database License,https://www.openstreetmap.org/copyright
United Kingdom,"Basildon House,7-11 Moorgate,London EC2R 6AF",1607,4,51.5149746,-0.0895877,"Moorgate, City of London, EC2R 6AF, United Kingdom",Moorgate,,Moorgate,Cheap,EC2R 6AF,,City of London,Greater London,,England,ENG,United Kingdom,gb,0.7,1,1,© OpenStreetMap contributors,Open Database License,https://www.openstreetmap.org/copyright
United Kingdom,"Basildon House,7-11 Moorgate,London,EC2",1608,4,51.5148646,-0.0896447,"Moorgate, City of London, EC2R 7HD, United Kingdom",Moorgate,,Moorgate,Cheap,EC2R 7HD,,City of London,Greater London,,England,ENG,United Kingdom,gb,0.405,0.81,0.81,© OpenStreetMap contributors,Open Database License,https://www.openstreetmap.org/copyright
United Kingdom,"Basildon House,7-11 Moorgate,London,EC2R 6AF",1609,4,51.5149746,-0.0895877,"Moorgate, City of London, EC2R 6AF, United Kingdom",Moorgate,,Moorgate,Cheap,EC2R 6AF,,City of London,Greater London,,England,ENG,United Kingdom,gb,0.7,1,1,© OpenStreetMap contributors,Open Database License,https://www.openstreetmap.org/copyright
United Kingdom,"Basingstoke,Hampshire",1610,4,51.262826,-1.0861976,"Basingstoke and Deane, ENG, United Kingdom",Basingstoke,,,,,,Basingstoke and Deane,Hampshire,HAM,England,ENG,United Kingdom,gb,1,1,,© OpenStreetMap contributors,Open Database License,https://www.openstreetmap.org/copyright
United Kingdom,"Bastion House 140 London Wall,London EC2Y 5DN",1611,4,51.51788,-0.09603,"City of London, EC2Y 5DN, United Kingdom",,,,,EC2Y 5DN,,City of London,Greater London,,England,ENG,United Kingdom,gb,0.6,1,,© OpenStreetMap contributors,Open Database License,https://www.openstreetmap.org/copyright
United Kingdom,"Bastion House,140 London Wall London EC2Y 5JT",1612,4,51.517935449999996,-0.09544684644986326,"140 London Wall, City of London, EC2Y 5AP, United Kingdom",,140,London Wall,Barbican,EC2Y 5AP,,City of London,Greater London,,England,ENG,United Kingdom,gb,0.5103,0.81,0.81,© OpenStreetMap contributors,Open Database License,https://www.openstreetmap.org/copyright
United Kingdom,"Bastion House,140 London Wall,London EC2Y 5JT",1613,4,51.517935449999996,-0.09544684644986326,"140 London Wall, City of London, EC2Y 5AP, United Kingdom",,140,London Wall,Barbican,EC2Y 5AP,,City of London,Greater London,,England,ENG,United Kingdom,gb,0.5103,0.81,0.81,© OpenStreetMap contributors,Open Database License,https://www.openstreetmap.org/copyright
United Kingdom,"Bates Rd.,Harold Wood Essex,RM3 OXH",1614,4,51.7372737,0.6880099,"Bates Road, Maldon, CM9 5FA, United Kingdom",Bates Road,,Bates Road,Maldon,CM9 5FA,,Maldon,Essex,ESS,England,ENG,United Kingdom,gb,0.5,1,1,© OpenStreetMap contributors,Open Database License,https://www.openstreetmap.org/copyright
United Kingdom,"Battery Way,Sparkhill,Birmingham,B11 3DA",1615,4,52.4515056,-1.8523519,"Battery Way, Birmingham, B11 3RZ, United Kingdom",Battery Way,,Battery Way,,B11 3RZ,,Birmingham,West Midlands Combined Authority,,England,ENG,United Kingdom,gb,0.63,1,1,© OpenStreetMap contributors,Open Database License,https://www.openstreetmap.org/copyright
United Kingdom,"Bavaria House,13-14 Appold St.,London EC2A 2AA",1616,4,51.5205944,-0.0823705900264195,"13-14 Appold Street, London, EC2A 2AZ, United Kingdom",,13-14,Appold Street,Shoreditch,EC2A 2AZ,London Borough of Hackney,London,Greater London,,England,ENG,United Kingdom,gb,0.63,1,1,© OpenStreetMap contributors,Open Database License,https://www.openstreetmap.org/copyright
United Kingdom,"Beacon House,26-28 Worple Rd.,Wimbledon SW19 4EE",1617,4,51.4202854,-0.2107515,"Worple Road, London, SW19 4EE, United Kingdom",Worple Road,,Worple Road,Wimbledon Village,SW19 4EE,London Borough of Merton,London,Greater London,,England,ENG,United Kingdom,gb,0.7,1,1,© OpenStreetMap contributors,Open Database License,https://www.openstreetmap.org/copyright
United Kingdom,"Beaufort House,Elstree Waterfront,Elstree Rd.,Elstree Hentfordshire WD6 3BS",1618,4,51.6431135,-0.3163639,"Elstree Road, Hertsmere, WD6 3BS, United Kingdom",Elstree Road,,Elstree Road,,WD6 3BS,,Hertsmere,Hertfordshire,HRT,England,ENG,United Kingdom,gb,0.7,1,1,© OpenStreetMap contributors,Open Database License,https://www.openstreetmap.org/copyright
United Kingdom,"Beaufort House,Elstree Waterfront,Elstree Rd.,Elstree Hertfordshire WD6 3BS",1619,4,51.6431135,-0.3163639,"Elstree Road, Hertsmere, WD6 3BS, United Kingdom",Elstree Road,,Elstree Road,,WD6 3BS,,Hertsmere,Hertfordshire,HRT,England,ENG,United Kingdom,gb,0.7,1,1,© OpenStreetMap contributors,Open Database License,https://www.openstreetmap.org/copyright
United Kingdom,"Bechtel House I,245 Hammersmith Road,London W6 8DP",1620,4,51.4925768,-0.2208711,"Store Street Espresso, 245 Hammersmith Road, London, W6 8PW, United Kingdom",Store Street Espresso,245,Hammersmith Road,Brook Green,W6 8PW,London Borough of Hammersmith and Fulham,London,Greater London,,England,ENG,United Kingdom,gb,0.63,1,1,© OpenStreetMap contributors,Open Database License,https://www.openstreetmap.org/copyright
United Kingdom,"Becket House 1 Lambeth Palace Rd.,London SE1 7EU",1621,4,51.4997384,-0.1162109833208898,"1 Lambeth Palace Road, London, SE1 7EU, United Kingdom",,1,Lambeth Palace Road,Waterloo,SE1 7EU,London Borough of Lambeth,London,Greater London,,England,ENG,United Kingdom,gb,0.9,1,1,© OpenStreetMap contributors,Open Database License,https://www.openstreetmap.org/copyright
United Kingdom,"Bede Ind.Estate Jarrow,Tyne & Wear NE22 3HD",1622,4,54.9742849,-1.4656764,"Bede, Monksway, South Tyneside, NE32 3EG, United Kingdom",Bede,,Monksway,Brockley Whins,NE32 3EG,,South Tyneside,Tyne and Wear,,England,ENG,United Kingdom,gb,0.45899999999999996,0.9,0.5103,© OpenStreetMap contributors,Open Database License,https://www.openstreetmap.org/copyright
United Kingdom,"Bede Ind.Estate Jarrow,Tyne & Wear NE32 3HD",1623,4,54.97717,-1.46562,"South Tyneside, NE32 3HD, United Kingdom",,,,Bede Industrial Estate,NE32 3HD,,South Tyneside,Tyne and Wear,,England,ENG,United Kingdom,gb,0.8571428571428572,1,,© OpenStreetMap contributors,Open Database License,https://www.openstreetmap.org/copyright
United Kingdom,"Bede Industrial Estate Jarrow,Tyne & Wear NE22 3HD",1624,4,55.015727,-1.551861,"Bellway Industrial Estate, Killingworth, United Kingdom",,,Bellway Industrial Estate,,,,Killingworth,Newcastle upon Tyne,NET,England,ENG,United Kingdom,gb,0.18142440649729286,0.34714285714285714,0.31242857142857144,© OpenStreetMap contributors,Open Database License,https://www.openstreetmap.org/copyright
United Kingdom,"Bede Industrial Estate Jarrow,Tyne And Wear NE22 3HD",1625,4,54.9764333,-1.4585489,"BEDE INDUSTRIAL ESTATE, Bedesway, South Tyneside, NE32 3HE, United Kingdom",BEDE INDUSTRIAL ESTATE,,Bedesway,West Harton,NE32 3HE,,South Tyneside,Tyne and Wear,,England,ENG,United Kingdom,gb,1,1,,© OpenStreetMap contributors,Open Database License,https://www.openstreetmap.org/copyright
United Kingdom,"Bede Trading Estate Jarrow,NE32 3HD",1626,4,54.98036,-1.48423,"Jarrow, South Shields, NE32 3HD, United Kingdom",Jarrow,,,Jarrow,NE32 3HD,,South Shields,Newcastle upon Tyne,NET,England,ENG,United Kingdom,gb,0.25,1,,Who's On First,CC0,https://www.whosonfirst.org/docs/licenses/
United Kingdom,"Beechwood Chineham Business Park,Basingstoke Hampshire RG24 8WA",1627,4,51.29354,-1.06497,"Basingstoke (Basingstoke and Deane), RG24 8WA, United Kingdom",,,,,RG24 8WA,,Basingstoke and Deane,Hampshire,HAM,England,ENG,United Kingdom,gb,0.6,1,,© OpenStreetMap contributors,Open Database License,https://www.openstreetmap.org/copyright
United Kingdom,Beeswing House 31 Sheep St.Wellingborough Northants NN8 1BZ,1628,4,,,,,,,,,,,,,,,,,,,,,,
United Kingdom,"Beetons Way,Bury St.Edmunds,Suffolk IP32 6RA",1629,4,52.2571045,0.7008964,"Beetons Way, West Suffolk, IP32 6RQ, United Kingdom",Beetons Way,,Beetons Way,Mildenhall Road Estate,IP32 6RQ,,West Suffolk,Suffolk,SFK,England,ENG,United Kingdom,gb,0.63,1,1,© OpenStreetMap contributors,Open Database License,https://www.openstreetmap.org/copyright
United Kingdom,"Begbroke Science Park,Begbroke Hill,Woodstock Rd.,Begbroke,Oxfordshire,OX5 1PF",1630,4,51.8341257,-1.3284034,"Woodstock Road, Cherwell District, OX20 1QP, United Kingdom",Woodstock Road,,Woodstock Road,Begbroke,OX20 1QP,,Cherwell District,Oxfordshire,OXF,England,ENG,United Kingdom,gb,0.5,1,1,© OpenStreetMap contributors,Open Database License,https://www.openstreetmap.org/copyright
United Kingdom,"Belasis Ave.,Billingham,Stockton-on-Tees,TS23 1LH",1631,4,54.5965831,-1.2835363,"Belasis Avenue, Billingham, TS23 1LH, United Kingdom",Belasis Avenue,,Belasis Avenue,,TS23 1LH,,Billingham,Stockton-on-Tees,STT,England,ENG,United Kingdom,gb,0.7,1,1,© OpenStreetMap contributors,Open Database License,https://www.openstreetmap.org/copyright
United Kingdom,"Bell Heath Way,Clapgate Lane,Woodgate Business Park,Birmingham,B32 3BZ",1632,4,52.478308,-1.893538,"Birmingham, ENG, United Kingdom",,,,,,,Birmingham,Birmingham,BIR,England,ENG,United Kingdom,gb,0.07575757575757575,0.14285714285714285,,Who's On First,CC0,https://www.whosonfirst.org/docs/licenses/
United Kingdom,"Bell Heath Way,Woodgate Business Park,Clapgate Lane,Birmingham,B32 3BZ",1633,4,52.4444063,-2.0124766,"Clapgate Lane, Birmingham, B32 3QT, United Kingdom",Clapgate Lane,,Clapgate Lane,,B32 3QT,,Birmingham,West Midlands Combined Authority,,England,ENG,United Kingdom,gb,0.63,1,1,© OpenStreetMap contributors,Open Database License,https://www.openstreetmap.org/copyright
United Kingdom,"Bell Heath Way,Woodgate Business Park,Clupgate Lane,Birmingham B32 3BZ",1634,4,52.4415968,-1.9899032,"Stonehouse Lane / Jiggins Lane, Clapgate Lane, Birmingham, B32 3DR, United Kingdom",Stonehouse Lane / Jiggins Lane,,Clapgate Lane,,B32 3DR,,Birmingham,West Midlands Combined Authority,,England,ENG,United Kingdom,gb,0.27562499999999995,1,0.7875,© OpenStreetMap contributors,Open Database License,https://www.openstreetmap.org/copyright
United Kingdom,"Bell Heath Way,Woodgate Business Park,Clupgate Lane,Birmingham,B32 3BZ",1635,4,52.4415968,-1.9899032,"Stonehouse Lane / Jiggins Lane, Clapgate Lane, Birmingham, B32 3DR, United Kingdom",Stonehouse Lane / Jiggins Lane,,Clapgate Lane,,B32 3DR,,Birmingham,West Midlands Combined Authority,,England,ENG,United Kingdom,gb,0.27562499999999995,1,0.7875,© OpenStreetMap contributors,Open Database License,https://www.openstreetmap.org/copyright
United Kingdom,"Belmont House 1 St.,Andrews Way Bow,London E3 3PA",1636,4,51.521299,-0.015722,"St Andrews Way, London, E3 3PA, United Kingdom",,,St Andrews Way,Bromley-by-Bow,E3 3PA,Tower Hamlets,London,London,,England,ENG,United Kingdom,gb,0.5,1,1,© OpenStreetMap contributors,Open Database License,https://www.openstreetmap.org/copyright
United Kingdom,"Belmont House One St.,Andrews Way Bow,London E3 3PA",1637,4,51.521299,-0.015722,"St Andrews Way, London, E3 3PA, United Kingdom",,,St Andrews Way,Bromley-by-Bow,E3 3PA,Tower Hamlets,London,London,,England,ENG,United Kingdom,gb,0.5,1,1,© OpenStreetMap contributors,Open Database License,https://www.openstreetmap.org/copyright
United Kingdom,"Belmont House,1 St Andrews Way,Bow,London,E3 3PA",1638,4,51.521299,-0.015722,"St Andrews Way, London, E3 3PA, United Kingdom",,,St Andrews Way,Bromley-by-Bow,E3 3PA,Tower Hamlets,London,London,,England,ENG,United Kingdom,gb,0.5,1,1,© OpenStreetMap contributors,Open Database License,https://www.openstreetmap.org/copyright
United Kingdom,"Belmont House,1 St.Andrews Way,Bow,London,E3 3PA",1639,4,51.521299,-0.015722,"St Andrews Way, London, E3 3PA, United Kingdom",,,St Andrews Way,Bromley-by-Bow,E3 3PA,Tower Hamlets,London,London,,England,ENG,United Kingdom,gb,0.5,1,1,© OpenStreetMap contributors,Open Database License,https://www.openstreetmap.org/copyright
United Kingdom,"Belmont House,Belmont Rd.,Uxbridge UB8 1HE",1640,4,51.547627399999996,-0.4782081256079033,"Belmont Road, London, UB8 1HE, United Kingdom",Belmont,,Belmont Road,,UB8 1HE,,London,Greater London,,England,ENG,United Kingdom,gb,0.5,1,1,© OpenStreetMap contributors,Open Database License,https://www.openstreetmap.org/copyright
United Kingdom,"Belmont Place,Belmont Rd.,Maidenhead,Berkshire,SL6 6TB",1641,4,51.5270882,-0.7324568,"Belmont Road, Maidenhead, SL6 6JL, United Kingdom",Belmont Road,,Belmont Road,Furze Platt,SL6 6JL,,Maidenhead,Royal Borough of Windsor and Maidenhead,,England,ENG,United Kingdom,gb,0.44099999999999995,1,1,© OpenStreetMap contributors,Open Database License,https://www.openstreetmap.org/copyright
United Kingdom,"Belmont Place,Belmont Rd.,Meidenhead,Berkshire,SL6 6TB",1642,4,51.5270882,-0.7324568,"Belmont Road, Maidenhead, SL6 6JL, United Kingdom",Belmont Road,,Belmont Road,Furze Platt,SL6 6JL,,Maidenhead,Royal Borough of Windsor and Maidenhead,,England,ENG,United Kingdom,gb,0.44099999999999995,0.81,0.81,© OpenStreetMap contributors,Open Database License,https://www.openstreetmap.org/copyright
United Kingdom,"Bentall Business Park,Glover Dist.11,Washington,Tyne & Wear,NE37 2SH",1643,4,55.0330745,-1.638603669909089,"NHS North of Tyne, Unit 1 Sir Bobby Robson Way, Newcastle upon Tyne, NE13 9BA, United Kingdom",NHS North of Tyne,Unit 1,Sir Bobby Robson Way,,NE13 9BA,,Newcastle upon Tyne,North of Tyne,,England,ENG,United Kingdom,gb,0.01601806640625,0.17142857142857143,,© OpenStreetMap contributors,Open Database License,https://www.openstreetmap.org/copyright
United Kingdom,"Bentall Business Park,Glover Rd.,Dist.11,Washington Tyne And England NE 373 JD",1644,4,54.968942,-1.624615,"Tyne & Wear Archives, Newcastle upon Tyne, NE1 4JA, United Kingdom",Tyne & Wear Archives,,,,NE1 4JA,,Newcastle upon Tyne,Newcastle upon Tyne,NET,England,ENG,United Kingdom,gb,0,,,© OpenStreetMap contributors,Open Database License,https://www.openstreetmap.org/copyright
United Kingdom,"Bentall Business Park,Glover Rd.,District 11,Washington Tyne And England NE 373 JD",1645,4,54.9118029,-1.5073551,"Glover Road, Sunderland, NE37 3LE, United Kingdom",Glover Road,,Glover Road,Sulgrave,NE37 3LE,,Sunderland,Tyne and Wear,,England,ENG,United Kingdom,gb,0.5,1,1,© OpenStreetMap contributors,Open Database License,https://www.openstreetmap.org/copyright
United Kingdom,"Bentall Business Park,Glover,Dist.11,Washington,Tyne & Wear NE37 2SH",1646,4,54.824407,-1.327369,"Spectrum Business Park, Seaham, United Kingdom",,,Spectrum Business Park,,,Seaham Civil Parish,Seaham,Durham,DUR,England,ENG,United Kingdom,gb,0.0027459542410714285,0.24299999999999997,0.19682999999999998,© OpenStreetMap contributors,Open Database License,https://www.openstreetmap.org/copyright
United Kingdom,"Bentall Business Park,Glover,Dist.11,Washington,Tyne & Wear,NE37 2SH",1647,4,54.824407,-1.327369,"Spectrum Business Park, Seaham, United Kingdom",,,Spectrum Business Park,,,Seaham Civil Parish,Seaham,Durham,DUR,England,ENG,United Kingdom,gb,0.003124285714285715,0.24299999999999997,0.19682999999999998,© OpenStreetMap contributors,Open Database License,https://www.openstreetmap.org/copyright
United Kingdom,"Bentall Industrial Park,Glover,District 11,Washington,Tyne & Wear NE37 2SH",1648,4,53.8122623,-1.627144,"Greggs, 41 Waterloo Terrace, Leeds, LS13 2ET, United Kingdom",Greggs,41,Waterloo Terrace,Bramley,LS13 2ET,,Leeds,West Yorkshire,,England,ENG,United Kingdom,gb,0.0012599999999999996,0.16199999999999998,0.0324,© OpenStreetMap contributors,Open Database License,https://www.openstreetmap.org/copyright
United Kingdom,"Berkeley Business Park,Wainwright Rd.,Worcester,WR4 9ZL",1649,4,52.2122802,-2.1635921,"Wainwright Road, Worcester, WR4 9FQ, United Kingdom",Wainwright Road,,Wainwright Road,Warndon,WR4 9FQ,,Worcester,Worcestershire,WOR,England,ENG,United Kingdom,gb,0.63,1,1,© OpenStreetMap contributors,Open Database License,https://www.openstreetmap.org/copyright
United Kingdom,Berkeley Sq.House Berkeley Sq.London W1J 6BD,1650,4,51.50987615,-0.1446716420366358,"Berkeley Square House, Berkeley Square, London, W1J 6BE, United Kingdom",Berkeley Square House,,Berkeley Square,Mayfair,W1J 6BE,St. James's,London,Greater London,,England,ENG,United Kingdom,gb,0.8386363636363637,0.7,0.7,© OpenStreetMap contributors,Open Database License,https://www.openstreetmap.org/copyright
United Kingdom,"Berkeley Sq.House,Berkeley Sq.,London,W1J 6BD",1651,4,51.50988,-0.1445799,"London, W1J 6BD, United Kingdom",,,,,W1J 6BD,,City of Westminster,Greater London,,England,ENG,United Kingdom,gb,0.6,1,,© OpenStreetMap contributors,Open Database License,https://www.openstreetmap.org/copyright
United Kingdom,"Bernard Katz Bldg.,University College London,Gower St.,London WC1E 6BT",1652,4,51.523991,-0.134266,"Gower Street, London, WC1E 6DE, United Kingdom",Gower Street,,Gower Street,Fitzrovia,WC1E 6DE,London Borough of Camden,London,Greater London,,England,ENG,United Kingdom,gb,0.63,1,1,© OpenStreetMap contributors,Open Database License,https://www.openstreetmap.org/copyright
United Kingdom,"Bernard Katz Bldg.,University College London,Gower St.,London,WC1E 6BT",1653,4,51.523991,-0.134266,"Gower Street, London, WC1E 6DE, United Kingdom",Gower Street,,Gower Street,Fitzrovia,WC1E 6DE,London Borough of Camden,London,Greater London,,England,ENG,United Kingdom,gb,0.63,1,1,© OpenStreetMap contributors,Open Database License,https://www.openstreetmap.org/copyright
United Kingdom,"Berwick House,Livery St.,Birmingham B3 2PB",1654,4,52.4838012,-1.9010703,"Birmingham, B3 2PB, United Kingdom",,,,,B3 2PB,,Birmingham,West Midlands Combined Authority,,England,ENG,United Kingdom,gb,0.6,1,,© OpenStreetMap contributors,Open Database License,https://www.openstreetmap.org/copyright
United Kingdom,Bessemer Way Centurion Business Park Templeborough Rotherham South Yorkshire S60 1FB,1655,4,53.419676,-1.375162,"Bessemer Way, Rotherham, S60 1FB, United Kingdom",,,Bessemer Way,,S60 1FB,,Rotherham,Rotherham,ROT,England,ENG,United Kingdom,gb,0,1,,© OpenStreetMap contributors,Open Database License,https://www.openstreetmap.org/copyright
United Kingdom,"Bessemer Way,Centurion Business Park,Templeborough,Rotherham,S60 1FB",1656,4,53.419676,-1.375162,"Bessemer Way, Rotherham, S60 1FB, United Kingdom",,,Bessemer Way,,S60 1FB,,Rotherham,Rotherham,ROT,England,ENG,United Kingdom,gb,0,1,,© OpenStreetMap contributors,Open Database License,https://www.openstreetmap.org/copyright
United Kingdom,"Bessemer Way,Centurion Business Park,Templeborough,Rotherham,South Yorkshire,S60 1FB",1657,4,53.419676,-1.375162,"Bessemer Way, Rotherham, S60 1FB, United Kingdom",,,Bessemer Way,,S60 1FB,,Rotherham,Rotherham,ROT,England,ENG,United Kingdom,gb,0,1,,© OpenStreetMap contributors,Open Database License,https://www.openstreetmap.org/copyright
United Kingdom,"Betchworth House 57-65,Station Rd.Redhill,Surrey RH1 1DL",1658,4,51.2406351,-0.1704663,"Betchworth House, 57-65 Station Road, Reigate and Banstead, RH1 1DL, United Kingdom",Betchworth House,57-65,Station Road,Earlswood,RH1 1DL,Reffles Bridge,Reigate and Banstead,Surrey,SRY,England,ENG,United Kingdom,gb,0.9,1,1,© OpenStreetMap contributors,Open Database License,https://www.openstreetmap.org/copyright
United Kingdom,"Bilton House 54-58 Uxbridge Rd.,London W5 2TL",1659,4,51.511926,-0.3130388,"56 Uxbridge Road, London, W5 2TL, United Kingdom",,56,Uxbridge Road,Drayton Green,W5 2TL,Ealing,London,London,,England,ENG,United Kingdom,gb,0.63,1,1,,,
United Kingdom,"BioPark,Broadwater Rd.,Welwyn Garden City,Hertfordshire,AL7 3AX",1660,4,51.7978255,-0.2036502,"Welwyn Hatfield, AL7 3AX, United Kingdom",,,,,AL7 3AX,,Welwyn Hatfield,Hertfordshire,HRT,England,ENG,United Kingdom,gb,0.6,1,,© OpenStreetMap contributors,Open Database License,https://www.openstreetmap.org/copyright
United Kingdom,"Bioscience Centre,Times Sq.,Int'l Centre for Life,Newcastle Upon Tyne NE1 4EP",1661,4,54.9674522125,-1.62057275,"Newcastle upon Tyne, NE1 4EP, United Kingdom",,,,,NE1 4EP,,Newcastle upon Tyne,North of Tyne,,England,ENG,United Kingdom,gb,0.6,1,,© OpenStreetMap contributors,Open Database License,https://www.openstreetmap.org/copyright
United Kingdom,Birmingham,1662,4,52.4796992,-1.9026911,"Birmingham, ENG, United Kingdom",,,,,,,Birmingham,West Midlands Combined Authority,,England,ENG,United Kingdom,gb,1,1,,© OpenStreetMap contributors,Open Database License,https://www.openstreetmap.org/copyright
United Kingdom,Birmingham City,1663,4,52.42792845,-1.8720859920191608,"Quadron Birmingham City Council, Birmingham, ENG, United Kingdom",Quadron Birmingham City Council,,,Quadron Birmingham City Council,,,Birmingham,West Midlands Combined Authority,,England,ENG,United Kingdom,gb,0.9,0.9,,© OpenStreetMap contributors,Open Database License,https://www.openstreetmap.org/copyright
United Kingdom,"Blaby Rd.,Wigston Leic.LE8 2DF",1664,4,52.5803111,-1.1278055201807236,"153 Blaby Road, Oadby and Wigston, LE18 4LB, United Kingdom",,153,Blaby Road,South Wigston,LE18 4LB,,Oadby and Wigston,Leicestershire,LEC,England,ENG,United Kingdom,gb,0.9,1,1,© OpenStreetMap contributors,Open Database License,https://www.openstreetmap.org/copyright
United Kingdom,"Blackness Rd.,Altens Ind.Estate,Aberdeen,Scotland AB9 8SY",1665,4,57.1101228,-2.0767366,"Blackness Avenue, Black Ness Road, Aberdeen City, AB12 3ZS, United Kingdom",Blackness Avenue,,Black Ness Road,Cove and Altens,AB12 3ZS,,Aberdeen City,,,Scotland,SCT,United Kingdom,gb,0.45,0.9,0.9,© OpenStreetMap contributors,Open Database License,https://www.openstreetmap.org/copyright
United Kingdom,"Blackness Rd.,Altens Industrial Estate,Aberdeen,Scotland AB9 8SY",1666,4,57.1101228,-2.0767366,"Blackness Avenue, Black Ness Road, Aberdeen City, AB12 3ZS, United Kingdom",Blackness Avenue,,Black Ness Road,Cove and Altens,AB12 3ZS,,Aberdeen City,,,Scotland,SCT,United Kingdom,gb,0.45,0.9,0.9,© OpenStreetMap contributors,Open Database License,https://www.openstreetmap.org/copyright
United Kingdom,"Blackworth Ind.Estate Highworth Swindon,Wiltshire SN6 7NA",1667,4,51.6417146,-1.7114641,"Blackworth, Highworth, SN6 7NS, United Kingdom",Blackworth,,Blackworth,Highworth,SN6 7NS,,Highworth,Swindon,SWD,England,ENG,United Kingdom,gb,0.147,0.9,0.30000000000000004,© OpenStreetMap contributors,Open Database License,https://www.openstreetmap.org/copyright
United Kingdom,"Blackworth Ind.Estate Highworth,Swindon,Wiltshire SN6 7NA",1668,4,51.6417146,-1.7114641,"Blackworth, Highworth, SN6 7NS, United Kingdom",Blackworth,,Blackworth,Highworth,SN6 7NS,,Highworth,Swindon,SWD,England,ENG,United Kingdom,gb,0.147,0.9,0.30000000000000004,© OpenStreetMap contributors,Open Database License,https://www.openstreetmap.org/copyright
United Kingdom,"Blays House,Wick Rd.,Egham,TW20 0HJ",1669,4,51.4199188,-0.588139,"Wick Road, Runnymede, TW20 0HN, United Kingdom",Wick Road,,Wick Road,,TW20 0HN,,Borough of Runnymede,Surrey,SRY,England,ENG,United Kingdom,gb,0.5670000000000001,0.9,0.9,© OpenStreetMap contributors,Open Database License,https://www.openstreetmap.org/copyright
United Kingdom,"Bldg.11,Chiswick Park,566 Chiswick High Rd.,London,W4 5YA",1670,4,51.495141000000004,-0.2735772931034477,"Building 9, 566 Chiswick High Road, London, W4 5XT, United Kingdom",Building 9,566,Chiswick High Road,Grove Park,W4 5XT,London Borough of Hounslow,London,Greater London,,England,ENG,United Kingdom,gb,0.63,1,1,© OpenStreetMap contributors,Open Database License,https://www.openstreetmap.org/copyright
United Kingdom,"Bldg.2,Arena Business Park Reading Berks,RG2 0SU",1671,4,50.739438,-3.491896,"Arena Park, Exeter, EX4 8RB, United Kingdom",,,Arena Park,Whipton,EX4 8RB,,Exeter,Devon,DEV,England,ENG,United Kingdom,gb,0,,,© OpenStreetMap contributors,Open Database License,https://www.openstreetmap.org/copyright
United Kingdom,"Bldg.2020,Cambourne Business Park,Cambridgeshire,CB23 6DW",1672,4,52.2225289,-0.0737633,"ProCam, 2020 Cambourne Business Park, South Cambridgeshire, CB23 6DW, United Kingdom",ProCam,2020,Cambourne Business Park,Cambourne Business Park,CB23 6DW,,South Cambridgeshire,Cambridgeshire,CAM,England,ENG,United Kingdom,gb,0.9,1,1,© OpenStreetMap contributors,Open Database License,https://www.openstreetmap.org/copyright
United Kingdom,"Bldg.2020,Cambourne Business Park,Cambridgeshire,CB3 6DW",1673,4,52.222599200000005,-0.07417704868531194,"Cambourne Business Park Building 2020, 2020 Sheepfold Lane, Cambridge, CB23 6DW, United Kingdom",Cambourne Business Park Building 2020,2020,Sheepfold Lane,,CB23 6DW,,Cambridge,Cambridgeshire,CAM,England,ENG,United Kingdom,gb,0,,,© OpenStreetMap contributors,Open Database License,https://www.openstreetmap.org/copyright
United Kingdom,"Bldg.3,Chiswick Park 566,Chiswick High Rd.,Chiswick,London,W4 5YA",1674,4,51.495141000000004,-0.2735772931034477,"Building 9, 566 Chiswick High Road, London, W4 5XT, United Kingdom",Building 9,566,Chiswick High Road,Grove Park,W4 5XT,London Borough of Hounslow,London,Greater London,,England,ENG,United Kingdom,gb,0.63,1,1,© OpenStreetMap contributors,Open Database License,https://www.openstreetmap.org/copyright
United Kingdom,"Block E,Sefton Park,Bells Hill,Stoke Poges,Buckinghamshire SL2 4HD",1675,4,51.5452501,-0.5861061,"Bells Hill, Stoke Poges, SL2 4EG, United Kingdom",Bells Hill,,Bells Hill,Stoke Poges,SL2 4EG,Beeches Community Board,Stoke Poges,Buckinghamshire,BKM,England,ENG,United Kingdom,gb,0.63,1,1,© OpenStreetMap contributors,Open Database License,https://www.openstreetmap.org/copyright
United Kingdom,"Blyth Rd.,Halesworth,Suffolk",1676,4,52.3376086,1.5071644,"Blyth Road, East Suffolk, IP19 8EN, United Kingdom",Blyth Road,,Blyth Road,Blyth Road Industrial Estate,IP19 8EN,,East Suffolk,Suffolk,SFK,England,ENG,United Kingdom,gb,0.5,1,1,© OpenStreetMap contributors,Open Database License,https://www.openstreetmap.org/copyright
United Kingdom,"Blyth Rd.,Halesworth,Suffolk 1P19 8EW",1677,4,52.3376086,1.5071644,"Blyth Road, East Suffolk, IP19 8EN, United Kingdom",Blyth Road,,Blyth Road,Blyth Road Industrial Estate,IP19 8EN,,East Suffolk,Suffolk,SFK,England,ENG,United Kingdom,gb,0.5,1,1,© OpenStreetMap contributors,Open Database License,https://www.openstreetmap.org/copyright
United Kingdom,"Blyth Rd.,Halesworth,Suffolk,1P19 8EW",1678,4,52.3376086,1.5071644,"Blyth Road, East Suffolk, IP19 8EN, United Kingdom",Blyth Road,,Blyth Road,Blyth Road Industrial Estate,IP19 8EN,,East Suffolk,Suffolk,SFK,England,ENG,United Kingdom,gb,0.5,1,1,© OpenStreetMap contributors,Open Database License,https://www.openstreetmap.org/copyright
United Kingdom,"Blyth Rd.,Halesworth,Suffolk,IP19 8EW",1679,4,52.3376086,1.5071644,"Blyth Road, East Suffolk, IP19 8EN, United Kingdom",Blyth Road,,Blyth Road,Blyth Road Industrial Estate,IP19 8EN,,East Suffolk,Suffolk,SFK,England,ENG,United Kingdom,gb,0.63,1,1,© OpenStreetMap contributors,Open Database License,https://www.openstreetmap.org/copyright
United Kingdom,"Blyth Rd.Halesworth,Suffolk",1680,4,55.119097,-1.511938,"Blyth Civil Parish (Blyth), ENG, United Kingdom",,,,,,Blyth Civil Parish,Blyth,Northumberland,NBL,England,ENG,United Kingdom,gb,0.33333333333333337,0.33333333333333337,,Who's On First,CC0,https://www.whosonfirst.org/docs/licenses/
United Kingdom,"Bodmin Rd.,Wyken,Coventry CV2 5DZ",1681,4,52.41876,-1.4478403,"Bodmin Road, Coventry, CV2 5DB, United Kingdom",Bodmin Road,,Bodmin Road,Clifford Park,CV2 5DB,,Coventry,West Midlands Combined Authority,,England,ENG,United Kingdom,gb,0.63,1,1,© OpenStreetMap contributors,Open Database License,https://www.openstreetmap.org/copyright
United Kingdom,"Boldon Business Park,South Tyneside,Tyne & Wear",1682,4,54.94584425,-1.4696309777257914,"Boldon Business Park, Boldon Colliery, South Tyneside, Tyne and Wear, ENG, United Kingdom",Boldon Business Park,,,Boldon Colliery,,,South Tyneside,Tyne and Wear,,England,ENG,United Kingdom,gb,1,0.9,,© OpenStreetMap contributors,Open Database License,https://www.openstreetmap.org/copyright
United Kingdom,"Boldon Business Park,South Tyneside,Tyne&Wear",1683,4,54.94584425,-1.4696309777257914,"Boldon Business Park, Boldon Colliery, South Tyneside, Tyne and Wear, ENG, United Kingdom",Boldon Business Park,,,Boldon Colliery,,,South Tyneside,Tyne and Wear,,England,ENG,United Kingdom,gb,1,0.5454545454545454,,© OpenStreetMap contributors,Open Database License,https://www.openstreetmap.org/copyright
United Kingdom,"Bond House 347/353 Chiswick High Rd.,London W4",1684,4,51.492714649999996,-0.27047389835841396,"HCA UK Chiswick Outpatients & Diagnostics Centre, 347-353 Chiswick High Road, London, W4 4HS, United Kingdom",HCA UK Chiswick Outpatients & Diagnostics Centre,347-353,Chiswick High Road,Grove Park,W4 4HS,London Borough of Hounslow,London,Greater London,,England,ENG,United Kingdom,gb,0.9,1,1,© OpenStreetMap contributors,Open Database License,https://www.openstreetmap.org/copyright
United Kingdom,"Bond St.House,14 Clifford St.,London W1X 1RE",1685,4,51.510474,-0.142296,"14 Clifford Street, London, W1S 4JZ, United Kingdom",,14,Clifford Street,Mayfair,W1S 4JZ,Westminster,London,London,,England,ENG,United Kingdom,gb,0.9,1,1,© OpenStreetMap contributors,Open Database License,https://www.openstreetmap.org/copyright
United Kingdom,"Bond St.House,14 Clifford St.,London W1X 2NR",1686,4,51.510474,-0.142296,"14 Clifford Street, London, W1S 4JZ, United Kingdom",,14,Clifford Street,Mayfair,W1S 4JZ,Westminster,London,London,,England,ENG,United Kingdom,gb,0.9,1,1,© OpenStreetMap contributors,Open Database License,https://www.openstreetmap.org/copyright
United Kingdom,"Bond Street House,14 Clifford St.,London SW1A 1LA",1687,4,51.50699,-0.14023,"London, SW1A 1LA, United Kingdom",,,,,SW1A 1LA,,City of Westminster,Greater London,,England,ENG,United Kingdom,gb,0.6,1,,© OpenStreetMap contributors,Open Database License,https://www.openstreetmap.org/copyright
United Kingdom,"Bond Street House,14 Clifford St.,London W1X 1RE",1688,4,51.510474,-0.142296,"14 Clifford Street, London, W1S 4JZ, United Kingdom",,14,Clifford Street,Mayfair,W1S 4JZ,Westminster,London,London,,England,ENG,United Kingdom,gb,0.9,1,1,© OpenStreetMap contributors,Open Database License,https://www.openstreetmap.org/copyright
United Kingdom,"Bonnington Bond,2 Anderson Place,Edinburgh,EH6 5NP",1689,4,55.9707387,-3.1804151,"Dangerous Studio Limited, 2 Anderson Place, City of Edinburgh, EH6 5NP, United Kingdom",Dangerous Studio Limited,2,Anderson Place,Leith,EH6 5NP,Pilrig,City of Edinburgh,,,Scotland,SCT,United Kingdom,gb,0.9,1,1,© OpenStreetMap contributors,Open Database License,https://www.openstreetmap.org/copyright
United Kingdom,Bosh House Suites 126/132A Aldwych London WC2B/4QT,1690,4,51.561096,0.197942,"Aldwych Close, London, United Kingdom",,,Aldwych Close,,,Havering,London,London,,England,ENG,United Kingdom,gb,0.03456,1,0.9,© OpenStreetMap contributors,Open Database License,https://www.openstreetmap.org/copyright
United Kingdom,"Bothwell Park Ind.Estate,Hornal Rd.,Uddingston,Glasgow G71 6NZ",1691,4,55.8134202,-4.075532,"Hornal Road, Uddingston, G71 7FL, United Kingdom",Hornal Road,,Hornal Road,Moorlands,G71 7FL,,Uddingston,South Lanarkshire,SLK,Scotland,SCT,United Kingdom,gb,0.44099999999999995,0.7,0.7,© OpenStreetMap contributors,Open Database License,https://www.openstreetmap.org/copyright
United Kingdom,"Boundary Way,Lufton,Yeovil,Somerset",1692,4,50.953689,-2.651429,"Boundary Close, Yeovil Without, United Kingdom",,,Boundary Close,,,Yeovil Without,Yeovil Without,Somerset,SOM,England,ENG,United Kingdom,gb,0.315,0.9,0.63,© OpenStreetMap contributors,Open Database License,https://www.openstreetmap.org/copyright
United Kingdom,"Bow Bell House,Bread St.,London EC4M 9BQ",1693,4,51.5138641,-0.0945893,"Bread Street, City of London, EC4M 9BE, United Kingdom",Bread Street,,Bread Street,Cheap,EC4M 9BE,,City of London,Greater London,,England,ENG,United Kingdom,gb,0.5103,0.81,0.81,© OpenStreetMap contributors,Open Database License,https://www.openstreetmap.org/copyright
United Kingdom,"Bow Bells House,Bread St.,Cheapside,London,EC4M 9BQ",1694,4,51.5138641,-0.0945893,"Bread Street, City of London, EC4M 9BE, United Kingdom",Bread Street,,Bread Street,Cheap,EC4M 9BE,,City of London,Greater London,,England,ENG,United Kingdom,gb,0.5103,0.81,0.81,© OpenStreetMap contributors,Open Database License,https://www.openstreetmap.org/copyright
United Kingdom,"Bow Bells House,Bread St.,EC4M 9QB London",1695,4,51.5138641,-0.0945893,"Bread Street, City of London, EC4M 9BE, United Kingdom",Bread Street,,Bread Street,Cheap,EC4M 9BE,,City of London,Greater London,,England,ENG,United Kingdom,gb,0.5103,0.81,0.81,© OpenStreetMap contributors,Open Database License,https://www.openstreetmap.org/copyright
United Kingdom,"Bow Bells House,Bread St.,London EC4M 9BE",1696,4,51.5138641,-0.0945893,"Bread Street, City of London, EC4M 9BE, United Kingdom",Bread Street,,Bread Street,Cheap,EC4M 9BE,,City of London,Greater London,,England,ENG,United Kingdom,gb,0.7,1,1,© OpenStreetMap contributors,Open Database License,https://www.openstreetmap.org/copyright
United Kingdom,"Bow Bells House,Bread St.,London EC4M 9BQ",1697,4,51.5138641,-0.0945893,"Bread Street, City of London, EC4M 9BE, United Kingdom",Bread Street,,Bread Street,Cheap,EC4M 9BE,,City of London,Greater London,,England,ENG,United Kingdom,gb,0.5103,0.81,0.81,© OpenStreetMap contributors,Open Database License,https://www.openstreetmap.org/copyright
United Kingdom,"Bow Bells House,Bread St.,London,EC4M 9BQ",1698,4,51.5138641,-0.0945893,"Bread Street, City of London, EC4M 9BE, United Kingdom",Bread Street,,Bread Street,Cheap,EC4M 9BE,,City of London,Greater London,,England,ENG,United Kingdom,gb,0.5103,0.81,0.81,© OpenStreetMap contributors,Open Database License,https://www.openstreetmap.org/copyright
United Kingdom,"Bow Bells House,Bread St.(Cheapside),London EC4M 9BQ",1699,4,51.5138641,-0.0945893,"Bread Street, City of London, EC4M 9BE, United Kingdom",Bread Street,,Bread Street,Cheap,EC4M 9BE,,City of London,Greater London,,England,ENG,United Kingdom,gb,0.5103,0.81,0.81,© OpenStreetMap contributors,Open Database License,https://www.openstreetmap.org/copyright
United Kingdom,"Bow Bells House,Bread St.London EC4M 9BQ",1700,4,51.571436,-0.151066,"Three Bells House, 3b Hampstead Lane, London, EC4M 9BQ, United Kingdom",Three Bells House,3b,Hampstead Lane,Hampstead Heath,EC4M 9BQ,Camden,London,London,,England,ENG,United Kingdom,gb,0.16028653846153842,0.30000000000000004,0.1323,© OpenStreetMap contributors,Open Database License,https://www.openstreetmap.org/copyright
United Kingdom,"Bow Bells House,Bread St.London,EC4M 9BQ",1701,4,51.571436,-0.151066,"Three Bells House, 3b Hampstead Lane, London, EC4M 9BQ, United Kingdom",Three Bells House,3b,Hampstead Lane,Hampstead Heath,EC4M 9BQ,Camden,London,London,,England,ENG,United Kingdom,gb,0.1776649736842105,0.9,0.3969,© OpenStreetMap contributors,Open Database License,https://www.openstreetmap.org/copyright
United Kingdom,"Bowron St.,Norton Stockton on Tees,Cleveland,TS20 2BH",1702,4,54.57252,-1.30815,"Stockton-on-Tees, TS20 2BH, United Kingdom",,,,,TS20 2BH,,Stockton-on-Tees,Stockton-on-Tees,STT,England,ENG,United Kingdom,gb,0.6,1,,© OpenStreetMap contributors,Open Database License,https://www.openstreetmap.org/copyright
United Kingdom,"Bowron St.,Norton Stockton on Tees,TS20 2BH",1703,4,54.57252,-1.30815,"Stockton-on-Tees, TS20 2BH, United Kingdom",,,,,TS20 2BH,,Stockton-on-Tees,Stockton-on-Tees,STT,England,ENG,United Kingdom,gb,0.6,1,,© OpenStreetMap contributors,Open Database License,https://www.openstreetmap.org/copyright
United Kingdom,"Bracken House One Friday St.,London EC4M 9JA",1704,4,51.5124652,-0.0957471,"Friday Street, City of London, EC4M 6XD, United Kingdom",Friday Street,,Friday Street,Vintry,EC4M 6XD,,City of London,Greater London,,England,ENG,United Kingdom,gb,0.5103,0.81,0.81,© OpenStreetMap contributors,Open Database License,https://www.openstreetmap.org/copyright
United Kingdom,"Bracken House,1 Friday St.,London EC4M 9BT",1705,4,51.51244025,-0.0962286665425977,"Financial Times, 1 Friday Street, City of London, EC4M 9BT, United Kingdom",Financial Times,1,Friday Street,Vintry,EC4M 9BT,,City of London,Greater London,,England,ENG,United Kingdom,gb,0.9,1,1,© OpenStreetMap contributors,Open Database License,https://www.openstreetmap.org/copyright
United Kingdom,"Bracken House,1 Friday St.,London EC4M 9JA",1706,4,51.51244025,-0.0962286665425977,"Financial Times, 1 Friday Street, City of London, EC4M 9BT, United Kingdom",Financial Times,1,Friday Street,Vintry,EC4M 9BT,,City of London,Greater London,,England,ENG,United Kingdom,gb,0.5103000000000001,0.81,0.81,© OpenStreetMap contributors,Open Database License,https://www.openstreetmap.org/copyright
United Kingdom,"Bracken House,1 Friday St.,London,EC4M 9JA",1707,4,51.51244025,-0.0962286665425977,"Financial Times, 1 Friday Street, City of London, EC4M 9BT, United Kingdom",Financial Times,1,Friday Street,Vintry,EC4M 9BT,,City of London,Greater London,,England,ENG,United Kingdom,gb,0.5103000000000001,0.81,0.81,© OpenStreetMap contributors,Open Database License,https://www.openstreetmap.org/copyright
United Kingdom,"Bracken House,One Friday St.,London EC4M 9JA",1708,4,51.5124652,-0.0957471,"Friday Street, City of London, EC4M 6XD, United Kingdom",Friday Street,,Friday Street,Vintry,EC4M 6XD,,City of London,Greater London,,England,ENG,United Kingdom,gb,0.5103,0.81,0.81,© OpenStreetMap contributors,Open Database License,https://www.openstreetmap.org/copyright
United Kingdom,"Bracken House,One Friday St.,London,EC4M 9JA",1709,4,51.5124652,-0.0957471,"Friday Street, City of London, EC4M 6XD, United Kingdom",Friday Street,,Friday Street,Vintry,EC4M 6XD,,City of London,Greater London,,England,ENG,United Kingdom,gb,0.5103,0.81,0.81,© OpenStreetMap contributors,Open Database License,https://www.openstreetmap.org/copyright
United Kingdom,"Bradbourne Dr.,Tilbrook Milton Keynes,Buckinghamshire MK7 8BN",1710,4,52.009366,-0.688778,"Bradbourne Drive, Milton Keynes, MK7 7DE, United Kingdom",,,Bradbourne Drive,Tilbrook,MK7 7DE,Walton Civil Parish,Milton Keynes,Buckinghamshire,BKM,England,ENG,United Kingdom,gb,0.63,1,1,© OpenStreetMap contributors,Open Database License,https://www.openstreetmap.org/copyright
United Kingdom,"Bradbourne Dr.,Tilbrook,Milton Keynes,MK7 8BN",1711,4,52.0087233,-0.6901381,"Bradbourne Drive, Milton Keynes, MK7 8AJ, United Kingdom",Bradbourne Drive,,Bradbourne Drive,Tilbrook,MK7 8AJ,,Milton Keynes,City of Milton Keynes,,England,ENG,United Kingdom,gb,0.5103,1,1,© OpenStreetMap contributors,Open Database License,https://www.openstreetmap.org/copyright
United Kingdom,"Bradbourne Dr.Tilbrook Milton Keynes,MK7 8BN Buckinghamshire",1712,4,52.014518,-0.6903174,"Bradbourne Drive, Milton Keynes, MK7 7DE, United Kingdom",Bradbourne Drive,,Bradbourne Drive,Tilbrook,MK7 7DE,,Milton Keynes,City of Milton Keynes,,England,ENG,United Kingdom,gb,0.2778299999999999,1,0.63,© OpenStreetMap contributors,Open Database License,https://www.openstreetmap.org/copyright
United Kingdom,"Bridge Gate House,55 High St.Redhill,Surrey RH1 1RX",1713,4,51.238641380000004,-0.16893582,"Reigate and Banstead, RH1 1RX, United Kingdom",,,,,RH1 1RX,,Reigate and Banstead,Surrey,SRY,England,ENG,United Kingdom,gb,0.6,1,,© OpenStreetMap contributors,Open Database License,https://www.openstreetmap.org/copyright
United Kingdom,"Bridge Gate House,55 High St.Redhill,Surrey,RH1 1RX",1714,4,51.238641380000004,-0.16893582,"Reigate and Banstead, RH1 1RX, United Kingdom",,,,,RH1 1RX,,Reigate and Banstead,Surrey,SRY,England,ENG,United Kingdom,gb,0.6,1,,© OpenStreetMap contributors,Open Database License,https://www.openstreetmap.org/copyright
United Kingdom,"Bridge House,3 Heron Sq.,Richmond,Surrey TW9 1EN",1715,4,51.4583569,-0.306345,"Heron Square, London, TW9 1EL, United Kingdom",Heron Square,,Heron Square,St Margarets,TW9 1EL,London Borough of Richmond upon Thames,London,Greater London,,England,ENG,United Kingdom,gb,0.44099999999999995,0.7,0.7,© OpenStreetMap contributors,Open Database License,https://www.openstreetmap.org/copyright
United Kingdom,"Bridge House,3 Heron Square,Richmnod,Surrey TW9 1EN",1716,4,50.964173,-1.3732,"3 Heron Square, Eastleigh, SO50 9JA, United Kingdom",,3,Heron Square,North Stoneham,SO50 9JA,,Eastleigh,Hampshire,HAM,England,ENG,United Kingdom,gb,0,,,© OpenStreetMap contributors,Open Database License,https://www.openstreetmap.org/copyright
United Kingdom,"Bridge House,Priestley Way,Crawley,West Sussex,RH10 2NZ",1717,4,51.1366874,-0.1679048,"Priestley Way, Crawley, RH10 9NA, United Kingdom",Priestley Way,,Priestley Way,Lowfield Heath,RH10 9NA,,Crawley,West Sussex,WSX,England,ENG,United Kingdom,gb,0.63,1,1,© OpenStreetMap contributors,Open Database License,https://www.openstreetmap.org/copyright
United Kingdom,"Bridgeside Business Centre,Lingard Lane,Bredbury Stockport,Cheshire SK6 2QT",1718,4,53.4285553,-2.1271947,"Lingard Lane, Stockport, SK6 2QT, United Kingdom",Lingard Lane,,Lingard Lane,Brinnington,SK6 2QT,,Stockport,Greater Manchester,,England,ENG,United Kingdom,gb,0.7,1,1,© OpenStreetMap contributors,Open Database License,https://www.openstreetmap.org/copyright
United Kingdom,"Bridgeside Business Centre,Lingard Lane,Bredbury Stockport,Cheshire,SK6 2QT",1719,4,53.4285553,-2.1271947,"Lingard Lane, Stockport, SK6 2QT, United Kingdom",Lingard Lane,,Lingard Lane,Brinnington,SK6 2QT,,Stockport,Greater Manchester,,England,ENG,United Kingdom,gb,0.7,1,1,© OpenStreetMap contributors,Open Database License,https://www.openstreetmap.org/copyright
United Kingdom,"Bridgestone House,Birchley Trading Estate,Oldbury Warley,West Midlan B69 1DT",1720,4,52.49291625,-2.02544015,"Sandwell, B69 1DT, United Kingdom",,,,,B69 1DT,,Sandwell,West Midlands Combined Authority,,England,ENG,United Kingdom,gb,0,1,,© OpenStreetMap contributors,Open Database License,https://www.openstreetmap.org/copyright
United Kingdom,Bristol,1721,4,51.4538022,-2.5972985,"Bristol, ENG, United Kingdom",Bristol,,,,,,Bristol,City of Bristol,BST,England,ENG,United Kingdom,gb,1,1,,© OpenStreetMap contributors,Open Database License,https://www.openstreetmap.org/copyright
United Kingdom,"Britanica Works,Sewardstone Rd.,Waltham Abbey,Essex EN9 1NP",1722,4,51.6734149,0.003709,"Sewardstone Road, Epping Forest, EN9 3YX, United Kingdom",Sewardstone Road,,Sewardstone Road,Waltham Abbey,EN9 3YX,,Epping Forest,Essex,ESS,England,ENG,United Kingdom,gb,0.63,1,1,© OpenStreetMap contributors,Open Database License,https://www.openstreetmap.org/copyright
United Kingdom,"Britannia Trade Park Radway Rd.,Swindon Wiltshire,SN3 4ND",1723,4,51.5823829,-1.7573791,"Radway Road, Stratton St Margaret, SN3 4ND, United Kingdom",Radway Road,,Radway Road,Stratton St. Margaret,SN3 4ND,,Stratton St Margaret,Swindon,SWD,England,ENG,United Kingdom,gb,0.7,1,1,© OpenStreetMap contributors,Open Database License,https://www.openstreetmap.org/copyright
United Kingdom,"Britannia Trade Park Radway Rd.,Swindon,Wiltshire,SN3 4ND",1724,4,51.5823829,-1.7573791,"Radway Road, Stratton St Margaret, SN3 4ND, United Kingdom",Radway Road,,Radway Road,Stratton St. Margaret,SN3 4ND,,Stratton St Margaret,Swindon,SWD,England,ENG,United Kingdom,gb,0.7,1,1,© OpenStreetMap contributors,Open Database License,https://www.openstreetmap.org/copyright
United Kingdom,Britannic House Moor Lane London EC2Y 9BU,1725,4,51.518226,-0.091073,"Moor Lane, London, EC2Y 9BU, United Kingdom",,,Moor Lane,Moorgate,EC2Y 9BU,City of London,London,London,,England,ENG,United Kingdom,gb,0.25,1,0.5,© OpenStreetMap contributors,Open Database License,https://www.openstreetmap.org/copyright
United Kingdom,"Britannic House,1 Finsbury Circus,London,EC2M 7BA",1726,4,51.5180861,-0.08809,"Finsbury Circus, City of London, EC2M 6UR, United Kingdom",Finsbury Circus,,Finsbury Circus,Barbican,EC2M 6UR,,City of London,Greater London,,England,ENG,United Kingdom,gb,0.5103,0.81,0.81,© OpenStreetMap contributors,Open Database License,https://www.openstreetmap.org/copyright
United Kingdom,"Britannic House,Moor Lane,London EC2Y 9BU",1727,4,51.5199113,-0.0899387,"Moor Lane, City of London, EC2Y 9AZ, United Kingdom",Moor Lane,,Moor Lane,Barbican,EC2Y 9AZ,London Borough of Islington,City of London,Greater London,,England,ENG,United Kingdom,gb,0.5103,0.81,0.81,© OpenStreetMap contributors,Open Database License,https://www.openstreetmap.org/copyright
United Kingdom,"Britannic House,More Lane,London EC2Y 9BU",1728,4,51.504954,-0.082061,"More London Place, London, EC2Y 9BU, United Kingdom",,,More London Place,Borough,EC2Y 9BU,Southwark,London,London,,England,ENG,United Kingdom,gb,0.22049999999999997,1,0.44099999999999995,© OpenStreetMap contributors,Open Database License,https://www.openstreetmap.org/copyright
United Kingdom,"Britannica House,Waltham Cross Hertfordshire En 8 7dy",1729,4,51.68905,-0.0333,"Waltham Cross, Cheshunt, ENG, United Kingdom",Waltham Cross,,,Waltham Cross,,,Cheshunt,Hertfordshire,HRT,England,ENG,United Kingdom,gb,0.25,1,,Who's On First,CC0,https://www.whosonfirst.org/docs/licenses/
United Kingdom,"Britannica House,Walthamcross Hertfordshire,EN8 7DY",1730,4,52.663642,-1.580326,United Kingdom,United Kingdom,,,,,,,,,,,United Kingdom,gb,0,,,Who's On First,CC0,https://www.whosonfirst.org/docs/licenses/
United Kingdom,"Broadwalk House 5 Appold St.,London EC2A 2HA",1731,4,51.5209589,-0.0811407,"Monzo Bank, 5 Appold Street, City of London, EC2A 2AG, United Kingdom",Monzo Bank,5,Appold Street,,EC2A 2AG,London Borough of Hackney,City of London,Greater London,,England,ENG,United Kingdom,gb,0.5103000000000001,0.81,0.81,© OpenStreetMap contributors,Open Database License,https://www.openstreetmap.org/copyright
United Kingdom,"Brocastle Ave.,Waterton Ind.Estate Bridgend,Mid Glamorgan CF31 3YN",1732,4,51.4984775,-3.5326875,"Brocastle Avenue, Coychurch, CF31 3TR, United Kingdom",Brocastle Avenue,,Brocastle Avenue,Coychurch Lower,CF31 3TR,,Coychurch,Bridgend County Borough,,Wales,WLS,United Kingdom,gb,0.44099999999999995,0.7290000000000001,0.7290000000000001,© OpenStreetMap contributors,Open Database License,https://www.openstreetmap.org/copyright
United Kingdom,"Brocastle Ave.,Waterton Ind.Estate Bridgend,Mid Glamorgan,CF31 3YN",1733,4,51.4984775,-3.5326875,"Brocastle Avenue, Coychurch, CF31 3TR, United Kingdom",Brocastle Avenue,,Brocastle Avenue,Coychurch Lower,CF31 3TR,,Coychurch,Bridgend County Borough,,Wales,WLS,United Kingdom,gb,0.44099999999999995,0.7290000000000001,0.7290000000000001,© OpenStreetMap contributors,Open Database License,https://www.openstreetmap.org/copyright
United Kingdom,"Brocastle Ave.,Waterton Industrial Estate Bridgend,Mid Glamorgan CF31 3YN",1734,4,51.4984775,-3.5326875,"Brocastle Avenue, Coychurch, CF31 3TR, United Kingdom",Brocastle Avenue,,Brocastle Avenue,Coychurch Lower,CF31 3TR,,Coychurch,Bridgend County Borough,,Wales,WLS,United Kingdom,gb,0.44099999999999995,0.7290000000000001,0.7290000000000001,© OpenStreetMap contributors,Open Database License,https://www.openstreetmap.org/copyright
United Kingdom,"Bromsgrove,Worcestershire",1735,4,52.3390519,-2.0532017992446177,"Bromsgrove, ENG, United Kingdom",,,,,,,Bromsgrove,Worcestershire,WOR,England,ENG,United Kingdom,gb,1,1,,© OpenStreetMap contributors,Open Database License,https://www.openstreetmap.org/copyright
United Kingdom,Brook Court Whittington Hall Worcester WR5 2RX,1736,4,52.205147,-2.226455,"Brook Street, Worcester, WR5 2RX, United Kingdom",,,Brook Street,,WR5 2RX,,Worcester,Worcestershire,WOR,England,ENG,United Kingdom,gb,0.5,1,1,© OpenStreetMap contributors,Open Database License,https://www.openstreetmap.org/copyright
United Kingdom,"Brook St.,House,47 Davies St.,London,W1Y 1FJ",1737,4,51.512433,-0.148451,"47 Davies Street, London, W1K 3LJ, United Kingdom",,47,Davies Street,Mayfair,W1K 3LJ,Westminster,London,London,,England,ENG,United Kingdom,gb,0,,,© OpenStreetMap contributors,Open Database License,https://www.openstreetmap.org/copyright
United Kingdom,"Brookfield House,Brookfield Rd.,Arnold Nottingham,NG5 7ER",1738,4,53.0024393,-1.1215474,"Brookfield Road, Gedling, NG5 7ER, United Kingdom",Brookfield Road,,Brookfield Road,Redhill,NG5 7ER,,Gedling,Nottinghamshire,NTT,England,ENG,United Kingdom,gb,0.7,1,1,© OpenStreetMap contributors,Open Database License,https://www.openstreetmap.org/copyright
United Kingdom,"Brookfield House,Brookfield Rd.Arnold Nattingam NG5 7ER",1739,4,53.002541048780486,-1.123863643902439,"Gedling, NG5 7ER, United Kingdom",,,,,NG5 7ER,,Gedling,Nottinghamshire,NTT,England,ENG,United Kingdom,gb,0.5185185185185186,1,,© OpenStreetMap contributors,Open Database License,https://www.openstreetmap.org/copyright
United Kingdom,"Brookfield House,Brookfield Rd.Arnold Nottingham,NG5 7ER",1740,4,53.002541048780486,-1.123863643902439,"Gedling, NG5 7ER, United Kingdom",,,,,NG5 7ER,,Gedling,Nottinghamshire,NTT,England,ENG,United Kingdom,gb,0.6,1,,© OpenStreetMap contributors,Open Database License,https://www.openstreetmap.org/copyright
United Kingdom,"Brookside Hall,Congleton Road Arclip,Sandbach Cheshire CW11 0SS",1741,4,53.149069,-2.36104,"Sandbach, Congleton Road / Offley Road, Congleton Road, Sandbach, CW11 0SS, United Kingdom","Sandbach, Congleton Road / Offley Road",,Congleton Road,,CW11 0SS,Sandbach Civil Parish,Sandbach,Cheshire West and Chester,CHW,England,ENG,United Kingdom,gb,0.24300000000000005,1,0.6666666666666667,© OpenStreetMap contributors,Open Database License,https://www.openstreetmap.org/copyright
United Kingdom,"Brother House 1 Tame St.,Audenshaw,Manchester M34 5JE",1742,4,53.4727189,-2.1127651,"Tameside, M34 5JE, United Kingdom",,,,,M34 5JE,,Tameside,Greater Manchester,,England,ENG,United Kingdom,gb,0.6,1,,© OpenStreetMap contributors,Open Database License,https://www.openstreetmap.org/copyright
United Kingdom,"Brother House 1 Tame St.,Audenshaw,Manchester,M34 5JE",1743,4,53.4727189,-2.1127651,"Tameside, M34 5JE, United Kingdom",,,,,M34 5JE,,Tameside,Greater Manchester,,England,ENG,United Kingdom,gb,0.6,1,,© OpenStreetMap contributors,Open Database License,https://www.openstreetmap.org/copyright
United Kingdom,"Brother House,1 Tame St.,Audenshaw,Manchester M34 5JE",1744,4,53.4727189,-2.1127651,"Tameside, M34 5JE, United Kingdom",,,,,M34 5JE,,Tameside,Greater Manchester,,England,ENG,United Kingdom,gb,0.6,1,,© OpenStreetMap contributors,Open Database License,https://www.openstreetmap.org/copyright
United Kingdom,"Brother House,1 Tame St.,Audenshaw,Manchester,M34 5JE",1745,4,53.4727189,-2.1127651,"Tameside, M34 5JE, United Kingdom",,,,,M34 5JE,,Tameside,Greater Manchester,,England,ENG,United Kingdom,gb,0.6,1,,© OpenStreetMap contributors,Open Database License,https://www.openstreetmap.org/copyright
United Kingdom,"Buchanan House,3 St.James's Sq.,London,SW1Y 4JU",1746,4,51.5081341,-0.134727,"London, SW1Y 4JU, United Kingdom",,,,,SW1Y 4JU,,London,Greater London,,England,ENG,United Kingdom,gb,0.6,1,,© OpenStreetMap contributors,Open Database License,https://www.openstreetmap.org/copyright
United Kingdom,"Buckholt Dr.,Warndon Ind.Estate,Warndon,Worcester",1747,4,52.2172022,-2.1897143,"Buckholt Drive, Worcester, WR4 9ND, United Kingdom",Buckholt Drive,,Buckholt Drive,Warndon,WR4 9ND,,Worcester,Worcestershire,WOR,England,ENG,United Kingdom,gb,0.5,1,1,© OpenStreetMap contributors,Open Database License,https://www.openstreetmap.org/copyright
United Kingdom,"Buckholt Drive,Warndon Industrial Estate,Warndon,Worcester",1748,4,52.1911849,-2.2206585,"Worcester, ENG, United Kingdom",,,,,,,Worcester,Worcestershire,WOR,England,ENG,United Kingdom,gb,0.25,1,,© OpenStreetMap contributors,Open Database License,https://www.openstreetmap.org/copyright
United Kingdom,"Bucklerbury House,Wlbrook,London EC4N 8BR",1749,4,51.506704,-0.141776,"Wimbourne House, London, E C4N, United Kingdom",,,Wimbourne House,St. James's,E C4N,Westminster,London,London,,England,ENG,United Kingdom,gb,1,1,,© OpenStreetMap contributors,Open Database License,https://www.openstreetmap.org/copyright
United Kingdom,"Bucklersbury House,11 Walbrook,London EC4N 8EL",1750,4,51.5131881,-0.0897317,"Walbrook, City of London, EC4N 8BH, United Kingdom",Walbrook,,Walbrook,Cheap,EC4N 8BH,,City of London,Greater London,,England,ENG,United Kingdom,gb,0.5103,0.81,0.81,© OpenStreetMap contributors,Open Database License,https://www.openstreetmap.org/copyright
United Kingdom,"Bucklersbury House,11th Fl.,3 Queen Victoria St.,London EC4N 8El",1751,4,51.512773,-0.0906448,"Bloomberg, 3 Queen Victoria Street, City of London, EC4N 4TQ, United Kingdom",Bloomberg,3,Queen Victoria Street,Cheap,EC4N 4TQ,,City of London,Greater London,,England,ENG,United Kingdom,gb,0.5103000000000001,0.81,0.81,© OpenStreetMap contributors,Open Database License,https://www.openstreetmap.org/copyright
United Kingdom,"Bucklersbury House,3 Queen Victoria St.,London EC4N 8HR",1752,4,51.512773,-0.0906448,"Bloomberg, 3 Queen Victoria Street, City of London, EC4N 4TQ, United Kingdom",Bloomberg,3,Queen Victoria Street,Cheap,EC4N 4TQ,,City of London,Greater London,,England,ENG,United Kingdom,gb,0.5103000000000001,0.81,0.81,© OpenStreetMap contributors,Open Database License,https://www.openstreetmap.org/copyright
United Kingdom,"Bucklersbury House,6Fl.South,83 Cannon St.London EC4N 5AD",1753,4,51.5116546,-0.0897347,"City of London, EC4N 5AD, United Kingdom",,,,,EC4N 5AD,,City of London,Greater London,,England,ENG,United Kingdom,gb,0.6,1,,© OpenStreetMap contributors,Open Database License,https://www.openstreetmap.org/copyright
United Kingdom,"Bulvinos House 171-175 Uxbridge Rd.,London W13 9AA",1754,4,51.508765,-0.3392679,"Essential Beauty, 171 Uxbridge Road, London, W7 3TH, United Kingdom",Essential Beauty,171,Uxbridge Road,Hanwell,W7 3TH,London Borough of Ealing,London,Greater London,,England,ENG,United Kingdom,gb,0.9,1,1,© OpenStreetMap contributors,Open Database License,https://www.openstreetmap.org/copyright
United Kingdom,"Burgh Heath,Epsom Surrey,KT18 5UX",1755,4,51.3153729,-0.2321862,"Reigate and Banstead, KT18 5UX, United Kingdom",,,,,KT18 5UX,,Reigate and Banstead,Surrey,SRY,England,ENG,United Kingdom,gb,0.6,1,,© OpenStreetMap contributors,Open Database License,https://www.openstreetmap.org/copyright
United Kingdom,"Burnaston,Derbyshire DE1 9TA",1756,4,52.8726929,-1.5739949,"Toyota Motor Manufacturing UK, Burnaston CP, DE1 9TA, United Kingdom",Toyota Motor Manufacturing UK,,,,DE1 9TA,,Burnaston CP,Derbyshire,DBY,England,ENG,United Kingdom,gb,1,1,,© OpenStreetMap contributors,Open Database License,https://www.openstreetmap.org/copyright
United Kingdom,"Burnaston,Derbyshire,DE1 9TA",1757,4,52.8726929,-1.5739949,"Toyota Motor Manufacturing UK, Burnaston CP, DE1 9TA, United Kingdom",Toyota Motor Manufacturing UK,,,,DE1 9TA,,Burnaston CP,Derbyshire,DBY,England,ENG,United Kingdom,gb,1,1,,© OpenStreetMap contributors,Open Database License,https://www.openstreetmap.org/copyright
United Kingdom,"Burnaston,Derbyshire,East Midlands,DE1 9TA",1758,4,52.8726929,-1.5739949,"Toyota Motor Manufacturing UK, Burnaston CP, DE1 9TA, United Kingdom",Toyota Motor Manufacturing UK,,,,DE1 9TA,,Burnaston CP,Derbyshire,DBY,England,ENG,United Kingdom,gb,1,1,,© OpenStreetMap contributors,Open Database License,https://www.openstreetmap.org/copyright
United Kingdom,"Burnastone,Derbyshire,DE1 9TA",1759,4,,,,,,,,,,,,,,,,,,,,,,
United Kingdom,"Bury House,31 Bury St.,London EC3A 5AR",1760,4,51.51405,-0.07933,"City of London, EC3A 5AR, United Kingdom",,,,,EC3A 5AR,,City of London,Greater London,,England,ENG,United Kingdom,gb,0.6,1,,© OpenStreetMap contributors,Open Database License,https://www.openstreetmap.org/copyright
United Kingdom,Bush House Suites 126/132A Aldwych London WC2B/4QT,1761,4,51.561096,0.197942,"Aldwych Close, London, United Kingdom",,,Aldwych Close,,,Havering,London,London,,England,ENG,United Kingdom,gb,0.060840000000000005,1,0.9,© OpenStreetMap contributors,Open Database License,https://www.openstreetmap.org/copyright
United Kingdom,"Bush House,North West Wing,Aldwych,London WC2B 4PH",1762,4,51.5132995,-0.1164959,"Aldwych, London, WC2B 4RR, United Kingdom",Aldwych,,Aldwych,Holborn,WC2B 4RR,St Clement Danes,London,Greater London,,England,ENG,United Kingdom,gb,0.63,1,1,© OpenStreetMap contributors,Open Database License,https://www.openstreetmap.org/copyright
United Kingdom,"Bush House,North West Wing,Aldwych,London WC2B 4PJ",1763,4,51.5131753,-0.1174757,"Aldwych, London, WC2B 4PJ, United Kingdom",Aldwych,,Aldwych,Holborn,WC2B 4PJ,St Clement Danes,London,Greater London,,England,ENG,United Kingdom,gb,0.7,1,1,© OpenStreetMap contributors,Open Database License,https://www.openstreetmap.org/copyright
United Kingdom,"Butterick Bldg.,New Lane,Havant,Hampshire,PO9 2ND",1764,4,50.8630514,-0.9698425,"New Lane, Havant, PO9 2JN, United Kingdom",New Lane,,New Lane,,PO9 2JN,Denvilles,Havant,Hampshire,HAM,England,ENG,United Kingdom,gb,0.63,1,1,© OpenStreetMap contributors,Open Database License,https://www.openstreetmap.org/copyright
United Kingdom,"C/0 Tfc Legal 80 Coleman St.,London",1765,4,51.5170758,-0.08916966598066389,"80 Coleman Street, City of London, EC2R 5BJ, United Kingdom",,80,Coleman Street,Barbican,EC2R 5BJ,,City of London,Greater London,,England,ENG,United Kingdom,gb,0.7290000000000001,0.81,0.81,© OpenStreetMap contributors,Open Database License,https://www.openstreetmap.org/copyright
United Kingdom,"c/o Accel Worldwide Ltd.4 Abbey Orchard St.,Westminster,London SW/P 2JJ",1766,4,51.4981992,-0.1324675,"Munich Cricket Club, 1 Abbey Orchard Street, London, SW1P 2LU, United Kingdom",Munich Cricket Club,1,Abbey Orchard Street,Millbank,SW1P 2LU,Westminster,London,Greater London,,England,ENG,United Kingdom,gb,0.63,1,1,© OpenStreetMap contributors,Open Database License,https://www.openstreetmap.org/copyright
United Kingdom,"c/o Arcese UK Ltd.2nd Fl.,Thurrock Park Way,Thurrock Park Ind.Estate Tilbury,Essex RM18 7HY",1767,4,51.477058,0.287968,"West Thurrock Way, Grays, RM18 7HY, United Kingdom",,,West Thurrock Way,,RM18 7HY,,Grays,Essex,ESS,England,ENG,United Kingdom,gb,0.130203045,0.32148899999999997,0.26040609,© OpenStreetMap contributors,Open Database License,https://www.openstreetmap.org/copyright
United Kingdom,"c/o Asahi Finance(UK)Ltd.,Princess house",1768,4,52.663642,-1.580326,United Kingdom,United Kingdom,,,,,,,,,,,United Kingdom,gb,0,,,Who's On First,CC0,https://www.whosonfirst.org/docs/licenses/
United Kingdom,"c/o Calder & Co.,16 Charles 2 St.,London SW1Y 4NW",1769,4,51.50806,-0.13369,"London, SW1Y 4NW, United Kingdom",,,,,SW1Y 4NW,,London,Greater London,,England,ENG,United Kingdom,gb,0.6,1,,© OpenStreetMap contributors,Open Database License,https://www.openstreetmap.org/copyright
United Kingdom,"c/o Clemence Hoar Cummings Riverside House,1-5 Como St.,Romford,RM7 7DN",1770,4,51.5807152,0.17697,"Clemence Hoar Cummings, 1.5 Como Street, London, RM7 7DN, United Kingdom",Clemence Hoar Cummings,1.5,Como Street,Romford,RM7 7DN,Havering,London,Greater London,,England,ENG,United Kingdom,gb,0.45,1,1,© OpenStreetMap contributors,Open Database License,https://www.openstreetmap.org/copyright
United Kingdom,"c/o Dixon Wilson Chartered Accountants Rotherwick House,3 Thomas More St.,London,E1W 1YX",1771,4,51.5081833,-0.06868053111587974,"3 Thomas More Street, London, E1W 1YZ, United Kingdom",,3,Thomas More Street,Wapping,E1W 1YZ,London Borough of Tower Hamlets,London,Greater London,,England,ENG,United Kingdom,gb,0.63,1,1,© OpenStreetMap contributors,Open Database License,https://www.openstreetmap.org/copyright
United Kingdom,"c/o Dixon Wilson Chartered Accountants,Rotherwick House,3 Thomas More St.,London,E1W 1YX",1772,4,51.5081833,-0.06868053111587974,"3 Thomas More Street, London, E1W 1YZ, United Kingdom",,3,Thomas More Street,Wapping,E1W 1YZ,London Borough of Tower Hamlets,London,Greater London,,England,ENG,United Kingdom,gb,0.63,1,1,© OpenStreetMap contributors,Open Database License,https://www.openstreetmap.org/copyright
United Kingdom,"c/o Dixou Wilson Chavtered Accountants Rotherwick House,3 Thomas More St.,London,E1W 1YX",1773,4,51.5081833,-0.06868053111587974,"3 Thomas More Street, London, E1W 1YZ, United Kingdom",,3,Thomas More Street,Wapping,E1W 1YZ,London Borough of Tower Hamlets,London,Greater London,,England,ENG,United Kingdom,gb,0.63,1,1,© OpenStreetMap contributors,Open Database License,https://www.openstreetmap.org/copyright
United Kingdom,"c/o Ernst & Young,Rolls House,7 Rolls Bldg.Fetter Lane,London EC4A 1NH",1774,4,51.516794,-0.109117,"Fetter Lane, London, EC4A 1NH, United Kingdom",,,Fetter Lane,Holborn,EC4A 1NH,City of London,London,London,,England,ENG,United Kingdom,gb,0.33333333333333337,1,0.6666666666666667,© OpenStreetMap contributors,Open Database License,https://www.openstreetmap.org/copyright
United Kingdom,"c/o Hackwood Secretaries Ltd.,One Silk St.,London",1775,4,51.519973,-0.092038,"Silk Street, London, United Kingdom",,,Silk Street,Barbican,,City of London,London,London,,England,ENG,United Kingdom,gb,0.5,1,1,© OpenStreetMap contributors,Open Database License,https://www.openstreetmap.org/copyright
United Kingdom,c/o Hogan & Hartson Juxon House 100 St.Paul's Churchyard London EC4M 8BU,1776,4,51.51412033333333,-0.10008763333333334,"City of London, EC4M 8BU, United Kingdom",,,,,EC4M 8BU,,City of London,Greater London,,England,ENG,United Kingdom,gb,0.6,1,,© OpenStreetMap contributors,Open Database License,https://www.openstreetmap.org/copyright
United Kingdom,C/O Hogan & Hartson Juxon House 100 St.Paul's Churchyard London EC4M 8BU,1777,4,51.51412033333333,-0.10008763333333334,"City of London, EC4M 8BU, United Kingdom",,,,,EC4M 8BU,,City of London,Greater London,,England,ENG,United Kingdom,gb,0.6,1,,© OpenStreetMap contributors,Open Database License,https://www.openstreetmap.org/copyright
United Kingdom,"c/o Itochu Europe PLC,The Broadgate Tower,20 Primrose St.,London,EC2A 2EW",1778,4,51.5213133,-0.07975909954293661,"20 Primrose Street, City of London, EC2A 2AG, United Kingdom",,20,Primrose Street,Broadgate,EC2A 2AG,Bishopsgate Without,City of London,Greater London,,England,ENG,United Kingdom,gb,0.5103,0.81,0.81,© OpenStreetMap contributors,Open Database License,https://www.openstreetmap.org/copyright
United Kingdom,"c/o ITOCHU Europe PLC,The Broadgate Tower,20 Primrose St.,London,EC2A 2EW",1779,4,51.5213133,-0.07975909954293661,"20 Primrose Street, City of London, EC2A 2AG, United Kingdom",,20,Primrose Street,Broadgate,EC2A 2AG,Bishopsgate Without,City of London,Greater London,,England,ENG,United Kingdom,gb,0.5103,0.81,0.81,© OpenStreetMap contributors,Open Database License,https://www.openstreetmap.org/copyright
United Kingdom,"c/o Mitsukoshi,Dorland House 14-20 Regent St.,London,SW1Y 4PH",1780,4,51.50912,-0.13369,"London, SW1Y 4PH, United Kingdom",,,,,SW1Y 4PH,,London,Greater London,,England,ENG,United Kingdom,gb,0.6,1,,© OpenStreetMap contributors,Open Database License,https://www.openstreetmap.org/copyright
United Kingdom,"c/o MoFo Notices Citypoint 1 Ropemaker St.,London EC2Y 9AW",1781,4,51.5189972,-0.0897507,"The Refinery, 1 Ropemaker Street, City of London, EC2Y 9AW, United Kingdom",The Refinery,1,Ropemaker Street,Barbican,EC2Y 9AW,,City of London,Greater London,,England,ENG,United Kingdom,gb,0.9,1,1,© OpenStreetMap contributors,Open Database License,https://www.openstreetmap.org/copyright
United Kingdom,"c/o Nichimen Europe PLC 3 Shortlands,London W6 8DA",1782,4,51.399111,0.004702,"Shortlands, London, ENG, United Kingdom",Shortlands,,,Shortlands,,Bromley,London,London,,England,ENG,United Kingdom,gb,0.25,1,,Who's On First,CC0,https://www.whosonfirst.org/docs/licenses/
United Kingdom,"c/o Nissan Motor Manufacturing UK Ltd.,Washington Rd.Sunderland,Tyne & Wear,SR5 3NS",1783,4,54.7996405,-1.673837304472392,"C O Car Repairs, Dale Street, Langley Park, DH7 9TZ, United Kingdom",C O Car Repairs,,Dale Street,,DH7 9TZ,,Langley Park,County Durham,,England,ENG,United Kingdom,gb,0.015069796874999998,0.2835,0.16074449999999998,© OpenStreetMap contributors,Open Database License,https://www.openstreetmap.org/copyright
United Kingdom,"c/o Nissin UK Ltd.Unit 6,Hunts Rise,South Marston Ind.Estate,Swindon,Wiltshire,SN3 4TG",1784,4,51.6015833,-1.7386763,"Hunts Rise, Stanton Fitzwarren, SN3 4TW, United Kingdom",Hunts Rise,,Hunts Rise,Stanton Fitzwarren,SN3 4TW,,Stanton Fitzwarren,Swindon,SWD,England,ENG,United Kingdom,gb,0.44099999999999995,0.7,0.7,© OpenStreetMap contributors,Open Database License,https://www.openstreetmap.org/copyright
United Kingdom,"c/o Robert Fleming Insurance Brokers Ltd.,Staple Hall,Stone House Court,London EC3A 7AX",1785,4,51.5167269,-0.0804393,"Stone House Court, City of London, EC2M 4UJ, United Kingdom",Stone House Court,,Stone House Court,150 Bishopsgate,EC2M 4UJ,City of London,City of London,Greater London,,England,ENG,United Kingdom,gb,0.405,0.81,0.81,© OpenStreetMap contributors,Open Database License,https://www.openstreetmap.org/copyright
United Kingdom,"c/o Robert Fleming Insurance Brokers Ltd.,Staple Hall,Stone House Court,London,EC3A 7AX",1786,4,51.5167269,-0.0804393,"Stone House Court, City of London, EC2M 4UJ, United Kingdom",Stone House Court,,Stone House Court,150 Bishopsgate,EC2M 4UJ,City of London,City of London,Greater London,,England,ENG,United Kingdom,gb,0.405,0.81,0.81,© OpenStreetMap contributors,Open Database License,https://www.openstreetmap.org/copyright
United Kingdom,"c/o Robert Fleming Insurance Brokers Ltd.Staple Hall,Stone House Court,London EC3A 7AX",1787,4,51.5167269,-0.0804393,"Stone House Court, City of London, EC2M 4UJ, United Kingdom",Stone House Court,,Stone House Court,150 Bishopsgate,EC2M 4UJ,City of London,City of London,Greater London,,England,ENG,United Kingdom,gb,0.405,0.81,0.81,© OpenStreetMap contributors,Open Database License,https://www.openstreetmap.org/copyright
United Kingdom,"c/o RWE Renewables UK Ltd.,Windmill Hill Business Park,Whitehill Way,Swindon,Wiltshire SN5 6PB",1788,4,51.5626873,-1.8261881,"Whitehill Way, Swindon, SN5 7EB, United Kingdom",Whitehill Way,,Whitehill Way,West Swindon,SN5 7EB,Eastleaze,Swindon,Swindon,SWD,England,ENG,United Kingdom,gb,0.44099999999999995,1,1,© OpenStreetMap contributors,Open Database License,https://www.openstreetmap.org/copyright
United Kingdom,c/o The Independent 40 City Rd.London EC1Y 2DB,1789,4,51.520109,-0.130336,"United Kingdom Warehousing Association, London, EC1Y 2DB, United Kingdom",United Kingdom Warehousing Association,,,Fitzrovia,EC1Y 2DB,Camden,London,London,,England,ENG,United Kingdom,gb,0,,,© OpenStreetMap contributors,Open Database License,https://www.openstreetmap.org/copyright
United Kingdom,"c/o Toyota Motor Manufacturing UK Ltd.,Burnaston,Derby,Derbyshire,DE1 9TA",1790,4,52.8881893,-1.5722043,"Burnaston (South Derbyshire), DE1 9TA, United Kingdom",,,,,DE1 9TA,Burnaston,South Derbyshire,Derbyshire,DBY,England,ENG,United Kingdom,gb,0.125,0.5,,© OpenStreetMap contributors,Open Database License,https://www.openstreetmap.org/copyright
United Kingdom,"c/o Walbrook Corp.Service Ltd.,Lord Coutanche House,66-68 Esplande,St.Helier,Jersey,Channel Islands",1791,4,52.663642,-1.580326,United Kingdom,United Kingdom,,,,,,,,,,,United Kingdom,gb,0,,,Who's On First,CC0,https://www.whosonfirst.org/docs/licenses/
United Kingdom,"C51 Barwell Business Park,Leatherhead Rd.,Chessington,Surrey KT9 2NY",1792,4,51.3455177,-0.3157376,"Leatherhead Road, London, KT9 2NG, United Kingdom",Leatherhead Road,,Leatherhead Road,,KT9 2NG,Royal Borough of Kingston upon Thames,London,Greater London,,England,ENG,United Kingdom,gb,0.44099999999999995,0.7,0.7,© OpenStreetMap contributors,Open Database License,https://www.openstreetmap.org/copyright
United Kingdom,"C51 Barwell Business Park,Leatherhead Rd.,Chessington,Surrey,KT9 2NY",1793,4,51.3455177,-0.3157376,"Leatherhead Road, London, KT9 2NG, United Kingdom",Leatherhead Road,,Leatherhead Road,,KT9 2NG,Royal Borough of Kingston upon Thames,London,Greater London,,England,ENG,United Kingdom,gb,0.44099999999999995,0.7,0.7,© OpenStreetMap contributors,Open Database License,https://www.openstreetmap.org/copyright
United Kingdom,Cable House 54-62 New Broad St.London EC2M IJJ,1794,4,51.516946,-0.084264,"New Broad Street, London, United Kingdom",,,New Broad Street,Bishopsgate,,City of London,London,London,,England,ENG,United Kingdom,gb,0,,,© OpenStreetMap contributors,Open Database License,https://www.openstreetmap.org/copyright
United Kingdom,"Cable House,54-62 New Broad St.,London EC2M 1JJ",1795,4,51.51684,-0.08473,"City of London, EC2M 1JJ, United Kingdom",,,,,EC2M 1JJ,,City of London,Greater London,,England,ENG,United Kingdom,gb,0.6,1,,© OpenStreetMap contributors,Open Database License,https://www.openstreetmap.org/copyright
United Kingdom,"Cable House,54-62 New Broad St.,London EC2M IJJ",1796,4,51.5169009,-0.0841235,"New Broad Street, City of London, EC2M 1NH, United Kingdom",New Broad Street,,New Broad Street,Bishopsgate,EC2M 1NH,,City of London,Greater London,,England,ENG,United Kingdom,gb,0.5103,0.81,0.81,© OpenStreetMap contributors,Open Database License,https://www.openstreetmap.org/copyright
United Kingdom,"Cain Rd.,Bracknell,Berkshire,RG12 1HL",1797,4,51.4170373,-0.7758397,"Cain Road, Binfield, RG12 1HL, United Kingdom",Cain Road,,Cain Road,Temple Park,RG12 1HL,Amen Corner,Binfield,Bracknell Forest,BRC,England,ENG,United Kingdom,gb,0.7,1,1,© OpenStreetMap contributors,Open Database License,https://www.openstreetmap.org/copyright
United Kingdom,"Cakemore Rd.Rowley Regis,Warley,West Midlands B65 0QW",1798,4,52.4783417,-2.0284431,"Sandwell, B65 0QW, United Kingdom",,,,,B65 0QW,,Sandwell,West Midlands Combined Authority,,England,ENG,United Kingdom,gb,0.6,1,,© OpenStreetMap contributors,Open Database License,https://www.openstreetmap.org/copyright
United Kingdom,"Caldwell Rd.,Nuneaton Warwickshire,CV11 4NG",1799,4,52.51167,-1.46475,"Nuneaton and Bedworth, CV11 4NG, United Kingdom",,,,,CV11 4NG,,Nuneaton and Bedworth,Warwickshire,WAR,England,ENG,United Kingdom,gb,0.6,1,,© OpenStreetMap contributors,Open Database License,https://www.openstreetmap.org/copyright
United Kingdom,"Cale Lane,New Springs,Wigan,England WN2 1JR",1800,4,53.554338,-2.5919095,"Cale Lane, Hindley, WN2 1JR, United Kingdom",Cale Lane,,Cale Lane,New Springs,WN2 1JR,,Hindley,Greater Manchester,,England,ENG,United Kingdom,gb,0.7,1,1,© OpenStreetMap contributors,Open Database License,https://www.openstreetmap.org/copyright
United Kingdom,"Cale Lane,New Springs,Wigan,WN2 1JR",1801,4,53.554338,-2.5919095,"Cale Lane, Hindley, WN2 1JR, United Kingdom",Cale Lane,,Cale Lane,New Springs,WN2 1JR,,Hindley,Greater Manchester,,England,ENG,United Kingdom,gb,0.7,1,1,© OpenStreetMap contributors,Open Database License,https://www.openstreetmap.org/copyright
United Kingdom,"Calton Sq.,1 Greenside Row,Edinburgh EH1 3AN",1802,4,55.9551872,-3.1863999,"Baillie Gifford, 1 Greenside Row, City of Edinburgh, EH1 3AN, United Kingdom",Baillie Gifford,1,Greenside Row,New Town/Broughton,EH1 3AN,Greenside,City of Edinburgh,,,Scotland,SCT,United Kingdom,gb,0.9,1,1,© OpenStreetMap contributors,Open Database License,https://www.openstreetmap.org/copyright
United Kingdom,"Calton Sq.,1 Greenside Row,Edinburgh,EH1 3AN",1803,4,55.9551872,-3.1863999,"Baillie Gifford, 1 Greenside Row, City of Edinburgh, EH1 3AN, United Kingdom",Baillie Gifford,1,Greenside Row,New Town/Broughton,EH1 3AN,Greenside,City of Edinburgh,,,Scotland,SCT,United Kingdom,gb,0.9,1,1,© OpenStreetMap contributors,Open Database License,https://www.openstreetmap.org/copyright
United Kingdom,"Calverley House,55 Calverley Rd.,Tunbridge Wells,Kent TN1 2TU",1804,4,51.1334481,0.2671531,"Calverley Road, Tunbridge Wells, TN1 2TU, United Kingdom",Calverley Road,,Calverley Road,St James,TN1 2TU,Royal Wells Park,Tunbridge Wells,Kent,KEN,England,ENG,United Kingdom,gb,0.7,1,1,© OpenStreetMap contributors,Open Database License,https://www.openstreetmap.org/copyright
United Kingdom,Cambridge,1805,4,52.2055314,0.1186637,"Cambridge, ENG, United Kingdom",,,,,,,Cambridge,Cambridgeshire,CAM,England,ENG,United Kingdom,gb,1,1,,© OpenStreetMap contributors,Open Database License,https://www.openstreetmap.org/copyright
United Kingdom,"Cambridge House,Nottingham Rd.,Stapleford Nottingham,NG9 8AB",1806,4,52.929885060000004,-1.2732972666666666,"Stapleford (Broxtowe), NG9 8AB, United Kingdom",,,,,NG9 8AB,,Broxtowe,Nottinghamshire,NTT,England,ENG,United Kingdom,gb,0.6,1,,© OpenStreetMap contributors,Open Database License,https://www.openstreetmap.org/copyright
United Kingdom,"Cambridge House,Nottingham Rd.,Stapleford,Nottingham NG9 8AB",1807,4,52.929885060000004,-1.2732972666666666,"Stapleford (Broxtowe), NG9 8AB, United Kingdom",,,,,NG9 8AB,,Broxtowe,Nottinghamshire,NTT,England,ENG,United Kingdom,gb,0.6,1,,© OpenStreetMap contributors,Open Database License,https://www.openstreetmap.org/copyright
United Kingdom,"Cambridge House,Nottingham Rd.,Stapletord Nottingham NG9 8AB",1808,4,52.929885060000004,-1.2732972666666666,"Stapleford (Broxtowe), NG9 8AB, United Kingdom",,,,,NG9 8AB,,Broxtowe,Nottinghamshire,NTT,England,ENG,United Kingdom,gb,0.6,1,,© OpenStreetMap contributors,Open Database License,https://www.openstreetmap.org/copyright
United Kingdom,"Campus 100,Maylands Ave.,Hemel Hempstead,Herfordshire,HP2 7EX",1809,4,51.7552486,-0.4371341,"Maylands Avenue, Dacorum, HP2 7FU, United Kingdom",Maylands Avenue,,Maylands Avenue,Maylands,HP2 7FU,,Dacorum,Hertfordshire,HRT,England,ENG,United Kingdom,gb,0.5,1,1,© OpenStreetMap contributors,Open Database License,https://www.openstreetmap.org/copyright
United Kingdom,"Canberra House,266-270 Gunnersbury Ave.,London W4 5QB",1810,4,51.4935846,-0.2822941,"Gunnersbury Avenue, London, W4 5QB, United Kingdom",Gunnersbury Avenue,,Gunnersbury Avenue,Grove Park,W4 5QB,London Borough of Hounslow,London,Greater London,,England,ENG,United Kingdom,gb,0.7,1,1,© OpenStreetMap contributors,Open Database License,https://www.openstreetmap.org/copyright
United Kingdom,"Canberra House,266-270 Gunnersbury Ave.,London,W4 5QB",1811,4,51.4935846,-0.2822941,"Gunnersbury Avenue, London, W4 5QB, United Kingdom",Gunnersbury Avenue,,Gunnersbury Avenue,Grove Park,W4 5QB,London Borough of Hounslow,London,Greater London,,England,ENG,United Kingdom,gb,0.7,1,1,© OpenStreetMap contributors,Open Database License,https://www.openstreetmap.org/copyright
United Kingdom,"Canbury 2000 Unit 12 E1m cresent,Kingston-Upon-Thames Surrey KT 26HJ",1812,4,51.4096275,-0.3062621,"Kingston upon Thames, KT1 1JS, United Kingdom",Kingston upon Thames,,,,KT1 1JS,,Kingston upon Thames,Greater London,,England,ENG,United Kingdom,gb,0.5522388059701493,1,,© OpenStreetMap contributors,Open Database License,https://www.openstreetmap.org/copyright
United Kingdom,"Canbury 2000 Unit 12 E1m Cresent,Kingston-Upon-Thames Surrey KT 26HJ",1813,4,51.4096275,-0.3062621,"Kingston upon Thames, KT1 1JS, United Kingdom",Kingston upon Thames,,,,KT1 1JS,,Kingston upon Thames,Greater London,,England,ENG,United Kingdom,gb,0.5522388059701493,1,,© OpenStreetMap contributors,Open Database License,https://www.openstreetmap.org/copyright
United Kingdom,"Cannon Business Park,Gough Rd.,Coseley,West Mmidlands,WV14 8XQ",1814,4,52.5467651,-2.0818709,"Gough Road, Coseley, WV14 8XS, United Kingdom",Gough Road,,Gough Road,,WV14 8XS,,Coseley,West Midlands Combined Authority,,England,ENG,United Kingdom,gb,0.45,0.9,0.9,© OpenStreetMap contributors,Open Database License,https://www.openstreetmap.org/copyright
United Kingdom,"Cannon Business Park,Gough Rd.,Coseley,West Mmidlands,WV14 8XR",1815,4,52.5467651,-2.0818709,"Gough Road, Coseley, WV14 8XS, United Kingdom",Gough Road,,Gough Road,,WV14 8XS,,Coseley,West Midlands Combined Authority,,England,ENG,United Kingdom,gb,0.45,0.9,0.9,© OpenStreetMap contributors,Open Database License,https://www.openstreetmap.org/copyright
United Kingdom,"Cannon Centre,Fl.13,78 Cannon St.,London EC4N 6HH",1816,4,51.5106986,-0.0903711,"Cannon Street, 78 Cannon Street, City of London, EC4N 6AG, United Kingdom",Cannon Street,78,Cannon Street,Vintry,EC4N 6AG,,City of London,Greater London,,England,ENG,United Kingdom,gb,0.5103000000000001,0.81,0.81,© OpenStreetMap contributors,Open Database License,https://www.openstreetmap.org/copyright
United Kingdom,Canon House Manor Rd.Wallington Surrey SM6 0AJ,1817,4,51.236528,-0.325225,"Pippbrook House, Mole Valley, RH4 1JE, United Kingdom",,,Pippbrook House,,RH4 1JE,,Mole Valley,Surrey,SRY,England,ENG,United Kingdom,gb,1,1,,© OpenStreetMap contributors,Open Database License,https://www.openstreetmap.org/copyright
United Kingdom,"Capability Green luton,Bedfordshire LU 1 3LU",1818,4,51.37192,0.545312,"Luton, Chatham, ENG, United Kingdom",Luton,,,Luton,,,Chatham,Kent,KEN,England,ENG,United Kingdom,gb,0.25,1,,Who's On First,CC0,https://www.whosonfirst.org/docs/licenses/
United Kingdom,"Capel Hendre Ind.Estate,Ammanford,Camarthenshire,Wales,SA18 3SJ",1819,4,51.780045,-4.042452419323487,"Capel Hendre Industrial Estate, Capel Hendre, SA18 3SJ, United Kingdom",Capel Hendre Industrial Estate,,,Llandybie,SA18 3SJ,,Capel Hendre,Carmarthenshire,CMN,Wales,WLS,United Kingdom,gb,1,1,,© OpenStreetMap contributors,Open Database License,https://www.openstreetmap.org/copyright
United Kingdom,"Capel Hendre Ind.Estate,Ammanford,Carmarthenshire,Wales,SA18 3SJ",1820,4,51.780045,-4.042452419323487,"Capel Hendre Industrial Estate, Capel Hendre, SA18 3SJ, United Kingdom",Capel Hendre Industrial Estate,,,Llandybie,SA18 3SJ,,Capel Hendre,Carmarthenshire,CMN,Wales,WLS,United Kingdom,gb,1,1,,© OpenStreetMap contributors,Open Database License,https://www.openstreetmap.org/copyright
United Kingdom,"Cardif,Wales",1821,4,51.4816546,-3.1791934,"Cardiff, CF10 2AF, United Kingdom",Cardiff,,,,CF10 2AF,,Cardiff,Cardiff,CRF,Wales,WLS,United Kingdom,gb,1,1,,© OpenStreetMap contributors,Open Database License,https://www.openstreetmap.org/copyright
United Kingdom,Carersham Bridge House Waterman Place Reading RG1 8DN Berkshire,1822,4,51.4648508,-0.9771551,"Waterman Place, Reading, RG1 8DN, United Kingdom",Waterman Place,,Waterman Place,Caversham,RG1 8DN,,Reading,,,England,ENG,United Kingdom,gb,0.7,1,1,© OpenStreetMap contributors,Open Database License,https://www.openstreetmap.org/copyright
United Kingdom,Carersham Bridge House Waterman Place Reading RG18DN Berkshire,1823,4,51.4648508,-0.9771551,"Waterman Place, Reading, RG1 8DN, United Kingdom",Waterman Place,,Waterman Place,Caversham,RG1 8DN,,Reading,,,England,ENG,United Kingdom,gb,0.7,1,1,© OpenStreetMap contributors,Open Database License,https://www.openstreetmap.org/copyright
United Kingdom,"Cassel Works,New Rd.,POB 8,Billingham,Stockton-on-Tees TS23 1LE",1824,4,54.5874887,-1.2756027,"New Road, Billingham, TS23 1LE, United Kingdom",New Road,,New Road,,TS23 1LE,,Billingham,Stockton-on-Tees,STT,England,ENG,United Kingdom,gb,0.7,1,1,© OpenStreetMap contributors,Open Database License,https://www.openstreetmap.org/copyright
United Kingdom,"Cassel Works,New Rd.,POB 8,Billingham,TS23 1LE",1825,4,54.5874887,-1.2756027,"New Road, Billingham, TS23 1LE, United Kingdom",New Road,,New Road,,TS23 1LE,,Billingham,Stockton-on-Tees,STT,England,ENG,United Kingdom,gb,0.7,1,1,© OpenStreetMap contributors,Open Database License,https://www.openstreetmap.org/copyright
United Kingdom,"Castle Farm Campus,Priorslee,Telford Shropshire,TF2 9SA",1826,4,52.679856,-2.40749,"Castle Farm Interchange, Shifnal, TF2 9SA, United Kingdom",,,Castle Farm Interchange,,TF2 9SA,Shifnal,Shifnal,Shropshire,SHR,England,ENG,United Kingdom,gb,0,,,© OpenStreetMap contributors,Open Database License,https://www.openstreetmap.org/copyright
United Kingdom,"Castle House,37-45 Paul St.,London,EC2A 4LS",1827,4,51.5234975,-0.084503,"National Deaf Children's Society, 37-45 Paul Street, London, EC2A 4LS, United Kingdom",National Deaf Children's Society,37-45,Paul Street,Shoreditch,EC2A 4LS,London Borough of Hackney,London,Greater London,,England,ENG,United Kingdom,gb,0.9,1,1,© OpenStreetMap contributors,Open Database License,https://www.openstreetmap.org/copyright
United Kingdom,"Caswell Rd.,Brackmills,Northampton,NN4 0PW",1828,4,52.2175079,-0.8706193,"Caswell Road, Hardingstone, NN4 7EH, United Kingdom",Caswell Road,,Caswell Road,Brackmills,NN4 7EH,,Hardingstone,West Northamptonshire,,England,ENG,United Kingdom,gb,0.63,0.7,0.7,© OpenStreetMap contributors,Open Database License,https://www.openstreetmap.org/copyright
United Kingdom,"Caswell Rd.,Brackmills,Northampton,NN4 0PW England",1829,4,52.2175079,-0.8706193,"Caswell Road, Hardingstone, NN4 7EH, United Kingdom",Caswell Road,,Caswell Road,Brackmills,NN4 7EH,,Hardingstone,West Northamptonshire,,England,ENG,United Kingdom,gb,0.63,0.9,0.9,© OpenStreetMap contributors,Open Database License,https://www.openstreetmap.org/copyright
United Kingdom,"Caswell Rd.,Brackmills,Northampton,NN4 7PW",1830,4,52.2175079,-0.8706193,"Caswell Road, Hardingstone, NN4 7EH, United Kingdom",Caswell Road,,Caswell Road,Brackmills,NN4 7EH,,Hardingstone,West Northamptonshire,,England,ENG,United Kingdom,gb,0.63,0.7,0.7,© OpenStreetMap contributors,Open Database License,https://www.openstreetmap.org/copyright
United Kingdom,"Center Point Fl.,31/32,103 New Oxford St.,London,WCIA 1RD",1831,4,51.509648,-0.099076,"London, ENG, United Kingdom",,,,,,,London,London,,England,ENG,United Kingdom,gb,0,,,Who's On First,CC0,https://www.whosonfirst.org/docs/licenses/
United Kingdom,"Central House Balfour Rd.,Hounslow Middlesex TW3 IHY",1832,4,51.4698817,-0.36507,"Balfour Road, London, TW3 1JX, United Kingdom",Balfour Road,,Balfour Road,Lampton,TW3 1JX,London Borough of Hounslow,London,Greater London,,England,ENG,United Kingdom,gb,0.44099999999999995,0.7,0.7,© OpenStreetMap contributors,Open Database License,https://www.openstreetmap.org/copyright
United Kingdom,"Central House,Balfour Rd.,Hounslow Middlesex TW3 1HY",1833,4,51.4698817,-0.36507,"Balfour Road, London, TW3 1JX, United Kingdom",Balfour Road,,Balfour Road,Lampton,TW3 1JX,London Borough of Hounslow,London,Greater London,,England,ENG,United Kingdom,gb,0.44099999999999995,0.7,0.7,© OpenStreetMap contributors,Open Database License,https://www.openstreetmap.org/copyright
United Kingdom,"Central House,Balfour Rd.,Hounslow Middlesex,TW3 1HY",1834,4,51.4698817,-0.36507,"Balfour Road, London, TW3 1JX, United Kingdom",Balfour Road,,Balfour Road,Lampton,TW3 1JX,London Borough of Hounslow,London,Greater London,,England,ENG,United Kingdom,gb,0.44099999999999995,0.7,0.7,© OpenStreetMap contributors,Open Database License,https://www.openstreetmap.org/copyright
United Kingdom,"Centre Point(18th Fl.),103 New Oxford St.,London WC1A IEB",1835,4,51.5161979,-0.12974178014204607,"Centre Point Tower, 101-103 New Oxford Street, London, WC1A 1DB, United Kingdom",Centre Point Tower,101-103,New Oxford Street,Bloomsbury,WC1A 1DB,London Borough of Camden,London,Greater London,,England,ENG,United Kingdom,gb,0.5670000000000001,1,1,© OpenStreetMap contributors,Open Database License,https://www.openstreetmap.org/copyright
United Kingdom,"Centre Point(18th Fl.),103 New Oxford St.,London,WC1A IEB",1836,4,51.5161979,-0.12974178014204607,"Centre Point Tower, 101-103 New Oxford Street, London, WC1A 1DB, United Kingdom",Centre Point Tower,101-103,New Oxford Street,Bloomsbury,WC1A 1DB,London Borough of Camden,London,Greater London,,England,ENG,United Kingdom,gb,0.5670000000000001,1,1,© OpenStreetMap contributors,Open Database License,https://www.openstreetmap.org/copyright
United Kingdom,"CEVA House,5 Excelsior Rd.,Ashby Park,Ashby de la Zouch,Leicestershire,LE65 1NG",1837,4,52.7493654,-1.4509832,"Excelsior Road, North West Leicestershire, LE65 1NU, United Kingdom",Excelsior Road,,Excelsior Road,Ashby Park,LE65 1NU,,North West Leicestershire,Leicestershire,LEC,England,ENG,United Kingdom,gb,0.63,1,1,© OpenStreetMap contributors,Open Database License,https://www.openstreetmap.org/copyright
United Kingdom,"Chacery House 53/64 Chancery Lane,London WC2A 1QS",1838,4,51.5172003,-0.1125776,"The London Silver Vaults, 53-64 Chancery Lane, City of London, WC2A 3UE, United Kingdom",The London Silver Vaults,53-64,Chancery Lane,Blackfriars,WC2A 3UE,,City of London,Greater London,,England,ENG,United Kingdom,gb,0.5103000000000001,0.81,0.81,© OpenStreetMap contributors,Open Database License,https://www.openstreetmap.org/copyright
United Kingdom,"Challenge House Sherwood Dr.,Bletchley,Milton Keynes,MK3 6DP",1839,4,51.9935481,-0.7383854,"Sherwood Drive, Milton Keynes, MK3 5JJ, United Kingdom",Sherwood Drive,,Sherwood Drive,Old Bletchley,MK3 5JJ,,Milton Keynes,City of Milton Keynes,,England,ENG,United Kingdom,gb,0.5103,1,1,© OpenStreetMap contributors,Open Database License,https://www.openstreetmap.org/copyright
United Kingdom,"Challenge House Sherwood Dr.Bletchley,Milton Keynes MK3 6DP",1840,4,52.00148935,-0.7401926410745827,"Sherwood Drive, Milton Keynes, MK3 6HZ, United Kingdom",,,Sherwood Drive,Old Bletchley,MK3 6HZ,,Milton Keynes,City of Milton Keynes,,England,ENG,United Kingdom,gb,0,1,,© OpenStreetMap contributors,Open Database License,https://www.openstreetmap.org/copyright
United Kingdom,Chapel St. Melbourne Derbyshire DE7 1EH,1841,4,52.824522,-1.427923,"Chapel Street, Melbourne, DE7 1EH, United Kingdom",,,Chapel Street,,DE7 1EH,Melbourne Civil Parish,Melbourne,Derbyshire,DBY,England,ENG,United Kingdom,gb,0.5,1,1,© OpenStreetMap contributors,Open Database License,https://www.openstreetmap.org/copyright
United Kingdom,Chapel St.Melbourne Derbyshire DE7 1EH,1842,4,53.306973,-1.631135,"Padley Chapel, Grindleford, S32 2HE, United Kingdom",,,Padley Chapel,Fox House,S32 2HE,Grindleford,Grindleford,Derbyshire,DBY,England,ENG,United Kingdom,gb,0,,,© OpenStreetMap contributors,Open Database License,https://www.openstreetmap.org/copyright
United Kingdom,"Chapel St.Melbourne Derbyshire,DE73 8JF",1843,4,52.82832,-1.41995,"Melbourne CP (South Derbyshire), DE73 8JF, United Kingdom",,,,,DE73 8JF,,South Derbyshire,Derbyshire,DBY,England,ENG,United Kingdom,gb,0.6,1,,© OpenStreetMap contributors,Open Database License,https://www.openstreetmap.org/copyright
United Kingdom,"Chapmans Park Industrial Estate 378 High Rd.,Willesden,London N.W.10",1844,4,51.547653,-0.225155,"High Road, London, NW10 2QG, United Kingdom",,,High Road,Willesden Green,NW10 2QG,Brent,London,London,,England,ENG,United Kingdom,gb,0.45,0.9,0.9,© OpenStreetMap contributors,Open Database License,https://www.openstreetmap.org/copyright
United Kingdom,"Charles House,5-11 Regent St.,London,SW1Y 4LR",1845,4,51.5083755,-0.1338267,"Ryman's, 5-11 Regent Street St James's, London, SW1Y 4LR, United Kingdom",Ryman's,5-11,Regent Street St James's,Covent Garden,SW1Y 4LR,St. James's,London,Greater London,,England,ENG,United Kingdom,gb,0.81,1,0.9,© OpenStreetMap contributors,Open Database License,https://www.openstreetmap.org/copyright
United Kingdom,"Charlesdene House,Sandy Lane,Woburn Stands,Milton Keynes,MK17 8TT",1846,4,52.0077994,-0.6476837,"Sandy Lane, Aspley Heath, MK17 8TT, United Kingdom",Sandy Lane,,Sandy Lane,,MK17 8TT,,Aspley Heath,Central Bedfordshire,CBF,England,ENG,United Kingdom,gb,0.7,1,1,© OpenStreetMap contributors,Open Database License,https://www.openstreetmap.org/copyright
United Kingdom,"Cheapside House 138 Cheapside,London EC2V 6BL",1847,4,51.5145702,-0.0957394,"Barnett Waddingham, 138 Cheapside, City of London, EC2V 6BJ, United Kingdom",Barnett Waddingham,138,Cheapside,Cheap,EC2V 6BJ,,City of London,Greater London,,England,ENG,United Kingdom,gb,0.5103000000000001,0.81,0.81,© OpenStreetMap contributors,Open Database License,https://www.openstreetmap.org/copyright
United Kingdom,Cherry Blossom Way Sunderland SR5 3QZ,1848,4,54.9124275,-1.4885397,"Cherry Blossom Way, Sunderland, SR5 3PL, United Kingdom",Cherry Blossom Way,,Cherry Blossom Way,Sulgrave,SR5 3PL,,Sunderland,Tyne and Wear,,England,ENG,United Kingdom,gb,0.63,1,1,© OpenStreetMap contributors,Open Database License,https://www.openstreetmap.org/copyright
United Kingdom,"Cherry Blossom Way Sunderland,Tyne & Wear England SR5-3TW",1849,4,54.915269699999996,-1.490768015756824,"Cherry Blossom Way, Sunderland, United Kingdom",Cherry Blossom Way,,Cherry Blossom Way,Sulgrave,,,Sunderland,Tyne and Wear,,England,ENG,United Kingdom,gb,0.7875,1,0.9,© OpenStreetMap contributors,Open Database License,https://www.openstreetmap.org/copyright
United Kingdom,"Cherry Blossom Way,Sunderland,SR5 3QZ",1850,4,54.9124275,-1.4885397,"Cherry Blossom Way, Sunderland, SR5 3PL, United Kingdom",Cherry Blossom Way,,Cherry Blossom Way,Sulgrave,SR5 3PL,,Sunderland,Tyne and Wear,,England,ENG,United Kingdom,gb,0.63,1,1,© OpenStreetMap contributors,Open Database License,https://www.openstreetmap.org/copyright
United Kingdom,"Cherry Blossom Way,Sunderland,Tyne & Wear England SR5 3TW.",1851,4,54.9124275,-1.4885397,"Cherry Blossom Way, Sunderland, SR5 3PL, United Kingdom",Cherry Blossom Way,,Cherry Blossom Way,Sulgrave,SR5 3PL,,Sunderland,Tyne and Wear,,England,ENG,United Kingdom,gb,0.63,1,1,© OpenStreetMap contributors,Open Database License,https://www.openstreetmap.org/copyright
United Kingdom,"Cherry Blossom Way,Sunderland,Tyne & Wear SR5 3TW",1852,4,54.915269699999996,-1.490768015756824,"Cherry Blossom Way, Sunderland, United Kingdom",Cherry Blossom Way,,Cherry Blossom Way,Sulgrave,,,Sunderland,Tyne and Wear,,England,ENG,United Kingdom,gb,0.6893617021276596,0.9,0.81,© OpenStreetMap contributors,Open Database License,https://www.openstreetmap.org/copyright
United Kingdom,"Cherry Blossom Way,Sunderland,Tyne & Wear,SR5 3NT",1853,4,54.915269699999996,-1.490768015756824,"Cherry Blossom Way, Sunderland, United Kingdom",Cherry Blossom Way,,Cherry Blossom Way,Sulgrave,,,Sunderland,Tyne and Wear,,England,ENG,United Kingdom,gb,0.6867391304347826,0.9,0.81,© OpenStreetMap contributors,Open Database License,https://www.openstreetmap.org/copyright
United Kingdom,"Cherry Blossom Way,Sunderland,Tyne & Wear,SR5 3QZ",1854,4,54.915269699999996,-1.490768015756824,"Cherry Blossom Way, Sunderland, United Kingdom",Cherry Blossom Way,,Cherry Blossom Way,Sulgrave,,,Sunderland,Tyne and Wear,,England,ENG,United Kingdom,gb,0.6867391304347826,0.9,0.81,© OpenStreetMap contributors,Open Database License,https://www.openstreetmap.org/copyright
United Kingdom,"Cherry Blossom Way,Sunderland,Tyne and Wear,SR5 3QZ",1855,4,54.9124275,-1.4885397,"Cherry Blossom Way, Sunderland, SR5 3PL, United Kingdom",Cherry Blossom Way,,Cherry Blossom Way,Sulgrave,SR5 3PL,,Sunderland,Tyne and Wear,,England,ENG,United Kingdom,gb,0.63,1,1,© OpenStreetMap contributors,Open Database License,https://www.openstreetmap.org/copyright
United Kingdom,"Cherry Orchard West Kembrey Park Swindon Wiltshire,SN2 8UP",1856,4,51.56265,-1.756725,"Swindon, England, United Kingdom",Swindon,,,,SN2 8UP,,,Swindon,SWD,England,ENG,United Kingdom,gb,0.125,,,Who's On First,CC0,https://www.whosonfirst.org/docs/licenses/
United Kingdom,Chesterfield,1857,4,53.2352134,-1.4264097,"yes, Chesterfield, ENG, United Kingdom",,,,,,yes,Chesterfield,Derbyshire,DBY,England,ENG,United Kingdom,gb,1,1,,© OpenStreetMap contributors,Open Database License,https://www.openstreetmap.org/copyright
United Kingdom,"Chesterford Research Park Little Chesterford Saffron Walden Essex,CB10 1XL",1858,4,52.056397,0.234807,"Chesterford Research Park, Little Chesterford, CB10 1XL, United Kingdom",,,Chesterford Research Park,,CB10 1XL,Little Chesterford,Little Chesterford,Essex,ESS,England,ENG,United Kingdom,gb,0.5,0.5,,© OpenStreetMap contributors,Open Database License,https://www.openstreetmap.org/copyright
United Kingdom,"Chetwynd Business Park,5 Regan Way,Chilwell Nottingham,NG9 6RZ",1859,4,52.9074933,-1.2490040111642564,"First Response Finance Ltd, 5 Regan Way, Nottingham, NG9 6RZ, United Kingdom",First Response Finance Ltd,5,Regan Way,Chilwell,NG9 6RZ,,Nottingham,Nottinghamshire,NTT,England,ENG,United Kingdom,gb,0.9,1,1,© OpenStreetMap contributors,Open Database License,https://www.openstreetmap.org/copyright
United Kingdom,"Chiltern Hill,Chalfont St.Peter Bucks SL9 9UG",1860,4,51.607032,-0.551338,"Chiltern Hill, Chalfont Saint Peter, SL9 9UG, United Kingdom",,,Chiltern Hill,,SL9 9UG,Chalfont St. Peter,Chalfont Saint Peter,Buckinghamshire,BKM,England,ENG,United Kingdom,gb,0.08282828282828282,0.26666666666666666,0.26666666666666666,© OpenStreetMap contributors,Open Database License,https://www.openstreetmap.org/copyright
United Kingdom,"Chiltern Hill,Chalfont St.Peter Gerrards Cross,Bucks,SL9 9UG",1861,4,51.60741,-0.56181,"Chalfont & Gerrards Cross Hospital, Chalfont Saint Peter, SL9 9UG, United Kingdom",Chalfont & Gerrards Cross Hospital,,,,SL9 9UG,Chalfont St. Peter,Chalfont Saint Peter,Buckinghamshire,BKM,England,ENG,United Kingdom,gb,0.5755263157894738,0.3076923076923077,,GeoNames,CC BY 4.0,https://www.geonames.org/datasources/
United Kingdom,"Chiltern Place,Chalfont Park,Gerrards Cross,Buckinghamshire,SL9 0BG",1862,4,51.5966201,-0.5479943,"Chalfont Park, Gerrards Cross, SL9 0GA, United Kingdom",Chalfont Park,,Chalfont Park,Chalfont St. Peter,SL9 0GA,"Denham, Gerrards Cross and Chalfonts Community Board",Gerrards Cross,Buckinghamshire,BKM,England,ENG,United Kingdom,gb,0.63,1,1,© OpenStreetMap contributors,Open Database License,https://www.openstreetmap.org/copyright
United Kingdom,"Chilton Way,Chilton Ind.Estate,Chilton,Ferryhill,County Durham,DL17 0SD",1863,4,54.6673659,-1.564186,"Chilton Way, Chilton, DL17 0SD, United Kingdom",Chilton Way,,Chilton Way,Chilton,DL17 0SD,,Chilton,County Durham,,England,ENG,United Kingdom,gb,0.640909090909091,1,0.9,© OpenStreetMap contributors,Open Database License,https://www.openstreetmap.org/copyright
United Kingdom,"Chilton Way,Chilton Ind.Estate,Chilton,Ferryhill,Durham DL17 0SD",1864,4,54.6673659,-1.564186,"Chilton Way, Chilton, DL17 0SD, United Kingdom",Chilton Way,,Chilton Way,Chilton,DL17 0SD,,Chilton,County Durham,,England,ENG,United Kingdom,gb,0.765,1,0.9,© OpenStreetMap contributors,Open Database License,https://www.openstreetmap.org/copyright
United Kingdom,"Chilton Way,Chilton Ind.Estate,Chilton,Ferryhill,Durham DL17 OSD",1865,4,54.677949,-1.530998,"Chilton Lane, Ferryhill, DL17 OSD, United Kingdom",,,Chilton Lane,,DL17 OSD,Ferryhill Civil Parish,Ferryhill,Durham,DUR,England,ENG,United Kingdom,gb,0.416745,0.567,0.5103,© OpenStreetMap contributors,Open Database License,https://www.openstreetmap.org/copyright
United Kingdom,"Christchurch Rd.,Baglan Ind.Park,Port Talbot,SA12 7BZ",1866,4,51.6044363,-3.8115867,"Christchurch Road, Port Talbot, SA12 7BZ, United Kingdom",Christchurch Road,,Christchurch Road,Baglan Moors,SA12 7BZ,,Port Talbot,Neath Port Talbot,NTL,Wales,WLS,United Kingdom,gb,0.7,1,1,© OpenStreetMap contributors,Open Database License,https://www.openstreetmap.org/copyright
United Kingdom,"Christchurch Rd.Baglan Ind.Park Port Talbot,SA12 7BZ",1867,4,51.59680495,-3.7617348612573114,"Port Talbot, Neath Port Talbot, WLS, United Kingdom",,,,Port Talbot,,,,Neath Port Talbot,NTL,Wales,WLS,United Kingdom,gb,0.25,1,,© OpenStreetMap contributors,Open Database License,https://www.openstreetmap.org/copyright
United Kingdom,"CI Tower St.Georges Square,High St.,New Malden,Surrey,KT3 4HH",1868,4,51.3585582,-0.2139022,"High Street, London, SM3 8RW, United Kingdom",High Street,,High Street,,SM3 8RW,London Borough of Sutton,London,Greater London,,England,ENG,United Kingdom,gb,0,0.2222222222222222,0.2222222222222222,© OpenStreetMap contributors,Open Database License,https://www.openstreetmap.org/copyright
United Kingdom,"City Place House,55 Basinghall St.,London EC2V 5DJ",1869,4,51.5169515,-0.091456,"55 Basinghall Avenue, City of London, EC2V 5DE, United Kingdom",,55,Basinghall Avenue,Barbican,EC2V 5DE,,City of London,Greater London,,England,ENG,United Kingdom,gb,0.5103,0.81,0.81,© OpenStreetMap contributors,Open Database License,https://www.openstreetmap.org/copyright
United Kingdom,"City Place House,55 Basinghall St.,London EC2V 5DQ",1870,4,51.5169515,-0.091456,"55 Basinghall Avenue, City of London, EC2V 5DE, United Kingdom",,55,Basinghall Avenue,Barbican,EC2V 5DE,,City of London,Greater London,,England,ENG,United Kingdom,gb,0.5103,0.81,0.81,© OpenStreetMap contributors,Open Database License,https://www.openstreetmap.org/copyright
United Kingdom,"City Place House,55 Basinghall St.London EC2V 5DJ",1871,4,51.5644928,-0.1072119,"GAIL's, 15 City North Place, London, N4 3HQ, United Kingdom",GAIL's,15,City North Place,Finsbury Park,N4 3HQ,London Borough of Islington,London,Greater London,,England,ENG,United Kingdom,gb,0.010848214285714287,0.28125,0.253125,© OpenStreetMap contributors,Open Database License,https://www.openstreetmap.org/copyright
United Kingdom,"City Point 1,Ropemaker St.,London EC2Y 9NY",1872,4,51.5189972,-0.0897507,"The Refinery, 1 Ropemaker Street, City of London, EC2Y 9AW, United Kingdom",The Refinery,1,Ropemaker Street,Barbican,EC2Y 9AW,,City of London,Greater London,,England,ENG,United Kingdom,gb,0.5103000000000001,0.81,0.81,© OpenStreetMap contributors,Open Database License,https://www.openstreetmap.org/copyright
United Kingdom,"City Point 1,Ropemaker St.,London,EC2Y 9NY",1873,4,51.5189972,-0.0897507,"The Refinery, 1 Ropemaker Street, City of London, EC2Y 9AW, United Kingdom",The Refinery,1,Ropemaker Street,Barbican,EC2Y 9AW,,City of London,Greater London,,England,ENG,United Kingdom,gb,0.5103000000000001,0.81,0.81,© OpenStreetMap contributors,Open Database License,https://www.openstreetmap.org/copyright
United Kingdom,"City Point,1 Ropemaker St.,London,EC2Y 9NY",1874,4,51.5189972,-0.0897507,"The Refinery, 1 Ropemaker Street, City of London, EC2Y 9AW, United Kingdom",The Refinery,1,Ropemaker Street,Barbican,EC2Y 9AW,,City of London,Greater London,,England,ENG,United Kingdom,gb,0.5103000000000001,0.81,0.81,© OpenStreetMap contributors,Open Database License,https://www.openstreetmap.org/copyright
United Kingdom,"City Rd.,Derby DE1 3RP",1875,4,52.9298982,-1.4751127,"City Road, Derby, DE1 3RP, United Kingdom",City Road,,City Road,Little Chester,DE1 3RP,Cathedral Quarter,Derby,Derby,DER,England,ENG,United Kingdom,gb,0.7,1,1,© OpenStreetMap contributors,Open Database License,https://www.openstreetmap.org/copyright
United Kingdom,"City Tower 40,Basing Holl St.,London EC2V 5DE",1876,4,51.51703,-0.09127,"City of London, EC2V 5DE, United Kingdom",,,,,EC2V 5DE,,City of London,Greater London,,England,ENG,United Kingdom,gb,0.6,1,,© OpenStreetMap contributors,Open Database License,https://www.openstreetmap.org/copyright
United Kingdom,"City Tower 40,Basinghall St.,London,EC2V 5DE",1877,4,51.5168981,-0.0913745,"Basinghall Avenue, City of London, EC2V 5DE, United Kingdom",Basinghall Avenue,,Basinghall Avenue,Barbican,EC2V 5DE,,City of London,Greater London,,England,ENG,United Kingdom,gb,0.7,1,1,© OpenStreetMap contributors,Open Database License,https://www.openstreetmap.org/copyright
United Kingdom,"City Tower 40,Basinghall St.,London,EC2V DE",1878,4,51.5169364,-0.092117,"Basinghall Street, City of London, EC2V 5DU, United Kingdom",Basinghall Street,,Basinghall Street,Barbican,EC2V 5DU,,City of London,Greater London,,England,ENG,United Kingdom,gb,0,,,© OpenStreetMap contributors,Open Database License,https://www.openstreetmap.org/copyright
United Kingdom,"City Tower,40 Basinghall St.,London EC2V 5DE",1879,4,51.5168981,-0.0913745,"Basinghall Avenue, City of London, EC2V 5DE, United Kingdom",Basinghall Avenue,,Basinghall Avenue,Barbican,EC2V 5DE,,City of London,Greater London,,England,ENG,United Kingdom,gb,0.7,1,1,© OpenStreetMap contributors,Open Database License,https://www.openstreetmap.org/copyright
United Kingdom,"City Tower,40 Basinghall St.London EC2",1880,4,51.800168,1.019509,"40 Tower Estate, St. Osyth, CO16 8NG, United Kingdom",,40,Tower Estate,,CO16 8NG,St. Osyth,St. Osyth,Essex,ESS,England,ENG,United Kingdom,gb,0,,,© OpenStreetMap contributors,Open Database License,https://www.openstreetmap.org/copyright
United Kingdom,"City Tower,40 Basinghall Street London EC2",1881,4,51.5161585,-0.0912418,"40 Basinghall Street, City of London, EC2V 5DH, United Kingdom",,40,Basinghall Street,Barbican,EC2V 5DH,City of London,City of London,London,,England,ENG,United Kingdom,gb,0.5103,0.81,0.81,,,
United Kingdom,"City Tower,Level 16,40 Basinghall St.,London EC2V 5DE",1882,4,51.5168981,-0.0913745,"Basinghall Avenue, City of London, EC2V 5DE, United Kingdom",Basinghall Avenue,,Basinghall Avenue,Barbican,EC2V 5DE,,City of London,Greater London,,England,ENG,United Kingdom,gb,0.7,1,1,© OpenStreetMap contributors,Open Database License,https://www.openstreetmap.org/copyright
United Kingdom,"Citypoint 1,Ropemaker St.,London,EC2Y 9HT",1883,4,51.5189972,-0.0897507,"The Refinery, 1 Ropemaker Street, City of London, EC2Y 9AW, United Kingdom",The Refinery,1,Ropemaker Street,Barbican,EC2Y 9AW,,City of London,Greater London,,England,ENG,United Kingdom,gb,0.5103000000000001,0.81,0.81,© OpenStreetMap contributors,Open Database License,https://www.openstreetmap.org/copyright
United Kingdom,"Citypoint 1,Ropemaker St.,London,EC2Y 9NY",1884,4,51.5189972,-0.0897507,"The Refinery, 1 Ropemaker Street, City of London, EC2Y 9AW, United Kingdom",The Refinery,1,Ropemaker Street,Barbican,EC2Y 9AW,,City of London,Greater London,,England,ENG,United Kingdom,gb,0.5103000000000001,0.81,0.81,© OpenStreetMap contributors,Open Database License,https://www.openstreetmap.org/copyright
United Kingdom,"Citypoint Rm.1032,1 Ropemaker St.,London,EC2Y 9HT",1885,4,51.5194206,-0.088153,"Ropemaker Street, London, EC2Y 9AL, United Kingdom",Ropemaker Street,,Ropemaker Street,Finsbury,EC2Y 9AL,London Borough of Islington,London,Greater London,,England,ENG,United Kingdom,gb,0.63,1,1,© OpenStreetMap contributors,Open Database License,https://www.openstreetmap.org/copyright
United Kingdom,"Citypoint Rm.1032,1,Ropemaker St.,London,EC2Y 9HT",1886,4,51.5194206,-0.088153,"Ropemaker Street, London, EC2Y 9AL, United Kingdom",Ropemaker Street,,Ropemaker Street,Finsbury,EC2Y 9AL,London Borough of Islington,London,Greater London,,England,ENG,United Kingdom,gb,0.63,1,1,© OpenStreetMap contributors,Open Database License,https://www.openstreetmap.org/copyright
United Kingdom,Clark Av.Porte Marsh Ind.Estate Calne Wiltshire SN11 9BS,1887,4,51.448443,-1.998749,"Porte Marsh Industrial Estate, Calne, SN11 9BS, United Kingdom",,,Porte Marsh Industrial Estate,,SN11 9BS,Calne Civil Parish,Calne,Wiltshire,WIL,England,ENG,United Kingdom,gb,0.63,1,0.63,© OpenStreetMap contributors,Open Database License,https://www.openstreetmap.org/copyright
United Kingdom,"Clearwater Rd.,Queensway Meadows Ind.Estate,Newport,Gwent NP19 4ST",1888,4,51.5690458,-2.9440889,"Clearwater Road, Newport, NP19 4SL, United Kingdom",Clearwater Road,,Clearwater Road,Liswerry,NP19 4SL,Nash Community,Newport,Monmouthshire,MON,Wales,WLS,United Kingdom,gb,0.63,1,1,© OpenStreetMap contributors,Open Database License,https://www.openstreetmap.org/copyright
United Kingdom,"Clearwater Rd.,Queensway Meadows Ind.Estate,Newport,Gwent NP9 0ST",1889,4,50.699777,-1.297673,"Newport Civil Parish (Newport), ENG, United Kingdom",,,,,,Newport Civil Parish,Newport,Isle of Wight,IOW,England,ENG,United Kingdom,gb,0.25,1,,Who's On First,CC0,https://www.whosonfirst.org/docs/licenses/
United Kingdom,"Clearwater Rd.,Queensway Meadows Ind.Estate,Newport,Gwent,NP19 4ST",1890,4,51.5690458,-2.9440889,"Clearwater Road, Newport, NP19 4SL, United Kingdom",Clearwater Road,,Clearwater Road,Liswerry,NP19 4SL,Nash Community,Newport,Monmouthshire,MON,Wales,WLS,United Kingdom,gb,0.63,1,1,© OpenStreetMap contributors,Open Database License,https://www.openstreetmap.org/copyright
United Kingdom,"Cleeve Rd.,Leatherhead,Surrey,KT22 7SA",1891,4,51.3047169,-0.3343648,"Cleeve Road, Mole Valley, KT22 7NG, United Kingdom",Cleeve Road,,Cleeve Road,,KT22 7NG,,Mole Valley,Surrey,SRY,England,ENG,United Kingdom,gb,0.63,1,1,© OpenStreetMap contributors,Open Database License,https://www.openstreetmap.org/copyright
United Kingdom,"Clifton House 83-89 Uxbridge Rd.,Ealing,London W5 5TA",1892,4,51.5120272,-0.3124801,"86 Uxbridge Road, London, W5 5TA, United Kingdom",,86,Uxbridge Road,Drayton Green,W5 5TA,Ealing,London,London,,England,ENG,United Kingdom,gb,0.63,1,1,,,
United Kingdom,"Clittaford Rd.-Southway,Plymouth PL6 6BE",1893,4,50.428754,-4.134928,"Clittaford Road, Plymouth, PL6 6BE, United Kingdom",,,Clittaford Road,,PL6 6BE,,Plymouth,Devon,DEV,England,ENG,United Kingdom,gb,1,1,,© OpenStreetMap contributors,Open Database License,https://www.openstreetmap.org/copyright
United Kingdom,"Clittaford Rd.,Southway,Plymouth,PL6 6DE",1894,4,50.4282697,-4.1350933,"Clittaford Road, Plymouth, PL6 6DT, United Kingdom",Clittaford Road,,Clittaford Road,Southway,PL6 6DT,,Plymouth,,,England,ENG,United Kingdom,gb,0.63,1,1,© OpenStreetMap contributors,Open Database License,https://www.openstreetmap.org/copyright
United Kingdom,"Clivemont Rd.,Cordwallis Park Maidenhead Berkshire SL6 7BU",1895,4,51.530404,-0.725681,"Clivemont Road, Maidenhead, SL6 7EP, United Kingdom",Clivemont Road,,Clivemont Road,North Town,SL6 7EP,,Maidenhead,Royal Borough of Windsor and Maidenhead,,England,ENG,United Kingdom,gb,0.44099999999999995,1,1,© OpenStreetMap contributors,Open Database License,https://www.openstreetmap.org/copyright
United Kingdom,"Clivemont Rd.,Cordwallis Park Maidenhead Berkshire,SL6 7BU",1896,4,51.530404,-0.725681,"Clivemont Road, Maidenhead, SL6 7EP, United Kingdom",Clivemont Road,,Clivemont Road,North Town,SL6 7EP,,Maidenhead,Royal Borough of Windsor and Maidenhead,,England,ENG,United Kingdom,gb,0.44099999999999995,1,1,© OpenStreetMap contributors,Open Database License,https://www.openstreetmap.org/copyright
United Kingdom,"Clivemont Rd.,Cordwallis Park Maidenhead Berkshire,SL6 7BZ",1897,4,51.530404,-0.725681,"Clivemont Road, Maidenhead, SL6 7EP, United Kingdom",Clivemont Road,,Clivemont Road,North Town,SL6 7EP,,Maidenhead,Royal Borough of Windsor and Maidenhead,,England,ENG,United Kingdom,gb,0.44099999999999995,1,1,© OpenStreetMap contributors,Open Database License,https://www.openstreetmap.org/copyright
United Kingdom,Coast Rd.Wallsend Tyne and Wear NE28 9HR,1898,4,54.9994555,-1.5468453,"Coast Road Cycleway, North Tyneside, NE28 8AU, United Kingdom",Coast Road,,Coast Road Cycleway,Benton,NE28 8AU,,North Tyneside,North of Tyne,,England,ENG,United Kingdom,gb,0.567,0.9,,© OpenStreetMap contributors,Open Database License,https://www.openstreetmap.org/copyright
United Kingdom,"Coast Rd.Wallsend,Tyne and Wear,NE28 9NR",1899,4,54.9994555,-1.5468453,"Coast Road Cycleway, North Tyneside, NE28 8AU, United Kingdom",Coast Road,,Coast Road Cycleway,Benton,NE28 8AU,,North Tyneside,North of Tyne,,England,ENG,United Kingdom,gb,0.567,0.9,,© OpenStreetMap contributors,Open Database License,https://www.openstreetmap.org/copyright
United Kingdom,"Colindeep Lane,London NW9 6HE",1900,4,51.5912692,-0.2556135,"Colindeep Lane, London, NW9 6FL, United Kingdom",Colindeep Lane,,Colindeep Lane,Colindale,NW9 6FL,London Borough of Barnet,London,Greater London,,England,ENG,United Kingdom,gb,0.63,1,1,© OpenStreetMap contributors,Open Database License,https://www.openstreetmap.org/copyright
United Kingdom,"Colindeep Lane,London NW9 6HZ",1901,4,51.5912692,-0.2556135,"Colindeep Lane, London, NW9 6FL, United Kingdom",Colindeep Lane,,Colindeep Lane,Colindale,NW9 6FL,London Borough of Barnet,London,Greater London,,England,ENG,United Kingdom,gb,0.63,1,1,© OpenStreetMap contributors,Open Database License,https://www.openstreetmap.org/copyright
United Kingdom,"Coliseum Business Center,Riverside Way Camberley,Surrey GU15 3YL",1902,4,51.3288789,-0.7643592,"Surrey Heath, GU15 3YL, United Kingdom",,,,,GU15 3YL,,Surrey Heath,Surrey,SRY,England,ENG,United Kingdom,gb,0.6,1,,© OpenStreetMap contributors,Open Database License,https://www.openstreetmap.org/copyright
United Kingdom,"Coliseum Business Centre Riverside Way,Camberley,Surrey,GU15 3YL",1903,4,51.3288789,-0.7643592,"Surrey Heath, GU15 3YL, United Kingdom",,,,,GU15 3YL,,Surrey Heath,Surrey,SRY,England,ENG,United Kingdom,gb,0.6,1,,© OpenStreetMap contributors,Open Database License,https://www.openstreetmap.org/copyright
United Kingdom,"Coliseum Business Centre,Riverside Way Camberley,Surrey,GU15 3YL",1904,4,51.3288789,-0.7643592,"Surrey Heath, GU15 3YL, United Kingdom",,,,,GU15 3YL,,Surrey Heath,Surrey,SRY,England,ENG,United Kingdom,gb,0.6,1,,© OpenStreetMap contributors,Open Database License,https://www.openstreetmap.org/copyright
United Kingdom,"Commerce Way,Leighton Buzzard,Bedfordshrine,LU7 4RW",1905,4,51.9165794,-0.6620551,"Leighton Buzzard, LU7 1EE, United Kingdom",Leighton Buzzard,,,,LU7 1EE,,Leighton Buzzard,Central Bedfordshire,CBF,England,ENG,United Kingdom,gb,0.875,0.7,,© OpenStreetMap contributors,Open Database License,https://www.openstreetmap.org/copyright
United Kingdom,"Commonwealth House Hammersmith Int'l Centre 2 Chalkhill Rd.,Hammersmith,London W6 8DW",1906,4,51.563369,-0.2732665,"Chalkhill Road, London, HA9 9UG, United Kingdom",Chalkhill Road,,Chalkhill Road,Preston,HA9 9UG,London Borough of Brent,London,Greater London,,England,ENG,United Kingdom,gb,0.5,1,1,© OpenStreetMap contributors,Open Database License,https://www.openstreetmap.org/copyright
United Kingdom,"Commonwealth House Hammersmith Int'l Centre 2,Chalkhill Rd.,London W6 8DW",1907,4,51.563369,-0.2732665,"Chalkhill Road, London, HA9 9UG, United Kingdom",Chalkhill Road,,Chalkhill Road,Preston,HA9 9UG,London Borough of Brent,London,Greater London,,England,ENG,United Kingdom,gb,0.5,1,1,© OpenStreetMap contributors,Open Database License,https://www.openstreetmap.org/copyright