original_countryname,original_AddressAlph,original_address_id,original_group,lat,lon,formatted,housenumber,name,street,postcode,district,suburb,county_code,city,county,state,state_code,country,country_code,confidence,confidence_city_level,confidence_street_level,attribution,attribution_license,attribution_url
United Kingdom,"Commonwealth House,2 Chalkhill Rd.,Hammersmith London W6 8DW",1908,5,51.563369,-0.2732665,"Chalkhill Road, London, HA9 9UG, United Kingdom",,Chalkhill Road,Chalkhill Road,HA9 9UG,London Borough of Brent,Preston,,London,Greater London,England,ENG,United Kingdom,gb,0.5,1,1,© OpenStreetMap contributors,Open Database License,https://www.openstreetmap.org/copyright
United Kingdom,"Commonwealth House,Hammersmith Int'l Center,2 Chalkhill Rd.,Hammersmith,London W6 8DW",1909,5,51.563369,-0.2732665,"Chalkhill Road, London, HA9 9UG, United Kingdom",,Chalkhill Road,Chalkhill Road,HA9 9UG,London Borough of Brent,Preston,,London,Greater London,England,ENG,United Kingdom,gb,0.5,1,1,© OpenStreetMap contributors,Open Database License,https://www.openstreetmap.org/copyright
United Kingdom,"Commonwealth House(5th Fl.)Hammer Smith Int'l Centre 2 Chalkhill Rd.,Hammer Smith,London W6 8DW",1910,5,51.4954818,-0.2279596,"2 Kilmarsh Road, London, W6 0PL, United Kingdom",2,,Kilmarsh Road,W6 0PL,London Borough of Hammersmith and Fulham,Brook Green,,London,Greater London,England,ENG,United Kingdom,gb,0.22049999999999997,1,0.35,© OpenStreetMap contributors,Open Database License,https://www.openstreetmap.org/copyright
United Kingdom,"Computar House 6 Garrick Ind.,Center,Garrick Rd.,London NW9 6AQ",1911,5,51.5807872,-0.2417247,"Garrick Road, London, NW9 6AA, United Kingdom",,Garrick Road,Garrick Road,NW9 6AA,London Borough of Barnet,West Hendon,,London,Greater London,England,ENG,United Kingdom,gb,0.63,1,1,© OpenStreetMap contributors,Open Database License,https://www.openstreetmap.org/copyright
United Kingdom,"Computar House 6 Garrick Ind.,Centre,Garrick Rd.,London NW9 6AQ",1912,5,51.5807872,-0.2417247,"Garrick Road, London, NW9 6AA, United Kingdom",,Garrick Road,Garrick Road,NW9 6AA,London Borough of Barnet,West Hendon,,London,Greater London,England,ENG,United Kingdom,gb,0.63,1,1,© OpenStreetMap contributors,Open Database License,https://www.openstreetmap.org/copyright
United Kingdom,"Computar House 6 Garrick Ind.Center,Garrick Rd.,London NW9 6AQ",1913,5,51.5807872,-0.2417247,"Garrick Road, London, NW9 6AA, United Kingdom",,Garrick Road,Garrick Road,NW9 6AA,London Borough of Barnet,West Hendon,,London,Greater London,England,ENG,United Kingdom,gb,0.63,1,1,© OpenStreetMap contributors,Open Database License,https://www.openstreetmap.org/copyright
United Kingdom,"Computer House 6 Garrick Ind.Center,Garrick Rd.,London NW9 6AQ",1914,5,51.5807872,-0.2417247,"Garrick Road, London, NW9 6AA, United Kingdom",,Garrick Road,Garrick Road,NW9 6AA,London Borough of Barnet,West Hendon,,London,Greater London,England,ENG,United Kingdom,gb,0.63,1,1,© OpenStreetMap contributors,Open Database License,https://www.openstreetmap.org/copyright
United Kingdom,"Condor House 14 St.Paul's Churchyard,London,EC4M 8BD",1915,5,,,,,,,,,,,,,,,,,,,,,,
United Kingdom,"Condor House 1st Fl.,14 ST.Paul's Churchyard,London EC4M 8BD",1916,5,51.506704,-0.141776,"Wimbourne House, London, EC4M 8BD, United Kingdom",,,Wimbourne House,EC4M 8BD,Westminster,St. James's,,London,London,England,ENG,United Kingdom,gb,1,1,,© OpenStreetMap contributors,Open Database License,https://www.openstreetmap.org/copyright
United Kingdom,"Condor House 6th Fl.,14 ST.Pauls Churchyard,London EC4M 8BD",1917,5,51.514058,-0.099547,"St. Paul's Churchyard, London, EC4M 8BD, United Kingdom",,,St. Paul's Churchyard,EC4M 8BD,City of London,Blackfriars,,London,London,England,ENG,United Kingdom,gb,0.5,1,1,© OpenStreetMap contributors,Open Database License,https://www.openstreetmap.org/copyright
United Kingdom,"Condor House,14 St.Paul's Churchyard,London EC4M 8BD",1918,5,51.506704,-0.141776,"Wimbourne House, London, EC4M 8BD, United Kingdom",,,Wimbourne House,EC4M 8BD,Westminster,St. James's,,London,London,England,ENG,United Kingdom,gb,1,1,,© OpenStreetMap contributors,Open Database License,https://www.openstreetmap.org/copyright
United Kingdom,"Condor House,4 Dean's Court,London,EC4V 5AA",1919,5,51.5133919,-0.1002663,"4 Dean's Court, City of London, EC4V 5AA, United Kingdom",4,,Dean's Court,EC4V 5AA,,Blackfriars,,City of London,Greater London,England,ENG,United Kingdom,gb,0.9,1,1,© OpenStreetMap contributors,Open Database License,https://www.openstreetmap.org/copyright
United Kingdom,"Consort House,1 Princes Rd.,Weybridge,Surrey KT13 9TU",1920,5,51.36675055,-0.4447271714677347,"Consort House, 1 Prince's Road, Elmbridge, KT13 9BH, United Kingdom",1,Consort House,Prince's Road,KT13 9BH,,,SRY,Elmbridge,Surrey,England,ENG,United Kingdom,gb,0.63,1,1,© OpenStreetMap contributors,Open Database License,https://www.openstreetmap.org/copyright
United Kingdom,"Containerbase,College Rd.,Perry Bar,Birmingham B44 8DR",1921,5,52.54075,-1.86976,"College Road, Birmingham, B44 8DR, United Kingdom",,,College Road,B44 8DR,,Upper Witton,BIR,Birmingham,Birmingham,England,ENG,United Kingdom,gb,0,1,,© OpenStreetMap contributors,Open Database License,https://www.openstreetmap.org/copyright
United Kingdom,"Containerbase,College Rd.,Perry Bar,Birmingham,B44 8DR",1922,5,52.54075,-1.86976,"College Road, Birmingham, B44 8DR, United Kingdom",,,College Road,B44 8DR,,Upper Witton,BIR,Birmingham,Birmingham,England,ENG,United Kingdom,gb,0,1,,© OpenStreetMap contributors,Open Database License,https://www.openstreetmap.org/copyright
United Kingdom,"Cookham Rd.,Bracknell Berkshire RG12 1RB",1923,5,51.4154956,-0.7744238,"Cookham Road, Binfield, RG12 1RB, United Kingdom",,Cookham Road,Cookham Road,RG12 1RB,,Temple Park,BRC,Binfield,Bracknell Forest,England,ENG,United Kingdom,gb,0.7,1,1,© OpenStreetMap contributors,Open Database License,https://www.openstreetmap.org/copyright
United Kingdom,"Coombelands House,Coombelands Lane,Addlestone,Weybridge,Surrey",1924,5,51.3727175,-0.4549297,"Weybridge, Elmbridge, ENG, United Kingdom",,Weybridge,,,,,SRY,Elmbridge,Surrey,England,ENG,United Kingdom,gb,0.25,1,,© OpenStreetMap contributors,Open Database License,https://www.openstreetmap.org/copyright
United Kingdom,"Coriander Ave.,East India Dock London E14",1925,5,51.5111292,-0.0138208,"East India Dock Road, London, E14 0EA, United Kingdom",,East India Dock Road,East India Dock Road,E14 0EA,London Borough of Tower Hamlets,Poplar,,London,Greater London,England,ENG,United Kingdom,gb,0.63,1,1,© OpenStreetMap contributors,Open Database License,https://www.openstreetmap.org/copyright
United Kingdom,"Coriander Ave.,London E14 2AA",1926,5,51.5117576,-0.0017405,"Coriander Avenue, London, E14 2AA, United Kingdom",,Coriander Avenue,Coriander Avenue,E14 2AA,London Borough of Tower Hamlets,Blackwall,,London,Greater London,England,ENG,United Kingdom,gb,0.7,1,1,© OpenStreetMap contributors,Open Database License,https://www.openstreetmap.org/copyright
United Kingdom,"Coriander Ave.,London,E14 2AA",1927,5,51.5117576,-0.0017405,"Coriander Avenue, London, E14 2AA, United Kingdom",,Coriander Avenue,Coriander Avenue,E14 2AA,London Borough of Tower Hamlets,Blackwall,,London,Greater London,England,ENG,United Kingdom,gb,0.7,1,1,© OpenStreetMap contributors,Open Database License,https://www.openstreetmap.org/copyright
United Kingdom,"Cotteswold Rd.,Tew Kesbury,Gloucestershire,GL20 5DJ",1928,5,51.9971882,-2.1515463,"Cotteswold Road, Tewkesbury, GL20 5DY, United Kingdom",,Cotteswold Road,Cotteswold Road,GL20 5DY,,Mitton,GLS,Tewkesbury,Gloucestershire,England,ENG,United Kingdom,gb,0.63,1,1,© OpenStreetMap contributors,Open Database License,https://www.openstreetmap.org/copyright
United Kingdom,"Cotteswold Rd.,Tewkesbury,Gloucestershire GL20 5DJ",1929,5,51.9971882,-2.1515463,"Cotteswold Road, Tewkesbury, GL20 5DY, United Kingdom",,Cotteswold Road,Cotteswold Road,GL20 5DY,,Mitton,GLS,Tewkesbury,Gloucestershire,England,ENG,United Kingdom,gb,0.63,1,1,© OpenStreetMap contributors,Open Database License,https://www.openstreetmap.org/copyright
United Kingdom,"Cotteswold Rd.,Tewkesbury,Gloucestershire,GL20 5DJ",1930,5,51.9971882,-2.1515463,"Cotteswold Road, Tewkesbury, GL20 5DY, United Kingdom",,Cotteswold Road,Cotteswold Road,GL20 5DY,,Mitton,GLS,Tewkesbury,Gloucestershire,England,ENG,United Kingdom,gb,0.63,1,1,© OpenStreetMap contributors,Open Database License,https://www.openstreetmap.org/copyright
United Kingdom,"Cotteswold Road.,Tewkesbury,Gloucestershire GL20 5DJ",1931,5,51.9971882,-2.1515463,"Cotteswold Road, Tewkesbury, GL20 5DY, United Kingdom",,Cotteswold Road,Cotteswold Road,GL20 5DY,,Mitton,GLS,Tewkesbury,Gloucestershire,England,ENG,United Kingdom,gb,0.63,1,1,© OpenStreetMap contributors,Open Database License,https://www.openstreetmap.org/copyright
United Kingdom,"Cow Lane,Watford,Hertfordshire WD2 6PL",1932,5,51.6821327,-0.39196,"Cow Lane, Watford, WD25 9BE, United Kingdom",,Cow Lane,Cow Lane,WD25 9BE,,,HRT,Watford,Hertfordshire,England,ENG,United Kingdom,gb,0.25,1,1,© OpenStreetMap contributors,Open Database License,https://www.openstreetmap.org/copyright
United Kingdom,"Cow Lane,Watford,Hertfordshire,WD2 6PL",1933,5,51.6821327,-0.39196,"Cow Lane, Watford, WD25 9BE, United Kingdom",,Cow Lane,Cow Lane,WD25 9BE,,,HRT,Watford,Hertfordshire,England,ENG,United Kingdom,gb,0.25,1,1,© OpenStreetMap contributors,Open Database License,https://www.openstreetmap.org/copyright
United Kingdom,"CP House,97-107 2nd Fl.Uxbridge Rd.,Ealing,London,W5 5TL",1934,5,51.52669,-0.338053,"Ealing, London, W5 5TL, United Kingdom",,Ealing,,W5 5TL,Ealing,,,London,London,England,ENG,United Kingdom,gb,0.25,1,,Who's On First,CC0,https://www.whosonfirst.org/docs/licenses/
United Kingdom,"Cranfield Technology Park,Moulsoe Rd.,Cranfield,Bedfordshire,MK43 0DB",1935,5,52.0637644,-0.6416434,"Moulsoe Road, Cranfield, MK43 0DB, United Kingdom",,Moulsoe Road,Moulsoe Road,MK43 0DB,,,CBF,Cranfield,Central Bedfordshire,England,ENG,United Kingdom,gb,0.7,1,1,© OpenStreetMap contributors,Open Database License,https://www.openstreetmap.org/copyright
United Kingdom,"Craven House 40 Uxbridge Rd.,Ealing,London W5 2BS",1936,5,51.5126936,-0.3122202,"Alfamedio Ltd, 40 Uxbridge Road, London, W5 2BS, United Kingdom",40,Alfamedio Ltd,Uxbridge Road,W5 2BS,London Borough of Ealing,,,London,Greater London,England,ENG,United Kingdom,gb,0.9,1,1,© OpenStreetMap contributors,Open Database License,https://www.openstreetmap.org/copyright
United Kingdom,"Craven House,40 Uxbridge Rd.,London,W5 2BS",1937,5,51.5126936,-0.3122202,"Alfamedio Ltd, 40 Uxbridge Road, London, W5 2BS, United Kingdom",40,Alfamedio Ltd,Uxbridge Road,W5 2BS,London Borough of Ealing,,,London,Greater London,England,ENG,United Kingdom,gb,0.9,1,1,© OpenStreetMap contributors,Open Database License,https://www.openstreetmap.org/copyright
United Kingdom,"Cray Ave.,St.,Mary Cray,Orpington,Kent BR5 3PP",1938,5,51.3945159,0.1118481,"Cray Avenue, London, BR5 3RJ, United Kingdom",,Cray Avenue,Cray Avenue,BR5 3RJ,London Borough of Bromley,St Mary Cray,,London,Greater London,England,ENG,United Kingdom,gb,0.63,0.7,0.7,© OpenStreetMap contributors,Open Database License,https://www.openstreetmap.org/copyright
United Kingdom,"Croesfoel Industrial Park,Rhostyllen,Wrexham,Clwyd,LL14 4BJ",1939,5,53.02939,-3.02285,"Esclusham Community (Rhostyllen), LL14 4BJ, United Kingdom",,,,LL14 4BJ,Esclusham Community,,DEN,Rhostyllen,Denbighshire,Wales,WLS,United Kingdom,gb,0.018622589531680445,0.08333333333333333,,GeoNames,CC BY 4.0,https://www.geonames.org/datasources/
United Kingdom,"Cromwell Rd.,Bredbury Industrial Estate,Bredbury,Stockport,Cheshire SK6 2SH",1940,5,53.4324538,-2.1230522,"Cromwell Road, Stockport, SK6 2RH, United Kingdom",,Cromwell Road,Cromwell Road,SK6 2RH,Castle Hill,Brinnington,,Stockport,Greater Manchester,England,ENG,United Kingdom,gb,0.44099999999999995,1,1,© OpenStreetMap contributors,Open Database License,https://www.openstreetmap.org/copyright
United Kingdom,"Crosby Court 38 Bishopsgate,London EC2N 4AJ",1941,5,51.515174,-0.08244246666666666,"City of London, EC2N 4AJ, United Kingdom",,,,EC2N 4AJ,,,,City of London,Greater London,England,ENG,United Kingdom,gb,0.6,1,,© OpenStreetMap contributors,Open Database License,https://www.openstreetmap.org/copyright
United Kingdom,"Crown Farm Way,Forest Town,Mansfield,Nottinghamshire NG19 0BA",1942,5,53.1491459,-1.1476775,"Crown Farm Way, Mansfield Woodhouse, NG19 0FY, United Kingdom",,Crown Farm Way,Crown Farm Way,NG19 0FY,,Forest Town,NTT,Mansfield Woodhouse,Nottinghamshire,England,ENG,United Kingdom,gb,0.63,0.9,0.9,© OpenStreetMap contributors,Open Database License,https://www.openstreetmap.org/copyright
United Kingdom,"Crown Farm Way,Forest Town,Mansfield,Nottinghamshire,NG19 0BA",1943,5,53.1491459,-1.1476775,"Crown Farm Way, Mansfield Woodhouse, NG19 0FY, United Kingdom",,Crown Farm Way,Crown Farm Way,NG19 0FY,,Forest Town,NTT,Mansfield Woodhouse,Nottinghamshire,England,ENG,United Kingdom,gb,0.63,0.9,0.9,© OpenStreetMap contributors,Open Database License,https://www.openstreetmap.org/copyright
United Kingdom,"Crown Farm Way,Forest Town,Mansfield,Nottinghamshire,NG19 0FT",1944,5,53.1491459,-1.1476775,"Crown Farm Way, Mansfield Woodhouse, NG19 0FY, United Kingdom",,Crown Farm Way,Crown Farm Way,NG19 0FY,,Forest Town,NTT,Mansfield Woodhouse,Nottinghamshire,England,ENG,United Kingdom,gb,0.63,0.9,0.9,© OpenStreetMap contributors,Open Database License,https://www.openstreetmap.org/copyright
United Kingdom,"Crownhill Business Center 22,Vincent Ave.Crownhill,Milton Keynes MK8 0AB",1945,5,52.029379,-0.7968157,"Vincent Avenue, Milton Keynes, MK8 0AB, United Kingdom",,Vincent Avenue,Vincent Avenue,MK8 0AB,,Shenley Church End,,Milton Keynes,City of Milton Keynes,England,ENG,United Kingdom,gb,0.44099999999999995,1,0.63,© OpenStreetMap contributors,Open Database License,https://www.openstreetmap.org/copyright
United Kingdom,"Crownhill Business Center 22,Vincent Ave.Crownhill,Milton Keynes,MK8 0AB",1946,5,52.029379,-0.7968157,"Vincent Avenue, Milton Keynes, MK8 0AB, United Kingdom",,Vincent Avenue,Vincent Avenue,MK8 0AB,,Shenley Church End,,Milton Keynes,City of Milton Keynes,England,ENG,United Kingdom,gb,0.44099999999999995,1,0.63,© OpenStreetMap contributors,Open Database License,https://www.openstreetmap.org/copyright
United Kingdom,"Crownhill Business Centre 22,Vincent Ave.Crownhill,Milton Keynes,MK8 0AB",1947,5,52.029379,-0.7968157,"Vincent Avenue, Milton Keynes, MK8 0AB, United Kingdom",,Vincent Avenue,Vincent Avenue,MK8 0AB,,Shenley Church End,,Milton Keynes,City of Milton Keynes,England,ENG,United Kingdom,gb,0.44099999999999995,1,0.63,© OpenStreetMap contributors,Open Database License,https://www.openstreetmap.org/copyright
United Kingdom,"Croydon,Surrey",1948,5,51.3713049,-0.101957,"Croydon, CR0 1SZ, United Kingdom",,Croydon,,CR0 1SZ,,,,Croydon,Greater London,England,ENG,United Kingdom,gb,1,1,,© OpenStreetMap contributors,Open Database License,https://www.openstreetmap.org/copyright
United Kingdom,"Cumberland House,15-17 Cumberland Place,Southampton,Hampshire SO15 2BG",1949,5,50.9101004,-1.406518,"Cumberland Place, Southampton, SO15 2BG, United Kingdom",,Cumberland Place,Cumberland Place,SO15 2BG,,The Polygon,,Southampton,,England,ENG,United Kingdom,gb,0.7,1,1,© OpenStreetMap contributors,Open Database License,https://www.openstreetmap.org/copyright
United Kingdom,"Cutlers Garden,5 Devonshire Sq.,London EC2M 4YD",1950,5,51.5166453,-0.079355,"Devonshire Square, City of London, EC2M 4BB, United Kingdom",,Devonshire Square,Devonshire Square,EC2M 4BB,,Bishopsgate,,City of London,Greater London,England,ENG,United Kingdom,gb,0.5103,0.81,0.81,© OpenStreetMap contributors,Open Database License,https://www.openstreetmap.org/copyright
United Kingdom,"Cutlers Garden,5 Devonshire Square,London EC2M 4YD",1951,5,51.5166453,-0.079355,"Devonshire Square, City of London, EC2M 4BB, United Kingdom",,Devonshire Square,Devonshire Square,EC2M 4BB,,Bishopsgate,,City of London,Greater London,England,ENG,United Kingdom,gb,0.5103,0.81,0.81,© OpenStreetMap contributors,Open Database License,https://www.openstreetmap.org/copyright
United Kingdom,"Cygnus House Sunrise Parkway,Milton Keynes MK14 6NP",1952,5,52.0569072,-0.7595753,"Sunrise Parkway, Milton Keynes, MK14 6LS, United Kingdom",,Sunrise Parkway,Sunrise Parkway,MK14 6LS,,Linford Wood,,Milton Keynes,City of Milton Keynes,England,ENG,United Kingdom,gb,0.63,1,1,© OpenStreetMap contributors,Open Database License,https://www.openstreetmap.org/copyright
United Kingdom,"Daifuku House Waterside Dr.,Langley Business Park,Langley,Slough,SL3 6EZ",1953,5,51.508551,-0.546362,"Slough, SL3 6EZ, United Kingdom",,SL3 6EZ,,SL3 6EZ,,,SLG,Slough,Slough,,,United Kingdom,gb,0.6,1,,Who's On First,CC0,https://www.whosonfirst.org/docs/licenses/
United Kingdom,"Daifuku House,Waterside Dr.,Langley Business Park,Langley,Slough,Berkshire,SL3 6EZ",1954,5,51.508431,-0.5455689,"Slough, SL3 6EZ, United Kingdom",,,,SL3 6EZ,,,,Slough,,England,ENG,United Kingdom,gb,0.6,1,,© OpenStreetMap contributors,Open Database License,https://www.openstreetmap.org/copyright
United Kingdom,"Daifuku House,Waterside Dr.,Langley Business Park,Langley,Slough,SL3 6EZ",1955,5,51.508551,-0.546362,"Slough, SL3 6EZ, United Kingdom",,SL3 6EZ,,SL3 6EZ,,,SLG,Slough,Slough,,,United Kingdom,gb,0.6,1,,Who's On First,CC0,https://www.whosonfirst.org/docs/licenses/
United Kingdom,"Dalton House,60 Windsor Ave.,London,SW19 2RR",1956,5,51.4110547,-0.1857791,"Windsor Avenue, London, SW19 2RR, United Kingdom",,Windsor Avenue,Windsor Avenue,SW19 2RR,London Borough of Merton,Merton,,London,Greater London,England,ENG,United Kingdom,gb,0.7,1,1,© OpenStreetMap contributors,Open Database License,https://www.openstreetmap.org/copyright
United Kingdom,"Dashwood House,69 Old Broad St.,London EC2M 1QS",1957,5,51.516884,-0.0828326,"The Ivy, 69 Old Broad Street, City of London, EC2M 1QS, United Kingdom",69,The Ivy,Old Broad Street,EC2M 1QS,,Bishopsgate,,City of London,Greater London,England,ENG,United Kingdom,gb,0.9,1,1,© OpenStreetMap contributors,Open Database License,https://www.openstreetmap.org/copyright
United Kingdom,"Dashwood House,69,Old Broad St.,London EC2M 1NS",1958,5,51.516884,-0.0828326,"The Ivy, 69 Old Broad Street, City of London, EC2M 1QS, United Kingdom",69,The Ivy,Old Broad Street,EC2M 1QS,City of London,Bishopsgate,,City of London,Greater London,England,ENG,United Kingdom,gb,0.5103000000000001,0.81,0.81,© OpenStreetMap contributors,Open Database License,https://www.openstreetmap.org/copyright
United Kingdom,"Dashwood House,69,Old Broad St.,London,EC2M 1NS",1959,5,51.516884,-0.0828326,"The Ivy, 69 Old Broad Street, City of London, EC2M 1QS, United Kingdom",69,The Ivy,Old Broad Street,EC2M 1QS,City of London,Bishopsgate,,City of London,Greater London,England,ENG,United Kingdom,gb,0.5103000000000001,0.81,0.81,© OpenStreetMap contributors,Open Database License,https://www.openstreetmap.org/copyright
United Kingdom,"Davy Dr.,North West Ind. Estate,Peterlee,Co.Durham SR8 2PP",1960,5,54.7628538,-1.3635708634741854,"Peterlee Fire Station, Shotton Road, Peterlee, SR8 2FS, United Kingdom",,Peterlee Fire Station,Shotton Road,SR8 2FS,,Shotton,,Peterlee,County Durham,England,ENG,United Kingdom,gb,0.178605,1,0.35721,© OpenStreetMap contributors,Open Database License,https://www.openstreetmap.org/copyright
United Kingdom,"Davy Dr.,North West Ind.Estate,Peterlee,Co.Durham,SR8 2PP",1961,5,54.7546695,-1.3327153,"North Blunts Community Hospital, O'Neil Drive, Peterlee, SR8 5UH, United Kingdom",,North Blunts Community Hospital,O'Neil Drive,SR8 5UH,,,,Peterlee,County Durham,England,ENG,United Kingdom,gb,0.2835,1,0.567,© OpenStreetMap contributors,Open Database License,https://www.openstreetmap.org/copyright
United Kingdom,"Davy Dr.,North West Ind.Estate,Peterlee,County Durham,SR8 2PP",1962,5,54.836631,-1.40521,"Seaton West Moor Barn, Seaton with Slingley, SR8 2PP, United Kingdom",,,Seaton West Moor Barn,SR8 2PP,Seaton with Slingley,,DUR,Seaton with Slingley,Durham,England,ENG,United Kingdom,gb,0.05556599999999999,0.2222222222222222,0.06173999999999999,© OpenStreetMap contributors,Open Database License,https://www.openstreetmap.org/copyright
United Kingdom,"Davy Dr.,North West Industrial Estate,Peterlee,Co.Durham SR8 2PP",1963,5,54.767962,-1.358469,"1A Mill Hill North West Industrial Estate, Shotton, SR8 2HR, United Kingdom",1A Mill Hill,,North West Industrial Estate,SR8 2HR,Peterlee Civil Parish,,DUR,Shotton,Durham,England,ENG,United Kingdom,gb,0.40163934426229503,0.7,0.7,© OpenStreetMap contributors,Open Database License,https://www.openstreetmap.org/copyright
United Kingdom,"Davy Drive,North West Industrial Estate,Peterlee,Co.Durham SR8 2PP.",1964,5,54.767962,-1.358469,"1A Mill Hill North West Industrial Estate, Shotton, SR8 2HR, United Kingdom",1A Mill Hill,,North West Industrial Estate,SR8 2HR,Peterlee Civil Parish,,DUR,Shotton,Durham,England,ENG,United Kingdom,gb,0.2734375,0.5,0.5,© OpenStreetMap contributors,Open Database License,https://www.openstreetmap.org/copyright
United Kingdom,"Dawson Rd.,Mount Farm Bletchley,Milton Keynes,Buckinghamshire,MK1 1AH",1965,5,52.0096017,-0.7305784,"Dawson Road, Milton Keynes, MK1 1LH, United Kingdom",,Dawson Road,Dawson Road,MK1 1LH,Bletchley and Fenny Stratford,Denbigh North,,Milton Keynes,City of Milton Keynes,England,ENG,United Kingdom,gb,0.63,1,1,© OpenStreetMap contributors,Open Database License,https://www.openstreetmap.org/copyright
United Kingdom,"Daytona Dr.,Colthrop Lane,Thatcham,Berks.,RG13 4NN",1966,5,51.399503,-1.229348,"Colthrop Lane, Thatcham, RG13 4NN, United Kingdom",,Colthrop Lane,,RG13 4NN,Thatcham Civil Parish,,WBK,Thatcham,West Berkshire,England,ENG,United Kingdom,gb,0.2777777777777778,1,1,© OpenStreetMap contributors,Open Database License,https://www.openstreetmap.org/copyright
United Kingdom,"Daytona Dr.,Colthrop Thatcham,Berks.,RG13 4NN",1967,5,51.397052,-1.226619,"Daytona Drive, Thatcham, RG13 4NN, United Kingdom",,,Daytona Drive,RG13 4NN,Thatcham Civil Parish,,WBK,Thatcham,West Berkshire,England,ENG,United Kingdom,gb,0.2777777777777778,1,1,© OpenStreetMap contributors,Open Database License,https://www.openstreetmap.org/copyright
United Kingdom,"Daytona Dr.,Colthrop,Thatcham,Berks,RG13 4NN",1968,5,51.397052,-1.226619,"Daytona Drive, Thatcham, RG13 4NN, United Kingdom",,,Daytona Drive,RG13 4NN,Thatcham Civil Parish,,WBK,Thatcham,West Berkshire,England,ENG,United Kingdom,gb,0.2777777777777778,1,1,© OpenStreetMap contributors,Open Database License,https://www.openstreetmap.org/copyright
United Kingdom,"Daytona Dr.,Colthrop,Thatcham,Berkshire RG13 4NN",1969,5,51.397052,-1.226619,"Daytona Drive, Thatcham, RG13 4NN, United Kingdom",,,Daytona Drive,RG13 4NN,Thatcham Civil Parish,,WBK,Thatcham,West Berkshire,England,ENG,United Kingdom,gb,0.45,1,1,© OpenStreetMap contributors,Open Database License,https://www.openstreetmap.org/copyright
United Kingdom,"Daytona Drive,Colthrop Lane,Thatcham Berkshire,RG13 4NN",1970,5,51.397568,-1.228016,"Colthrop Lane, Thatcham, RG13 4NN, United Kingdom",,,Colthrop Lane,RG13 4NN,Thatcham Civil Parish,,WBK,Thatcham,West Berkshire,England,ENG,United Kingdom,gb,0.45,1,1,© OpenStreetMap contributors,Open Database License,https://www.openstreetmap.org/copyright
United Kingdom,"Deans Ind.Estate,Livingston West Lothian,Scotland",1971,5,55.898077,-3.574097,"Deans Industrial Estate, Livingston, United Kingdom",,,Deans Industrial Estate,,,,WLN,Livingston,West Lothian,Scotland,SCT,United Kingdom,gb,1,1,1,© OpenStreetMap contributors,Open Database License,https://www.openstreetmap.org/copyright
United Kingdom,"Deans Industrial Estate,Livingston West Lothian,Scotland",1972,5,55.8831932,-3.5149461,"Livingston, EH54 6HS, United Kingdom",,Livingston,,EH54 6HS,,,WLN,Livingston,West Lothian,Scotland,SCT,United Kingdom,gb,0,1,,© OpenStreetMap contributors,Open Database License,https://www.openstreetmap.org/copyright
United Kingdom,"Deganwy,Conwy,Gwynedd LL31 9PX",1973,5,53.2977924,-3.8296377,"Castell Deganwy, Conwy, LL31 9HQ, United Kingdom",,Castell Deganwy,,LL31 9HQ,,,CWY,Conwy,Conwy,Wales,WLS,United Kingdom,gb,0.22049999999999997,1,0.9,© OpenStreetMap contributors,Open Database License,https://www.openstreetmap.org/copyright
United Kingdom,"Deganwy,Conwy,Gwynedd,LL31 9PX",1974,5,53.2977924,-3.8296377,"Castell Deganwy, Conwy, LL31 9HQ, United Kingdom",,Castell Deganwy,,LL31 9HQ,,,CWY,Conwy,Conwy,Wales,WLS,United Kingdom,gb,0.22049999999999997,1,0.9,© OpenStreetMap contributors,Open Database License,https://www.openstreetmap.org/copyright
United Kingdom,Delberttie Rd.Drungans Dumfries DG2 8YA Scotland,1975,5,55.06971,-3.60959,"Dumfries, DG2 8YA, United Kingdom",,,,DG2 8YA,,,DGY,Dumfries,Dumfries and Galloway,Scotland,SCT,United Kingdom,gb,0.6,1,,© OpenStreetMap contributors,Open Database License,https://www.openstreetmap.org/copyright
United Kingdom,"Denham Court Dr.,Denham,Buckinghamshire UB9 5PG",1976,5,51.5636697,-0.4910183,"Denham Court Drive, Denham, UB9 5AU, United Kingdom",,Denham Court Drive,Denham Court Drive,UB9 5AU,"Denham, Gerrards Cross and Chalfonts Community Board",,BKM,Denham,Buckinghamshire,England,ENG,United Kingdom,gb,0.63,1,1,© OpenStreetMap contributors,Open Database License,https://www.openstreetmap.org/copyright
United Kingdom,"Dephna House,2 Portal Way,London W3 6RT",1977,5,51.5222168,-0.2606732,"Portal Way, London, W3 6BJ, United Kingdom",,Portal Way,Portal Way,W3 6BJ,London Borough of Ealing,Park Royal,,London,Greater London,England,ENG,United Kingdom,gb,0.63,1,1,© OpenStreetMap contributors,Open Database License,https://www.openstreetmap.org/copyright
United Kingdom,Derby,1978,5,52.9212617,-1.4761491,"Derby, DE1 2AA, United Kingdom",,Derby,,DE1 2AA,,,DBY,Derby,Derbyshire,England,ENG,United Kingdom,gb,1,1,,© OpenStreetMap contributors,Open Database License,https://www.openstreetmap.org/copyright
United Kingdom,"Devenshire House,Mayfair Place London W1X 5FH",1979,5,51.507423,-0.143072,"Mayfair Place, London, United Kingdom",,,Mayfair Place,,Westminster,Mayfair,,London,London,England,ENG,United Kingdom,gb,0.5,1,1,© OpenStreetMap contributors,Open Database License,https://www.openstreetmap.org/copyright
United Kingdom,"Devenshire House,Mayfair Place,London W1X 5FH",1980,5,51.507423,-0.143072,"Mayfair Place, London, United Kingdom",,,Mayfair Place,,Westminster,Mayfair,,London,London,England,ENG,United Kingdom,gb,0.5,1,1,© OpenStreetMap contributors,Open Database License,https://www.openstreetmap.org/copyright
United Kingdom,"Devenshire House,Mayfair Place,London W1X 8AJ",1981,5,51.507423,-0.143072,"Mayfair Place, London, United Kingdom",,,Mayfair Place,,Westminster,Mayfair,,London,London,England,ENG,United Kingdom,gb,0.5,1,1,© OpenStreetMap contributors,Open Database License,https://www.openstreetmap.org/copyright
United Kingdom,"Devon House,58-60 St.Katharine's Way,London E1W 1LB",1982,5,51.5059304,-0.07110985321575411,"Devon House, 58-60 St. Katharine's Way, London, E1W 1JP, United Kingdom",58-60,Devon House,St. Katharine's Way,E1W 1JP,London Borough of Tower Hamlets,Wapping,,London,Greater London,England,ENG,United Kingdom,gb,0.63,1,1,© OpenStreetMap contributors,Open Database License,https://www.openstreetmap.org/copyright
United Kingdom,"Devonshire House,1 Mayfair Place,London,W1J 8AJ",1983,5,51.5072199,-0.14291,"London, W1J 8AJ, United Kingdom",,,,W1J 8AJ,,,,City of Westminster,Greater London,England,ENG,United Kingdom,gb,0.6,1,,© OpenStreetMap contributors,Open Database License,https://www.openstreetmap.org/copyright
United Kingdom,"Dextar House,Royal Mint Court,London,EC3N 4JR",1984,5,51.509301050000005,-0.07227825399325044,"Royal Mint Court, London, EC3N 4JR, United Kingdom",,Royal Mint Court,,EC3N 4JR,London Borough of Tower Hamlets,Whitechapel,,London,Greater London,England,ENG,United Kingdom,gb,0.5,1,1,© OpenStreetMap contributors,Open Database License,https://www.openstreetmap.org/copyright
United Kingdom,"Dexter house royal Mint Court,London EC3N 4JR",1985,5,51.509301050000005,-0.07227825399325044,"Royal Mint Court, London, EC3N 4JR, United Kingdom",,Royal Mint Court,,EC3N 4JR,London Borough of Tower Hamlets,Whitechapel,,London,Greater London,England,ENG,United Kingdom,gb,0.5,1,1,© OpenStreetMap contributors,Open Database License,https://www.openstreetmap.org/copyright
United Kingdom,"Dexter House Royal Mint Court,London EC3N 4JR",1986,5,51.509301050000005,-0.07227825399325044,"Royal Mint Court, London, EC3N 4JR, United Kingdom",,Royal Mint Court,,EC3N 4JR,London Borough of Tower Hamlets,Whitechapel,,London,Greater London,England,ENG,United Kingdom,gb,0.5,1,1,© OpenStreetMap contributors,Open Database License,https://www.openstreetmap.org/copyright
United Kingdom,"Dexter House,Royal Mint Court London,EC3N 4JR",1987,5,51.509301050000005,-0.07227825399325044,"Royal Mint Court, London, EC3N 4JR, United Kingdom",,Royal Mint Court,,EC3N 4JR,London Borough of Tower Hamlets,Whitechapel,,London,Greater London,England,ENG,United Kingdom,gb,0.5,1,1,© OpenStreetMap contributors,Open Database License,https://www.openstreetmap.org/copyright
United Kingdom,"Dexter House,Royal Mint Court,London EC3N 4JR",1988,5,51.509301050000005,-0.07227825399325044,"Royal Mint Court, London, EC3N 4JR, United Kingdom",,Royal Mint Court,,EC3N 4JR,London Borough of Tower Hamlets,Whitechapel,,London,Greater London,England,ENG,United Kingdom,gb,0.5,1,1,© OpenStreetMap contributors,Open Database License,https://www.openstreetmap.org/copyright
United Kingdom,"Dexter House,Royal Mint Court,London,EC3N 4JR",1989,5,51.509301050000005,-0.07227825399325044,"Royal Mint Court, London, EC3N 4JR, United Kingdom",,Royal Mint Court,,EC3N 4JR,London Borough of Tower Hamlets,Whitechapel,,London,Greater London,England,ENG,United Kingdom,gb,0.5,1,1,© OpenStreetMap contributors,Open Database License,https://www.openstreetmap.org/copyright
United Kingdom,"Digi House,Rockwood Way,Haverhill,Subbolk,CB9 8DG",1990,5,52.076227,0.437969,"Haverhill Civil Parish (Haverhill), CB9 8DG, United Kingdom",,CB9 8DG,,CB9 8DG,Haverhill Civil Parish,,,Haverhill,,,,United Kingdom,gb,0,1,,Who's On First,CC0,https://www.whosonfirst.org/docs/licenses/
United Kingdom,"Digi House,Rockwood Way,Haverhill,Suffolk,CB9 8DG",1991,5,52.075836,0.437996,"Rookwood Way, Haverhill, CB9 8DG, United Kingdom",,,Rookwood Way,CB9 8DG,Haverhill Civil Parish,,SFK,Haverhill,Suffolk,England,ENG,United Kingdom,gb,0.39375,1,0.7875,© OpenStreetMap contributors,Open Database License,https://www.openstreetmap.org/copyright
United Kingdom,"DIGI House,Rockwood Way,Haverhill,Suffolk,CB9 8DG",1992,5,52.075836,0.437996,"Rookwood Way, Haverhill, CB9 8DG, United Kingdom",,,Rookwood Way,CB9 8DG,Haverhill Civil Parish,,SFK,Haverhill,Suffolk,England,ENG,United Kingdom,gb,0.39375,1,0.7875,© OpenStreetMap contributors,Open Database License,https://www.openstreetmap.org/copyright
United Kingdom,"Dilke House,1 Malet St.,London WC1E 7JN",1993,5,51.5225624,-0.1315004,"Malet Street, London, WC1E 7JN, United Kingdom",,Malet Street,Malet Street,WC1E 7JN,London Borough of Camden,Bloomsbury,,London,Greater London,England,ENG,United Kingdom,gb,0.7,1,1,© OpenStreetMap contributors,Open Database License,https://www.openstreetmap.org/copyright
United Kingdom,"Dimension Data House,Bldg.2,Waterfront Business Park,Fleet Rd.,Fleet,Hampshire GU51 3QT",1994,5,51.2929232,-0.8068017,"Fleet Road, Hart, GU51 2SH, United Kingdom",,Fleet Road,Fleet Road,GU51 2SH,,Fleet,HAM,Hart,Hampshire,England,ENG,United Kingdom,gb,0.63,1,1,© OpenStreetMap contributors,Open Database License,https://www.openstreetmap.org/copyright
United Kingdom,"DKB House,24 King William St.,London EC4R 9DB",1995,5,51.5107336,-0.086929,"24 King William Street, City of London, EC4R 9AT, United Kingdom",24,24 King William Street,King William Street,EC4R 9AT,,Cornhill,,City of London,Greater London,England,ENG,United Kingdom,gb,0.5103000000000001,0.81,0.81,© OpenStreetMap contributors,Open Database License,https://www.openstreetmap.org/copyright
United Kingdom,"DKB House,24 King William St.,London,EC4R 9DB",1996,5,51.5107336,-0.086929,"24 King William Street, City of London, EC4R 9AT, United Kingdom",24,24 King William Street,King William Street,EC4R 9AT,,Cornhill,,City of London,Greater London,England,ENG,United Kingdom,gb,0.5103000000000001,0.81,0.81,© OpenStreetMap contributors,Open Database License,https://www.openstreetmap.org/copyright
United Kingdom,"Doddington Rd.,Lincoln Englad LN6 3RA",1997,5,53.20432,-0.60564,"Lincoln, LN6 3RA, United Kingdom",,,,LN6 3RA,,,LIN,Lincoln,Lincolnshire,England,ENG,United Kingdom,gb,0.6,1,,© OpenStreetMap contributors,Open Database License,https://www.openstreetmap.org/copyright
United Kingdom,"Doddington Rd.,Lincoln England LN6 3RA",1998,5,53.20432,-0.60564,"Lincoln, LN6 3RA, United Kingdom",,,,LN6 3RA,,,LIN,Lincoln,Lincolnshire,England,ENG,United Kingdom,gb,0.6,1,,© OpenStreetMap contributors,Open Database License,https://www.openstreetmap.org/copyright
United Kingdom,"Doddington Rd.,Lincoln,Lincolnshire,LN6 3RA",1999,5,53.20432,-0.60564,"Lincoln, LN6 3RA, United Kingdom",,,,LN6 3RA,,,LIN,Lincoln,Lincolnshire,England,ENG,United Kingdom,gb,0.6,1,,© OpenStreetMap contributors,Open Database License,https://www.openstreetmap.org/copyright
United Kingdom,"Doddington Rd.,Lincoln,LN6 3RA",2000,5,53.20432,-0.60564,"Lincoln, LN6 3RA, United Kingdom",,,,LN6 3RA,,,LIN,Lincoln,Lincolnshire,England,ENG,United Kingdom,gb,0.6,1,,© OpenStreetMap contributors,Open Database License,https://www.openstreetmap.org/copyright
United Kingdom,"Dolphin,Industrial Estate,Southampton Rd.,Salisbury Wiltshire SP1 2NB",2001,5,51.0644252,-1.789195,"Southampton Road, Salisbury, SP1 2TF, United Kingdom",,Southampton Road,Southampton Road,SP1 2TF,,Milford,WIL,Salisbury,Wiltshire,England,ENG,United Kingdom,gb,0.63,1,1,© OpenStreetMap contributors,Open Database License,https://www.openstreetmap.org/copyright
United Kingdom,"Dorand House,18-20,Regent St.,London SW1Y 4PH",2002,5,51.50912,-0.13369,"London, SW1Y 4PH, United Kingdom",,,,SW1Y 4PH,,,,London,Greater London,England,ENG,United Kingdom,gb,0.6,1,,© OpenStreetMap contributors,Open Database License,https://www.openstreetmap.org/copyright
United Kingdom,"Dorand House,18-20,Regent St.,London,SW1Y 4PH",2003,5,51.50912,-0.13369,"London, SW1Y 4PH, United Kingdom",,,,SW1Y 4PH,,,,London,Greater London,England,ENG,United Kingdom,gb,0.6,1,,© OpenStreetMap contributors,Open Database License,https://www.openstreetmap.org/copyright
United Kingdom,"Dorand House,18-20,Regent St.London,SW1Y 4PH",2004,5,51.50912,-0.13369,"London, SW1Y 4PH, United Kingdom",,,,SW1Y 4PH,,,,London,Greater London,England,ENG,United Kingdom,gb,0.6,1,,© OpenStreetMap contributors,Open Database License,https://www.openstreetmap.org/copyright
United Kingdom,"Dorland House 14-16 Regent St.,London,SW1Y 4PH",2005,5,51.50912,-0.13369,"London, SW1Y 4PH, United Kingdom",,,,SW1Y 4PH,,,,London,Greater London,England,ENG,United Kingdom,gb,0.6,1,,© OpenStreetMap contributors,Open Database License,https://www.openstreetmap.org/copyright
United Kingdom,"Dorland House,14-20 Regent St.,London,SW1Y 4PH",2006,5,51.50912,-0.13369,"London, SW1Y 4PH, United Kingdom",,,,SW1Y 4PH,,,,London,Greater London,England,ENG,United Kingdom,gb,0.6,1,,© OpenStreetMap contributors,Open Database License,https://www.openstreetmap.org/copyright
United Kingdom,"Dorland House,14/20 Regent St.,London SW1",2007,5,51.5095215,-0.1345799,"Regent Street St James's, London, SW1Y 4QE, United Kingdom",,Regent Street St James's,Regent Street St James's,SW1Y 4QE,St. James's,Covent Garden,,London,Greater London,England,ENG,United Kingdom,gb,0.5670000000000001,1,0.9,© OpenStreetMap contributors,Open Database License,https://www.openstreetmap.org/copyright
United Kingdom,"Dorland House,14/20 Regent St.,London SW1 4PF",2008,5,51.5098447,-0.1362113,"20 Regent Street, London, SW1 4PF, United Kingdom",20,,Regent Street,SW1 4PF,Westminster,Mayfair,,London,London,England,ENG,United Kingdom,gb,0.63,1,1,,,
United Kingdom,"Dorland House,14/20 Regent St.,London SW1 4PH",2009,5,51.5098447,-0.1362113,"20 Regent Street, London, SW1 4PH, United Kingdom",20,,Regent Street,SW1 4PH,Westminster,Mayfair,,London,London,England,ENG,United Kingdom,gb,0.63,1,1,,,
United Kingdom,"Dorland House,18-20,Regent St.London,SW1Y 4PH",2010,5,51.50912,-0.13369,"London, SW1Y 4PH, United Kingdom",,,,SW1Y 4PH,,,,London,Greater London,England,ENG,United Kingdom,gb,0.6,1,,© OpenStreetMap contributors,Open Database License,https://www.openstreetmap.org/copyright
United Kingdom,"Dormer Rd.,Thame Oxfordshire OX9 3UN",2011,5,51.73894,-0.9633847,"Dormer Road, South Oxfordshire, OX9 3HD, United Kingdom",,Dormer Road,Dormer Road,OX9 3HD,,,OXF,South Oxfordshire,Oxfordshire,England,ENG,United Kingdom,gb,0.63,1,1,© OpenStreetMap contributors,Open Database License,https://www.openstreetmap.org/copyright
United Kingdom,"Dormer Rd.,Thame Oxon,OX9 3UN",2012,5,51.73894,-0.9633847,"Dormer Road, South Oxfordshire, OX9 3HD, United Kingdom",,Dormer Road,Dormer Road,OX9 3HD,,,OXF,South Oxfordshire,Oxfordshire,England,ENG,United Kingdom,gb,0.44099999999999995,1,1,© OpenStreetMap contributors,Open Database License,https://www.openstreetmap.org/copyright
United Kingdom,"Dormer Rd.,Thame,Oxfordshire,OX9 3UN",2013,5,51.73894,-0.9633847,"Dormer Road, South Oxfordshire, OX9 3HD, United Kingdom",,Dormer Road,Dormer Road,OX9 3HD,,,OXF,South Oxfordshire,Oxfordshire,England,ENG,United Kingdom,gb,0.63,1,1,© OpenStreetMap contributors,Open Database License,https://www.openstreetmap.org/copyright
United Kingdom,"Douglas,Isle of Man",2014,5,55.556821,-3.8480017,"Douglas (Douglas), ML11 0QW, United Kingdom",,Douglas,,ML11 0QW,,,SLK,Douglas,South Lanarkshire,Scotland,SCT,United Kingdom,gb,0,,,© OpenStreetMap contributors,Open Database License,https://www.openstreetmap.org/copyright
United Kingdom,"Duart House,Finch Way,Strathclyde Business Park,Bellshill,North Lanarkshire Scotland ML4 3PR",2015,5,55.832467,-4.038198,"Strathclyde Business Park, Bellshill, ML4 3PR, United Kingdom",,,Strathclyde Business Park,ML4 3PR,,,SLK,Bellshill,South Lanarkshire,Scotland,SCT,United Kingdom,gb,0.7,0.7,,© OpenStreetMap contributors,Open Database License,https://www.openstreetmap.org/copyright
United Kingdom,"Duke's Factory,Chiddingstone Causeway,Tonbridge,Kent",2016,5,51.1889529,0.2735876,"Tonbridge (Tonbridge and Malling), TN9 2AN, United Kingdom",,Tonbridge,,TN9 2AN,,,KEN,Tonbridge and Malling,Kent,England,ENG,United Kingdom,gb,0.25,1,,© OpenStreetMap contributors,Open Database License,https://www.openstreetmap.org/copyright
United Kingdom,"Dukes Factory,Chiddingstone Causeway,Tonbridge,Kent",2017,5,51.1889529,0.2735876,"Tonbridge (Tonbridge and Malling), TN9 2AN, United Kingdom",,Tonbridge,,TN9 2AN,,,KEN,Tonbridge and Malling,Kent,England,ENG,United Kingdom,gb,0.25,1,,© OpenStreetMap contributors,Open Database License,https://www.openstreetmap.org/copyright
United Kingdom,"Dukes Factory,Chiddingstone Causeway,Tonbridge,Kent TN11 8JU",2018,5,51.19886,0.16932,"Chiddingstone (Sevenoaks), TN11 8JU, United Kingdom",,,,TN11 8JU,,,KEN,Sevenoaks,Kent,England,ENG,United Kingdom,gb,0.6,1,,© OpenStreetMap contributors,Open Database License,https://www.openstreetmap.org/copyright
United Kingdom,"Dukes Factory,Chiddingstone Causeway,Tonbridge,Kent,TN11 8JU",2019,5,51.19886,0.16932,"Chiddingstone (Sevenoaks), TN11 8JU, United Kingdom",,,,TN11 8JU,,,KEN,Sevenoaks,Kent,England,ENG,United Kingdom,gb,0.6,1,,© OpenStreetMap contributors,Open Database License,https://www.openstreetmap.org/copyright
United Kingdom,"Dukes Meadow,Millboard Rd.,Bourne End,Buckinghamshire,SL8 5FH",2020,5,51.5778225,-0.7037253,"Millboard Road, Bourne End, SL8 5AL, United Kingdom",,Millboard Road,Millboard Road,SL8 5AL,,Wooburn,BKM,Bourne End,Buckinghamshire,England,ENG,United Kingdom,gb,0.63,1,1,© OpenStreetMap contributors,Open Database License,https://www.openstreetmap.org/copyright
United Kingdom,"Dundee,Scotland",2021,5,56.4605938,-2.97019,"Dundee, DD1 1SG, United Kingdom",,Dundee,,DD1 1SG,,,DND,Dundee,Dundee City,Scotland,SCT,United Kingdom,gb,1,1,,© OpenStreetMap contributors,Open Database License,https://www.openstreetmap.org/copyright
United Kingdom,"Durham Lane Eaglescliffe,Stockton-on-Tees,TS16 0PS",2022,5,54.53624,-1.36251,"Preston-on-Tees, TS16 0PS, United Kingdom",,,,TS16 0PS,,,STT,Preston-on-Tees,Stockton-on-Tees,England,ENG,United Kingdom,gb,0.6,1,,© OpenStreetMap contributors,Open Database License,https://www.openstreetmap.org/copyright
United Kingdom,"Durham Rd.,Birtley,Chester-le-St.,County Durham,DH3 2QX",2023,5,54.8903603,-1.5798947,"Gateshead, DH3 2QX, United Kingdom",,,,DH3 2QX,,,,Gateshead,North East,England,ENG,United Kingdom,gb,0.6,1,,© OpenStreetMap contributors,Open Database License,https://www.openstreetmap.org/copyright
United Kingdom,"Durham Rd.Birtley,Chester-le-St,Co.Durham DH3 2QX",2024,5,54.8903603,-1.5798947,"Gateshead, DH3 2QX, United Kingdom",,,,DH3 2QX,,,,Gateshead,North East,England,ENG,United Kingdom,gb,0.7234042553191489,1,,© OpenStreetMap contributors,Open Database License,https://www.openstreetmap.org/copyright
United Kingdom,"Durham Rd.Birtley,Chester-le-St.,County Durham DH3 2QX",2025,5,54.8903603,-1.5798947,"Gateshead, DH3 2QX, United Kingdom",,,,DH3 2QX,,,,Gateshead,North East,England,ENG,United Kingdom,gb,0.6,1,,© OpenStreetMap contributors,Open Database License,https://www.openstreetmap.org/copyright
United Kingdom,"Durham Rd.Birtley,Chester-le-St.,County Durham,DH3 2QX",2026,5,54.8903603,-1.5798947,"Gateshead, DH3 2QX, United Kingdom",,,,DH3 2QX,,,,Gateshead,North East,England,ENG,United Kingdom,gb,0.6,1,,© OpenStreetMap contributors,Open Database License,https://www.openstreetmap.org/copyright
United Kingdom,"Eagle Court,9 Vine St.,Uxbridge,Middlesex,UB8 1QE",2027,5,51.5445098,-0.4787055,"Total Support Training, 9 Vine Street, London, UB8 1QE, United Kingdom",9,Total Support Training,Vine Street,UB8 1QE,Hillingdon,Willowbank,,London,Greater London,England,ENG,United Kingdom,gb,0.9,1,1,© OpenStreetMap contributors,Open Database License,https://www.openstreetmap.org/copyright
United Kingdom,"Eagle House,108-110 Jermyn St.,London SW1Y 6RH",2028,5,51.507885,-0.138279,"Jermyn Street, London, SW1Y 6JE, United Kingdom",,Jermyn Street,Jermyn Street,SW1Y 6JE,St. James's,Mayfair,,London,Greater London,England,ENG,United Kingdom,gb,0.63,1,1,© OpenStreetMap contributors,Open Database License,https://www.openstreetmap.org/copyright
United Kingdom,Eckersall Rd.Kings Norton Birmingham,2029,5,52.4796992,-1.9026911,"Birmingham, ENG, United Kingdom",,,,,,,,Birmingham,West Midlands Combined Authority,England,ENG,United Kingdom,gb,0.25,1,,© OpenStreetMap contributors,Open Database License,https://www.openstreetmap.org/copyright
United Kingdom,"Edinburgh House,4th Fl.,40 Great Portland St,London W1N 5AH",2030,5,51.517271,-0.1411246,"40 Great Portland Street, London, W1W 6PE, United Kingdom",40,,Great Portland Street,W1W 6PE,Westminster,Marylebone,,London,London,England,ENG,United Kingdom,gb,0.9,1,1,© OpenStreetMap contributors,Open Database License,https://www.openstreetmap.org/copyright
United Kingdom,"Edinburgh House,4th Floor,40 Great Portland St,London W1N 5AH",2031,5,51.517271,-0.1411246,"40 Great Portland Street, London, W1W 6PE, United Kingdom",40,,Great Portland Street,W1W 6PE,Westminster,Marylebone,,London,London,England,ENG,United Kingdom,gb,0.9,1,1,© OpenStreetMap contributors,Open Database License,https://www.openstreetmap.org/copyright
United Kingdom,"El Fareham Heights Standards Way,Fareham Hampshire PO16,8XT",2032,5,50.8526637,-1.1783134,"yes, Fareham, ENG, United Kingdom",,,,,yes,,HAM,Fareham,Hampshire,England,ENG,United Kingdom,gb,0.16374269005847955,0.2222222222222222,,© OpenStreetMap contributors,Open Database License,https://www.openstreetmap.org/copyright
United Kingdom,"Eldon Court 75-77,London Rd,Reading,Berkshire,RG1 5BS",2033,5,51.452221,-0.9566602852994568,"Kyocera Document Solutions (UK) Ltd, 75-77 London Road, Reading, RG1 5BS, United Kingdom",75-77,Kyocera Document Solutions (UK) Ltd,London Road,RG1 5BS,Spring Gardens,Newtown,,Reading,,England,ENG,United Kingdom,gb,0.9,1,1,© OpenStreetMap contributors,Open Database License,https://www.openstreetmap.org/copyright
United Kingdom,"Eleanor House 35,Eleanor Cross Rd,.Waltham Cross,Hertfordshire EN8 7LF",2034,5,51.6856618,-0.0281896,"Eleanor Cross Road, Waltham Cross, EN8 7WW, United Kingdom",,Eleanor Cross Road,Eleanor Cross Road,EN8 7WW,,,HRT,Waltham Cross,Hertfordshire,England,ENG,United Kingdom,gb,0.63,1,1,© OpenStreetMap contributors,Open Database License,https://www.openstreetmap.org/copyright
United Kingdom,"Eleanor House 35,Eleanor Cross Rd.Waltham Cross,Hertfordshire EN8 7LF",2035,5,51.6856618,-0.0281896,"Eleanor Cross Road, Waltham Cross, EN8 7WW, United Kingdom",,Eleanor Cross Road,Eleanor Cross Road,EN8 7WW,,,HRT,Waltham Cross,Hertfordshire,England,ENG,United Kingdom,gb,0.37800000000000006,0.9,0.6000000000000001,© OpenStreetMap contributors,Open Database License,https://www.openstreetmap.org/copyright
United Kingdom,"Eling Wharf Totton,Southampton,Hampshire,SO40 4TE",2036,5,50.915179550000005,-1.4815527327770377,"Eling Wharf, New Forest, SO40 4TE, United Kingdom",,Eling Wharf,,SO40 4TE,,Totton and Eling,HAM,New Forest,Hampshire,England,ENG,United Kingdom,gb,0.6666666666666667,1,,© OpenStreetMap contributors,Open Database License,https://www.openstreetmap.org/copyright
United Kingdom,"Elta House,Yarm Rd.,Stockton-on-Tees,Cleveland TS18 3RX",2037,5,54.5537379,-1.3273928,"Yarm Road, Stockton-on-Tees, TS18 3QA, United Kingdom",,Yarm Road,Yarm Road,TS18 3QA,,Hartwell,STT,Stockton-on-Tees,Stockton-on-Tees,England,ENG,United Kingdom,gb,0.44099999999999995,1,1,© OpenStreetMap contributors,Open Database License,https://www.openstreetmap.org/copyright
United Kingdom,"Enterprise Dr.,Holmewood Ind.Park Chesterfield,S42 5UW",2038,5,53.18382,-1.347057,"Holmewood Bridleway, Heath and Holmewood, S42 5UW, United Kingdom",,,Holmewood Bridleway,S42 5UW,Heath and Holmewood,,DBY,Heath and Holmewood,Derbyshire,England,ENG,United Kingdom,gb,0,0.08333333333333333,,© OpenStreetMap contributors,Open Database License,https://www.openstreetmap.org/copyright
United Kingdom,"Enterprise Dr.,Holmfwood Chesterfield S42 5UW",2039,5,53.1934456,-1.3627055,"Enterprise Drive, North East Derbyshire, S42 5BZ, United Kingdom",,Enterprise Drive,Enterprise Drive,S42 5BZ,,Heath and Holmewood,DBY,North East Derbyshire,Derbyshire,England,ENG,United Kingdom,gb,0.44099999999999995,0.7,0.7,© OpenStreetMap contributors,Open Database License,https://www.openstreetmap.org/copyright
United Kingdom,"Enterprise Dr.,Holmfwood Chesterfield,S42 5UW",2040,5,53.1934456,-1.3627055,"Enterprise Drive, North East Derbyshire, S42 5BZ, United Kingdom",,Enterprise Drive,Enterprise Drive,S42 5BZ,,Heath and Holmewood,DBY,North East Derbyshire,Derbyshire,England,ENG,United Kingdom,gb,0.44099999999999995,0.7,0.7,© OpenStreetMap contributors,Open Database License,https://www.openstreetmap.org/copyright
United Kingdom,"Enterprise Dr.,Holmfwood Ind.Park Chesterfield,S42 5UW",2041,5,53.245664,-1.442264,"Chesterfield, S42 5UW, United Kingdom",,,,S42 5UW,,,DBY,Chesterfield,Derbyshire,England,ENG,United Kingdom,gb,0.25,1,,Who's On First,CC0,https://www.whosonfirst.org/docs/licenses/
United Kingdom,"Enterprise House,Ocean Way,Ocean Village,Southampton,Hampshire,SO14 3XB",2042,5,50.8957665,-1.3941621,"Ocean Way, Southampton, SO14 3QR, United Kingdom",,Ocean Way,Ocean Way,SO14 3QR,,Ocean Village,,Southampton,,England,ENG,United Kingdom,gb,0.63,1,1,© OpenStreetMap contributors,Open Database License,https://www.openstreetmap.org/copyright
United Kingdom,"Enterprise House,Ocean Way,Ocean Village,Southampton,SO14 3XB",2043,5,50.8957665,-1.3941621,"Ocean Way, Southampton, SO14 3QR, United Kingdom",,Ocean Way,Ocean Way,SO14 3QR,,Ocean Village,,Southampton,,England,ENG,United Kingdom,gb,0.63,1,1,© OpenStreetMap contributors,Open Database License,https://www.openstreetmap.org/copyright
United Kingdom,"Enterprise Park,Swansea,West Glamorgan,SA7 9FJ",2044,5,51.6556297,-3.9083084,"Flotek Swansea, Swansea, SA7 9FG, United Kingdom",,Flotek Swansea,,SA7 9FG,,Llansamlet,SWA,,Swansea,Wales,WLS,United Kingdom,gb,0,0.9,,© OpenStreetMap contributors,Open Database License,https://www.openstreetmap.org/copyright
United Kingdom,"Enterprise Park,Swansea,West Glamrgan SA7 9FJ",2045,5,54.186633,-6.31632,"Ashtree Enterprise Park, Newry, Mourne and Down, United Kingdom",,,Ashtree Enterprise Park,,,,,,"Newry, Mourne and Down",Northern Ireland,NIR,United Kingdom,gb,0.6906976744186047,0.05714285714285714,0.05142857142857143,© OpenStreetMap contributors,Open Database License,https://www.openstreetmap.org/copyright
United Kingdom,"Enterprise Park,Swansea,West Glamrgan,SA7 9FJ",2046,5,51.146258,0.858699,"Chart Enterprise Park, Ashford, United Kingdom",,,Chart Enterprise Park,,,,KEN,Ashford,Kent,England,ENG,United Kingdom,gb,0.6000000000000001,,,© OpenStreetMap contributors,Open Database License,https://www.openstreetmap.org/copyright
United Kingdom,"Environ House,Welshman's Lane Nantwich,Cheshire CW5 6AB",2047,5,53.0722409,-2.535214166543674,"Welshman's Lane, Nantwich, CW5 6AB, United Kingdom",,Welshman's Lane,,CW5 6AB,,Kingsbourne,CHE,Nantwich,Cheshire East,England,ENG,United Kingdom,gb,0.45,1,1,© OpenStreetMap contributors,Open Database License,https://www.openstreetmap.org/copyright
United Kingdom,"Ernesettle Lane,Ernesettle Plymouth,Devon,PL5 2SA",2048,5,50.4200951,-4.1879814,"Ernesettle Lane, Plymouth, PL5 2SA, United Kingdom",,Ernesettle Lane,Ernesettle Lane,PL5 2SA,,Ernesettle,,Plymouth,,England,ENG,United Kingdom,gb,0.7,1,1,© OpenStreetMap contributors,Open Database License,https://www.openstreetmap.org/copyright
United Kingdom,"Ernesettle,Lane Ernesettle Plymouth,Devon PL5 2SA",2049,5,50.4200951,-4.1879814,"Ernesettle Lane, Plymouth, PL5 2SA, United Kingdom",,Ernesettle Lane,Ernesettle Lane,PL5 2SA,,Ernesettle,,Plymouth,,England,ENG,United Kingdom,gb,0.7,1,1,© OpenStreetMap contributors,Open Database License,https://www.openstreetmap.org/copyright
United Kingdom,"Ernesettle,Lane Ernesettle Plymouth,Devon,PL5 2SA",2050,5,50.4200951,-4.1879814,"Ernesettle Lane, Plymouth, PL5 2SA, United Kingdom",,Ernesettle Lane,Ernesettle Lane,PL5 2SA,,Ernesettle,,Plymouth,,England,ENG,United Kingdom,gb,0.7,1,1,© OpenStreetMap contributors,Open Database License,https://www.openstreetmap.org/copyright
United Kingdom,"Ernesettle,Plymouth,Devon,PL5 2SA",2051,5,50.42059,-4.18695,"Plymouth, PL5 2SA, United Kingdom",,,,PL5 2SA,,Ernesettle,,Plymouth,,England,ENG,United Kingdom,gb,1,1,,© OpenStreetMap contributors,Open Database License,https://www.openstreetmap.org/copyright
United Kingdom,"Ernst & Young Rolls House 7 Rolls Bldg.,Fetter Lane,London EC4A 1NH",2052,5,51.5157816,-0.1091368,"Fetter Lane, City of London, EC4A 1AG, United Kingdom",,Fetter Lane,Fetter Lane,EC4A 1AG,,Blackfriars,,City of London,Greater London,England,ENG,United Kingdom,gb,0.5103,0.81,0.81,© OpenStreetMap contributors,Open Database License,https://www.openstreetmap.org/copyright
United Kingdom,"Etel House Ave.One Letchworth Garden City Hertfordshire,SG6 2HU",2053,5,51.9809902,-0.2077187,"Avenue One, North Hertfordshire, SG6 2HU, United Kingdom",,Avenue One,Avenue One,SG6 2HU,Phoenix Park Estate,Jubilee Industrial Centre,HRT,North Hertfordshire,Hertfordshire,England,ENG,United Kingdom,gb,0.7,1,1,© OpenStreetMap contributors,Open Database License,https://www.openstreetmap.org/copyright
United Kingdom,"European Knowledge Centre Mosquito Way,Hatfield Hertfordshire,AL10 9SN",2054,5,51.7672633,-0.2425006,"Mosquito Way, Welwyn Hatfield, AL10 9SN, United Kingdom",,Mosquito Way,Mosquito Way,AL10 9SN,,Hatfield Business Park,HRT,Welwyn Hatfield,Hertfordshire,England,ENG,United Kingdom,gb,0.7,1,1,© OpenStreetMap contributors,Open Database License,https://www.openstreetmap.org/copyright
United Kingdom,"European Knowledge Centre,Mosquito Way,Hatfield Hertfordshire,AL10 9SN",2055,5,51.7672633,-0.2425006,"Mosquito Way, Welwyn Hatfield, AL10 9SN, United Kingdom",,Mosquito Way,Mosquito Way,AL10 9SN,,Hatfield Business Park,HRT,Welwyn Hatfield,Hertfordshire,England,ENG,United Kingdom,gb,0.7,1,1,© OpenStreetMap contributors,Open Database License,https://www.openstreetmap.org/copyright
United Kingdom,"Euston House,24 Eversholt St.,London NW1 1AD",2056,5,51.5287778,-0.1320819,"Pizza Pilgrims, 24 Eversholt Street, London, NW1 1AD, United Kingdom",24,Pizza Pilgrims,Eversholt Street,NW1 1AD,London Borough of Camden,Somers Town,,London,Greater London,England,ENG,United Kingdom,gb,0.9,1,1,© OpenStreetMap contributors,Open Database License,https://www.openstreetmap.org/copyright
United Kingdom,"Evesham House,Whittington Hall,Whittington Rd.,Worcester,WR5 2ZX",2057,5,52.1799833,-2.1893663,"Whittington Road, Worcester, WR5 2JY, United Kingdom",,Whittington Road,Whittington Road,WR5 2JY,,Nunnery Wood,WOR,Worcester,Worcestershire,England,ENG,United Kingdom,gb,0.63,1,1,© OpenStreetMap contributors,Open Database License,https://www.openstreetmap.org/copyright
United Kingdom,"Exchange Tower,1 Harbour Exchange Sq.,London,E14 9GE",2058,5,51.49885345,-0.014322495858097901,"1-2 Harbour Exchange Square, London, E14 9HE, United Kingdom",1-2,,Harbour Exchange Square,E14 9HE,London Borough of Tower Hamlets,Isle of Dogs,,London,Greater London,England,ENG,United Kingdom,gb,0.5670000000000001,1,1,© OpenStreetMap contributors,Open Database License,https://www.openstreetmap.org/copyright
United Kingdom,"Exeter,Devon",2059,5,50.7255794,-3.5269497,"Exeter, ENG, United Kingdom",,,,,,,DEV,Exeter,Devon,England,ENG,United Kingdom,gb,1,1,,© OpenStreetMap contributors,Open Database License,https://www.openstreetmap.org/copyright
United Kingdom,"F3 Bramingham Business Park,Enterprise Way,Luton,Bedfordshire,LU3 4BU",2060,5,51.9218349,-0.4312502,"Enterprise Way, Luton, LU3 4EG, United Kingdom",,Enterprise Way,Enterprise Way,LU3 4EG,,Warden Hill,,Luton,Borough of Luton,England,ENG,United Kingdom,gb,0.44099999999999995,0.7290000000000001,0.7290000000000001,© OpenStreetMap contributors,Open Database License,https://www.openstreetmap.org/copyright
United Kingdom,"F3 Bramingham Business Park,Enterprise Way,Luton,Beds.LU3 2BU",2061,5,52.928744,-1.467385,"Enterprise Way, Derby, United Kingdom",,,Enterprise Way,,,,DBY,Derby,Derbyshire,England,ENG,United Kingdom,gb,0,,,© OpenStreetMap contributors,Open Database License,https://www.openstreetmap.org/copyright
United Kingdom,"F3 Bramingham Business Park.Enterprise Way,Luton,Beds.LU3 2BU",2062,5,51.920359,-0.431637,"Bramingham Business Park, Luton, United Kingdom",,,Bramingham Business Park,,,,BDF,Luton,Bedford,England,ENG,United Kingdom,gb,0,,,© OpenStreetMap contributors,Open Database License,https://www.openstreetmap.org/copyright
United Kingdom,"Fanuc House,No.1 Station Approach Ruislip,Middlesex HA4 8LF",2063,5,51.5554102,-0.4005544,"Station Approach, London, HA4 6RT, United Kingdom",,Station Approach,Station Approach,HA4 6RT,London Borough of Hillingdon,,,London,Greater London,England,ENG,United Kingdom,gb,0.44099999999999995,0.7,0.7,© OpenStreetMap contributors,Open Database License,https://www.openstreetmap.org/copyright
United Kingdom,"Festival Dr.,Victoria Business Park,Ebbw Vale NP23 8XS",2064,5,51.657778,-3.442596,"Oaklands Business Park, Ferndale, United Kingdom",,,Oaklands Business Park,,Ferndale Community,,RCT,Ferndale,Rhondda Cynon Taf,Wales,WLS,United Kingdom,gb,0,0.125,,© OpenStreetMap contributors,Open Database License,https://www.openstreetmap.org/copyright
United Kingdom,"Festival Dr.,Victoria Business Park,Ebbw Vale,Gwent,NP23 8XS",2065,5,51.657778,-3.442596,"Oaklands Business Park, Ferndale, United Kingdom",,,Oaklands Business Park,,Ferndale Community,,RCT,Ferndale,Rhondda Cynon Taf,Wales,WLS,United Kingdom,gb,0,,,© OpenStreetMap contributors,Open Database License,https://www.openstreetmap.org/copyright
United Kingdom,"Festival Dr.,Victoria Business Park,Ebbw Vale,NP23 8XS",2066,5,51.657778,-3.442596,"Oaklands Business Park, Ferndale, United Kingdom",,,Oaklands Business Park,,Ferndale Community,,RCT,Ferndale,Rhondda Cynon Taf,Wales,WLS,United Kingdom,gb,0,0.125,,© OpenStreetMap contributors,Open Database License,https://www.openstreetmap.org/copyright
United Kingdom,"Field Fisher Waterhouse 41 Vine St.,London EC3N 2AA",2067,5,51.5116527,-0.0758517,"Vine Street, City of London, EC3N 2LJ, United Kingdom",,Vine Street,Vine Street,EC3N 2LJ,,Aldgate,,City of London,Greater London,England,ENG,United Kingdom,gb,0.5103,0.81,0.81,© OpenStreetMap contributors,Open Database License,https://www.openstreetmap.org/copyright
United Kingdom,"Field Place Estate,Broadbridge Heath,Horsham,West Sussex,RH12 3PB",2068,5,51.077862,-0.364998,"Field Place Estate, Horsham, RH12 3PB, United Kingdom",,,Field Place Estate,RH12 3PB,Warnham,Field Place Estate,WSX,Horsham,West Sussex,England,ENG,United Kingdom,gb,1,1,1,© OpenStreetMap contributors,Open Database License,https://www.openstreetmap.org/copyright
United Kingdom,"Finance Associates,Boundary House,91 Charterhouse St.,London,EC1M 6HR",2069,5,51.5200255,-0.10128560905452173,"91 Charterhouse Street, City of London, EC1M 6HR, United Kingdom",91,,Charterhouse Street,EC1M 6HR,London Borough of Islington,,,City of London,Greater London,England,ENG,United Kingdom,gb,0.9,1,1,© OpenStreetMap contributors,Open Database License,https://www.openstreetmap.org/copyright
United Kingdom,"Findel House,5 Excelsior Rd.,Ashby Park,Ashby de la Zouch,Leicestershire,LE65 1NG",2070,5,52.7493654,-1.4509832,"Excelsior Road, North West Leicestershire, LE65 1NU, United Kingdom",,Excelsior Road,Excelsior Road,LE65 1NU,,Ashby Park,LEC,North West Leicestershire,Leicestershire,England,ENG,United Kingdom,gb,0.63,1,1,© OpenStreetMap contributors,Open Database License,https://www.openstreetmap.org/copyright
United Kingdom,"Finsbury Circus House 12/15 Finsbury Circus,London EC2M 7BT",2071,5,51.5180861,-0.08809,"Finsbury Circus, City of London, EC2M 6UR, United Kingdom",,Finsbury Circus,Finsbury Circus,EC2M 6UR,,Barbican,,City of London,Greater London,England,ENG,United Kingdom,gb,0.5103,0.81,0.81,© OpenStreetMap contributors,Open Database License,https://www.openstreetmap.org/copyright
United Kingdom,"Finsbury Circus House,12-15 Finsbury Circus,London EC2M 7BT",2072,5,51.5180861,-0.08809,"Finsbury Circus, City of London, EC2M 6UR, United Kingdom",,Finsbury Circus,Finsbury Circus,EC2M 6UR,,Barbican,,City of London,Greater London,England,ENG,United Kingdom,gb,0.5103,0.81,0.81,© OpenStreetMap contributors,Open Database License,https://www.openstreetmap.org/copyright
United Kingdom,"Finsbury Circus House,12-15 Finsbury Circus,London,EC2M 7BT",2073,5,51.5180861,-0.08809,"Finsbury Circus, City of London, EC2M 6UR, United Kingdom",,Finsbury Circus,Finsbury Circus,EC2M 6UR,,Barbican,,City of London,Greater London,England,ENG,United Kingdom,gb,0.5103,0.81,0.81,© OpenStreetMap contributors,Open Database License,https://www.openstreetmap.org/copyright
United Kingdom,"Finsbury Court 111-117 Finsbury Pavement,London EC2A 1EQ",2074,5,51.5194257,-0.0876097,"Finsbury Pavement, London, EC2A 1RS, United Kingdom",,Finsbury Pavement,Finsbury Pavement,EC2A 1RS,London Borough of Islington,Finsbury,,London,Greater London,England,ENG,United Kingdom,gb,0.63,1,1,© OpenStreetMap contributors,Open Database License,https://www.openstreetmap.org/copyright
United Kingdom,"Finsbury Dials,20 Finsbury St.,London EC2Y 9AY",2075,5,51.5197423,-0.088862,"Finsbury Street, London, EC1Y 4UQ, United Kingdom",,Finsbury Street,Finsbury Street,EC1Y 4UQ,London Borough of Islington,Finsbury,,London,Greater London,England,ENG,United Kingdom,gb,0.5,1,1,© OpenStreetMap contributors,Open Database License,https://www.openstreetmap.org/copyright
United Kingdom,"First Fl.,Southside,97-105 Victoria St.,London SW1E 6QT",2076,5,51.4983171,-0.1322111,"London, SW1E 6QT, United Kingdom",,,,SW1E 6QT,,,,City of Westminster,Greater London,England,ENG,United Kingdom,gb,0.6,1,,© OpenStreetMap contributors,Open Database License,https://www.openstreetmap.org/copyright
United Kingdom,"Five Chancery Lane,Clifford's Inn,London EC4A 1BU",2077,5,51.514476,-0.110874,"Orega Chancery Lane, 5 Chancery Lane, London, WC2A 1LG, United Kingdom",5,Orega Chancery Lane,Chancery Lane,WC2A 1LG,City of London,Holborn,,London,London,England,ENG,United Kingdom,gb,0,1,,© OpenStreetMap contributors,Open Database License,https://www.openstreetmap.org/copyright
United Kingdom,"Five Chancery Lane,Clifford's Inn,London,EC4A 1BU",2078,5,51.514476,-0.110874,"Orega Chancery Lane, 5 Chancery Lane, London, WC2A 1LG, United Kingdom",5,Orega Chancery Lane,Chancery Lane,WC2A 1LG,City of London,Holborn,,London,London,England,ENG,United Kingdom,gb,0,1,,© OpenStreetMap contributors,Open Database License,https://www.openstreetmap.org/copyright
United Kingdom,"Fl.9A,1 Minster Court,Mincing Lane,London,EC3R 7YA",2079,5,51.5108908,-0.0811851,"Agenda, 1 Mincing Lane, City of London, EC3R 7AA, United Kingdom",1,Agenda,Mincing Lane,EC3R 7AA,,Cornhill,,City of London,Greater London,England,ENG,United Kingdom,gb,0.5103000000000001,0.81,0.81,© OpenStreetMap contributors,Open Database License,https://www.openstreetmap.org/copyright
United Kingdom,"Fl.9A,Minster Court,Mincing Lane,London,EC3R 7YA",2080,5,51.5109018,-0.0814788,"Mincing Lane, City of London, EC3R 7AE, United Kingdom",,Mincing Lane,Mincing Lane,EC3R 7AE,,Cornhill,,City of London,Greater London,England,ENG,United Kingdom,gb,0.5103,0.81,0.81,© OpenStreetMap contributors,Open Database License,https://www.openstreetmap.org/copyright
United Kingdom,"Fl.9A,No.1 Minster Court,Mincing Lane,London,EC3R 7YA",2081,5,51.510585250000005,-0.08092281428331233,"1 Mincing Lane, City of London, EC3R 7AA, United Kingdom",1,,Mincing Lane,EC3R 7AA,,Cornhill,,City of London,Greater London,England,ENG,United Kingdom,gb,0.5103,0.81,0.81,© OpenStreetMap contributors,Open Database License,https://www.openstreetmap.org/copyright
United Kingdom,"Fl.9A,No.1,Minster Court,Mincing Lane,London EC3R 7AA",2082,5,51.510585250000005,-0.08092281428331233,"1 Mincing Lane, City of London, EC3R 7AA, United Kingdom",1,,Mincing Lane,EC3R 7AA,,Cornhill,,City of London,Greater London,England,ENG,United Kingdom,gb,0.9,1,1,© OpenStreetMap contributors,Open Database License,https://www.openstreetmap.org/copyright
United Kingdom,"Fl.9A,No.1,Minster Court,Mincing Lane,London EC3R 7YA",2083,5,51.510585250000005,-0.08092281428331233,"1 Mincing Lane, City of London, EC3R 7AA, United Kingdom",1,,Mincing Lane,EC3R 7AA,,Cornhill,,City of London,Greater London,England,ENG,United Kingdom,gb,0.5103,0.81,0.81,© OpenStreetMap contributors,Open Database License,https://www.openstreetmap.org/copyright
United Kingdom,"Fl.9A,No.1,Minster Court,Mincing Lane,London,EC3R 7YA",2084,5,51.510585250000005,-0.08092281428331233,"1 Mincing Lane, City of London, EC3R 7AA, United Kingdom",1,,Mincing Lane,EC3R 7AA,,Cornhill,,City of London,Greater London,England,ENG,United Kingdom,gb,0.5103,0.81,0.81,© OpenStreetMap contributors,Open Database License,https://www.openstreetmap.org/copyright
United Kingdom,"Flagship Sq.,Shawcross Bisiness Park Duesbury WF12 7TH",2085,5,53.094861,-1.334774,"The Duesbury, Pinxton, United Kingdom",,,The Duesbury,,Pinxton,,DBY,Pinxton,Derbyshire,England,ENG,United Kingdom,gb,0.02050551797792808,0.08,0.07200000000000001,© OpenStreetMap contributors,Open Database License,https://www.openstreetmap.org/copyright
United Kingdom,"Flagship Sq.,Shawcross Bisiness Park Duesbury,WF12 7TH",2086,5,53.094861,-1.334774,"The Duesbury, Pinxton, United Kingdom",,,The Duesbury,,Pinxton,,DBY,Pinxton,Derbyshire,England,ENG,United Kingdom,gb,0.4846153846153846,0.07058823529411765,0.06352941176470589,© OpenStreetMap contributors,Open Database License,https://www.openstreetmap.org/copyright
United Kingdom,"Flagship Sq.,Shawcross Business Park Dewsbury,WF12 7TH",2087,5,53.676866,-1.620667,"Bretton Park Business Park, Dewsbury, WF12 7TH, United Kingdom",,,Bretton Park Business Park,WF12 7TH,,,KIR,Dewsbury,Kirklees,England,ENG,United Kingdom,gb,0.1111111111111111,1,0.1111111111111111,© OpenStreetMap contributors,Open Database License,https://www.openstreetmap.org/copyright
United Kingdom,"Flat 17 Hillcrest Heights,18-20 Hillcrest Rd.,Ealing,London W5 1HJ",2088,5,51.5240341,-0.2958303,"Hillcrest Road, London, W5 1HJ, United Kingdom",,Hillcrest Road,Hillcrest Road,W5 1HJ,London Borough of Ealing,Park Royal,,London,Greater London,England,ENG,United Kingdom,gb,0.7,1,1,© OpenStreetMap contributors,Open Database License,https://www.openstreetmap.org/copyright
United Kingdom,"Flat 6,23 Lexham Gardens W8 5JJ,London",2089,5,51.4957283,-0.1896493,"23 Lexham Gardens, London, W8 5JU, United Kingdom",23,,Lexham Gardens,W8 5JU,Royal Borough of Kensington and Chelsea,Earl's Court,,London,Greater London,England,ENG,United Kingdom,gb,0.63,1,1,© OpenStreetMap contributors,Open Database License,https://www.openstreetmap.org/copyright
United Kingdom,"Flat F,Rosecourt,11 Mattock Lane,Ealing,London W5",2090,5,51.5114878,-0.3088996257281663,"11 Mattock Lane, London, W5 5BG, United Kingdom",11,,Mattock Lane,W5 5BG,London Borough of Ealing,,,London,Greater London,England,ENG,United Kingdom,gb,0.9,1,1,© OpenStreetMap contributors,Open Database License,https://www.openstreetmap.org/copyright
United Kingdom,"Flowers Bldg.,Armstrong Rd.,South Kensington,London,SW7 2AZ",2091,5,51.4989595,-0.1756406,"London, SW7 2AZ, United Kingdom",,,,SW7 2AZ,,,,City of Westminster,Greater London,England,ENG,United Kingdom,gb,0.6,1,,© OpenStreetMap contributors,Open Database License,https://www.openstreetmap.org/copyright
United Kingdom,"Fordrough Lane,Bordesley Green,Birmingham B9 5LD",2092,5,52.4806851,-1.8503891399999999,"Birmingham, B9 5LD, United Kingdom",,,,B9 5LD,,,,Birmingham,West Midlands Combined Authority,England,ENG,United Kingdom,gb,0.6,1,,© OpenStreetMap contributors,Open Database License,https://www.openstreetmap.org/copyright
United Kingdom,"Forest View,Crockford Lane,Chineham Business Park,Basingstoke,Hampshire RG24 8QZ",2093,5,51.2891939,-1.0699429,"Crockford Lane, Basingstoke and Deane, RG24 8QZ, United Kingdom",,Crockford Lane,Crockford Lane,RG24 8QZ,,Popley,HAM,Basingstoke and Deane,Hampshire,England,ENG,United Kingdom,gb,0.7,1,1,© OpenStreetMap contributors,Open Database License,https://www.openstreetmap.org/copyright
United Kingdom,"Formans Rd.,Sparkhill Birmingham B11 3DA",2094,5,52.4480026,-1.8553048,"Formans Road, Birmingham, B11 3AX, United Kingdom",,Formans Road,Formans Road,B11 3AX,,,,Birmingham,West Midlands Combined Authority,England,ENG,United Kingdom,gb,0.63,1,1,© OpenStreetMap contributors,Open Database License,https://www.openstreetmap.org/copyright
United Kingdom,"Fort Dunlop,Erdington,Birmingham B24 9QT",2095,5,52.510118899999995,-1.8112669117038849,"Fort Dunlop, Fort Parkway, Birmingham, B24 9FE, United Kingdom",,Fort Dunlop,Fort Parkway,B24 9FE,,,,Birmingham,West Midlands Combined Authority,England,ENG,United Kingdom,gb,0.7,1,,© OpenStreetMap contributors,Open Database License,https://www.openstreetmap.org/copyright
United Kingdom,"Forum House 41-51Fl.,Brighton Rd.,Redhill Surrey RH1 6YS",2096,5,51.23561,-0.17077,"Reigate and Banstead, RH1 6YS, United Kingdom",,,,RH1 6YS,,,SRY,Reigate and Banstead,Surrey,England,ENG,United Kingdom,gb,0.6,1,,© OpenStreetMap contributors,Open Database License,https://www.openstreetmap.org/copyright
United Kingdom,"Forum House 41-51st Fl.,Brighton Rd.,Redhill Surrey RH1 6YS",2097,5,51.23561,-0.17077,"Reigate and Banstead, RH1 6YS, United Kingdom",,,,RH1 6YS,,,SRY,Reigate and Banstead,Surrey,England,ENG,United Kingdom,gb,0.6,1,,© OpenStreetMap contributors,Open Database License,https://www.openstreetmap.org/copyright
United Kingdom,"Forum1,Station Rd.,Theale,Reading,Berkshire,RG7 4RA",2098,5,51.4336997,-1.0767437,"Theale, RG7 4RA, United Kingdom",,,,RG7 4RA,,,WBK,Theale,West Berkshire,England,ENG,United Kingdom,gb,0.6,1,,© OpenStreetMap contributors,Open Database License,https://www.openstreetmap.org/copyright
United Kingdom,"Forward House,Davy Way,Llay Ind.Estate,Llay,Wrexham,LL12 0PG",2099,5,53.1028991,-3.0113806,"Davy Way, Llay, LL12 0PG, United Kingdom",,Davy Way,Davy Way,LL12 0PG,Llay Community,Llay,WRX,Llay,Wrexham,Wales,WLS,United Kingdom,gb,0.7,1,1,© OpenStreetMap contributors,Open Database License,https://www.openstreetmap.org/copyright
United Kingdom,"Forward House,Davy Way,Llay,Wrexham,Clwyd LL12 0PG",2100,5,53.102938,-3.011316,"Davy Way, Llay Community, United Kingdom",,,Davy Way,,Llay Community,,DEN,Llay Community,Denbighshire,Wales,WLS,United Kingdom,gb,0.5,,,© OpenStreetMap contributors,Open Database License,https://www.openstreetmap.org/copyright
United Kingdom,"Forward House,Davy Way,Llay,Wrexham,Clwyd LL12 OPG",2101,5,53.1028991,-3.0113806,"Davy Way, Llay, LL12 0PG, United Kingdom",,Davy Way,Davy Way,LL12 0PG,Llay Community,Llay,WRX,Llay,Wrexham,Wales,WLS,United Kingdom,gb,0.5,1,1,© OpenStreetMap contributors,Open Database License,https://www.openstreetmap.org/copyright
United Kingdom,"Forward House,Davy Way,Llay,Wrexham,LL12 0PG",2102,5,53.1028991,-3.0113806,"Davy Way, Llay, LL12 0PG, United Kingdom",,Davy Way,Davy Way,LL12 0PG,Llay Community,Llay,WRX,Llay,Wrexham,Wales,WLS,United Kingdom,gb,0.7,1,1,© OpenStreetMap contributors,Open Database License,https://www.openstreetmap.org/copyright
United Kingdom,"Fourth Way,Avonmouth Bristol,BS11 8DY",2103,5,51.5012973,-2.6785357,"Fourth Way, Bristol, BS11 8DL, United Kingdom",,Fourth Way,Fourth Way,BS11 8DL,,Avonmouth,BST,Bristol,City of Bristol,England,ENG,United Kingdom,gb,0.63,1,1,© OpenStreetMap contributors,Open Database License,https://www.openstreetmap.org/copyright
United Kingdom,"Froward House,Davy Way,Llay,Wrexham,LL12 OPG",2104,5,53.1028991,-3.0113806,"Davy Way, Llay, LL12 0PG, United Kingdom",,Davy Way,Davy Way,LL12 0PG,Llay Community,Llay,WRX,Llay,Wrexham,Wales,WLS,United Kingdom,gb,0.63,1,1,© OpenStreetMap contributors,Open Database License,https://www.openstreetmap.org/copyright
United Kingdom,"Fuji Film House,125 Finchley Rd.,Swiss Cottage,London NW3 6HY",2105,5,51.5432208,-0.1754165,"Overground House, 125 Finchley Road, London, NW3 6HY, United Kingdom",125,Overground House,Finchley Road,NW3 6HY,London Borough of Camden,Belsize Park,,London,Greater London,England,ENG,United Kingdom,gb,0.9,1,1,© OpenStreetMap contributors,Open Database License,https://www.openstreetmap.org/copyright
United Kingdom,"Fuji Film House,125 Finchley Rd.,Swiss Cottage,London NW3 6JH",2106,5,51.5432208,-0.1754165,"Overground House, 125 Finchley Road, London, NW3 6HY, United Kingdom",125,Overground House,Finchley Road,NW3 6HY,London Borough of Camden,Belsize Park,,London,Greater London,England,ENG,United Kingdom,gb,0.63,1,1,© OpenStreetMap contributors,Open Database License,https://www.openstreetmap.org/copyright
United Kingdom,"Fujifilm House,125 Finchley Rd.,Swiss Cottage,London,NW3 6HY",2107,5,51.5432208,-0.1754165,"Overground House, 125 Finchley Road, London, NW3 6HY, United Kingdom",125,Overground House,Finchley Road,NW3 6HY,London Borough of Camden,Belsize Park,,London,Greater London,England,ENG,United Kingdom,gb,0.9,1,1,© OpenStreetMap contributors,Open Database License,https://www.openstreetmap.org/copyright
United Kingdom,"Furukawa House 77-85 Fulham Palace Rd.,London W6 8JD",2108,5,51.4861848,-0.2205645,"Fulham Palace Road, London, W6 8QT, United Kingdom",,Fulham Palace Road,Fulham Palace Road,W6 8QT,London Borough of Hammersmith and Fulham,Brook Green,,London,Greater London,England,ENG,United Kingdom,gb,0.63,1,1,© OpenStreetMap contributors,Open Database License,https://www.openstreetmap.org/copyright
United Kingdom,"Furukawa House,77-85 Fulham Palace Rd.,London W6 8JD",2109,5,51.4861848,-0.2205645,"Fulham Palace Road, London, W6 8QT, United Kingdom",,Fulham Palace Road,Fulham Palace Road,W6 8QT,London Borough of Hammersmith and Fulham,Brook Green,,London,Greater London,England,ENG,United Kingdom,gb,0.63,1,1,© OpenStreetMap contributors,Open Database License,https://www.openstreetmap.org/copyright
United Kingdom,"Furukawa House,No.2 Farriers Yard,London W6 8AH",2110,5,51.49006475,-0.22141737815207072,"No.1 Farriers Yard, 77 Fulham Palace Road, London, W6 8JA, United Kingdom",77,No.1 Farriers Yard,Fulham Palace Road,W6 8JA,London Borough of Hammersmith and Fulham,Brook Green,,London,Greater London,England,ENG,United Kingdom,gb,0.05833333333333333,1,0.16666666666666666,© OpenStreetMap contributors,Open Database License,https://www.openstreetmap.org/copyright
United Kingdom,"Galabank Business Park,Galashiels,Selkirkshire TD1 1QH",2111,5,55.62157,-2.8205,"Galashiels, TD1 1QH, United Kingdom",,,,TD1 1QH,,,SCB,Galashiels,Scottish Borders,Scotland,SCT,United Kingdom,gb,0.6,1,,© OpenStreetMap contributors,Open Database License,https://www.openstreetmap.org/copyright
United Kingdom,"Gallery 9,One Lime St.,London EC3M 7HA",2112,5,51.5129645,-0.0824072,"City of London, EC3M 7HA, United Kingdom",,,,EC3M 7HA,,,,City of London,Greater London,England,ENG,United Kingdom,gb,0.6,1,,© OpenStreetMap contributors,Open Database License,https://www.openstreetmap.org/copyright
United Kingdom,"Gallions,Wexham Springs,Framewood Rd.,Wexham SL3 6PJ",2113,5,51.547206,-0.5697258,"Framewood Road, Stoke Poges, SL3 6PG, United Kingdom",,Framewood Road,Framewood Road,SL3 6PG,Wexham and Ivers Community Board,Wexham,BKM,Stoke Poges,Buckinghamshire,England,ENG,United Kingdom,gb,0.63,1,1,© OpenStreetMap contributors,Open Database License,https://www.openstreetmap.org/copyright
United Kingdom,"Gallions,Wexham Springs,Framewood Rd.,Wexham,SL3 6PJ",2114,5,51.547206,-0.5697258,"Framewood Road, Stoke Poges, SL3 6PG, United Kingdom",,Framewood Road,Framewood Road,SL3 6PG,Wexham and Ivers Community Board,Wexham,BKM,Stoke Poges,Buckinghamshire,England,ENG,United Kingdom,gb,0.63,1,1,© OpenStreetMap contributors,Open Database License,https://www.openstreetmap.org/copyright
United Kingdom,"Garamonde Dr.,Wymbush,Milton Keynes MK8 8LW",2115,5,52.0438486,-0.7977282,"Garamonde Drive, Milton Keynes, MK8 8LF, United Kingdom",,Garamonde Drive,Garamonde Drive,MK8 8LF,,Wymbush,,Milton Keynes,City of Milton Keynes,England,ENG,United Kingdom,gb,0.5103,1,1,© OpenStreetMap contributors,Open Database License,https://www.openstreetmap.org/copyright
United Kingdom,"Garamonde Dr.,Wymbush,Milton Keynes,MK8 8LW",2116,5,52.0438486,-0.7977282,"Garamonde Drive, Milton Keynes, MK8 8LF, United Kingdom",,Garamonde Drive,Garamonde Drive,MK8 8LF,,Wymbush,,Milton Keynes,City of Milton Keynes,England,ENG,United Kingdom,gb,0.5103,1,1,© OpenStreetMap contributors,Open Database License,https://www.openstreetmap.org/copyright
United Kingdom,"Garamonde Drive,Wymbush,Milton Keynes,MK8 8LW",2117,5,52.0438486,-0.7977282,"Garamonde Drive, Milton Keynes, MK8 8LF, United Kingdom",,Garamonde Drive,Garamonde Drive,MK8 8LF,,Wymbush,,Milton Keynes,City of Milton Keynes,England,ENG,United Kingdom,gb,0.5103,1,1,© OpenStreetMap contributors,Open Database License,https://www.openstreetmap.org/copyright
United Kingdom,"Garden House,18 Finsbury Circus,London EC2M 7AT",2118,5,51.5182972,-0.0850575,"Hugo Boss, 16-18 Finsbury Circus, City of London, EC2M 7EB, United Kingdom",16-18,Hugo Boss,Finsbury Circus,EC2M 7EB,Bishopsgate Without,,,City of London,Greater London,England,ENG,United Kingdom,gb,0.45927000000000007,0.81,0.81,© OpenStreetMap contributors,Open Database License,https://www.openstreetmap.org/copyright
United Kingdom,"Garden House,18,Finsbury Circus,London EC2",2119,5,51.5182972,-0.0850575,"Hugo Boss, 16-18 Finsbury Circus, City of London, EC2M 7EB, United Kingdom",16-18,Hugo Boss,Finsbury Circus,EC2M 7EB,Bishopsgate Without,,,City of London,Greater London,England,ENG,United Kingdom,gb,0.45927000000000007,0.81,0.81,© OpenStreetMap contributors,Open Database License,https://www.openstreetmap.org/copyright
United Kingdom,"Garrick Ind.Center,Garrick Rd.,Hendon,London NM9 9AP",2120,5,51.580806,-0.241613,"Garrick Road, London, United Kingdom",,,Garrick Road,,Barnet,Hendon,,London,London,England,ENG,United Kingdom,gb,0.5,1,1,© OpenStreetMap contributors,Open Database License,https://www.openstreetmap.org/copyright
United Kingdom,"Garrick Industrial Center,Garrick Rd.,Hendon,London NM9 9AP",2121,5,51.618906550000005,-0.17777669004122756,"7 Frederick's Place, London, N12 8QE, United Kingdom",7,,Frederick's Place,N12 8QE,London Borough of Barnet,North Finchley,,London,Greater London,England,ENG,United Kingdom,gb,0.32727272727272727,1,0.36363636363636365,© OpenStreetMap contributors,Open Database License,https://www.openstreetmap.org/copyright
United Kingdom,"Garsington Rd.,Cowley,Oxford OX4 2PG",2122,5,51.729688,-1.1848676,"Oxford, OX4 2PG, United Kingdom",,,,OX4 2PG,,,OXF,Oxford,Oxfordshire,England,ENG,United Kingdom,gb,0.6,1,,© OpenStreetMap contributors,Open Database License,https://www.openstreetmap.org/copyright
United Kingdom,"Garsington Rd.,Cowley,Oxford,OX4 2BW",2123,5,51.73443,-1.17836,"Oxford, OX4 2BW, United Kingdom",,,,OX4 2BW,,,OXF,Oxford,Oxfordshire,England,ENG,United Kingdom,gb,0.6,1,,© OpenStreetMap contributors,Open Database License,https://www.openstreetmap.org/copyright
United Kingdom,"Gartmore House,PO Box 65,16-18 Monument,London EC3R 8QQ",2124,5,51.50455425,-0.12591397129997825,"Banqueting House, Whitehall Gardens, London, SW1A 2ET, United Kingdom",,Banqueting House,Whitehall Gardens,SW1A 2ET,,Covent Garden,,City of Westminster,Greater London,England,ENG,United Kingdom,gb,0,0.16666666666666666,,© OpenStreetMap contributors,Open Database License,https://www.openstreetmap.org/copyright
United Kingdom,"Gartmore House,POB 65,16-18 Monument,London EC3R 8QQ",2125,5,53.350286749999995,-1.4639132519491056,"65 Thorpe House Road, Sheffield, S8 9NT, United Kingdom",65,,Thorpe House Road,S8 9NT,,Norton Lees,,Sheffield,South Yorkshire,England,ENG,United Kingdom,gb,0.14883749999999998,0.3,0.11249999999999999,© OpenStreetMap contributors,Open Database License,https://www.openstreetmap.org/copyright
United Kingdom,"Gee Rd.,Whitwick Business Park,Coalville,Leicestershire LE67 4NH",2126,5,52.72692935,-1.363333602570144,"Whitwick Business Park, North West Leicestershire, LE67 4NH, United Kingdom",,Whitwick Business Park,,LE67 4NH,,Greenhill,LEC,North West Leicestershire,Leicestershire,England,ENG,United Kingdom,gb,0.5,1,1,© OpenStreetMap contributors,Open Database License,https://www.openstreetmap.org/copyright
United Kingdom,"Genesis House,17,Godliman St.,London,EC4V 5BD",2127,5,51.5125041,-0.0988759,"Miyama, 17 Godliman Street, City of London, EC4V 5BD, United Kingdom",17,Miyama,Godliman Street,EC4V 5BD,,Vintry,,City of London,Greater London,England,ENG,United Kingdom,gb,0.9,1,1,© OpenStreetMap contributors,Open Database License,https://www.openstreetmap.org/copyright
United Kingdom,"Genesis House,17,Goldiman St.,London,EC4V 5DV",2128,5,51.512504,-0.098876,"17 Godliman Street, London, EC4V 5BD, United Kingdom",17,,Godliman Street,EC4V 5BD,City of London,Blackfriars,,London,London,England,ENG,United Kingdom,gb,0.42524999999999996,1,0.675,© OpenStreetMap contributors,Open Database License,https://www.openstreetmap.org/copyright
United Kingdom,"Gillingham House,38-44 Gillingham St.,London SW1V 1HU",2129,5,51.49342,-0.1429,"London, SW1V 1HU, United Kingdom",,,,SW1V 1HU,,,,City of Westminster,Greater London,England,ENG,United Kingdom,gb,0.6,1,,© OpenStreetMap contributors,Open Database License,https://www.openstreetmap.org/copyright
United Kingdom,"Gillingham House,38-44 Gillingham St.,London,SW1V 1HU",2130,5,51.49342,-0.1429,"London, SW1V 1HU, United Kingdom",,,,SW1V 1HU,,,,City of Westminster,Greater London,England,ENG,United Kingdom,gb,0.6,1,,© OpenStreetMap contributors,Open Database License,https://www.openstreetmap.org/copyright
United Kingdom,"Gillingham House,Gillingham St.London SW1",2131,5,51.038628,-2.2687116,"Gillingham School, Hardings Lane, Gillingham, SP8 4QP, United Kingdom",,Gillingham School,Hardings Lane,SP8 4QP,Gillingham Civil Parish,,DOR,Gillingham,Dorset,England,ENG,United Kingdom,gb,0,,,© OpenStreetMap contributors,Open Database License,https://www.openstreetmap.org/copyright
United Kingdom,"Gillingnam House,38-44 Gillingnam St.,London SWIV IHU",2132,5,51.514993,-0.092813,"City of London, London, ENG, United Kingdom",,City of London,,,City of London,,,London,London,England,ENG,United Kingdom,gb,0.25,1,,Who's On First,CC0,https://www.whosonfirst.org/docs/licenses/
United Kingdom,Glasgow,2133,5,55.861155,-4.2501687,"Glasgow, G2 1DY, United Kingdom",,Glasgow,,G2 1DY,,,GLG,Glasgow,Glasgow City,Scotland,SCT,United Kingdom,gb,1,1,,© OpenStreetMap contributors,Open Database License,https://www.openstreetmap.org/copyright
United Kingdom,"Glasgow,Scotland",2134,5,55.861155,-4.2501687,"Glasgow, G2 1DY, United Kingdom",,Glasgow,,G2 1DY,,,GLG,Glasgow,Glasgow City,Scotland,SCT,United Kingdom,gb,1,1,,© OpenStreetMap contributors,Open Database License,https://www.openstreetmap.org/copyright
United Kingdom,"Glass Ave.,Ocean Park, Cardiff,South Glamorgan CF1 5EN",2135,5,51.4730652,-3.1475376,"Glass Avenue, Cardiff, CF24 5EP, United Kingdom",,Glass Avenue,Glass Avenue,CF24 5EP,,Splott,CRF,Cardiff,Cardiff,Wales,WLS,United Kingdom,gb,0,,,© OpenStreetMap contributors,Open Database License,https://www.openstreetmap.org/copyright
United Kingdom,"Glass Ave.,Ocean Park,Cardiff,CF24 5EN",2136,5,51.4730652,-3.1475376,"Glass Avenue, Cardiff, CF24 5EP, United Kingdom",,Glass Avenue,Glass Avenue,CF24 5EP,,Splott,CRF,Cardiff,Cardiff,Wales,WLS,United Kingdom,gb,0.63,1,1,© OpenStreetMap contributors,Open Database License,https://www.openstreetmap.org/copyright
United Kingdom,"Glass Ave.,Ocean Park,Cardiff,South Glamorgan CF1 5EN",2137,5,51.4730652,-3.1475376,"Glass Avenue, Cardiff, CF24 5EP, United Kingdom",,Glass Avenue,Glass Avenue,CF24 5EP,,Splott,CRF,Cardiff,Cardiff,Wales,WLS,United Kingdom,gb,0,,,© OpenStreetMap contributors,Open Database License,https://www.openstreetmap.org/copyright
United Kingdom,"Glass Ave.,Ocean Park,Cardiff.CF24 5EN",2138,5,53.027189,-2.173273,"Glass Street, Stoke-On-Trent, ST1 2ET, United Kingdom",,,Glass Street,ST1 2ET,,,STS,Stoke-On-Trent,Staffordshire,England,ENG,United Kingdom,gb,0.25,0.25,0.25,© OpenStreetMap contributors,Open Database License,https://www.openstreetmap.org/copyright
United Kingdom,"GLEN HOUSE,Suite 115,200-208,Tottenham Court Rd.,London W1P 9LA",2139,5,51.520668,-0.133981,"200-208 Tottenham Court Road, London, W1T 2EX, United Kingdom",200-208,,Tottenham Court Road,W1T 2EX,Camden,Fitzrovia,,London,London,England,ENG,United Kingdom,gb,0.81,1,1,© OpenStreetMap contributors,Open Database License,https://www.openstreetmap.org/copyright
United Kingdom,"Global House,14 Silver St.,Stansted Mountfitchet,Essex CM24 8HD",2140,5,51.9007147,0.1919576,"Silver Street, Uttlesford, CM24 8HA, United Kingdom",,Silver Street,Silver Street,CM24 8HA,,Stansted Mountfitchet,ESS,Uttlesford,Essex,England,ENG,United Kingdom,gb,0.63,1,1,© OpenStreetMap contributors,Open Database License,https://www.openstreetmap.org/copyright
United Kingdom,"Gloucester Business Park Golf Club Lane,Brockworth Gloucester GL3 4AJ",2141,5,51.8435661,-2.1689574,"Golf Club Lane, Tewkesbury, GL3 4AJ, United Kingdom",,Golf Club Lane,Golf Club Lane,GL3 4AJ,,Brockworth,GLS,Tewkesbury,Gloucestershire,England,ENG,United Kingdom,gb,0.63,1,0.9,© OpenStreetMap contributors,Open Database License,https://www.openstreetmap.org/copyright
United Kingdom,"Glover Rd.,Dist.11,Washington Tyne & Wear,NE37 3JD",2142,5,54.9118029,-1.5073551,"Glover Road, Sunderland, NE37 3LE, United Kingdom",,Glover Road,Glover Road,NE37 3LE,,Sulgrave,,Sunderland,Tyne and Wear,England,ENG,United Kingdom,gb,0.5,1,1,© OpenStreetMap contributors,Open Database License,https://www.openstreetmap.org/copyright
United Kingdom,"Glover Rd.,Dist.11,Washington Tyne And England NE373JD",2143,5,54.9118029,-1.5073551,"Glover Road, Sunderland, NE37 3LE, United Kingdom",,Glover Road,Glover Road,NE37 3LE,,Sulgrave,,Sunderland,Tyne and Wear,England,ENG,United Kingdom,gb,0.44099999999999995,0.7,0.7,© OpenStreetMap contributors,Open Database License,https://www.openstreetmap.org/copyright
United Kingdom,"Glover Rd.,Dist.11,Washington Tyne And Wear,England NE37 3JD",2144,5,54.9118029,-1.5073551,"Glover Road, Sunderland, NE37 3LE, United Kingdom",,Glover Road,Glover Road,NE37 3LE,,Sulgrave,,Sunderland,Tyne and Wear,England,ENG,United Kingdom,gb,0.63,1,1,© OpenStreetMap contributors,Open Database License,https://www.openstreetmap.org/copyright
United Kingdom,"Goldvale House,27-41 Church St.West,Woking,Surrey,GU21 6DH",2145,5,51.336683,-0.504686,"Centennium House, Woking, GU21 6DH, United Kingdom",,,Centennium House,GU21 6DH,,,SRY,Woking,Surrey,England,ENG,United Kingdom,gb,1,1,,© OpenStreetMap contributors,Open Database License,https://www.openstreetmap.org/copyright
United Kingdom,"Gondrand House,2 Oriental Rd.,London E16 2BZ",2146,5,51.50354015,0.04176630724333622,"Restore Harrow Green, 2 Oriental Road, London, E16 2BZ, United Kingdom",2,Restore Harrow Green,Oriental Road,E16 2BZ,London Borough of Newham,Silvertown,,London,Greater London,England,ENG,United Kingdom,gb,0.9,1,1,© OpenStreetMap contributors,Open Database License,https://www.openstreetmap.org/copyright
United Kingdom,"Gordon Rd.,Kingston Upon Thames,Surrey KT2 6DS",2147,5,51.3851906,-0.2925019,"Gordon Road, London, KT5 9AR, United Kingdom",,Gordon Road,Gordon Road,KT5 9AR,Royal Borough of Kingston upon Thames,Tolworth,,London,Greater London,England,ENG,United Kingdom,gb,0.045,0.7290000000000001,0.7290000000000001,© OpenStreetMap contributors,Open Database License,https://www.openstreetmap.org/copyright
United Kingdom,"Gordon Rd.,Kingston Upon Thames,Surry Kt2 6Ds England",2148,5,51.385395,-0.293008,"Gordon Road, London, KT2 6DS, United Kingdom",,,Gordon Road,KT2 6DS,Kingston upon Thames,Surbiton,,London,London,England,ENG,United Kingdom,gb,0.5,1,1,© OpenStreetMap contributors,Open Database License,https://www.openstreetmap.org/copyright
United Kingdom,"GP 1,Cheaney Dr.,Grange Park,Northumpton,NN4 5FB",2149,5,52.1849214,-0.887419,"Cheaney Drive, Grange Park, NN4 5EN, United Kingdom",,Cheaney Drive,Cheaney Drive,NN4 5EN,,Grange Park,,Grange Park,West Northamptonshire,England,ENG,United Kingdom,gb,0.44099999999999995,0.7,0.7,© OpenStreetMap contributors,Open Database License,https://www.openstreetmap.org/copyright
United Kingdom,"Grafton Rd.,Burbage,Wiltshire,SN8 3BA",2150,5,51.3452035,-1.6587738,"Grafton Road, Burbage, SN8 3BX, United Kingdom",,Grafton Road,Grafton Road,SN8 3BX,,Burbage,WIL,Burbage,Wiltshire,England,ENG,United Kingdom,gb,0.63,1,1,© OpenStreetMap contributors,Open Database License,https://www.openstreetmap.org/copyright
United Kingdom,"Grand Union Studios,332 Ladbroke Grove,London W10 5AD",2151,5,51.5257638,-0.2147044,"Union Canal Deli and Coffee, 332 Ladbroke Grove, London, W10 5AD, United Kingdom",332,Union Canal Deli and Coffee,Ladbroke Grove,W10 5AD,Royal Borough of Kensington and Chelsea,North Kensington,,London,Greater London,England,ENG,United Kingdom,gb,0.9,1,1,© OpenStreetMap contributors,Open Database License,https://www.openstreetmap.org/copyright
United Kingdom,"Grange Lodge,Market Sq.,Westerham,Kent TN16 1AR",2152,5,51.2670391,0.0706404,"Market Square, Westerham, TN16 1RA, United Kingdom",,Market Square,Market Square,TN16 1RA,,Westerham,KEN,Westerham,Kent,England,ENG,United Kingdom,gb,0.63,1,1,© OpenStreetMap contributors,Open Database License,https://www.openstreetmap.org/copyright
United Kingdom,"Grange Lodge,Market Square,Westerham,Kent TN16 1AR",2153,5,51.2670391,0.0706404,"Market Square, Westerham, TN16 1RA, United Kingdom",,Market Square,Market Square,TN16 1RA,,Westerham,KEN,Westerham,Kent,England,ENG,United Kingdom,gb,0.63,1,1,© OpenStreetMap contributors,Open Database License,https://www.openstreetmap.org/copyright
United Kingdom,"Great Britian Olympus Park,Quedgeley Gloucester GL2 4NF",2154,5,,,,,,,,,,,,,,,,,,,,,,
United Kingdom,"Great Britian Olympus Park,Quedgeley Gloucester,GL2 4NF",2155,5,,,,,,,,,,,,,,,,,,,,,,
United Kingdom,"Great Burgh,Burgh Heath,Epsom Surrey,KT18 5UZ",2156,5,51.31559,-0.23236,"Reigate and Banstead, KT18 5UZ, United Kingdom",,,,KT18 5UZ,,,SRY,Reigate and Banstead,Surrey,England,ENG,United Kingdom,gb,0.6,1,,© OpenStreetMap contributors,Open Database License,https://www.openstreetmap.org/copyright
United Kingdom,"Great Cumberland Place,London W1A 2LF",2157,5,51.5156308,-0.1600226,"Great Cumberland Place, London, W1H 7DJ, United Kingdom",,Great Cumberland Place,Great Cumberland Place,W1H 7DJ,,Marylebone,,City of Westminster,Greater London,England,ENG,United Kingdom,gb,0.1215,0.81,0.81,© OpenStreetMap contributors,Open Database License,https://www.openstreetmap.org/copyright
United Kingdom,"Great Cumberland Place,London,W1H 7TW",2158,5,51.5156308,-0.1600226,"Great Cumberland Place, London, W1H 7DJ, United Kingdom",,Great Cumberland Place,Great Cumberland Place,W1H 7DJ,,Marylebone,,City of Westminster,Greater London,England,ENG,United Kingdom,gb,0.5103,0.81,0.81,© OpenStreetMap contributors,Open Database License,https://www.openstreetmap.org/copyright
United Kingdom,Greater London,2159,5,51.4893335,-0.14405508452768728,"London, ENG, UK",,,,,,,,,Greater London,England,ENG,United Kingdom,gb,1,,,© OpenStreetMap contributors,Open Database License,https://www.openstreetmap.org/copyright
United Kingdom,"Green Lane,Tewkesburry,Gloucestershire GL20 8HE",2160,5,51.9973947,-2.1309445,"Green Lane, Tewkesbury, GL20 8SQ, United Kingdom",,Green Lane,Green Lane,GL20 8SQ,,Newtown,GLS,Tewkesbury,Gloucestershire,England,ENG,United Kingdom,gb,0.63,1,1,© OpenStreetMap contributors,Open Database License,https://www.openstreetmap.org/copyright
United Kingdom,"Green Lane,Tewkesburry,Gloucetershire GL20 8HE",2161,5,52.064416,-2.193426,"Green Lane, Ripple, GL20 8HE, United Kingdom",,,Green Lane,GL20 8HE,Ripple,,WOR,Ripple,Worcestershire,England,ENG,United Kingdom,gb,0,,,© OpenStreetMap contributors,Open Database License,https://www.openstreetmap.org/copyright
United Kingdom,"Greengate,Middleton Manchester,M24 1SA",2162,5,53.5289,-2.17322,"Satellite Park, Chadderton, M24 1SA, United Kingdom",,Satellite Park,,M24 1SA,,Middleton Junction,,Chadderton,Greater Manchester,England,ENG,United Kingdom,gb,1,1,,© OpenStreetMap contributors,Open Database License,https://www.openstreetmap.org/copyright
United Kingdom,"Greengate,Middleton Manchester,MZ4 1SA",2163,5,53.526289,-2.175603,"Greengate East, Manchester, M40 0JL, United Kingdom",,,Greengate East,M40 0JL,,New Moston,SLF,Manchester,Salford,England,ENG,United Kingdom,gb,0,,,© OpenStreetMap contributors,Open Database License,https://www.openstreetmap.org/copyright
United Kingdom,"Grosvenor Rd.,Gillingham Business Park Gillingham Kent ME8 0SA",2164,5,51.36745,0.57044,"Grosvenor Road, Hale, ME8 0TZ, United Kingdom",,,Grosvenor Road,ME8 0TZ,,Gillingham Business Park,KEN,Hale,Kent,England,ENG,United Kingdom,gb,0.5103,0.81,0.81,© OpenStreetMap contributors,Open Database License,https://www.openstreetmap.org/copyright
United Kingdom,"Grosvenor Rd.,Gillingham Business Park Gillingham Kent,ME8 0SA",2165,5,51.36745,0.57044,"Grosvenor Road, Hale, ME8 0TZ, United Kingdom",,,Grosvenor Road,ME8 0TZ,,Gillingham Business Park,KEN,Hale,Kent,England,ENG,United Kingdom,gb,0.5103,0.81,0.81,© OpenStreetMap contributors,Open Database License,https://www.openstreetmap.org/copyright
United Kingdom,"Grosvenor Rd.,Gillingham Business Park, Gillingham, Kent,ME8 0SA",2166,5,51.36745,0.57044,"Grosvenor Road, Hale, ME8 0TZ, United Kingdom",,,Grosvenor Road,ME8 0TZ,,Gillingham Business Park,KEN,Hale,Kent,England,ENG,United Kingdom,gb,0.5103,0.81,0.81,© OpenStreetMap contributors,Open Database License,https://www.openstreetmap.org/copyright
United Kingdom,"Grosvenor Rd.,Gillingham Business Park,Gillingham,Kent,ME8 0SA",2167,5,51.36745,0.57044,"Grosvenor Road, Hale, ME8 0TZ, United Kingdom",,,Grosvenor Road,ME8 0TZ,,Gillingham Business Park,KEN,Hale,Kent,England,ENG,United Kingdom,gb,0.5103,0.81,0.81,© OpenStreetMap contributors,Open Database License,https://www.openstreetmap.org/copyright
United Kingdom,"Ground & 1st Fl.,6 Broadgate,London EC2M 2RQ",2168,5,51.515366,0.013729,"St George and St Helena Church, London, E16 1LZ, United Kingdom",,,St George and St Helena Church,E16 1LZ,Newham,Canning Town,,London,London,England,ENG,United Kingdom,gb,1,1,,© OpenStreetMap contributors,Open Database License,https://www.openstreetmap.org/copyright
United Kingdom,"Ground and 1st Fl.,6 Broadgate,London EC2M 2RQ",2169,5,51.49791305,-0.08822921607231149,"Tabard Football Ground, Tabard Street, London, SE1 4UR, United Kingdom",,Tabard Football Ground,Tabard Street,SE1 4UR,London Borough of Southwark,Southwark,,London,Greater London,England,ENG,United Kingdom,gb,0.16666666666666666,1,0.3333333333333333,© OpenStreetMap contributors,Open Database License,https://www.openstreetmap.org/copyright
United Kingdom,"Ground Fl.,12 Nicholas Lane,London EC4N 7BN",2170,5,51.511529,-0.087414,"Nicholas Lane, City of London, EC4N 7DT, United Kingdom",,Nicholas Lane,Nicholas Lane,EC4N 7DT,,Cornhill,,City of London,Greater London,England,ENG,United Kingdom,gb,0.5103,0.81,0.81,© OpenStreetMap contributors,Open Database License,https://www.openstreetmap.org/copyright
United Kingdom,"Ground Fl.,12 Nicholas Lane,London,EC4N 7BN",2171,5,51.511529,-0.087414,"Nicholas Lane, City of London, EC4N 7DT, United Kingdom",,Nicholas Lane,Nicholas Lane,EC4N 7DT,,Cornhill,,City of London,Greater London,England,ENG,United Kingdom,gb,0.5103,0.81,0.81,© OpenStreetMap contributors,Open Database License,https://www.openstreetmap.org/copyright
United Kingdom,"Ground Fl.,Clements House,10/11 Wood St.,London EC2V 7JB",2172,5,51.5144148,-0.0942079,"City of London, EC2V 7JB, United Kingdom",,,,EC2V 7JB,,,,City of London,Greater London,England,ENG,United Kingdom,gb,0.6,1,,© OpenStreetMap contributors,Open Database License,https://www.openstreetmap.org/copyright
United Kingdom,"Ground Fl.,West,17th St.Helen's Place,London EC3A 6DG",2173,5,51.5153,-0.082,"City of London, EC3A 6DG, United Kingdom",,,,EC3A 6DG,,,,City of London,Greater London,England,ENG,United Kingdom,gb,0.6,1,,© OpenStreetMap contributors,Open Database License,https://www.openstreetmap.org/copyright
United Kingdom,"Ground Fl.Elstree House,Elstree Way,Borehamwood,Herts WD6 1LS",2174,5,51.6598968,-0.2642688,"Elstree Way, Hertsmere, WD6 1LB, United Kingdom",,Elstree Way,Elstree Way,WD6 1LB,,Elstree and Borehamwood,HRT,Hertsmere,Hertfordshire,England,ENG,United Kingdom,gb,0.5,1,1,© OpenStreetMap contributors,Open Database License,https://www.openstreetmap.org/copyright
United Kingdom,"Ground Fl.North,Brettenham House,Lancaster Place,London WC2E 7EN",2175,5,51.5105475,-0.1187244,"Lancaster Place, London, WC2E 7ED, United Kingdom",,Lancaster Place,Lancaster Place,WC2E 7ED,St Clement Danes,Covent Garden,,London,Greater London,England,ENG,United Kingdom,gb,0.63,1,1,© OpenStreetMap contributors,Open Database License,https://www.openstreetmap.org/copyright
United Kingdom,"Grove House 248A Marylebone Rd.,London,NW1 6JZ",2176,5,51.5213056,-0.1643615,"Embassy of The Republic of Latvia (Consular Section), 248a Marylebone Road, London, NW1 5NP, United Kingdom",248a,Embassy of The Republic of Latvia (Consular Section),Marylebone Road,NW1 5NP,,Marylebone,,London,Greater London,England,ENG,United Kingdom,gb,0.63,1,1,© OpenStreetMap contributors,Open Database License,https://www.openstreetmap.org/copyright
United Kingdom,"Grove House 248A,Marylebone Rd.,London,NW1 6JZ",2177,5,51.5213056,-0.1643615,"Embassy of The Republic of Latvia (Consular Section), 248a Marylebone Road, London, NW1 5NP, United Kingdom",248a,Embassy of The Republic of Latvia (Consular Section),Marylebone Road,NW1 5NP,,Marylebone,,London,Greater London,England,ENG,United Kingdom,gb,0.63,1,1,© OpenStreetMap contributors,Open Database License,https://www.openstreetmap.org/copyright
United Kingdom,"Grove House,248A Marylebone Rd.,London NW1 6JZ",2178,5,51.5213056,-0.1643615,"Embassy of The Republic of Latvia (Consular Section), 248a Marylebone Road, London, NW1 5NP, United Kingdom",248a,Embassy of The Republic of Latvia (Consular Section),Marylebone Road,NW1 5NP,,Marylebone,,London,Greater London,England,ENG,United Kingdom,gb,0.63,1,1,© OpenStreetMap contributors,Open Database License,https://www.openstreetmap.org/copyright
United Kingdom,"Grove Park Edgware Rd.,Colindale,London N.W.9 OJN",2179,5,51.5916555,-0.2495576,"Colindale, London, ENG, United Kingdom",,Colindale,,NW9 6DF,London Borough of Barnet,Colindale,,London,Greater London,England,ENG,United Kingdom,gb,0.25,1,,© OpenStreetMap contributors,Open Database License,https://www.openstreetmap.org/copyright
United Kingdom,"Guernsey,Channel Islands",2180,5,51.294465,-0.827247,"Guernsey Drive, Farm Drive, Fleet, GU51 2US, United Kingdom",,Guernsey Drive,Farm Drive,GU51 2US,Fleet,Fleet,HAM,Fleet,Hampshire,England,ENG,United Kingdom,gb,0,,,© OpenStreetMap contributors,Open Database License,https://www.openstreetmap.org/copyright
United Kingdom,"Guildhall House,81-87,Gresham St.,London,EC2V 7NQ",2181,5,51.5151232,-0.0917099,"Alcatel Lucent, 81-87 Gresham Street, City of London, EC2V 7AY, United Kingdom",81-87,Alcatel Lucent,Gresham Street,EC2V 7AY,,Cheap,,City of London,Greater London,England,ENG,United Kingdom,gb,0.5103000000000001,0.81,0.81,© OpenStreetMap contributors,Open Database License,https://www.openstreetmap.org/copyright
United Kingdom,"Hamlet House,77 Fulham Palace Rd.,London,W6 8JA",2182,5,51.49006475,-0.22141737815207072,"No.1 Farriers Yard, 77 Fulham Palace Road, London, W6 8JA, United Kingdom",77,No.1 Farriers Yard,Fulham Palace Road,W6 8JA,London Borough of Hammersmith and Fulham,Brook Green,,London,Greater London,England,ENG,United Kingdom,gb,0.9,1,1,© OpenStreetMap contributors,Open Database License,https://www.openstreetmap.org/copyright
United Kingdom,"Hammersmith Int'l Centre,3 Shortlands,2nd Fl.,London W6 8EE",2183,5,51.49269605,-0.21978824554255738,"3 Shortlands, London, W6 8BT, United Kingdom",3,,Shortlands,W6 8BT,London Borough of Hammersmith and Fulham,Brook Green,,London,Greater London,England,ENG,United Kingdom,gb,0.63,1,1,© OpenStreetMap contributors,Open Database License,https://www.openstreetmap.org/copyright
United Kingdom,"Hammersmith Int'l Centre,3 Shortlands,London,W6 8EE",2184,5,,,,,,,,,,,,,,,,,,,,,,
United Kingdom,Hampshire,2185,5,51.083333,-1.166667,"Hampshire, ENG, UK",,,,,,,HAM,,Hampshire,England,ENG,United Kingdom,gb,1,,,© OpenStreetMap contributors,Open Database License,https://www.openstreetmap.org/copyright
United Kingdom,"Hampshire Int'l Business Park,Crockford Lane,Chineham,Basingstoke Habts,RG24 0WH",2186,5,51.2928606,-1.0682778,"Crockford Lane, Basingstoke and Deane, RG24 8UB, United Kingdom",,Crockford Lane,Crockford Lane,RG24 8UB,,Popley,HAM,Basingstoke and Deane,Hampshire,England,ENG,United Kingdom,gb,0.44099999999999995,0.7,0.7,© OpenStreetMap contributors,Open Database License,https://www.openstreetmap.org/copyright
United Kingdom,"Hampshire Int'l Business Park,Crockford Lane,Chineham,Basingstoke Habts,RG24 OWH",2187,5,51.2928606,-1.0682778,"Crockford Lane, Basingstoke and Deane, RG24 8UB, United Kingdom",,Crockford Lane,Crockford Lane,RG24 8UB,,Popley,HAM,Basingstoke and Deane,Hampshire,England,ENG,United Kingdom,gb,0.5,1,1,© OpenStreetMap contributors,Open Database License,https://www.openstreetmap.org/copyright
United Kingdom,"Hampshire Int'l Business Park,Crockford Lane,Chineham,Basingstoke Hants,RG24 8WH",2188,5,51.2998115,-1.0609892,"Crockford Lane, Basingstoke and Deane, RG24 8WH, United Kingdom",,Crockford Lane,Crockford Lane,RG24 8WH,Cufaude Village,,HAM,Basingstoke and Deane,Hampshire,England,ENG,United Kingdom,gb,0.7,1,1,© OpenStreetMap contributors,Open Database License,https://www.openstreetmap.org/copyright
United Kingdom,"Hampshire Int'l Business Park,Crockford Lane,Chineham,Basingstoke,Hampshire,RG24 8WH",2189,5,51.2998115,-1.0609892,"Crockford Lane, Basingstoke and Deane, RG24 8WH, United Kingdom",,Crockford Lane,Crockford Lane,RG24 8WH,Cufaude Village,,HAM,Basingstoke and Deane,Hampshire,England,ENG,United Kingdom,gb,0.7,1,1,© OpenStreetMap contributors,Open Database License,https://www.openstreetmap.org/copyright
United Kingdom,"Hampshire Int'l Business Park,Crockford Lane,Chineham,Basingstoke,Hants RG24 8WH",2190,5,51.2998115,-1.0609892,"Crockford Lane, Basingstoke and Deane, RG24 8WH, United Kingdom",,Crockford Lane,Crockford Lane,RG24 8WH,Cufaude Village,,HAM,Basingstoke and Deane,Hampshire,England,ENG,United Kingdom,gb,0.7,1,1,© OpenStreetMap contributors,Open Database License,https://www.openstreetmap.org/copyright
United Kingdom,"Handel House,95 High St.,Edgware,Middlesex HA8 7DB",2191,5,51.59702985,-0.3361982344536318,"Launderette, 95A High Street, London, HA3 5DL, United Kingdom",95A,Launderette,High Street,HA3 5DL,London Borough of Harrow,Wealdstone,,London,Greater London,England,ENG,United Kingdom,gb,0.07695,0.3,0.3,© OpenStreetMap contributors,Open Database License,https://www.openstreetmap.org/copyright
United Kingdom,"Hanover Court,5 Hanover Sq.London W1R ODH",2192,5,52.663642,-1.580326,United Kingdom,,United Kingdom,,,,,,,,,,United Kingdom,gb,0,,,Who's On First,CC0,https://www.whosonfirst.org/docs/licenses/
United Kingdom,"Hanover Court,5 Hanover Sq.London W1S 1HE",2193,5,51.51392085,-0.14281930942791737,"Hanover Court, 5 Hanover Square, London, W1S 1HQ, United Kingdom",5,Hanover Court,Hanover Square,W1S 1HQ,,Mayfair,,City of Westminster,Greater London,England,ENG,United Kingdom,gb,0.6475,0.7,0.7,© OpenStreetMap contributors,Open Database License,https://www.openstreetmap.org/copyright
United Kingdom,"Hanover Court,5 Hanover Sq.London,W1S 1HE",2194,5,51.51392085,-0.14281930942791737,"Hanover Court, 5 Hanover Square, London, W1S 1HQ, United Kingdom",5,Hanover Court,Hanover Square,W1S 1HQ,,Mayfair,,City of Westminster,Greater London,England,ENG,United Kingdom,gb,0.6461538461538462,0.7,0.7,© OpenStreetMap contributors,Open Database License,https://www.openstreetmap.org/copyright
United Kingdom,"Haratio House 77-85 Fulham Palace Rd.,London W6 8AJ",2195,5,51.4861848,-0.2205645,"Fulham Palace Road, London, W6 8QT, United Kingdom",,Fulham Palace Road,Fulham Palace Road,W6 8QT,London Borough of Hammersmith and Fulham,Brook Green,,London,Greater London,England,ENG,United Kingdom,gb,0.63,1,1,© OpenStreetMap contributors,Open Database License,https://www.openstreetmap.org/copyright
United Kingdom,"Haratio House 77-85 Fulham Palace Rd.,London,W6 8AJ",2196,5,51.4861848,-0.2205645,"Fulham Palace Road, London, W6 8QT, United Kingdom",,Fulham Palace Road,Fulham Palace Road,W6 8QT,London Borough of Hammersmith and Fulham,Brook Green,,London,Greater London,England,ENG,United Kingdom,gb,0.63,1,1,© OpenStreetMap contributors,Open Database License,https://www.openstreetmap.org/copyright
United Kingdom,"Haratio House 77-85 Fulham Palace Rd.,London,W6 8JA",2197,5,51.4861848,-0.2205645,"Fulham Palace Road, London, W6 8QT, United Kingdom",,Fulham Palace Road,Fulham Palace Road,W6 8QT,London Borough of Hammersmith and Fulham,Brook Green,,London,Greater London,England,ENG,United Kingdom,gb,0.63,1,1,© OpenStreetMap contributors,Open Database License,https://www.openstreetmap.org/copyright
United Kingdom,"Haratio House,77-85 Fulham Palace Rd.,London W6 8JA",2198,5,51.4861848,-0.2205645,"Fulham Palace Road, London, W6 8QT, United Kingdom",,Fulham Palace Road,Fulham Palace Road,W6 8QT,London Borough of Hammersmith and Fulham,Brook Green,,London,Greater London,England,ENG,United Kingdom,gb,0.63,1,1,© OpenStreetMap contributors,Open Database License,https://www.openstreetmap.org/copyright
United Kingdom,"Hargrave House,Belmont Rd.,Maidenhead,Berkshire SL6 6NE",2199,5,51.5270882,-0.7324568,"Belmont Road, Maidenhead, SL6 6JL, United Kingdom",,Belmont Road,Belmont Road,SL6 6JL,,Furze Platt,,Maidenhead,Royal Borough of Windsor and Maidenhead,England,ENG,United Kingdom,gb,0.44099999999999995,1,1,© OpenStreetMap contributors,Open Database License,https://www.openstreetmap.org/copyright
United Kingdom,"Harman House,1 George St.,Uxbridge,Middlesex,UB8 1QQ",2200,5,51.546271,-0.4763303,"George Street, London, UB8 1GB, United Kingdom",,George Street,George Street,UB8 1GB,London Borough of Hillingdon,,,London,Greater London,England,ENG,United Kingdom,gb,0.44099999999999995,0.7,0.7,© OpenStreetMap contributors,Open Database License,https://www.openstreetmap.org/copyright
United Kingdom,"Harp View,12 Priestley Way,London,NW2 7JD",2201,5,51.5717013,-0.2349902,"Priestley Way, London, NW2 7AN, United Kingdom",,Priestley Way,Priestley Way,NW2 7AN,London Borough of Brent,Dollis Hill,,London,Greater London,England,ENG,United Kingdom,gb,0.63,1,1,© OpenStreetMap contributors,Open Database License,https://www.openstreetmap.org/copyright
United Kingdom,"Hattori House,Vanwall Rd.,Maidenhead Berkshire",2202,5,51.511826,-0.745549,"Vanwall Road, Maidenhead, SL6 4UB, United Kingdom",,,Vanwall Road,SL6 4UB,,Highway,WBK,Maidenhead,West Berkshire,England,ENG,United Kingdom,gb,0.45,1,1,© OpenStreetMap contributors,Open Database License,https://www.openstreetmap.org/copyright
United Kingdom,"Hattori House,Vanwall Rd.,Maidenhead Berkshire SL6 4UW",2203,5,51.5114797,-0.7437307,"Vanwall Road, Maidenhead, SL6 4FX, United Kingdom",,Vanwall Road,Vanwall Road,SL6 4FX,,Highway,,Maidenhead,Royal Borough of Windsor and Maidenhead,England,ENG,United Kingdom,gb,0.44099999999999995,1,1,© OpenStreetMap contributors,Open Database License,https://www.openstreetmap.org/copyright
United Kingdom,"Hawksworth Ind.Estate,Swindon,Wiltshire SN2 1EG",2204,5,51.566225,-1.793862,"Hawksworth Industrial Estate, Swindon, SN2 1EG, United Kingdom",,,Hawksworth Industrial Estate,SN2 1EG,,Central Swindon North,WIL,Swindon,Wiltshire,England,ENG,United Kingdom,gb,1,1,1,© OpenStreetMap contributors,Open Database License,https://www.openstreetmap.org/copyright
United Kingdom,"Hawksworth Industrial Estate,Swindon,Wiltshire SN2 1DZ",2205,5,51.56645805,-1.7944951291650328,"Hawksworth Industrial Estate, Swindon, SN2 1DZ, United Kingdom",,Hawksworth Industrial Estate,,SN2 1DZ,,Central Swindon North,SWD,Swindon,Swindon,England,ENG,United Kingdom,gb,1,1,,© OpenStreetMap contributors,Open Database License,https://www.openstreetmap.org/copyright
United Kingdom,"Hawksworth Industrial Estate,Swindon,Wiltshire SN2 1EG",2206,5,51.56645805,-1.7944951291650328,"Hawksworth Industrial Estate, Swindon, SN2 1EG, United Kingdom",,Hawksworth Industrial Estate,,SN2 1EG,,Central Swindon North,SWD,Swindon,Swindon,England,ENG,United Kingdom,gb,1,1,,© OpenStreetMap contributors,Open Database License,https://www.openstreetmap.org/copyright
United Kingdom,"Hawtin Ind.Park PontllanFraith Blackwood,Gwent NP2 2EU",2207,5,51.651076,-3.210583,"Hawtin Meadows, Maesycwmmer, United Kingdom",,,Hawtin Meadows,,Maesycwmmer Community,,MON,Maesycwmmer,Monmouthshire,Wales,WLS,United Kingdom,gb,0,,,© OpenStreetMap contributors,Open Database License,https://www.openstreetmap.org/copyright
United Kingdom,"Hawtin Ind.Park,Pontllan Fraith Blackwood,Gwent NP2 2EU",2208,5,51.651076,-3.210583,"Hawtin Meadows, Maesycwmmer, United Kingdom",,,Hawtin Meadows,,Maesycwmmer Community,,MON,Maesycwmmer,Monmouthshire,Wales,WLS,United Kingdom,gb,0,,,© OpenStreetMap contributors,Open Database License,https://www.openstreetmap.org/copyright
United Kingdom,"Hawtin Ind.Park,Pontllan Fraith Blackwood,South Wales NP12 2EU",2209,5,51.654368149999996,-3.2114068592377816,"Hawtin Park Industrial Estate, Maesycwmmer, NP12 2EU, United Kingdom",,Hawtin Park Industrial Estate,,NP12 2EU,,Hawtin Park Industrial Estate,,Maesycwmmer,Caerphilly County Borough,Wales,WLS,United Kingdom,gb,0.041666666666666664,1,,© OpenStreetMap contributors,Open Database License,https://www.openstreetmap.org/copyright
United Kingdom,"Hawtin Park,Blackwood,Gwent,NP12 2EU",2210,5,51.654368149999996,-3.2114068592377816,"Hawtin Park Industrial Estate, Maesycwmmer, NP12 2EU, United Kingdom",,Hawtin Park Industrial Estate,,NP12 2EU,,Hawtin Park Industrial Estate,,Maesycwmmer,Caerphilly County Borough,Wales,WLS,United Kingdom,gb,0.225,1,,© OpenStreetMap contributors,Open Database License,https://www.openstreetmap.org/copyright
United Kingdom,"Hayes Park Central Hayes End Rd.,Hayes,Middlesex UB4 8FE",2211,5,51.5259536,-0.4319129,"Hayes End Road, London, UB4 8JB, United Kingdom",,Hayes End Road,Hayes End Road,UB4 8JB,London Borough of Hillingdon,,,London,Greater London,England,ENG,United Kingdom,gb,0.44099999999999995,0.7,0.7,© OpenStreetMap contributors,Open Database License,https://www.openstreetmap.org/copyright
United Kingdom,"Hayes Park Central Hayes End Rd.,Hayes,Middlesex,UB4 8FE",2212,5,51.5259536,-0.4319129,"Hayes End Road, London, UB4 8JB, United Kingdom",,Hayes End Road,Hayes End Road,UB4 8JB,London Borough of Hillingdon,,,London,Greater London,England,ENG,United Kingdom,gb,0.44099999999999995,0.7,0.7,© OpenStreetMap contributors,Open Database License,https://www.openstreetmap.org/copyright
United Kingdom,"Hayes Park Central,Hayes End Rd.,Hayes,Middlesex,UB4 8FE",2213,5,51.5259536,-0.4319129,"Hayes End Road, London, UB4 8JB, United Kingdom",,Hayes End Road,Hayes End Road,UB4 8JB,London Borough of Hillingdon,,,London,Greater London,England,ENG,United Kingdom,gb,0.44099999999999995,0.7,0.7,© OpenStreetMap contributors,Open Database License,https://www.openstreetmap.org/copyright
United Kingdom,"Hayes Park Central,Hayes End Rd.Hayes,Middlesex United Kingdom UB4 8FE",2214,5,51.52666,-0.429398,"Hayes End allotments, London, UB4 8FE, United Kingdom",,,Hayes End allotments,UB4 8FE,Hillingdon,Hayes End,,London,London,England,ENG,United Kingdom,gb,0.46153846153846156,0.46153846153846156,,© OpenStreetMap contributors,Open Database License,https://www.openstreetmap.org/copyright
United Kingdom,"Hayward Business Center,New Lane Havant,Hants,PO9 2NL",2215,5,50.86112,-0.97033,"Havant, PO9 2NL, United Kingdom",,,,PO9 2NL,,,HAM,Havant,Hampshire,England,ENG,United Kingdom,gb,0.6,1,,© OpenStreetMap contributors,Open Database License,https://www.openstreetmap.org/copyright
United Kingdom,"Hayward Business Centre,New Lane Havant,Hampshire PO9 2NL",2216,5,50.86112,-0.97033,"Havant, PO9 2NL, United Kingdom",,,,PO9 2NL,,,HAM,Havant,Hampshire,England,ENG,United Kingdom,gb,0.6,1,,© OpenStreetMap contributors,Open Database License,https://www.openstreetmap.org/copyright
United Kingdom,"Hayward Business Centre,New Lane Havant,Hants PO9 2NL",2217,5,50.86112,-0.97033,"Havant, PO9 2NL, United Kingdom",,,,PO9 2NL,,,HAM,Havant,Hampshire,England,ENG,United Kingdom,gb,0.6,1,,© OpenStreetMap contributors,Open Database License,https://www.openstreetmap.org/copyright
United Kingdom,"Headlands Rd.,Liversedge,West Yorkshire WF15 6QA",2218,5,53.70708,-1.69957,"Kirklees, WF15 6QA, United Kingdom",,,,WF15 6QA,,,,Kirklees,West Yorkshire,England,ENG,United Kingdom,gb,0.6,1,,© OpenStreetMap contributors,Open Database License,https://www.openstreetmap.org/copyright
United Kingdom,"Headlands Rd.,Liversedge,West Yorkshire WP15 6QA",2219,5,53.71013,-1.696925,"Headlands Road, Dewsbury, United Kingdom",,,Headlands Road,,,,KIR,Dewsbury,Kirklees,England,ENG,United Kingdom,gb,0,,,© OpenStreetMap contributors,Open Database License,https://www.openstreetmap.org/copyright
United Kingdom,"Heathrow 360,2 Millington Rd.,Hayes,Middlesex UB3 4AZ",2220,5,51.501164,-0.4273837,"Millington Road, London, UB3 4AZ, United Kingdom",,Millington Road,Millington Road,UB3 4AZ,London Borough of Hillingdon,Hayes,,London,Greater London,England,ENG,United Kingdom,gb,0.7,1,1,© OpenStreetMap contributors,Open Database License,https://www.openstreetmap.org/copyright
United Kingdom,"Heathrow Cargo Centre,Unit 3,Horton Ind.Park,Horton Rd.,West Drayton,Middlesex UB7 8JD",2221,5,51.5111914,-0.466699,"Horton Road, London, UB7 8HR, United Kingdom",,Horton Road,Horton Road,UB7 8HR,London Borough of Hillingdon,Yiewsley,,London,Greater London,England,ENG,United Kingdom,gb,0.44099999999999995,0.7,0.7,© OpenStreetMap contributors,Open Database License,https://www.openstreetmap.org/copyright
United Kingdom,"Heathrow Cargo Centre,Unit 3,Horton Industrial Park,Horton Rd.,West Drayton,Middlesex UB7 8JD",2222,5,51.5111914,-0.466699,"Horton Road, London, UB7 8HR, United Kingdom",,Horton Road,Horton Road,UB7 8HR,London Borough of Hillingdon,Yiewsley,,London,Greater London,England,ENG,United Kingdom,gb,0.44099999999999995,0.7,0.7,© OpenStreetMap contributors,Open Database License,https://www.openstreetmap.org/copyright
United Kingdom,"Helsby Technology Centre,Chester Rd.,Helsby,Cheshire WA6 ODJ",2223,5,53.2613479,-2.7791848,"Chester Road, Dunham on the Hill, WA6 0JD, United Kingdom",,Chester Road,Chester Road,WA6 0JD,,Helsby,CHW,Dunham on the Hill,Cheshire West and Chester,England,ENG,United Kingdom,gb,0.45927000000000007,1,1,© OpenStreetMap contributors,Open Database License,https://www.openstreetmap.org/copyright
United Kingdom,"Hembury House,Pynes Hill,Rydon Lane,Exeter EX2 5AZ",2224,5,50.71070425,-3.485475290151495,"Nexus Open Systems Ltd, Rydon Lane, Exeter, EX2 5AZ, United Kingdom",,Nexus Open Systems Ltd,Rydon Lane,EX2 5AZ,,Newcourt,DEV,Exeter,Devon,England,ENG,United Kingdom,gb,0.5,1,1,© OpenStreetMap contributors,Open Database License,https://www.openstreetmap.org/copyright
United Kingdom,"Heritage Hall POB 225,Le Marchant St.,St.Peter Port,Guernsey,Channel Islands,GY1 4HY",2225,5,49.456582,-2.536828,"1 Le Marchant Street, St Peter Port, GY1 2JJ, Guernsey, Channel Islands",1,,Le Marchant Street,GY1 2JJ,,,,St Peter Port,,Guernsey,,Guernsey,gg,0.45,0.5,0.5,© OpenAddresses contributors,BSD-3-Clause License,
United Kingdom,"High Post,Salisbury,Wiltshire SP4 6AT",2226,5,51.1272656,-1.7859758,"High Post, Wiltshire, SP4 6AT, United Kingdom",,High Post,,SP4 6AT,,,WIL,,Wiltshire,England,ENG,United Kingdom,gb,0.5,1,1,© OpenStreetMap contributors,Open Database License,https://www.openstreetmap.org/copyright
United Kingdom,"High Post,Salisbury,Wiltshire,SP4 6AT",2227,5,51.1272656,-1.7859758,"High Post, Wiltshire, SP4 6AT, United Kingdom",,High Post,,SP4 6AT,,,WIL,,Wiltshire,England,ENG,United Kingdom,gb,0.5,1,1,© OpenStreetMap contributors,Open Database License,https://www.openstreetmap.org/copyright
United Kingdom,"Highworth Rd.,South Marston Swindon Wiltshire SN3 4TJ",2228,5,51.590303,-1.774862,"Marston Avenue, Wiltshire, SN3 4TJ, United Kingdom",,,Marston Avenue,SN3 4TJ,,,WIL,,Wiltshire,England,ENG,United Kingdom,gb,0.45,1,0.9,© OpenStreetMap contributors,Open Database License,https://www.openstreetmap.org/copyright
United Kingdom,"Highworth Rd.,South Marston Swindon,Wiltshire SN3 4TJ",2229,5,51.590303,-1.774862,"Marston Avenue, Wiltshire, SN3 4TJ, United Kingdom",,,Marston Avenue,SN3 4TJ,,,WIL,,Wiltshire,England,ENG,United Kingdom,gb,0.45,1,0.9,© OpenStreetMap contributors,Open Database License,https://www.openstreetmap.org/copyright
United Kingdom,"Highworth Rd.,South Marston Swindon,Wiltshire SN3 4TZ",2230,5,51.590303,-1.774862,"Marston Avenue, Wiltshire, SN3 4TZ, United Kingdom",,,Marston Avenue,SN3 4TZ,,,WIL,,Wiltshire,England,ENG,United Kingdom,gb,0.45,1,0.9,© OpenStreetMap contributors,Open Database License,https://www.openstreetmap.org/copyright
United Kingdom,"Highworth Rd.,South Marston,Swindon,Wiltshire SN3 4TZ",2231,5,51.590303,-1.774862,"Marston Avenue, Wiltshire, SN3 4TZ, United Kingdom",,,Marston Avenue,SN3 4TZ,,,WIL,,Wiltshire,England,ENG,United Kingdom,gb,0.45,1,0.9,© OpenStreetMap contributors,Open Database License,https://www.openstreetmap.org/copyright
United Kingdom,"Highworth Rd.,South Marston,Swindon,Wiltshire,SN3 4TZ",2232,5,51.590303,-1.774862,"Marston Avenue, Wiltshire, SN3 4TZ, United Kingdom",,,Marston Avenue,SN3 4TZ,,,WIL,,Wiltshire,England,ENG,United Kingdom,gb,0.45,1,0.9,© OpenStreetMap contributors,Open Database License,https://www.openstreetmap.org/copyright
United Kingdom,"Hill House,1 Little New St.,London EC4A 3TR",2233,5,51.5154345,-0.10684176497029668,"1 Little New Street, City of London, EC4A 3TR, United Kingdom",1,,Little New Street,EC4A 3TR,,Blackfriars,,City of London,Greater London,England,ENG,United Kingdom,gb,0.9,1,1,© OpenStreetMap contributors,Open Database License,https://www.openstreetmap.org/copyright
United Kingdom,"Hillgate House 26 Old Bailey,London,EC4M 7HW",2234,5,51.5153628,-0.1022114,"26 Old Bailey, City of London, EC4M 7NB, United Kingdom",26,,Old Bailey,EC4M 7NB,West Smithfield,Blackfriars,,City of London,London,England,ENG,United Kingdom,gb,0.5103,0.81,0.81,,,
United Kingdom,"Hilton Rd.,Aycliffe Industrial Estate,Newton Aycliffe,County Durham DL5 6YW",2235,5,54.6088325,-1.5706335,"Hilton Road, Aycliffe Village, DL5 6EL, United Kingdom",,Hilton Road,Hilton Road,DL5 6EL,Great Aycliffe,Great Aycliffe,,Aycliffe Village,County Durham,England,ENG,United Kingdom,gb,0.44099999999999995,0.7,0.7,© OpenStreetMap contributors,Open Database License,https://www.openstreetmap.org/copyright
United Kingdom,"Hipley St.,Old Woking,Surrey,GU22 9LG",2236,5,51.3030742,-0.5440294,"Hipley Street, Woking, GU22 9LQ, United Kingdom",,Hipley Street,Hipley Street,GU22 9LQ,,Westfield,SRY,Woking,Surrey,England,ENG,United Kingdom,gb,0.63,1,1,© OpenStreetMap contributors,Open Database License,https://www.openstreetmap.org/copyright
United Kingdom,"Hipley St.,Old Woking,Surrey,GU22 9LQ",2237,5,51.3030742,-0.5440294,"Hipley Street, Woking, GU22 9LQ, United Kingdom",,Hipley Street,Hipley Street,GU22 9LQ,,Westfield,SRY,Woking,Surrey,England,ENG,United Kingdom,gb,0.7,1,1,© OpenStreetMap contributors,Open Database License,https://www.openstreetmap.org/copyright
United Kingdom,"Hirwaun Industrial Estate,Aberdare Mid-Glamorgan,CF44 9UY,South Wales",2238,5,51.666787,-3.463714,"Highfield Industrial Estate, Maerdy, CF44 9UY, United Kingdom",,,Highfield Industrial Estate,CF44 9UY,Maerdy Community,,RCT,Maerdy,Rhondda Cynon Taf,Wales,WLS,United Kingdom,gb,0,,,© OpenStreetMap contributors,Open Database License,https://www.openstreetmap.org/copyright
United Kingdom,"Hitachi Capital House,Tharpe Rd.,Staines-upon-Thames,Surrey,TW18 3HP",2239,5,51.43109,-0.51936,"Staines-upon-Thames, TW18 3HP, United Kingdom",,,,TW18 3HP,,,SRY,Staines-upon-Thames,Surrey,England,ENG,United Kingdom,gb,0.6,1,,© OpenStreetMap contributors,Open Database License,https://www.openstreetmap.org/copyright
United Kingdom,"Hitachi Capital House,Thorpe Rd.,Staines-upon-Thames,Surrey,TW18 3HP",2240,5,51.43109,-0.51936,"Staines-upon-Thames, TW18 3HP, United Kingdom",,,,TW18 3HP,,,SRY,Staines-upon-Thames,Surrey,England,ENG,United Kingdom,gb,0.6,1,,© OpenStreetMap contributors,Open Database License,https://www.openstreetmap.org/copyright
United Kingdom,"Hitachi Credit House,Stables Courtyard,Church Rd.,Hayes,Middelsex UB3 2UH",2241,5,51.5119122,-0.4201194,"Church Road, London, UB3 2LJ, United Kingdom",,Church Road,Church Road,UB3 2LJ,London Borough of Hillingdon,Hayes,,London,Greater London,England,ENG,United Kingdom,gb,0.44099999999999995,0.7,0.7,© OpenStreetMap contributors,Open Database License,https://www.openstreetmap.org/copyright
United Kingdom,"Hitachi Credit House,Stables Courtyard,Church Rd.,Hayes,Middlesex UB3 2UH",2242,5,51.5119122,-0.4201194,"Church Road, London, UB3 2LJ, United Kingdom",,Church Road,Church Road,UB3 2LJ,London Borough of Hillingdon,Hayes,,London,Greater London,England,ENG,United Kingdom,gb,0.44099999999999995,0.7,0.7,© OpenStreetMap contributors,Open Database License,https://www.openstreetmap.org/copyright
United Kingdom,"Hitachi House,Station Rd.,Hayes Middlesex UB3 4DR",2243,5,51.5011611,-0.4241583,"Station Road, London, UB3 4JA, United Kingdom",,Station Road,Station Road,UB3 4JA,London Borough of Hillingdon,Hayes,,London,Greater London,England,ENG,United Kingdom,gb,0.44099999999999995,0.7,0.7,© OpenStreetMap contributors,Open Database License,https://www.openstreetmap.org/copyright
United Kingdom,"Hitachi House,Station Rd.,Hayes,Middlesex UB3 4DR",2244,5,51.5011611,-0.4241583,"Station Road, London, UB3 4JA, United Kingdom",,Station Road,Station Road,UB3 4JA,London Borough of Hillingdon,Hayes,,London,Greater London,England,ENG,United Kingdom,gb,0.44099999999999995,0.7,0.7,© OpenStreetMap contributors,Open Database License,https://www.openstreetmap.org/copyright
United Kingdom,"Hitachi House,Station Rd.,Hayes,Middlesex,UB3 4DR",2245,5,51.5011611,-0.4241583,"Station Road, London, UB3 4JA, United Kingdom",,Station Road,Station Road,UB3 4JA,London Borough of Hillingdon,Hayes,,London,Greater London,England,ENG,United Kingdom,gb,0.44099999999999995,0.7,0.7,© OpenStreetMap contributors,Open Database License,https://www.openstreetmap.org/copyright
United Kingdom,"Hoechst House Salisbury Rd.,Hounslow,Middlesex TW4 6JH",2246,5,51.4681084,-0.4000523,"Salisbury Road, London, TW4 6JG, United Kingdom",,Salisbury Road,Salisbury Road,TW4 6JG,London Borough of Hounslow,Hounslow West,,London,Greater London,England,ENG,United Kingdom,gb,0.44099999999999995,0.7,0.7,© OpenStreetMap contributors,Open Database License,https://www.openstreetmap.org/copyright
United Kingdom,"Holyhead Rd.,Priorslee,Telford,Shropshire,TF2 9TY",2247,5,52.68469,-2.43868,"Oakengates, TF2 9TY, United Kingdom",,,,TF2 9TY,,,TFW,Oakengates,Telford and Wrekin,England,ENG,United Kingdom,gb,0.6,1,,© OpenStreetMap contributors,Open Database License,https://www.openstreetmap.org/copyright
United Kingdom,Holyhead Rd.Priorslee Telford Shropshire TF2 9TY,2248,5,52.68469,-2.43868,"Oakengates, TF2 9TY, United Kingdom",,,,TF2 9TY,,,TFW,Oakengates,Telford and Wrekin,England,ENG,United Kingdom,gb,0.6,1,,© OpenStreetMap contributors,Open Database License,https://www.openstreetmap.org/copyright
United Kingdom,"Holyhead Rd.Priorslee Telford,Shropshire TF2 9TY",2249,5,52.68469,-2.43868,"Oakengates, TF2 9TY, United Kingdom",,,,TF2 9TY,,,TFW,Oakengates,Telford and Wrekin,England,ENG,United Kingdom,gb,0.6,1,,© OpenStreetMap contributors,Open Database License,https://www.openstreetmap.org/copyright
United Kingdom,"Hopton Ind.Estate London Rd.,Devizes,Wiltshire SN10 2EU",2250,5,51.36522,-1.9710568,"London Road, Devizes, SN10 2HD, United Kingdom",,London Road,London Road,SN10 2HD,,,WIL,Devizes,Wiltshire,England,ENG,United Kingdom,gb,0.63,1,1,© OpenStreetMap contributors,Open Database License,https://www.openstreetmap.org/copyright
United Kingdom,"Hopton Ind.Estate London Rd.,Devizes,Wiltshire,SN10 2EU",2251,5,51.36522,-1.9710568,"London Road, Devizes, SN10 2HD, United Kingdom",,London Road,London Road,SN10 2HD,,,WIL,Devizes,Wiltshire,England,ENG,United Kingdom,gb,0.63,1,1,© OpenStreetMap contributors,Open Database License,https://www.openstreetmap.org/copyright
United Kingdom,"Hopton Industrial Estate Devizes,Wiltshire SN10 2EU",2252,5,51.3673713,-1.9695955,"Devizes, SN10 2EU, United Kingdom",,,,SN10 2EU,,Hopton Park Industrial Estate,WIL,Devizes,Wiltshire,England,ENG,United Kingdom,gb,0.25,1,,© OpenStreetMap contributors,Open Database License,https://www.openstreetmap.org/copyright
United Kingdom,"Horatio House 77-85 Fulham Palace Rd.,London W6 8AJ",2253,5,51.4861848,-0.2205645,"Fulham Palace Road, London, W6 8QT, United Kingdom",,Fulham Palace Road,Fulham Palace Road,W6 8QT,London Borough of Hammersmith and Fulham,Brook Green,,London,Greater London,England,ENG,United Kingdom,gb,0.63,1,1,© OpenStreetMap contributors,Open Database License,https://www.openstreetmap.org/copyright
United Kingdom,"Horatio House 77-85 Fulham Palace Rd.,London W6 8JA",2254,5,51.4861848,-0.2205645,"Fulham Palace Road, London, W6 8QT, United Kingdom",,Fulham Palace Road,Fulham Palace Road,W6 8QT,London Borough of Hammersmith and Fulham,Brook Green,,London,Greater London,England,ENG,United Kingdom,gb,0.63,1,1,© OpenStreetMap contributors,Open Database License,https://www.openstreetmap.org/copyright
United Kingdom,"Horatio House 77-85 Fulham Palace Rd.,London W6 8SS",2255,5,51.4861848,-0.2205645,"Fulham Palace Road, London, W6 8QT, United Kingdom",,Fulham Palace Road,Fulham Palace Road,W6 8QT,London Borough of Hammersmith and Fulham,Brook Green,,London,Greater London,England,ENG,United Kingdom,gb,0.63,1,1,© OpenStreetMap contributors,Open Database License,https://www.openstreetmap.org/copyright
United Kingdom,"Horatio House 77-85 Fulham Palace Rd.,London,W6 8JA",2256,5,51.4861848,-0.2205645,"Fulham Palace Road, London, W6 8QT, United Kingdom",,Fulham Palace Road,Fulham Palace Road,W6 8QT,London Borough of Hammersmith and Fulham,Brook Green,,London,Greater London,England,ENG,United Kingdom,gb,0.63,1,1,© OpenStreetMap contributors,Open Database License,https://www.openstreetmap.org/copyright
United Kingdom,"Horatio House,77-85 Fulham Palace Rd.,London,W6 8SS",2257,5,51.4861848,-0.2205645,"Fulham Palace Road, London, W6 8QT, United Kingdom",,Fulham Palace Road,Fulham Palace Road,W6 8QT,London Borough of Hammersmith and Fulham,Brook Green,,London,Greater London,England,ENG,United Kingdom,gb,0.63,1,1,© OpenStreetMap contributors,Open Database License,https://www.openstreetmap.org/copyright
United Kingdom,"Horton Rd.,Colnbrook,Slough,Berkshire,SL3 0BG",2258,5,51.4707378,-0.5171809,"Horton Road, Slough, SL3 0DF, United Kingdom",,Horton Road,Horton Road,SL3 0DF,,Colnbrook with Poyle,,Slough,,England,ENG,United Kingdom,gb,0.63,1,1,© OpenStreetMap contributors,Open Database License,https://www.openstreetmap.org/copyright
United Kingdom,"Horton Rd.,Colnbrook,Slough,SL3 0BB",2259,5,51.4707378,-0.5171809,"Horton Road, Slough, SL3 0DF, United Kingdom",,Horton Road,Horton Road,SL3 0DF,,Colnbrook with Poyle,,Slough,,England,ENG,United Kingdom,gb,0.63,1,1,© OpenStreetMap contributors,Open Database License,https://www.openstreetmap.org/copyright
United Kingdom,"Horton Rd.,Colnbrook,Slough,SL3 0BG",2260,5,51.4707378,-0.5171809,"Horton Road, Slough, SL3 0DF, United Kingdom",,Horton Road,Horton Road,SL3 0DF,,Colnbrook with Poyle,,Slough,,England,ENG,United Kingdom,gb,0.63,1,1,© OpenStreetMap contributors,Open Database License,https://www.openstreetmap.org/copyright
United Kingdom,"Horton Road,Colnbrook,Slough,SL3 0BB",2261,5,51.4707378,-0.5171809,"Horton Road, Slough, SL3 0DF, United Kingdom",,Horton Road,Horton Road,SL3 0DF,,Colnbrook with Poyle,,Slough,,England,ENG,United Kingdom,gb,0.63,1,1,© OpenStreetMap contributors,Open Database License,https://www.openstreetmap.org/copyright
United Kingdom,"Hortonwood 30,Telford Shropshire TF1 4EX",2262,5,52.7173028,-2.474026,"Hortonwood 30, Telford and Wrekin, TF1 6QJ, United Kingdom",,Hortonwood 30,Hortonwood 30,TF1 6QJ,,Trench,TFW,,Telford and Wrekin,England,ENG,United Kingdom,gb,0.44099999999999995,0.7290000000000001,0.7290000000000001,© OpenStreetMap contributors,Open Database License,https://www.openstreetmap.org/copyright
United Kingdom,"Hortonwood 7 Telford,Shropshire,TF1 4ES",2263,5,52.715924,-2.4618324,"Hortonwood 7, Telford and Wrekin, TF1 7GX, United Kingdom",,Hortonwood 7,Hortonwood 7,TF1 7GX,,Trench,TFW,,Telford and Wrekin,England,ENG,United Kingdom,gb,0.44099999999999995,0.7290000000000001,0.7290000000000001,© OpenStreetMap contributors,Open Database License,https://www.openstreetmap.org/copyright
United Kingdom,"Hortonwood 7 Telford,Shropshire,TF1 4GP",2264,5,52.715924,-2.4618324,"Hortonwood 7, Telford and Wrekin, TF1 7GX, United Kingdom",,Hortonwood 7,Hortonwood 7,TF1 7GX,,Trench,TFW,,Telford and Wrekin,England,ENG,United Kingdom,gb,0.44099999999999995,0.7290000000000001,0.7290000000000001,© OpenStreetMap contributors,Open Database License,https://www.openstreetmap.org/copyright
United Kingdom,"Hortonwood 7,Telford,Shropshire TF1 4ES",2265,5,52.715924,-2.4618324,"Hortonwood 7, Telford and Wrekin, TF1 7GX, United Kingdom",,Hortonwood 7,Hortonwood 7,TF1 7GX,,Trench,TFW,,Telford and Wrekin,England,ENG,United Kingdom,gb,0.44099999999999995,0.7290000000000001,0.7290000000000001,© OpenStreetMap contributors,Open Database License,https://www.openstreetmap.org/copyright
United Kingdom,"Howard Court,12 Tewin Rd., Welwyn Garden City,Hertfordshire AL7 1BW",2266,5,51.8021534,-0.19420635,"Welwyn Hatfield, AL7 1BW, United Kingdom",,,,AL7 1BW,,,HRT,Welwyn Hatfield,Hertfordshire,England,ENG,United Kingdom,gb,0.6,1,,© OpenStreetMap contributors,Open Database License,https://www.openstreetmap.org/copyright
United Kingdom,"Howard Court,12 Tewin Rd.,Welwyn Garden City,Hertfordshire,AL7 1BW",2267,5,51.8021534,-0.19420635,"Welwyn Hatfield, AL7 1BW, United Kingdom",,,,AL7 1BW,,,HRT,Welwyn Hatfield,Hertfordshire,England,ENG,United Kingdom,gb,0.6,1,,© OpenStreetMap contributors,Open Database License,https://www.openstreetmap.org/copyright
United Kingdom,"HQ3 Unit 2,Hook Rise South,Surbiton,Surrey,KT6 7LD",2268,5,51.373862,-0.297712,"Hook Rise South, London, KT6 7LS, United Kingdom",,Hook Rise South,Hook Rise South,KT6 7LS,Royal Borough of Kingston upon Thames,Hook,,London,Greater London,England,ENG,United Kingdom,gb,0.44099999999999995,0.7,0.7,© OpenStreetMap contributors,Open Database License,https://www.openstreetmap.org/copyright
United Kingdom,Huntington,2269,5,53.9988172,-1.0591126,"Huntington, ENG, United Kingdom",,,,,,,YOR,Huntington,York,England,ENG,United Kingdom,gb,1,1,,© OpenStreetMap contributors,Open Database License,https://www.openstreetmap.org/copyright
United Kingdom,"Hunton House,Highbridge Business Park,Oxford Rd.,Uxbridge,Middlesex,UB8 1HU",2270,5,51.5466476,-0.483017,"Oxford Road, London, UB8 2TP, United Kingdom",,Oxford Road,Oxford Road,UB8 2TP,London Borough of Hillingdon,,,London,Greater London,England,ENG,United Kingdom,gb,0.44099999999999995,0.7,0.7,© OpenStreetMap contributors,Open Database License,https://www.openstreetmap.org/copyright
United Kingdom,"Hunton House,Highbridge Estate,Oxford Rd.,Uxbridge,Middlesex,UB8 1LX",2271,5,51.5466476,-0.483017,"Oxford Road, London, UB8 2TP, United Kingdom",,Oxford Road,Oxford Road,UB8 2TP,London Borough of Hillingdon,,,London,Greater London,England,ENG,United Kingdom,gb,0.44099999999999995,0.7,0.7,© OpenStreetMap contributors,Open Database License,https://www.openstreetmap.org/copyright
United Kingdom,"Hunts Rise,South Marston Ind.Estate Swindon,SN3 4TW",2272,5,51.6024319,-1.7356091,"Hunts Rise, Stanton Fitzwarren, SN3 4TW, United Kingdom",,Hunts Rise,Hunts Rise,SN3 4TW,,Stanton Fitzwarren,SWD,Stanton Fitzwarren,Swindon,England,ENG,United Kingdom,gb,0.6612244897959183,1,0.9,© OpenStreetMap contributors,Open Database License,https://www.openstreetmap.org/copyright
United Kingdom,"Hunts Rise,South Marston Ind.Estate,Swindon Wiltshire,SN3 4TW",2273,5,51.6015833,-1.7386763,"Hunts Rise, Stanton Fitzwarren, SN3 4TW, United Kingdom",,Hunts Rise,Hunts Rise,SN3 4TW,,Stanton Fitzwarren,SWD,Stanton Fitzwarren,Swindon,England,ENG,United Kingdom,gb,0.7,1,1,© OpenStreetMap contributors,Open Database License,https://www.openstreetmap.org/copyright
United Kingdom,"Hunts Rise,South Marston Park Swindon,Wiltshire,SN3 4TW",2274,5,51.5980719,-1.740555,"South Marston Park, Stirling Road, South Marston, SN3 4DE, United Kingdom",,South Marston Park,Stirling Road,SN3 4DE,,South Marston,SWD,South Marston,Swindon,England,ENG,United Kingdom,gb,0.030624999999999996,0.7,0.0875,© OpenStreetMap contributors,Open Database License,https://www.openstreetmap.org/copyright
United Kingdom,"Hunts Rise,South Marston Swindon,Wiltshire,SN3 4TW",2275,5,51.590303,-1.774862,"Marston Avenue, Wiltshire, SN3 4TW, United Kingdom",,,Marston Avenue,SN3 4TW,,,WIL,,Wiltshire,England,ENG,United Kingdom,gb,0.45,1,0.9,© OpenStreetMap contributors,Open Database License,https://www.openstreetmap.org/copyright
United Kingdom,"Hunts.Rise,South Marston PK.Swindon,Wilts,SN3 4TW",2276,5,,,,,,,,,,,,,,,,,,,,,,
United Kingdom,"Hursley Park,Hursley,SO21 2JN",2277,5,51.0193909,-1.3988058,"Hursley Park, Winchester, SO21 2JN, United Kingdom",,Hursley Park,,SO21 2JN,,,HAM,Winchester,Hampshire,England,ENG,United Kingdom,gb,1,1,,© OpenStreetMap contributors,Open Database License,https://www.openstreetmap.org/copyright
United Kingdom,"Hygeia Bldg.,66 College Rd.,Harrow,HA1 1BE",2278,5,51.5801176,-0.3373203,"66 College Road, London, HA1 1BE, United Kingdom",66,,College Road,HA1 1BE,Harrow,Greenhill,,London,London,England,ENG,United Kingdom,gb,0.9,1,1,,,
United Kingdom,"Hythe House,200 Shepherd's Bush Rd.,London W6 7NY",2279,5,51.5006299,-0.2221498,"Shepherd's Bush Road, London, W6 7PH, United Kingdom",,Shepherd's Bush Road,Shepherd's Bush Road,W6 7PH,London Borough of Hammersmith and Fulham,Brook Green,,London,Greater London,England,ENG,United Kingdom,gb,0.63,1,1,© OpenStreetMap contributors,Open Database License,https://www.openstreetmap.org/copyright
United Kingdom,"Hythe House,200 Shepherds Bush Rd.,London,W6 7NL",2280,5,51.495644850000005,-0.22418997559179205,"Hythe House, 200 Shepherds Bush Road, London, W6 7JS, United Kingdom",200,Hythe House,Shepherds Bush Road,W6 7JS,London Borough of Hammersmith and Fulham,Brook Green,,London,Greater London,England,ENG,United Kingdom,gb,0.63,1,1,© OpenStreetMap contributors,Open Database License,https://www.openstreetmap.org/copyright
United Kingdom,"I Bruntcliffe Ave.,Morley,LS27 0LL",2281,5,53.7485823,-1.6168571,"Bruntcliffe Avenue, Leeds, LS27 0TG, United Kingdom",,Bruntcliffe Avenue,Bruntcliffe Avenue,LS27 0TG,,Leeds 27,,Leeds,West Yorkshire,England,ENG,United Kingdom,gb,0.5670000000000001,1,0.9,© OpenStreetMap contributors,Open Database License,https://www.openstreetmap.org/copyright
United Kingdom,"IBEX House 42-47 Minories,London EC3N 1DY",2282,5,51.5117522,-0.0752154,"Shree Food and News, 42-47 Minories, City of London, EC3N 1DY, United Kingdom",42-47,Shree Food and News,Minories,EC3N 1DY,,Aldgate,,City of London,Greater London,England,ENG,United Kingdom,gb,0.9,1,1,© OpenStreetMap contributors,Open Database License,https://www.openstreetmap.org/copyright
United Kingdom,"IBEX House 42-47 Minories,London,EC3N 1DY",2283,5,51.5117522,-0.0752154,"Shree Food and News, 42-47 Minories, City of London, EC3N 1DY, United Kingdom",42-47,Shree Food and News,Minories,EC3N 1DY,,Aldgate,,City of London,Greater London,England,ENG,United Kingdom,gb,0.9,1,1,© OpenStreetMap contributors,Open Database License,https://www.openstreetmap.org/copyright
United Kingdom,"Ibex House 42-47,Minories,London EC3N 1DY",2284,5,51.5117522,-0.0752154,"Shree Food and News, 42-47 Minories, City of London, EC3N 1DY, United Kingdom",42-47,Shree Food and News,Minories,EC3N 1DY,,Aldgate,,City of London,Greater London,England,ENG,United Kingdom,gb,0.9,1,1,© OpenStreetMap contributors,Open Database License,https://www.openstreetmap.org/copyright
United Kingdom,"Ibex House,42-47 Minories,London EC3N 1DY",2285,5,51.5117522,-0.0752154,"Shree Food and News, 42-47 Minories, City of London, EC3N 1DY, United Kingdom",42-47,Shree Food and News,Minories,EC3N 1DY,,Aldgate,,City of London,Greater London,England,ENG,United Kingdom,gb,0.9,1,1,© OpenStreetMap contributors,Open Database License,https://www.openstreetmap.org/copyright
United Kingdom,"ICL House,1 High St.,Putney,London,SW15 1SW",2286,5,51.41175440000001,-0.31154611711470326,"White Hart, 1 High Street, London, KT1 4DA, United Kingdom",1,White Hart,High Street,KT1 4DA,London Borough of Richmond upon Thames,Hampton Wick,,London,Greater London,England,ENG,United Kingdom,gb,0.9,1,1,© OpenStreetMap contributors,Open Database License,https://www.openstreetmap.org/copyright
United Kingdom,"ICL House,1 High St.,Putney,London,SW15 ISW",2287,5,51.41175440000001,-0.31154611711470326,"White Hart, 1 High Street, London, KT1 4DA, United Kingdom",1,White Hart,High Street,KT1 4DA,London Borough of Richmond upon Thames,Hampton Wick,,London,Greater London,England,ENG,United Kingdom,gb,0.9,1,1,© OpenStreetMap contributors,Open Database License,https://www.openstreetmap.org/copyright
United Kingdom,"ICL House,1 High St.,Putney,London,SWIS 1SW",2288,5,51.4631507,-0.21615558999817736,"Mooboo Putney, Putney High Street, London, SW15 1TW, United Kingdom",,Mooboo Putney,Putney High Street,SW15 1TW,London Borough of Wandsworth,Putney Retail Area,,London,Greater London,England,ENG,United Kingdom,gb,0.36450000000000005,0.81,0.7290000000000001,© OpenStreetMap contributors,Open Database License,https://www.openstreetmap.org/copyright
United Kingdom,"Ilminster,Somerset,TA19 9PH",2289,5,50.9318407,-2.9243555,"Ilminster, TA19 9PH, United Kingdom",,,,TA19 9PH,,,SOM,Ilminster,Somerset,England,ENG,United Kingdom,gb,1,1,,© OpenStreetMap contributors,Open Database License,https://www.openstreetmap.org/copyright
United Kingdom,"Imperial Park,New Port,NP1 9UJ",2290,5,51.553035,-3.041054,"Unit 4 Imperial Park, Coedkernew Community, NP10 8BE, United Kingdom",Unit 4,,Imperial Park,NP10 8BE,Coedkernew Community,,MON,Coedkernew Community,Monmouthshire,Wales,WLS,United Kingdom,gb,0,0.5,,© OpenStreetMap contributors,Open Database License,https://www.openstreetmap.org/copyright
United Kingdom,"Imperial Park,Newport,NP10 8UJ",2291,5,51.5517158,-3.0370560512503633,"Imperial Park, Newport, NP10 8UJ, United Kingdom",,Imperial Park,,NP10 8UJ,,Coedkernew,,Newport,,Wales,WLS,United Kingdom,gb,1,1,,© OpenStreetMap contributors,Open Database License,https://www.openstreetmap.org/copyright
United Kingdom,"Infinity View,1 Hazelwood,Lime Tree Way,Chineham,Basingstoke,Hampshire RG24 8WZ",2292,5,51.2931289,-1.0681161,"Lime Tree Way, Basingstoke and Deane, RG24 8UB, United Kingdom",,Lime Tree Way,Lime Tree Way,RG24 8UB,,Popley,HAM,Basingstoke and Deane,Hampshire,England,ENG,United Kingdom,gb,0.63,1,1,© OpenStreetMap contributors,Open Database License,https://www.openstreetmap.org/copyright
United Kingdom,"Ingersol House,9 Kingsway London WC2B 6XF",2293,5,51.5136046,-0.1180694,"London, WC2B 6XF, United Kingdom",,,,WC2B 6XF,,,,London,Greater London,England,ENG,United Kingdom,gb,0.6,1,,© OpenStreetMap contributors,Open Database License,https://www.openstreetmap.org/copyright
United Kingdom,"Ingersol House,9 Kingsway,London WC2B 6XF",2294,5,51.5136046,-0.1180694,"London, WC2B 6XF, United Kingdom",,,,WC2B 6XF,,,,London,Greater London,England,ENG,United Kingdom,gb,0.6,1,,© OpenStreetMap contributors,Open Database License,https://www.openstreetmap.org/copyright
United Kingdom,"Innovation House,Mere Way,Ruddington Fields Business Park Ruddington,Nottingham NG11 6JS",2295,5,52.8827185,-1.1442067,"Mere Way, Rushcliffe, NG11 6JS, United Kingdom",,Mere Way,Mere Way,NG11 6JS,,Ruddington Fields Business Park,NTT,Rushcliffe,Nottinghamshire,England,ENG,United Kingdom,gb,0.7,1,1,© OpenStreetMap contributors,Open Database License,https://www.openstreetmap.org/copyright
United Kingdom,"Inspired Easthampstead Rd.,Bracknell,Berkshire RG12 1NS",2296,5,51.4141355,-0.7609302,"Easthampstead Road, Bracknell, RG12 1FB, United Kingdom",,Easthampstead Road,Easthampstead Road,RG12 1FB,,Western Industrial Area,BRC,Bracknell,Bracknell Forest,England,ENG,United Kingdom,gb,0.44099999999999995,1,1,© OpenStreetMap contributors,Open Database License,https://www.openstreetmap.org/copyright
United Kingdom,"Int'l Press Centre 6th Fl.,76 Shoe Lane,London EC4A 3JB",2297,5,51.5157556,-0.1067376,"Deloitte, 76 Shoe Lane, City of London, EC4A 3JR, United Kingdom",76,Deloitte,Shoe Lane,EC4A 3JR,,Blackfriars,,City of London,Greater London,England,ENG,United Kingdom,gb,0.5103000000000001,0.81,0.81,© OpenStreetMap contributors,Open Database License,https://www.openstreetmap.org/copyright
United Kingdom,"International House,World Trade Centre,1,St.Katharine's Way,London E1 9UN",2298,5,51.5075754,-0.07373754052298329,"QA Limited, 1 St. Katharine's Way, London, E1W 1UN, United Kingdom",1,QA Limited,St. Katharine's Way,E1W 1UN,London Borough of Tower Hamlets,Wapping,,London,Greater London,England,ENG,United Kingdom,gb,0.9,1,1,© OpenStreetMap contributors,Open Database License,https://www.openstreetmap.org/copyright
United Kingdom,"Investor House,Wesshington Way,Sunderland,Tyne & Wear,SR5 3XB",2299,5,54.917659,-1.434412,"Wessington Way, Sunderland, United Kingdom",,,Wessington Way,,,,NET,Sunderland,Newcastle upon Tyne,England,ENG,United Kingdom,gb,0.5,1,1,© OpenStreetMap contributors,Open Database License,https://www.openstreetmap.org/copyright
United Kingdom,"IRM House,Le Bordage,St.Peter Port,Guernsey,Channel Islands GY1 1BR",2300,5,55.627269,-6.189594,"Port Ellen, PA42 7DW, United Kingdom",,,Port Ellen,PA42 7DW,,,AGB,Port Ellen,Argyll and Bute,Scotland,SCT,United Kingdom,gb,1,,,© OpenStreetMap contributors,Open Database License,https://www.openstreetmap.org/copyright
United Kingdom,"Ivory Place,Treadgold St.,London W11 4BP",2301,5,51.5123536,-0.2152965,"Treadgold Street, London, W11 4BP, United Kingdom",,Treadgold Street,Treadgold Street,W11 4BP,Royal Borough of Kensington and Chelsea,North Kensington,,London,Greater London,England,ENG,United Kingdom,gb,0.7,1,1,© OpenStreetMap contributors,Open Database License,https://www.openstreetmap.org/copyright
United Kingdom,"James Watt Ave.,Westwood Park,Glenrothes Fife,KY7 4TZ",2302,5,56.1810092,-3.1492046,"James Watt Avenue, Glenrothes, KY7 4UJ, United Kingdom",,James Watt Avenue,James Watt Avenue,KY7 4UJ,,Woodside,FIF,Glenrothes,Fife,Scotland,SCT,United Kingdom,gb,0.63,1,1,© OpenStreetMap contributors,Open Database License,https://www.openstreetmap.org/copyright
United Kingdom,"James Watt Ave.Bankhead West,Glenrothes Fife KY7 4T2",2303,5,56.180925,-3.148977,"James Watt Avenue, Fife, KY7 4T2, United Kingdom",,,James Watt Avenue,KY7 4T2,,,FIF,,Fife,Scotland,SCT,United Kingdom,gb,0.2835,1,0.567,© OpenStreetMap contributors,Open Database License,https://www.openstreetmap.org/copyright
United Kingdom,"Janome Centre,Southside,Bredbury,Stockport Cheshire SK6 2SP",2304,5,53.4205187,-2.1153017,"Bredbury, Stockport, SK6 2PR, United Kingdom",,Bredbury,,SK6 2PR,,Bredbury,,Stockport,Greater Manchester,England,ENG,United Kingdom,gb,0.12249999999999998,1,,© OpenStreetMap contributors,Open Database License,https://www.openstreetmap.org/copyright
United Kingdom,"Janome Centre,Southside,Bredbury,Stockport Cheshire,SK6 2SP",2305,5,53.4205187,-2.1153017,"Bredbury, Stockport, SK6 2PR, United Kingdom",,Bredbury,,SK6 2PR,,Bredbury,,Stockport,Greater Manchester,England,ENG,United Kingdom,gb,0.12249999999999998,1,,© OpenStreetMap contributors,Open Database License,https://www.openstreetmap.org/copyright
United Kingdom,"Jardine House,6 Crutched Friars,London EC3N 2HT",2306,5,51.5120149,-0.076956,"Crutched Friars, City of London, EC3N 2HT, United Kingdom",,Crutched Friars,Crutched Friars,EC3N 2HT,City of London,Aldgate,,City of London,Greater London,England,ENG,United Kingdom,gb,0.7,1,1,© OpenStreetMap contributors,Open Database License,https://www.openstreetmap.org/copyright
United Kingdom,"Jellicoe House Botleigh Grange,Hedge End,Southampton,SO3 4TX",2307,5,,,,,,,,,,,,,,,,,,,,,,
United Kingdom,"Jellicoe House Botleigh Grange,Hedge End,Southampton,SO30 2AF",2308,5,50.9154346,-1.3071423,"Hedge End, SO30 4QR, United Kingdom",,Hedge End,,SO30 4QR,,,HAM,Hedge End,Hampshire,England,ENG,United Kingdom,gb,0.24499999999999997,0.7,0.7,© OpenStreetMap contributors,Open Database License,https://www.openstreetmap.org/copyright
United Kingdom,"Jeol House,Silver Court,Watchmead,Welwyn Garden City,Herts,AL7 1LT",2309,5,51.8007747,-0.1851716,"Watchmead, Welwyn Hatfield, AL7 1AP, United Kingdom",,Watchmead,Watchmead,AL7 1AP,,Panshanger,HRT,Welwyn Hatfield,Hertfordshire,England,ENG,United Kingdom,gb,0.44099999999999995,1,1,© OpenStreetMap contributors,Open Database License,https://www.openstreetmap.org/copyright
United Kingdom,"Jeol House,Silvercourt,Watchmead,Welwyn Garden City,Herts AL7 1LT",2310,5,51.8007747,-0.1851716,"Watchmead, Welwyn Hatfield, AL7 1AP, United Kingdom",,Watchmead,Watchmead,AL7 1AP,,Panshanger,HRT,Welwyn Hatfield,Hertfordshire,England,ENG,United Kingdom,gb,0.44099999999999995,1,1,© OpenStreetMap contributors,Open Database License,https://www.openstreetmap.org/copyright
United Kingdom,"Jeol House,Silvercourt,Watchmead,Welwyn Garden City,Herts AL71LT.",2311,5,51.8007747,-0.1851716,"Watchmead, Welwyn Hatfield, AL7 1AP, United Kingdom",,Watchmead,Watchmead,AL7 1AP,,Panshanger,HRT,Welwyn Hatfield,Hertfordshire,England,ENG,United Kingdom,gb,0.44099999999999995,1,1,© OpenStreetMap contributors,Open Database License,https://www.openstreetmap.org/copyright
United Kingdom,"Jeol House,Silvercourt,Watchmead,Welwyn Garden City,Herts,AL7 1LT",2312,5,51.8007747,-0.1851716,"Watchmead, Welwyn Hatfield, AL7 1AP, United Kingdom",,Watchmead,Watchmead,AL7 1AP,,Panshanger,HRT,Welwyn Hatfield,Hertfordshire,England,ENG,United Kingdom,gb,0.44099999999999995,1,1,© OpenStreetMap contributors,Open Database License,https://www.openstreetmap.org/copyright
United Kingdom,Jersey Island,2313,5,51.4424844,-2.629838400000001,"Parklands Road, Bristol, BS3 2JR, United Kingdom",,,Parklands Road,BS3 2JR,Bower Ashton,Ashton Vale,BST,Bristol,City of Bristol,England,ENG,United Kingdom,gb,1,,,© OpenStreetMap contributors,Open Database License,https://www.openstreetmap.org/copyright
United Kingdom,"Jersey,Channel Islands",2314,5,53.462921,-2.721884,"Islands Brow, St Helens, WA11 9PL, United Kingdom",,,Islands Brow,WA11 9PL,,Haresfinch,LIV,St Helens,Liverpool,England,ENG,United Kingdom,gb,0.35714285714285715,,,© OpenStreetMap contributors,Open Database License,https://www.openstreetmap.org/copyright
United Kingdom,"Joule Rd.,West Point Business Park,Andover,Hampshire SP10 3UX",2315,5,51.443758,0.356474,"Unit D1 West Mill, Imperial Business Park, Gravesend, DA11 0DL, United Kingdom",Unit D1,,"West Mill, Imperial Business Park",DA11 0DL,,,KEN,Gravesend,Kent,England,ENG,United Kingdom,gb,0.4147758620689656,0.08099999999999999,0.059049,© OpenStreetMap contributors,Open Database License,https://www.openstreetmap.org/copyright
United Kingdom,"Joule Rd.,West Point Business Park,Andover,Hampshire,SP10 3UX",2316,5,51.443758,0.356474,"Unit D1 West Mill, Imperial Business Park, Gravesend, DA11 0DL, United Kingdom",Unit D1,,"West Mill, Imperial Business Park",DA11 0DL,,,KEN,Gravesend,Kent,England,ENG,United Kingdom,gb,0.42205263157894746,0.08099999999999999,0.059049,© OpenStreetMap contributors,Open Database License,https://www.openstreetmap.org/copyright
United Kingdom,"Jupiter House,Triton Court,14 Finsbury Sq.,London EC2A 1BR",2317,5,51.5216989,-0.0867593,"Haz, 14 Finsbury Square, London, EC2A 1AH, United Kingdom",14,Haz,Finsbury Square,EC2A 1AH,London Borough of Islington,Finsbury,,London,Greater London,England,ENG,United Kingdom,gb,0.63,1,1,© OpenStreetMap contributors,Open Database License,https://www.openstreetmap.org/copyright
United Kingdom,"Jupiter House,Triton Court,14 Finsbury Sq.,London,EC2A 1BR",2318,5,51.5216989,-0.0867593,"Haz, 14 Finsbury Square, London, EC2A 1AH, United Kingdom",14,Haz,Finsbury Square,EC2A 1AH,London Borough of Islington,Finsbury,,London,Greater London,England,ENG,United Kingdom,gb,0.63,1,1,© OpenStreetMap contributors,Open Database License,https://www.openstreetmap.org/copyright
United Kingdom,"JVC Business Park 12 Prestley Way,London NW2 7BA",2319,5,51.554202,-0.127128,"12 Trecastle Way, London, N7 0ER, United Kingdom",12,,Trecastle Way,N7 0ER,Islington,Holloway,,London,London,England,ENG,United Kingdom,gb,0.5,1,0.5555555555555556,© OpenStreetMap contributors,Open Database License,https://www.openstreetmap.org/copyright
United Kingdom,"JVC House,Eldonwall Trading Estate,12 Priestley Way,London NW2 7BA",2320,5,51.5717013,-0.2349902,"Priestley Way, London, NW2 7AN, United Kingdom",,Priestley Way,Priestley Way,NW2 7AN,London Borough of Brent,Dollis Hill,,London,Greater London,England,ENG,United Kingdom,gb,0.63,1,1,© OpenStreetMap contributors,Open Database License,https://www.openstreetmap.org/copyright
United Kingdom,"JVC House,JVC Business Park,12 Prestley Way,London,NW2 7BA",2321,5,51.554202,-0.127128,"12 Trecastle Way, London, N7 0ER, United Kingdom",12,,Trecastle Way,N7 0ER,Islington,Holloway,,London,London,England,ENG,United Kingdom,gb,0.5,1,0.5555555555555556,© OpenStreetMap contributors,Open Database License,https://www.openstreetmap.org/copyright
United Kingdom,"JVC House,JVC Business Park,12 Priestley Way,London NW2 7BA",2322,5,51.5717013,-0.2349902,"Priestley Way, London, NW2 7AN, United Kingdom",,Priestley Way,Priestley Way,NW2 7AN,London Borough of Brent,Dollis Hill,,London,Greater London,England,ENG,United Kingdom,gb,0.63,1,1,© OpenStreetMap contributors,Open Database License,https://www.openstreetmap.org/copyright
United Kingdom,"JVC House,JVC Business Park,12 Priestley Way,London,NW2 7BA",2323,5,51.5717013,-0.2349902,"Priestley Way, London, NW2 7AN, United Kingdom",,Priestley Way,Priestley Way,NW2 7AN,London Borough of Brent,Dollis Hill,,London,Greater London,England,ENG,United Kingdom,gb,0.63,1,1,© OpenStreetMap contributors,Open Database License,https://www.openstreetmap.org/copyright
United Kingdom,"K Line House,21/23 Buckle St.,London E1 8EH",2324,5,51.5145139,-0.0704167,"Buckle Street, London, E1 8DB, United Kingdom",,Buckle Street,Buckle Street,E1 8DB,London Borough of Tower Hamlets,Whitechapel,,London,Greater London,England,ENG,United Kingdom,gb,0.63,1,1,© OpenStreetMap contributors,Open Database License,https://www.openstreetmap.org/copyright
United Kingdom,"Kebbell House Carpenders Park,Watford,Hertfordshire WD1 5EB",2325,5,51.627893,-0.385563,"Carpenders Park Station, Watford Rural, WD1 5EB, United Kingdom",,,Carpenders Park Station,WD1 5EB,Watford Rural,,HRT,Watford Rural,Hertfordshire,England,ENG,United Kingdom,gb,0.9,0.9,,© OpenStreetMap contributors,Open Database License,https://www.openstreetmap.org/copyright
United Kingdom,"Kelbburn Business Park,Port Glasgow,Scotland PA14 6PD",2326,5,55.92208,-4.58479,"Renfrewshire, PA14 6PD, United Kingdom",,,,PA14 6PD,,,RFW,,Renfrewshire,Scotland,SCT,United Kingdom,gb,0.6,1,,© OpenStreetMap contributors,Open Database License,https://www.openstreetmap.org/copyright
United Kingdom,"Kelbburn Business Park,Port Glassgow,Scotland PA14 6PD",2327,5,55.92208,-4.58479,"Renfrewshire, PA14 6PD, United Kingdom",,,,PA14 6PD,,,RFW,,Renfrewshire,Scotland,SCT,United Kingdom,gb,0.6,1,,© OpenStreetMap contributors,Open Database License,https://www.openstreetmap.org/copyright
United Kingdom,"Kellogg Tower Greemtord Rd.Greemtord,Middlesex UB6 OJA",2328,5,51.508217,-0.0761879025700761,"Tower of London, Tower Hill, London, EC3N 4AB, United Kingdom",,Tower of London,Tower Hill,EC3N 4AB,London Borough of Tower Hamlets,Whitechapel,,London,Greater London,England,ENG,United Kingdom,gb,0,,,© OpenStreetMap contributors,Open Database License,https://www.openstreetmap.org/copyright
United Kingdom,"Kellogg Tower Greenford Rd.Greenford,Middlesex UB6 OJA",2329,5,51.508217,-0.0761879025700761,"Tower of London, Tower Hill, London, EC3N 4AB, United Kingdom",,Tower of London,Tower Hill,EC3N 4AB,London Borough of Tower Hamlets,Whitechapel,,London,Greater London,England,ENG,United Kingdom,gb,0,,,© OpenStreetMap contributors,Open Database License,https://www.openstreetmap.org/copyright
United Kingdom,"Kellogg Tower,Greenford Rd.,Greenford,Middlesex UB6 0JA",2330,5,51.5344859,-0.3474668,"Greenford Road, London, UB6 8AS, United Kingdom",,Greenford Road,Greenford Road,UB6 8AS,London Borough of Ealing,Greenford,,London,Greater London,England,ENG,United Kingdom,gb,0.44099999999999995,0.7,0.7,© OpenStreetMap contributors,Open Database License,https://www.openstreetmap.org/copyright
United Kingdom,"Kellogg Tower,Greenford Rd.,Greenford,Middlesex UB6 OJA",2331,5,51.5344859,-0.3474668,"Greenford Road, London, UB6 8AS, United Kingdom",,Greenford Road,Greenford Road,UB6 8AS,London Borough of Ealing,Greenford,,London,Greater London,England,ENG,United Kingdom,gb,0.44099999999999995,0.7,0.7,© OpenStreetMap contributors,Open Database License,https://www.openstreetmap.org/copyright
United Kingdom,"Kellogg Tower,Greenford Rd.,Greenford,Middlesex,UB6 0JA",2332,5,51.5344859,-0.3474668,"Greenford Road, London, UB6 8AS, United Kingdom",,Greenford Road,Greenford Road,UB6 8AS,London Borough of Ealing,Greenford,,London,Greater London,England,ENG,United Kingdom,gb,0.44099999999999995,0.7,0.7,© OpenStreetMap contributors,Open Database License,https://www.openstreetmap.org/copyright
United Kingdom,"Kellogg Tower,Greenford Rd.,Greenford,Middlesex,UB6 OJA",2333,5,51.5344859,-0.3474668,"Greenford Road, London, UB6 8AS, United Kingdom",,Greenford Road,Greenford Road,UB6 8AS,London Borough of Ealing,Greenford,,London,Greater London,England,ENG,United Kingdom,gb,0.44099999999999995,0.7,0.7,© OpenStreetMap contributors,Open Database License,https://www.openstreetmap.org/copyright
United Kingdom,"Kent House 14/17 Market Place London,W1N 7AJ",2334,5,51.5161298,-0.1398736,"Reiss, 14-17 Market Place, London, W1W 8AJ, United Kingdom",14-17,Reiss,Market Place,W1W 8AJ,,Fitzrovia,,London,Greater London,England,ENG,United Kingdom,gb,0.27,1,1,© OpenStreetMap contributors,Open Database License,https://www.openstreetmap.org/copyright
United Kingdom,"Kenwood House,Dwight Rd.,Watford,Hertfordshire,WD18 9EB",2335,5,51.6409276,-0.4307379,"Dwight Road, Three Rivers, WD18 9HG, United Kingdom",,Dwight Road,Dwight Road,WD18 9HG,,Batchworth,HRT,Three Rivers,Hertfordshire,England,ENG,United Kingdom,gb,0.44099999999999995,0.7,0.7,© OpenStreetMap contributors,Open Database License,https://www.openstreetmap.org/copyright
United Kingdom,"Kenwood House,Dwight Rd.,Watford,Herts,WD1 8EB",2336,5,51.6410701,-0.4276614,"Dwight Road, Three Rivers, WD17 1LD, United Kingdom",,Dwight Road,Dwight Road,WD17 1LD,,Batchworth,HRT,Three Rivers,Hertfordshire,England,ENG,United Kingdom,gb,0.125,0.5,0.5,© OpenStreetMap contributors,Open Database License,https://www.openstreetmap.org/copyright
United Kingdom,"Kenwood House,Dwight Rd.,Watford,Herts,WD18 9EB",2337,5,51.6409276,-0.4307379,"Dwight Road, Three Rivers, WD18 9HG, United Kingdom",,Dwight Road,Dwight Road,WD18 9HG,,Batchworth,HRT,Three Rivers,Hertfordshire,England,ENG,United Kingdom,gb,0.44099999999999995,0.7,0.7,© OpenStreetMap contributors,Open Database License,https://www.openstreetmap.org/copyright
United Kingdom,"Kenwood House,Dwight Rd.,Watford,Herts.,WD1 8EB",2338,5,51.6410701,-0.4276614,"Dwight Road, Three Rivers, WD17 1LD, United Kingdom",,Dwight Road,Dwight Road,WD17 1LD,,Batchworth,HRT,Three Rivers,Hertfordshire,England,ENG,United Kingdom,gb,0.125,0.5,0.5,© OpenStreetMap contributors,Open Database License,https://www.openstreetmap.org/copyright
United Kingdom,"Kenwood House,Dwight Rd.,Watford,Herts.,WD18 9EB",2339,5,51.6409276,-0.4307379,"Dwight Road, Three Rivers, WD18 9HG, United Kingdom",,Dwight Road,Dwight Road,WD18 9HG,,Batchworth,HRT,Three Rivers,Hertfordshire,England,ENG,United Kingdom,gb,0.44099999999999995,0.7,0.7,© OpenStreetMap contributors,Open Database License,https://www.openstreetmap.org/copyright
United Kingdom,"Kenwood House,Dwight Rd.Watfond,Herts.,WD1 8EB",2340,5,55.952266,-4.524624,"Overtoun House, Dumbarton, G82 2SH, United Kingdom",,,Overtoun House,G82 2SH,,,WDU,Dumbarton,West Dunbartonshire,Scotland,SCT,United Kingdom,gb,1,,,© OpenStreetMap contributors,Open Database License,https://www.openstreetmap.org/copyright
United Kingdom,"Kenwood House,Dwight Rd.Watford,Herts.,WD1 8EB",2341,5,55.952266,-4.524624,"Overtoun House, Dumbarton, G82 2SH, United Kingdom",,,Overtoun House,G82 2SH,,,WDU,Dumbarton,West Dunbartonshire,Scotland,SCT,United Kingdom,gb,1,,,© OpenStreetMap contributors,Open Database License,https://www.openstreetmap.org/copyright
United Kingdom,"Kestrel House,Garth Rd.,Morden,Surrey SM4 4LP",2342,5,51.383377,-0.223916,"Garth Road, London, SM4 4JX, United Kingdom",,Garth Road,Garth Road,SM4 4JX,London Borough of Merton,Lower Morden,,London,Greater London,England,ENG,United Kingdom,gb,0.45,0.9,0.9,© OpenStreetMap contributors,Open Database License,https://www.openstreetmap.org/copyright
United Kingdom,"Kestrel House,Garth Rd.,Morden,Surrey,SM4 4LP",2343,5,51.383377,-0.223916,"Garth Road, London, SM4 4JX, United Kingdom",,Garth Road,Garth Road,SM4 4JX,London Borough of Merton,Lower Morden,,London,Greater London,England,ENG,United Kingdom,gb,0.45,0.9,0.9,© OpenStreetMap contributors,Open Database License,https://www.openstreetmap.org/copyright
United Kingdom,"KeyMed House,Stock Rd.,Southendon Sea,Essex,SS2 5QH",2344,5,51.55944,0.70769,"Southend-on-Sea, SS2 5QH, United Kingdom",,,,SS2 5QH,,,,Southend-on-Sea,,England,ENG,United Kingdom,gb,0.6,1,,© OpenStreetMap contributors,Open Database License,https://www.openstreetmap.org/copyright
United Kingdom,"Kimpton Rd.,Luton,Bedfordshire",2345,5,51.8735053,-0.39387369596005445,"Bedfordshire Chamber of Commerce, Kimpton Road, Luton, LU2 0LB, United Kingdom",,Bedfordshire Chamber of Commerce,Kimpton Road,LU2 0LB,,Park Town,,Luton,Borough of Luton,England,ENG,United Kingdom,gb,0,1,1,© OpenStreetMap contributors,Open Database License,https://www.openstreetmap.org/copyright
United Kingdom,"Kingsbridge House,Padbury Oaks,575-583 Bath Rd.,Longford,Middlesex UB7 0EH",2346,5,51.4817944,-0.4715473,"Bath Road, London, UB7 0DE, United Kingdom",,Bath Road,Bath Road,UB7 0DE,London Borough of Hillingdon,Harmondsworth,,London,Greater London,England,ENG,United Kingdom,gb,0.44099999999999995,0.7,0.7,© OpenStreetMap contributors,Open Database License,https://www.openstreetmap.org/copyright
United Kingdom,"Kingsley Ave.,Ilfracombe,Devon,EX34 8ES",2347,5,51.1975139,-4.1242474,"Kingsley Avenue, North Devon, EX34 8EF, United Kingdom",,Kingsley Avenue,Kingsley Avenue,EX34 8EF,,Slade,DEV,North Devon,Devon,England,ENG,United Kingdom,gb,0.63,1,1,© OpenStreetMap contributors,Open Database License,https://www.openstreetmap.org/copyright
United Kingdom,"Kingsley Ave.Ilfracombe Deven,EX34 8ES",2348,5,51.1975139,-4.1242474,"Kingsley Avenue, North Devon, EX34 8EF, United Kingdom",,Kingsley Avenue,Kingsley Avenue,EX34 8EF,,Slade,DEV,North Devon,Devon,England,ENG,United Kingdom,gb,0.2778299999999999,0.7,0.44099999999999995,© OpenStreetMap contributors,Open Database License,https://www.openstreetmap.org/copyright
United Kingdom,"Kingsley Ave.Ilfracombe Devon,EX34 8ES",2349,5,51.1968661,-4.1209372,"Kingsley Avenue, North Devon, EX34 8DN, United Kingdom",,Kingsley Avenue,Kingsley Avenue,EX34 8DN,,Slade,DEV,North Devon,Devon,England,ENG,United Kingdom,gb,0.35721,0.9,0.5670000000000001,© OpenStreetMap contributors,Open Database License,https://www.openstreetmap.org/copyright
United Kingdom,"Kingswood Rd.,Hampton Lovett Ind.Estate,Droitwich,Worcestershire",2350,5,52.2860098,-2.1728108,"Kingswood Road, Wychavon, WR9 0QH, United Kingdom",,Kingswood Road,Kingswood Road,WR9 0QH,,Hampton Lovett Industrial Estate,WOR,Wychavon,Worcestershire,England,ENG,United Kingdom,gb,0.45,0.9,0.9,© OpenStreetMap contributors,Open Database License,https://www.openstreetmap.org/copyright
United Kingdom,"Kingswood Rd.,Hampton Lovett Ind.Estate,Droitwich,Worcestershire WR9 0QH",2351,5,52.2860098,-2.1728108,"Kingswood Road, Wychavon, WR9 0QH, United Kingdom",,Kingswood Road,Kingswood Road,WR9 0QH,,Hampton Lovett Industrial Estate,WOR,Wychavon,Worcestershire,England,ENG,United Kingdom,gb,0.7,1,1,© OpenStreetMap contributors,Open Database License,https://www.openstreetmap.org/copyright
United Kingdom,"Kingswood Rd.,Hampton Lovett Ind.Estate,Droitwich,Worcestershire,WR9 0QH",2352,5,52.2860098,-2.1728108,"Kingswood Road, Wychavon, WR9 0QH, United Kingdom",,Kingswood Road,Kingswood Road,WR9 0QH,,Hampton Lovett Industrial Estate,WOR,Wychavon,Worcestershire,England,ENG,United Kingdom,gb,0.7,1,1,© OpenStreetMap contributors,Open Database License,https://www.openstreetmap.org/copyright
United Kingdom,"Kingswood Rd.,Hampton Lovett Ind.Estate,Droitwich.Spa,Worcestershire",2353,5,52.2860098,-2.1728108,"Kingswood Road, Wychavon, WR9 0QH, United Kingdom",,Kingswood Road,Kingswood Road,WR9 0QH,,Hampton Lovett Industrial Estate,WOR,Wychavon,Worcestershire,England,ENG,United Kingdom,gb,0.4536,0.567,0.567,© OpenStreetMap contributors,Open Database License,https://www.openstreetmap.org/copyright
United Kingdom,"Kirkstall Industrial Park,Kirkstall Rd.,Leeds LS4 2AZ",2354,5,53.8059817,-1.5815922,"Kirkstall Road, Leeds, LS4 2DS, United Kingdom",,Kirkstall Road,Kirkstall Road,LS4 2DS,,Burley,,Leeds,West Yorkshire,England,ENG,United Kingdom,gb,0.63,1,1,© OpenStreetMap contributors,Open Database License,https://www.openstreetmap.org/copyright
United Kingdom,"Kirkton Industrial Estate,Arbroath,Tayside,Scotland",2355,5,56.57199025,-2.6091232375364513,"Kirkton Industrial Estate, Kirkton, Arbroath, Angus, SCT, United Kingdom",,Kirkton Industrial Estate,,,,Kirkton,ANS,Arbroath,Angus,Scotland,SCT,United Kingdom,gb,1,1,,© OpenStreetMap contributors,Open Database License,https://www.openstreetmap.org/copyright
United Kingdom,"Kirkton Rd.,Kirkton Ind.Estate,Arbroath,Angus,DD11 3rd",2356,5,56.5759743,-2.602931,"Kirkton Road, St Vigeans, DD11 4GT, United Kingdom",,Kirkton Road,Kirkton Road,DD11 4GT,,Cairnie,ANS,St Vigeans,Angus,Scotland,SCT,United Kingdom,gb,0.44099999999999995,0.7,0.7,© OpenStreetMap contributors,Open Database License,https://www.openstreetmap.org/copyright
United Kingdom,"Kleinwort Benson House,West Centre,St.Helier,Jersey,Channel Islands",2357,5,52.677166,-2.461935,"West Centre Way, Lawley and Overdale, United Kingdom",,,West Centre Way,,Lawley and Overdale,,SHR,Lawley and Overdale,Shropshire,England,ENG,United Kingdom,gb,0,,,© OpenStreetMap contributors,Open Database License,https://www.openstreetmap.org/copyright
United Kingdom,"Knyvett House,The Causeway,Staines,Middlesex,TW18 3BA",2358,5,51.4329622,-0.5189971,"The Causeway, Staines-upon-Thames, TW18 3BA, United Kingdom",,The Causeway,The Causeway,TW18 3BA,,,SRY,Staines-upon-Thames,Surrey,England,ENG,United Kingdom,gb,0.7,1,1,© OpenStreetMap contributors,Open Database License,https://www.openstreetmap.org/copyright
United Kingdom,"Konami House,54A Cowley Mill Rd.,Uxbridge,Middlesex,UB8 2QE",2359,5,51.5449509,-0.4816672,"Uxbridge, UB8 1SB, United Kingdom",,Uxbridge,,UB8 1SB,,,,Uxbridge,Greater London,England,ENG,United Kingdom,gb,0,1,,© OpenStreetMap contributors,Open Database License,https://www.openstreetmap.org/copyright
United Kingdom,"Konica House,Miles Gray Rd.,Basilden,Essex SS14 3AR",2360,5,51.5852131,0.450023,"Miles Gray Road, Basildon, SS14 3RW, United Kingdom",,Miles Gray Road,Miles Gray Road,SS14 3RW,,Steeple View,ESS,Basildon,Essex,England,ENG,United Kingdom,gb,0.4961249999999999,0.7875,0.7875,© OpenStreetMap contributors,Open Database License,https://www.openstreetmap.org/copyright
United Kingdom,"Konica House,Miles Gray Rd.,Basildon,Essex SS14 3AR",2361,5,51.5852131,0.450023,"Miles Gray Road, Basildon, SS14 3RW, United Kingdom",,Miles Gray Road,Miles Gray Road,SS14 3RW,,Steeple View,ESS,Basildon,Essex,England,ENG,United Kingdom,gb,0.63,1,1,© OpenStreetMap contributors,Open Database License,https://www.openstreetmap.org/copyright
United Kingdom,"Konica House,Miles Gray Rd.,Basildon,Essex,SS14 3AR",2362,5,51.5852131,0.450023,"Miles Gray Road, Basildon, SS14 3RW, United Kingdom",,Miles Gray Road,Miles Gray Road,SS14 3RW,,Steeple View,ESS,Basildon,Essex,England,ENG,United Kingdom,gb,0.63,1,1,© OpenStreetMap contributors,Open Database License,https://www.openstreetmap.org/copyright
United Kingdom,Kyoto Close Moulton Park Northampton NN3 6FL,2363,5,52.276005,-0.872865,"Kyoto Close, Northampton, NN3 6FL, United Kingdom",,Kyoto Close,Kyoto Close,NN3 6FL,,Moulton Park,,Northampton,West Northamptonshire,England,ENG,United Kingdom,gb,0.7,1,1,© OpenStreetMap contributors,Open Database License,https://www.openstreetmap.org/copyright
United Kingdom,"Kyoto Close,Summerhouse Rd.,Moulton Park,Northampton NN3 6FL",2364,5,52.2760726,-0.8720916,"Summerhouse Road, Northampton, NN3 6WD, United Kingdom",,Summerhouse Road,Summerhouse Road,NN3 6WD,,Moulton Park,,Northampton,West Northamptonshire,England,ENG,United Kingdom,gb,0.63,1,1,© OpenStreetMap contributors,Open Database License,https://www.openstreetmap.org/copyright
United Kingdom,"Kyoto Close,Summerhouse Rd.,Moulton Park,Northampton,NN3 6FL",2365,5,52.2760726,-0.8720916,"Summerhouse Road, Northampton, NN3 6WD, United Kingdom",,Summerhouse Road,Summerhouse Road,NN3 6WD,,Moulton Park,,Northampton,West Northamptonshire,England,ENG,United Kingdom,gb,0.63,1,1,© OpenStreetMap contributors,Open Database License,https://www.openstreetmap.org/copyright
United Kingdom,"La Motte Chambers St.Heliet,Jer sey,C.I.",2366,5,,,,,,,,,,,,,,,,,,,,,,
United Kingdom,"La Vieille Cour,La Plaiderie,St.Peter Port,Guernsey,Channel Islands",2367,5,52.663642,-1.580326,United Kingdom,,United Kingdom,,,,,,,,,,United Kingdom,gb,0,,,Who's On First,CC0,https://www.whosonfirst.org/docs/licenses/
United Kingdom,"Lacon House,Theobalds Rd.,London W1C 8RW",2368,5,51.5205971,-0.1166973,"Theobalds Road, London, WC1X 8SL, United Kingdom",,Theobalds Road,Theobalds Road,WC1X 8SL,London Borough of Camden,Holborn,,London,Greater London,England,ENG,United Kingdom,gb,0.5,1,1,© OpenStreetMap contributors,Open Database License,https://www.openstreetmap.org/copyright
United Kingdom,"Lacou House,Theobalds Rd.,London W1C 8RWUK",2369,5,51.520477,-0.117325,"Theobalds Road, London, United Kingdom",,,Theobalds Road,,Camden,Holborn,,London,London,England,ENG,United Kingdom,gb,0.5,1,1,© OpenStreetMap contributors,Open Database License,https://www.openstreetmap.org/copyright
United Kingdom,"Lady Bay House,Meadow Grove Nottingham",2370,5,52.9442538,-1.1324484813893951,"Lady bay house, Meadow Grove, Nottingham, NG2 3HF, United Kingdom",,Lady bay house,Meadow Grove,NG2 3HF,,Sneinton,,Nottingham,,England,ENG,United Kingdom,gb,1,1,1,© OpenStreetMap contributors,Open Database License,https://www.openstreetmap.org/copyright
United Kingdom,"Ladysneak Rd.,Stirling,FK9 5NZ",2371,5,56.119315,-3.936236,"Station Road, Stirling, United Kingdom",,,Station Road,,,,STG,,Stirling,Scotland,SCT,United Kingdom,gb,0.36449999999999994,1,0.567,© OpenStreetMap contributors,Open Database License,https://www.openstreetmap.org/copyright
United Kingdom,"Ladysneuk Rd.,Stirling,FK9 5NZ",2372,5,56.130964,-3.919015,"Ladysneuk Road, Stirling, United Kingdom",,,Ladysneuk Road,,,,STG,,Stirling,Scotland,SCT,United Kingdom,gb,0.6428571428571428,1,1,© OpenStreetMap contributors,Open Database License,https://www.openstreetmap.org/copyright
United Kingdom,"Lakeside House,1 Furzeground Way,Stockley Park,Uxbridge,UB11 1BD",2373,5,51.5080679,-0.4429519,"Heidelberg Graphic Equipment Ltd, 1 Furzeground Way, London, UB11 1BB, United Kingdom",1,Heidelberg Graphic Equipment Ltd,Furzeground Way,UB11 1BB,London Borough of Hillingdon,Stockley Park,,London,Greater London,England,ENG,United Kingdom,gb,0.44099999999999995,0.7,0.7,© OpenStreetMap contributors,Open Database License,https://www.openstreetmap.org/copyright
United Kingdom,"Lakeside House,Lakeside Llantarnam Park,Cwmbran,NP44 3XS",2374,5,51.6302484,-3.0114815,"Lakeside, Cwmbran, NP44 3HB, United Kingdom",,Lakeside,Lakeside,NP44 3HB,,Llantarnam,TOF,Cwmbran,Torfaen,Wales,WLS,United Kingdom,gb,0.63,1,1,© OpenStreetMap contributors,Open Database License,https://www.openstreetmap.org/copyright
United Kingdom,Lancashier,2375,5,,,,,,,,,,,,,,,,,,,,,,
United Kingdom,"Landywood Lane,Cheslyn Hay Walsall Staff WS 67AL",2376,5,52.6564122,-2.0209476,"Landywood Lane, Streets lane, South Staffordshire, WS6 7NA, United Kingdom",,Landywood Lane,Streets lane,WS6 7NA,,,STS,South Staffordshire,Staffordshire,England,ENG,United Kingdom,gb,0.315,0.7,0.63,© OpenStreetMap contributors,Open Database License,https://www.openstreetmap.org/copyright
United Kingdom,"Latham House,16 Minories,London EC3N 1EY",2377,5,51.5136667,-0.0759687,"16 Minories, City of London, EC3N 1BT, United Kingdom",16,,Minories,EC3N 1BT,City of London,Aldgate,,City of London,London,England,ENG,United Kingdom,gb,0.5103,0.81,0.81,,,
United Kingdom,"Le Gallais Chambers,54 Bath St.,St.Helier,Jersey,Channel Island",2378,5,55.9545896,-3.1110197,"54 Bath Street, City of Edinburgh, EH15 1EZ, United Kingdom",54,,Bath Street,EH15 1EZ,Bellfield,Portobello,,City of Edinburgh,,Scotland,SCT,United Kingdom,gb,0.9,,,© OpenStreetMap contributors,Open Database License,https://www.openstreetmap.org/copyright
United Kingdom,"Lea Green Rd.,St Helens,Merseyside,WA9 4PR",2379,5,53.4232866,-2.7377182,"Lea Green Road, St Helens, WA9 5AY, United Kingdom",,Lea Green Road,Lea Green Road,WA9 5AY,,Lea Green,,St Helens,Liverpool City Region,England,ENG,United Kingdom,gb,0.44099999999999995,1,1,© OpenStreetMap contributors,Open Database License,https://www.openstreetmap.org/copyright
United Kingdom,"Lea Green Rd.,St.Helens,Merseyside WA9 4PR",2380,5,53.4232866,-2.7377182,"Lea Green Road, St Helens, WA9 5AY, United Kingdom",,Lea Green Road,Lea Green Road,WA9 5AY,,Lea Green,,St Helens,Liverpool City Region,England,ENG,United Kingdom,gb,0.44099999999999995,1,1,© OpenStreetMap contributors,Open Database License,https://www.openstreetmap.org/copyright
United Kingdom,"Lea Green Rd.,St.Helens,Merseyside,WA9 4PR",2381,5,53.4232866,-2.7377182,"Lea Green Road, St Helens, WA9 5AY, United Kingdom",,Lea Green Road,Lea Green Road,WA9 5AY,,Lea Green,,St Helens,Liverpool City Region,England,ENG,United Kingdom,gb,0.44099999999999995,1,1,© OpenStreetMap contributors,Open Database License,https://www.openstreetmap.org/copyright
United Kingdom,"Lea Green,St.Helens WA9 4PR",2382,5,53.41796,-2.73629,"St Helens, WA9 4PR, United Kingdom",,,,WA9 4PR,,Micklehead Green,,St Helens,Liverpool City Region,England,ENG,United Kingdom,gb,1,1,,© OpenStreetMap contributors,Open Database License,https://www.openstreetmap.org/copyright
United Kingdom,"Lea Lane Lea Town,Preston,Lancashire PR4 0RZ",2383,5,53.7765879,-2.7941508,"Lea Lane South, Preston, PR4 0RZ, United Kingdom",,Lea Lane South,Lea Lane South,PR4 0RZ,,Lea,LAN,Preston,Lancashire,England,ENG,United Kingdom,gb,0.63,1,0.9,© OpenStreetMap contributors,Open Database License,https://www.openstreetmap.org/copyright
United Kingdom,"Lea Lane Lea Town,Preston,Lancashire,PR4 0RZ",2384,5,53.7765879,-2.7941508,"Lea Lane South, Preston, PR4 0RZ, United Kingdom",,Lea Lane South,Lea Lane South,PR4 0RZ,,Lea,LAN,Preston,Lancashire,England,ENG,United Kingdom,gb,0.63,1,0.9,© OpenStreetMap contributors,Open Database License,https://www.openstreetmap.org/copyright