original_countryname,original_AddressAlph,original_address_id,original_group,lat,lon,formatted,name,housenumber,street,postcode,district,suburb,city,county,county_code,state,state_code,country,country_code,confidence,confidence_city_level,confidence_street_level,attribution,attribution_license,attribution_url
United Kingdom,,1,1,54.7023545,-3.2765753,United Kingdom,,,,,,,,,,,,United Kingdom,gb,0,,,© OpenStreetMap contributors,Open Database License,https://www.openstreetmap.org/copyright
United Kingdom,"1 Aldgate,London EC3N 1LP",2,1,51.5132659,-0.0769275,"Nationwide, 1 Aldgate, City of London, EC3N 1RE, United Kingdom",Nationwide,1,Aldgate,EC3N 1RE,,Aldgate,City of London,Greater London,,England,ENG,United Kingdom,gb,0.5103000000000001,0.81,0.81,© OpenStreetMap contributors,Open Database License,https://www.openstreetmap.org/copyright
United Kingdom,"1 Angel Court,London,EC2R 7AE",3,1,51.515335300000004,-0.087332661586598,"1 Angel Court, City of London, EC2R 7HJ, United Kingdom",,1,Angel Court,EC2R 7HJ,,Cornhill,City of London,Greater London,,England,ENG,United Kingdom,gb,0.5103,0.81,0.81,© OpenStreetMap contributors,Open Database License,https://www.openstreetmap.org/copyright
United Kingdom,"1 Angel Lane,London,EC4R 3AB",4,1,51.5091099,-0.0897444,"The Oyster Shed, 1 Angel Lane, City of London, EC4R 3AB, United Kingdom",The Oyster Shed,1,Angel Lane,EC4R 3AB,,Vintry,City of London,Greater London,,England,ENG,United Kingdom,gb,0.9,1,1,© OpenStreetMap contributors,Open Database License,https://www.openstreetmap.org/copyright
United Kingdom,"1 Appold St.,London EC2A 2UU",5,1,51.519792800000005,-0.08221979654913436,"Deutsche Bank, 1 Appold Street, City of London, EC2A 2UT, United Kingdom",Deutsche Bank,1,Appold Street,EC2A 2UT,London Borough of Hackney,Broadgate,City of London,Greater London,,England,ENG,United Kingdom,gb,0.5103000000000001,0.81,0.81,© OpenStreetMap contributors,Open Database License,https://www.openstreetmap.org/copyright
United Kingdom,"1 Appold St.,London,EC2A 2UU",6,1,51.519792800000005,-0.08221979654913436,"Deutsche Bank, 1 Appold Street, City of London, EC2A 2UT, United Kingdom",Deutsche Bank,1,Appold Street,EC2A 2UT,London Borough of Hackney,Broadgate,City of London,Greater London,,England,ENG,United Kingdom,gb,0.5103000000000001,0.81,0.81,© OpenStreetMap contributors,Open Database License,https://www.openstreetmap.org/copyright
United Kingdom,"1 Ariel Way,Heathrow Causeway,Great South West Rd.,Hounslow,Middlesex,TW4 6JS",7,1,51.4710213,-0.4078536,"Ariel Way, London, TW4 6FD, United Kingdom",Ariel Way,,Ariel Way,TW4 6FD,London Borough of Hounslow,Cranford,London,Greater London,,England,ENG,United Kingdom,gb,0.44099999999999995,0.7,0.7,© OpenStreetMap contributors,Open Database License,https://www.openstreetmap.org/copyright
United Kingdom,"1 Berkeley St.,London W1J 8DJ",8,1,51.50747,-0.14205,"London, W1J 8DJ, United Kingdom",,,,W1J 8DJ,,,City of Westminster,Greater London,,England,ENG,United Kingdom,gb,0.6,1,,© OpenStreetMap contributors,Open Database License,https://www.openstreetmap.org/copyright
United Kingdom,"1 Berkeley St.,London,W1J 8DJ",9,1,51.50747,-0.14205,"London, W1J 8DJ, United Kingdom",,,,W1J 8DJ,,,City of Westminster,Greater London,,England,ENG,United Kingdom,gb,0.6,1,,© OpenStreetMap contributors,Open Database License,https://www.openstreetmap.org/copyright
United Kingdom,"1 Broad Plain,Bristol BS2 0JP",10,1,51.4541447,-2.5822771,"Cookpad, 1-2 Broad Plain, Bristol, BS2 0JP, United Kingdom",Cookpad,1-2,Broad Plain,BS2 0JP,Old Market,Redcliffe,Bristol,City of Bristol,BST,England,ENG,United Kingdom,gb,0.81,1,1,© OpenStreetMap contributors,Open Database License,https://www.openstreetmap.org/copyright
United Kingdom,"1 Bruntcliffe Ave.,Morley,LS27 0LL",11,1,53.7485823,-1.6168571,"Bruntcliffe Avenue, Leeds, LS27 0TG, United Kingdom",Bruntcliffe Avenue,,Bruntcliffe Avenue,LS27 0TG,,Leeds 27,Leeds,West Yorkshire,,England,ENG,United Kingdom,gb,0.63,1,1,© OpenStreetMap contributors,Open Database License,https://www.openstreetmap.org/copyright
United Kingdom,"1 Churchfield Court,Robey Close,Linby,Nottingham,NG15 8AA",12,1,53.0096801,-1.1594153,"Churchfield Court, Nottingham, NG5 9JL, United Kingdom",Churchfield Court,,Churchfield Court,NG5 9JL,,Bestwood Park Estate,Nottingham,,,England,ENG,United Kingdom,gb,0.5,1,1,© OpenStreetMap contributors,Open Database License,https://www.openstreetmap.org/copyright
United Kingdom,"1 Churchfield Court,Robey Close,Linby,Nottinghamshire NG15 8AA",13,1,53.0484266,-1.203144,"Churchfield Court, Ashfield, NG15 8GS, United Kingdom",Churchfield Court,,Churchfield Court,NG15 8GS,,Hucknall,Ashfield,Nottinghamshire,NTT,England,ENG,United Kingdom,gb,0.44099999999999995,0.7,0.7,© OpenStreetMap contributors,Open Database License,https://www.openstreetmap.org/copyright
United Kingdom,"1 College Hill,London EC4 4RA",14,1,51.5114441,-0.0922249,"College Hill, City of London, EC4R 2RP, United Kingdom",College Hill,,College Hill,EC4R 2RP,,Vintry,City of London,Greater London,,England,ENG,United Kingdom,gb,0.2025,0.81,0.81,© OpenStreetMap contributors,Open Database License,https://www.openstreetmap.org/copyright
United Kingdom,"1 Cuba St.,Poplar London E14 8LD",15,1,51.5014238,-0.025671638766704738,"1 Cuba Street, London, E14 8FD, United Kingdom",,1,Cuba Street,E14 8FD,London Borough of Tower Hamlets,Isle of Dogs,London,Greater London,,England,ENG,United Kingdom,gb,0.63,1,1,© OpenStreetMap contributors,Open Database License,https://www.openstreetmap.org/copyright
United Kingdom,1 Doverdale Studios 465 Battersea Park Rd.London SW11 4LR,16,1,51.4723013,-0.163581,"Dovedale Gardens, 465 Battersea Park Road, London, SW11 4LR, United Kingdom",Dovedale Gardens,465,Battersea Park Road,SW11 4LR,London Borough of Wandsworth,Battersea,London,Greater London,,England,ENG,United Kingdom,gb,0.5670000000000001,1,0.63,© OpenStreetMap contributors,Open Database License,https://www.openstreetmap.org/copyright
United Kingdom,"1 Doverdale Studios 465 Battersea Park Rd.London,SW11 4LR",17,1,51.4723013,-0.163581,"Dovedale Gardens, 465 Battersea Park Road, London, SW11 4LR, United Kingdom",Dovedale Gardens,465,Battersea Park Road,SW11 4LR,London Borough of Wandsworth,Battersea,London,Greater London,,England,ENG,United Kingdom,gb,0.5670000000000001,1,0.63,© OpenStreetMap contributors,Open Database License,https://www.openstreetmap.org/copyright
United Kingdom,"1 Doverdale Studios,465 Battersea Park Rd.,London,SW11 4LR",18,1,51.4723013,-0.163581,"Dovedale Gardens, 465 Battersea Park Road, London, SW11 4LR, United Kingdom",Dovedale Gardens,465,Battersea Park Road,SW11 4LR,London Borough of Wandsworth,Battersea,London,Greater London,,England,ENG,United Kingdom,gb,0.9,1,1,© OpenStreetMap contributors,Open Database License,https://www.openstreetmap.org/copyright
United Kingdom,"1 Dukes Meadow Milboard Rd.,Bourne End Buckinghamshire SL8 5XE",19,1,51.57622,-0.71291,"Bourne End, Wooburn, SL8 5XE, United Kingdom",Bourne End,,,SL8 5XE,Wooburn,Bourne End,Wooburn,Buckinghamshire,BKM,England,ENG,United Kingdom,gb,0.25,1,,Who's On First,CC0,https://www.whosonfirst.org/docs/licenses/
United Kingdom,"1 Dukes Meadow Milboard Rd.,Bourne End Buckinghamshire SL8 5XF",20,1,51.57622,-0.71291,"Bourne End, Wooburn, SL8 5XF, United Kingdom",Bourne End,,,SL8 5XF,Wooburn,Bourne End,Wooburn,Buckinghamshire,BKM,England,ENG,United Kingdom,gb,0.25,1,,Who's On First,CC0,https://www.whosonfirst.org/docs/licenses/
United Kingdom,"1 Dunsbridge Business Park,Shepreth,Royston,Herts,SG8 6RA",21,1,52.10324435,0.04059134849038731,"Dunsbridge Business Park, South Cambridgeshire, SG8 6RA, United Kingdom",Dunsbridge Business Park,,,SG8 6RA,,Dunsbridge Business Park,South Cambridgeshire,Cambridgeshire,CAM,England,ENG,United Kingdom,gb,0.25,1,,© OpenStreetMap contributors,Open Database License,https://www.openstreetmap.org/copyright
United Kingdom,"1 Edison Rd.Churchfields Ind.Estate,Salisbury Wiltshire SP2 7NU",22,1,51.0691239,-1.8131337,"Edison Road, Salisbury, SP2 7NU, United Kingdom",Edison Road,,Edison Road,SP2 7NU,,Churchfields,Salisbury,Wiltshire,WIL,England,ENG,United Kingdom,gb,0.35721,1,0.5103000000000001,© OpenStreetMap contributors,Open Database License,https://www.openstreetmap.org/copyright
United Kingdom,"1 Exchange Sq.,London EC2A 2JL",23,1,51.49885345,-0.014322495858097901,"1-2 Harbour Exchange Square, London, E14 9HE, United Kingdom",,1-2,Harbour Exchange Square,E14 9HE,London Borough of Tower Hamlets,Isle of Dogs,London,Greater London,,England,ENG,United Kingdom,gb,0.7290000000000001,1,0.9,© OpenStreetMap contributors,Open Database License,https://www.openstreetmap.org/copyright
United Kingdom,"1 Exchange Sq.,London,EC2A 2JL",24,1,51.49885345,-0.014322495858097901,"1-2 Harbour Exchange Square, London, E14 9HE, United Kingdom",,1-2,Harbour Exchange Square,E14 9HE,London Borough of Tower Hamlets,Isle of Dogs,London,Greater London,,England,ENG,United Kingdom,gb,0.7290000000000001,1,0.9,© OpenStreetMap contributors,Open Database License,https://www.openstreetmap.org/copyright
United Kingdom,"1 Farnham Rd.Guildford,Surrey,GU2 4RQ",25,1,51.520109,-0.130336,"United Kingdom Warehousing Association, Fitzrovia, London, ENG, United Kingdom",United Kingdom Warehousing Association,,,,Camden,Fitzrovia,London,London,,England,ENG,United Kingdom,gb,0,,,© OpenStreetMap contributors,Open Database License,https://www.openstreetmap.org/copyright
United Kingdom,"1 Fetter Lane,London EC4A 1BR",26,1,51.5147459,-0.1094647,"City of London, EC4A 1BR, United Kingdom",,,,EC4A 1BR,,,City of London,Greater London,,England,ENG,United Kingdom,gb,0.6,1,,© OpenStreetMap contributors,Open Database License,https://www.openstreetmap.org/copyright
United Kingdom,"1 Furzeground Way,Stockley Park,Uxbridge,UB11 1BD",27,1,51.5080679,-0.4429519,"Heidelberg Graphic Equipment Ltd, 1 Furzeground Way, London, UB11 1BB, United Kingdom",Heidelberg Graphic Equipment Ltd,1,Furzeground Way,UB11 1BB,London Borough of Hillingdon,Stockley Park,London,Greater London,,England,ENG,United Kingdom,gb,0.44099999999999995,0.7,0.7,© OpenStreetMap contributors,Open Database License,https://www.openstreetmap.org/copyright
United Kingdom,"1 Harrowden Rd.,Brackmills,Northampton NN4 0EB",28,1,52.2200758,-0.8617379,"Harrowden Road, Hardingstone, NN4 7EB, United Kingdom",Harrowden Road,,Harrowden Road,NN4 7EB,,Brackmills,Hardingstone,West Northamptonshire,,England,ENG,United Kingdom,gb,0.63,0.7,0.7,© OpenStreetMap contributors,Open Database License,https://www.openstreetmap.org/copyright
United Kingdom,1 Hunt Hill Orchardton Woods Cumbernauld Scotland G68 9LF,29,1,55.94284,-4.0593899,"Cumbernauld, G68 9LF, United Kingdom",,,,G68 9LF,,,Cumbernauld,North Lanarkshire,NLK,Scotland,SCT,United Kingdom,gb,0.6,1,,© OpenStreetMap contributors,Open Database License,https://www.openstreetmap.org/copyright
United Kingdom,"1 Hunt Hill Orchardton Woods Cumbernauld,Scotland,G68 9LF",30,1,55.94284,-4.0593899,"Cumbernauld, G68 9LF, United Kingdom",,,,G68 9LF,,,Cumbernauld,North Lanarkshire,NLK,Scotland,SCT,United Kingdom,gb,0.6,1,,© OpenStreetMap contributors,Open Database License,https://www.openstreetmap.org/copyright
United Kingdom,"1 Hunt Hill Orchardton Woods,Cumbernauld,Glasgow,G68 9LF",31,1,55.94284,-4.0593899,"Cumbernauld, G68 9LF, United Kingdom",,,,G68 9LF,,,Cumbernauld,North Lanarkshire,NLK,Scotland,SCT,United Kingdom,gb,0.6,1,,© OpenStreetMap contributors,Open Database License,https://www.openstreetmap.org/copyright
United Kingdom,"1 Hutton Sq.,Brucefield Ind'l.PK.,Livingston West Lothian EH54 9DJ",32,1,55.8641086,-3.5311945,"Hutton Square, Livingston, EH54 9DJ, United Kingdom",Hutton Square,,Hutton Square,EH54 9DJ,,Bellsquarry,Livingston,West Lothian,WLN,Scotland,SCT,United Kingdom,gb,0.7,1,1,© OpenStreetMap contributors,Open Database License,https://www.openstreetmap.org/copyright
United Kingdom,"1 Hutton Sqr.,Brucefield Ind'l.PK.,Livingston West Lothian EH54 9DJ",33,1,55.864106,-3.53119,"Hutton Square, Livingston, EH54 9DJ, United Kingdom",,,Hutton Square,EH54 9DJ,,,Livingston,West Lothian,WLN,Scotland,SCT,United Kingdom,gb,0.45,1,0.9,© OpenStreetMap contributors,Open Database License,https://www.openstreetmap.org/copyright
United Kingdom,"1 King St.,London EC2V 8AU",34,1,51.5138761,-0.0921743,"1-7 King Street, City of London, EC2V 8AU, United Kingdom",,1-7,King Street,EC2V 8AU,,Cheap,City of London,Greater London,,England,ENG,United Kingdom,gb,0.81,1,1,© OpenStreetMap contributors,Open Database License,https://www.openstreetmap.org/copyright
United Kingdom,"1 King William St.,London EC4N 7AR",35,1,51.51253,-0.08844,"City of London, EC4N 7AR, United Kingdom",,,,EC4N 7AR,,,City of London,Greater London,,England,ENG,United Kingdom,gb,0.6,1,,© OpenStreetMap contributors,Open Database License,https://www.openstreetmap.org/copyright
United Kingdom,"1 King William St.,London,EC4N 7AF",36,1,51.51253,-0.08844,"City of London, EC4N 7AF, United Kingdom",,,,EC4N 7AF,,,City of London,Greater London,,England,ENG,United Kingdom,gb,0.6,1,,© OpenStreetMap contributors,Open Database License,https://www.openstreetmap.org/copyright
United Kingdom,"1 Kingdom St.London,W2 6BD",37,1,51.51904195,-0.18169491634138346,"One Kingdom Street, 1 Kingdom Street, London, W2 6BD, United Kingdom",One Kingdom Street,1,Kingdom Street,W2 6BD,,Paddington,London,Greater London,,England,ENG,United Kingdom,gb,0.63,1,0.63,© OpenStreetMap contributors,Open Database License,https://www.openstreetmap.org/copyright
United Kingdom,"1 Kingsway 6th Fl.,London WC2B 6AN",38,1,51.5132905,-0.11820744702462645,"1 Kingsway, London, WC2B 6AN, United Kingdom",,1,Kingsway,WC2B 6AN,London Borough of Camden,Holborn,London,Greater London,,England,ENG,United Kingdom,gb,0.9,1,1,© OpenStreetMap contributors,Open Database License,https://www.openstreetmap.org/copyright
United Kingdom,"1 Liverpool St.,London EC2M 7NH",39,1,51.51767,-0.08437,"City of London, EC2M 7NH, United Kingdom",,,,EC2M 7NH,,,City of London,Greater London,,England,ENG,United Kingdom,gb,0.6,1,,© OpenStreetMap contributors,Open Database License,https://www.openstreetmap.org/copyright
United Kingdom,"1 Liverpool St.,London,EC2M 7NH",40,1,51.51767,-0.08437,"City of London, EC2M 7NH, United Kingdom",,,,EC2M 7NH,,,City of London,Greater London,,England,ENG,United Kingdom,gb,0.6,1,,© OpenStreetMap contributors,Open Database License,https://www.openstreetmap.org/copyright
United Kingdom,"1 London Wall Buildings,London Wall,London EC2M 5PP",41,1,51.51699,-0.08611,"City of London, EC2M 5PP, United Kingdom",,,,EC2M 5PP,,,City of London,Greater London,,England,ENG,United Kingdom,gb,0.6,1,,© OpenStreetMap contributors,Open Database License,https://www.openstreetmap.org/copyright
United Kingdom,1 London Wall London EC2Y 5AD,42,1,51.5171292,-0.0967375,"Cook's Hall, 1 London Wall, City of London, EC2Y 5BD, United Kingdom",Cook's Hall,1,London Wall,EC2Y 5BD,,Cheap,City of London,Greater London,,England,ENG,United Kingdom,gb,0.5103000000000001,0.81,0.81,© OpenStreetMap contributors,Open Database License,https://www.openstreetmap.org/copyright
United Kingdom,"1 London Wall Place,London EC2V 5AU",43,1,51.517728,-0.092081,"London Wall Place, City of London, EC2V 5DS, United Kingdom",,,London Wall Place,EC2V 5DS,City of London,Barbican,City of London,London,,England,ENG,United Kingdom,gb,0.5103,0.81,0.81,© OpenStreetMap contributors,Open Database License,https://www.openstreetmap.org/copyright
United Kingdom,"1 London Wall,London,EC2Y 5AD",44,1,51.5171292,-0.0967375,"Cook's Hall, 1 London Wall, City of London, EC2Y 5BD, United Kingdom",Cook's Hall,1,London Wall,EC2Y 5BD,,Cheap,City of London,Greater London,,England,ENG,United Kingdom,gb,0.5103000000000001,0.81,0.81,© OpenStreetMap contributors,Open Database License,https://www.openstreetmap.org/copyright
United Kingdom,"1 Love Lane,London EC2V 7JN",45,1,51.51665,-0.09303,"City of London, EC2V 7JN, United Kingdom",,,,EC2V 7JN,,,City of London,Greater London,,England,ENG,United Kingdom,gb,0.6,1,,© OpenStreetMap contributors,Open Database License,https://www.openstreetmap.org/copyright
United Kingdom,"1 Millbrook Way,Colnbrook,Slough Berkshire SL3 0HE",46,1,51.4774409,-0.5139812,"Millbrook Way, Slough, SL3 0FH, United Kingdom",Millbrook Way,,Millbrook Way,SL3 0FH,,Colnbrook with Poyle,Slough,,,England,ENG,United Kingdom,gb,0.63,1,1,© OpenStreetMap contributors,Open Database License,https://www.openstreetmap.org/copyright
United Kingdom,"1 More London Place,London SE1 2AF",47,1,51.50542045,-0.08117775850256734,"Ernst & Young, 1 More London Place, London, SE1 2AF, United Kingdom",Ernst & Young,1,More London Place,SE1 2AF,London Borough of Southwark,Southwark,London,Greater London,,England,ENG,United Kingdom,gb,0.9,1,1,© OpenStreetMap contributors,Open Database License,https://www.openstreetmap.org/copyright
United Kingdom,"1 Newton Close,Park Farm Ind.Estate,Wellingborough Northamptonshire NN8 6UW",48,1,52.3111987,-0.7324882,"Newton Close, Wellingborough, NN8 6UW, United Kingdom",Newton Close,,Newton Close,NN8 6UW,,Wellingborough,Wellingborough,North Northamptonshire,,England,ENG,United Kingdom,gb,0.7,1,1,© OpenStreetMap contributors,Open Database License,https://www.openstreetmap.org/copyright
United Kingdom,"1 Newton Close,Park Farm Ind.Estate,Wellingborough,Northamptonshire,NN8 6UW",49,1,52.3111987,-0.7324882,"Newton Close, Wellingborough, NN8 6UW, United Kingdom",Newton Close,,Newton Close,NN8 6UW,,Wellingborough,Wellingborough,North Northamptonshire,,England,ENG,United Kingdom,gb,0.7,1,1,© OpenStreetMap contributors,Open Database License,https://www.openstreetmap.org/copyright
United Kingdom,"1 Newton Close,Park Farm Industrial Estate,Wellingborough Northamptonshire NN8 3UW",50,1,52.3111987,-0.7324882,"Newton Close, Wellingborough, NN8 6UW, United Kingdom",Newton Close,,Newton Close,NN8 6UW,,Wellingborough,Wellingborough,North Northamptonshire,,England,ENG,United Kingdom,gb,0.5670000000000001,1,1,© OpenStreetMap contributors,Open Database License,https://www.openstreetmap.org/copyright
United Kingdom,"1 Newton Close,Park Farm Industrial Estate,Wellingborough Northamptonshire NN8 6UW",51,1,52.3111987,-0.7324882,"Newton Close, Wellingborough, NN8 6UW, United Kingdom",Newton Close,,Newton Close,NN8 6UW,,Wellingborough,Wellingborough,North Northamptonshire,,England,ENG,United Kingdom,gb,0.7,1,1,© OpenStreetMap contributors,Open Database License,https://www.openstreetmap.org/copyright
United Kingdom,1 Newtons Court Crossways Business Park Dartford Kent DA2 6QL,52,1,51.4538958,0.2565994,"Newtons Court, Dartford, DA2 6SL, United Kingdom",Newtons Court,,Newtons Court,DA2 6SL,,Stone,Dartford,Kent,KEN,England,ENG,United Kingdom,gb,0.252,1,0.4,© OpenStreetMap contributors,Open Database License,https://www.openstreetmap.org/copyright
United Kingdom,"1 Newtons Court Crossways Business Park Dartford Kent,DA2 6QL",53,1,51.4538958,0.2565994,"Newtons Court, Dartford, DA2 6SL, United Kingdom",Newtons Court,,Newtons Court,DA2 6SL,,Stone,Dartford,Kent,KEN,England,ENG,United Kingdom,gb,0.252,1,0.4,© OpenStreetMap contributors,Open Database License,https://www.openstreetmap.org/copyright
United Kingdom,"1 Northumber Land Ave.,London,WC2N 5BW",54,1,51.50722986666667,-0.12669393333333331,"London, WC2N 5BW, United Kingdom",,,,WC2N 5BW,,,London,Greater London,,England,ENG,United Kingdom,gb,0.6,1,,© OpenStreetMap contributors,Open Database License,https://www.openstreetmap.org/copyright
United Kingdom,"1 Park Ave.,Bushey,Hertfordshire,WD23 2DA",55,1,51.6595807,-0.3839553,"Park Avenue, Hertsmere, WD23 2DA, United Kingdom",Park Avenue,,Park Avenue,WD23 2DA,,,Hertsmere,Hertfordshire,HRT,England,ENG,United Kingdom,gb,0.7,1,1,© OpenStreetMap contributors,Open Database License,https://www.openstreetmap.org/copyright
United Kingdom,"1 Quality Court,Chancery Lane,London,WC2A 1HR",56,1,51.51693,-0.11177,"City of London, WC2A 1HR, United Kingdom",,,,WC2A 1HR,,,City of London,Greater London,,England,ENG,United Kingdom,gb,0.6,1,,© OpenStreetMap contributors,Open Database License,https://www.openstreetmap.org/copyright
United Kingdom,"1 Queens Sq.,Ascott Business Park,Lyndhust Rd.,Ascot,Berkshire SL5 9FE",57,1,51.41082,-0.6748,"Sunninghill and Ascot, SL5 9FE, United Kingdom",Ascot,,,SL5 9FE,Sunninghill and Ascot,Ascot,Sunninghill and Ascot,West Berkshire,WBK,England,ENG,United Kingdom,gb,0.25,1,,Who's On First,CC0,https://www.whosonfirst.org/docs/licenses/
United Kingdom,"1 Ratland Court,Edinburgh EH3 8EY,Scotland",58,1,55.930116,-3.131407,"1 Almond Court, Edinburgh, EH3 8EY, United Kingdom",,1,Almond Court,EH3 8EY,,Niddrie,Edinburgh,Edinburgh,,Scotland,SCT,United Kingdom,gb,0.3857142857142857,1,0.42857142857142855,© OpenStreetMap contributors,Open Database License,https://www.openstreetmap.org/copyright
United Kingdom,"1 Regent St.,London,SW1Y 4NR",59,1,51.5079653,-0.1334126,"Estiatorio Milos, 1 Regent Street St James's, London, SW1Y 4NR, United Kingdom",Estiatorio Milos,1,Regent Street St James's,SW1Y 4NR,St. James's,Covent Garden,London,Greater London,,England,ENG,United Kingdom,gb,0.81,1,0.9,© OpenStreetMap contributors,Open Database License,https://www.openstreetmap.org/copyright
United Kingdom,"1 Roundwood Ave.,Stockley Park,Uxbridge,Middlesex UB11 1AR",60,1,51.5449509,-0.4816672,"Uxbridge, UB8 1SB, United Kingdom",Uxbridge,,,UB8 1SB,,,Uxbridge,Greater London,,England,ENG,United Kingdom,gb,0,1,,© OpenStreetMap contributors,Open Database License,https://www.openstreetmap.org/copyright
United Kingdom,"1 Royal Exchange,London EC3V 3DG",61,1,51.51348,-0.0877,"City of London, EC3V 3DG, United Kingdom",,,,EC3V 3DG,,,City of London,Greater London,,England,ENG,United Kingdom,gb,0.6,1,,© OpenStreetMap contributors,Open Database License,https://www.openstreetmap.org/copyright
United Kingdom,"1 Royal Exchange,London,EC3V 3DG",62,1,51.51348,-0.0877,"City of London, EC3V 3DG, United Kingdom",,,,EC3V 3DG,,,City of London,Greater London,,England,ENG,United Kingdom,gb,0.6,1,,© OpenStreetMap contributors,Open Database License,https://www.openstreetmap.org/copyright
United Kingdom,"1 Rutland Court,Edinburgh EH3 8EY",63,1,55.9478974,-3.2086639,"Anderson Strathern, 1 Rutland Court, City of Edinburgh, EH3 8ES, United Kingdom",Anderson Strathern,1,Rutland Court,EH3 8ES,,Haymarket,City of Edinburgh,,,Scotland,SCT,United Kingdom,gb,0.5103000000000001,0.81,0.81,© OpenStreetMap contributors,Open Database License,https://www.openstreetmap.org/copyright
United Kingdom,"1 Rutland Court,Edinburgh EH3 8EY,Scotland",64,1,55.9478974,-3.2086639,"Anderson Strathern, 1 Rutland Court, City of Edinburgh, EH3 8ES, United Kingdom",Anderson Strathern,1,Rutland Court,EH3 8ES,,Haymarket,City of Edinburgh,,,Scotland,SCT,United Kingdom,gb,0.5103000000000001,0.81,0.81,© OpenStreetMap contributors,Open Database License,https://www.openstreetmap.org/copyright
United Kingdom,"1 Seething Lane,London EC3N 4NH",65,1,51.5106067,-0.0793789,"Apex City of London, 1 Seething Lane, City of London, EC3N 4AX, United Kingdom",Apex City of London,1,Seething Lane,EC3N 4AX,City of London,Aldgate,City of London,Greater London,,England,ENG,United Kingdom,gb,0.5103000000000001,0.81,0.81,© OpenStreetMap contributors,Open Database License,https://www.openstreetmap.org/copyright
United Kingdom,"1 Sheldon Sq.,London,W2 6TT",66,1,51.5189283,-0.1807054,"Visa Europe HQ, 1 Sheldon Square, London, W2 6TT, United Kingdom",Visa Europe HQ,1,Sheldon Square,W2 6TT,,Paddington,London,Greater London,,England,ENG,United Kingdom,gb,0.9,1,1,© OpenStreetMap contributors,Open Database License,https://www.openstreetmap.org/copyright
United Kingdom,"1 Silk St.,London EC2Y 8HQ",67,1,51.520343,-0.0923418,"Linklaters, 1 Silk Street, City of London, EC2Y 8HQ, United Kingdom",Linklaters,1,Silk Street,EC2Y 8HQ,,Barbican,City of London,Greater London,,England,ENG,United Kingdom,gb,0.9,1,1,© OpenStreetMap contributors,Open Database License,https://www.openstreetmap.org/copyright
United Kingdom,"1 St.,Martin's Le Grand,London EC1A 4AS",68,1,51.5150872,-0.0971399,"St. Paul's, St. Martin's Le Grand, City of London, EC1A 4EN, United Kingdom",St. Paul's,,St. Martin's Le Grand,EC1A 4EN,,Cheap,City of London,Greater London,,England,ENG,United Kingdom,gb,0.6501891891891892,0.7,0.7,© OpenStreetMap contributors,Open Database License,https://www.openstreetmap.org/copyright
United Kingdom,"1 Sterling Centre Eastern Rd.,Bracknell,Berk Shire RG12 2PW",69,1,51.41324,-0.73729,"Bracknell, RG12 2PW, United Kingdom",,,,RG12 2PW,,,Bracknell,Bracknell Forest,BRC,England,ENG,United Kingdom,gb,0.6,1,,© OpenStreetMap contributors,Open Database License,https://www.openstreetmap.org/copyright
United Kingdom,"1 Tame St.,Audenshaw,Manchester M34 5JE",70,1,53.4727189,-2.1127651,"Tameside, M34 5JE, United Kingdom",,,,M34 5JE,,,Tameside,Greater Manchester,,England,ENG,United Kingdom,gb,0.6,1,,© OpenStreetMap contributors,Open Database License,https://www.openstreetmap.org/copyright
United Kingdom,"1 The Courtyard,76-78 High St.,Staines,Middlesex,TW18 4DP",71,1,51.4346237,-0.5099504,"Staines-upon-Thames, TW18 4DP, United Kingdom",,,,TW18 4DP,,,Staines-upon-Thames,Surrey,SRY,England,ENG,United Kingdom,gb,0.6,1,,© OpenStreetMap contributors,Open Database License,https://www.openstreetmap.org/copyright
United Kingdom,"1 TRB Dr.,St.Asaph Business Park St.Asaph,Denbighshire LL17 0JB",72,1,53.25930855,-3.452516565065065,"St. Asaph, Denbighshire, WLS, United Kingdom",,,,,,St. Asaph,,Denbighshire,DEN,Wales,WLS,United Kingdom,gb,0.25,1,,© OpenStreetMap contributors,Open Database License,https://www.openstreetmap.org/copyright
United Kingdom,1 Undershaft London EC3A 8BR,73,1,51.5142975,-0.08160520073231234,"St. Helen's, 1 Undershaft, City of London, EC3A 6AE, United Kingdom",St. Helen's,1,Undershaft,EC3A 6AE,,Bishopsgate,City of London,Greater London,,England,ENG,United Kingdom,gb,0.5103000000000001,0.81,0.81,© OpenStreetMap contributors,Open Database License,https://www.openstreetmap.org/copyright
United Kingdom,1 Vernon Court Meter Bussiness Park Cheltenham Rd.East Staverton Gloucestershire GL2 2QG,74,1,51.897557,-2.071255,"1 Vernon Court, Cheltenham, GL50 1EF, United Kingdom",,1,Vernon Court,GL50 1EF,,,Cheltenham,Gloucestershire,GLS,England,ENG,United Kingdom,gb,0.13939393939393938,0.26666666666666666,0.26666666666666666,© OpenStreetMap contributors,Open Database License,https://www.openstreetmap.org/copyright
United Kingdom,"1 Vernon Court,Meteor Bussiness Park,Cheltenham Rd.East,Staverton Gloucestershire GL2 2QG",75,1,51.897557,-2.071255,"1 Vernon Court, Cheltenham, GL50 1EF, United Kingdom",,1,Vernon Court,GL50 1EF,,,Cheltenham,Gloucestershire,GLS,England,ENG,United Kingdom,gb,0,,,© OpenStreetMap contributors,Open Database License,https://www.openstreetmap.org/copyright
United Kingdom,"1 Vernon Court,Meteor Bussiness Park,Cheltenham Rd.East,Staverton Gloucestershire GL2 9QG",76,1,51.9079941,-2.1575895,"Staverton (Tewkesbury), ENG, United Kingdom",,,,,,,Tewkesbury,Gloucestershire,GLS,England,ENG,United Kingdom,gb,0.25,1,,© OpenStreetMap contributors,Open Database License,https://www.openstreetmap.org/copyright
United Kingdom,"1 Victoria Sq.,Birmingham,B1 1BD",77,1,52.47895775,-1.9029487760540458,"1 Victoria Square, Birmingham, B1 1BD, United Kingdom",1 Victoria Square,1,Victoria Square,B1 1BD,Chinese Quarter,Ladywood,Birmingham,West Midlands Combined Authority,,England,ENG,United Kingdom,gb,0.9,1,1,© OpenStreetMap contributors,Open Database License,https://www.openstreetmap.org/copyright
United Kingdom,"1 Witney Rd.,Nuffield Ind.Estate Poole,Dorset BH17 0GH",78,1,50.74708555,-1.9715805914149058,"Total Battery Solutions, Unit 1 Witney Road, Poole, BH17 0GL, United Kingdom",Total Battery Solutions,Unit 1,Witney Road,BH17 0GL,,Canford Heath,Poole,"Bournemouth, Christchurch and Poole",,England,ENG,United Kingdom,gb,0.24499999999999997,0.7,0.7,© OpenStreetMap contributors,Open Database License,https://www.openstreetmap.org/copyright
United Kingdom,"1 Witney Rd.,Nuffield Ind.Estate Poole,Dorset,BH17 0GH",79,1,50.74708555,-1.9715805914149058,"Total Battery Solutions, Unit 1 Witney Road, Poole, BH17 0GL, United Kingdom",Total Battery Solutions,Unit 1,Witney Road,BH17 0GL,,Canford Heath,Poole,"Bournemouth, Christchurch and Poole",,England,ENG,United Kingdom,gb,0.24499999999999997,0.7,0.7,© OpenStreetMap contributors,Open Database License,https://www.openstreetmap.org/copyright
United Kingdom,"1-3 Burtonhole Lane Mill Hill,London,NW7 IAD",80,1,51.6181906,-0.2167084,"Burtonhole Lane, London, NW7 1AN, United Kingdom",Burtonhole Lane,,Burtonhole Lane,NW7 1AN,London Borough of Barnet,Mill Hill,London,Greater London,,England,ENG,United Kingdom,gb,0.63,1,1,© OpenStreetMap contributors,Open Database License,https://www.openstreetmap.org/copyright
United Kingdom,"1-3 Zodiac Boundary Way,Hemel Hempstead,Hertfordshire,HP2 7SJ",81,1,51.764859,-0.433117,"Unit 1 Zodiac Boundary Way, Hemel Hempstead, HP2 7SJ, United Kingdom",,Unit 1 Zodiac,Boundary Way,HP2 7SJ,,,Hemel Hempstead,Hertfordshire,HRT,England,ENG,United Kingdom,gb,0.6000000000000001,1,0.6666666666666667,© OpenStreetMap contributors,Open Database License,https://www.openstreetmap.org/copyright
United Kingdom,"1-5 Queen St.,London,EC4N 1SW",82,1,51.51344,-0.09256,"City of London, EC4N 1SW, United Kingdom",,,,EC4N 1SW,,,City of London,Greater London,,England,ENG,United Kingdom,gb,0.6,1,,© OpenStreetMap contributors,Open Database License,https://www.openstreetmap.org/copyright
United Kingdom,"1-9 Tanners Dr.,Blakelands,Milton Keynes,MK14 5BU",83,1,52.0771469,-0.7444678,"Tanners Drive, Milton Keynes, MK14 5BU, United Kingdom",Tanners Drive,,Tanners Drive,MK14 5BU,,Great Linford,Milton Keynes,City of Milton Keynes,,England,ENG,United Kingdom,gb,0.7,1,1,© OpenStreetMap contributors,Open Database License,https://www.openstreetmap.org/copyright
United Kingdom,"1-9 Tanners Drive,Blakelands,Milton Keynes,MK14 5BU",84,1,52.0771469,-0.7444678,"Tanners Drive, Milton Keynes, MK14 5BU, United Kingdom",Tanners Drive,,Tanners Drive,MK14 5BU,,Great Linford,Milton Keynes,City of Milton Keynes,,England,ENG,United Kingdom,gb,0.7,1,1,© OpenStreetMap contributors,Open Database License,https://www.openstreetmap.org/copyright
United Kingdom,"1,Liverpool St.,London,EC2M 7NH",85,1,51.51767,-0.08437,"City of London, EC2M 7NH, United Kingdom",,,,EC2M 7NH,,,City of London,Greater London,,England,ENG,United Kingdom,gb,0.6,1,,© OpenStreetMap contributors,Open Database License,https://www.openstreetmap.org/copyright
United Kingdom,"1,Occam Court,Occam Rd.,Surrey Research Park,Guildford,Surrey GU2 5YJ",86,1,51.2395322,-0.6127233,"Occam Road, Guildford, GU2 7EF, United Kingdom",Occam Road,,Occam Road,GU2 7EF,,Park Barn,Guildford,Surrey,SRY,England,ENG,United Kingdom,gb,0.63,1,1,© OpenStreetMap contributors,Open Database License,https://www.openstreetmap.org/copyright
United Kingdom,"1,Prospect Way,Hutton Ind.Estate,Wash Rd.,Shenfield,Essex,CM13 1XA",87,1,51.63962,0.35539,"Brentwood, CM13 1XA, United Kingdom",,,,CM13 1XA,,,Brentwood,,,England,ENG,United Kingdom,gb,0.6,1,,© OpenStreetMap contributors,Open Database License,https://www.openstreetmap.org/copyright
United Kingdom,"1,Southampton St.,London,WC2R 0LR",88,1,51.5106847,-0.1213069,"Salieri, 1 Southampton Street, London, WC2R 0LR, United Kingdom",Salieri,1,Southampton Street,WC2R 0LR,St Clement Danes,Covent Garden,London,Greater London,,England,ENG,United Kingdom,gb,0.9,1,1,© OpenStreetMap contributors,Open Database License,https://www.openstreetmap.org/copyright
United Kingdom,"1,St.Martin's-le-Grand London EC1A 4NP",89,1,51.51185,-0.095217,"1, London, EC1A 4NP, United Kingdom",,,1,EC1A 4NP,City of London,Cannon,London,London,,England,ENG,United Kingdom,gb,0.31185031185031187,0.38461538461538464,0.38461538461538464,© OpenStreetMap contributors,Open Database License,https://www.openstreetmap.org/copyright
United Kingdom,"1,St.Martin's-le-Grand,London EC1A 4NP",90,1,51.51185,-0.095217,"1, London, EC1A 4NP, United Kingdom",,,1,EC1A 4NP,City of London,Cannon,London,London,,England,ENG,United Kingdom,gb,0.30982905982905984,0.38461538461538464,0.38461538461538464,© OpenStreetMap contributors,Open Database License,https://www.openstreetmap.org/copyright
United Kingdom,"1.The Valley Centre Gordon Rd.,High Wycombe,Buckinghamshire HP10 0AP",91,1,51.62613,-0.735249,"Gordon Road, High Wycombe, HP10 0AP, United Kingdom",,,Gordon Road,HP10 0AP,,,High Wycombe,Buckinghamshire,BKM,England,ENG,United Kingdom,gb,0.5,1,1,© OpenStreetMap contributors,Open Database License,https://www.openstreetmap.org/copyright
United Kingdom,"1.The Valley Centre Gordon Rd.,High Wycombe,Buckinghamshire HP13 6EQ",92,1,51.6278494,-0.7386817,"Gordon Road, High Wycombe, HP13 6EW, United Kingdom",Gordon Road,,Gordon Road,HP13 6EW,High Wycombe Community Board,Totteridge,High Wycombe,Buckinghamshire,BKM,England,ENG,United Kingdom,gb,0.63,1,1,© OpenStreetMap contributors,Open Database License,https://www.openstreetmap.org/copyright
United Kingdom,"1/11 Hay Hill,London W1X 7LF",93,1,51.5090806,-0.1437567,"11 Hay Hill, London, United Kingdom",,11,Hay Hill,,Westminster,Mayfair,London,London,,England,ENG,United Kingdom,gb,0.54,1,1,,,
United Kingdom,"10 Devonshire Square,London EC2M 4PL",94,1,51.5166381,-0.0793368,"10 Devonshire Square, City of London, EC2M 4BB, United Kingdom",,10,Devonshire Square,EC2M 4BB,City of London,Bishopsgate,City of London,London,,England,ENG,United Kingdom,gb,0.5103,0.81,0.81,,,
United Kingdom,"10 Dominion St.,London EC2M 2EF",95,1,51.5190068,-0.0869065,"Dominion Street, City of London, EC2A 1AL, United Kingdom",Dominion Street,,Dominion Street,EC2A 1AL,London Borough of Islington,,City of London,Greater London,,England,ENG,United Kingdom,gb,0.1215,0.81,0.81,© OpenStreetMap contributors,Open Database License,https://www.openstreetmap.org/copyright
United Kingdom,"10 Fenchurch Ave.,London EC3M 5BN",96,1,51.51242,-0.0813,"City of London, EC3M 5BN, United Kingdom",,,,EC3M 5BN,,,City of London,Greater London,,England,ENG,United Kingdom,gb,0.6,1,,© OpenStreetMap contributors,Open Database License,https://www.openstreetmap.org/copyright
United Kingdom,"10 Finsbury Sq.,London EC2A 1AD",97,1,51.5214105,-0.0873458,"The London Metal Exchange, 10 Finsbury Square, London, EC2A 1AJ, United Kingdom",The London Metal Exchange,10,Finsbury Square,EC2A 1AJ,London Borough of Islington,Finsbury,London,Greater London,,England,ENG,United Kingdom,gb,0.63,1,1,© OpenStreetMap contributors,Open Database License,https://www.openstreetmap.org/copyright
United Kingdom,"10 Finsbury Square,London EC2A 1AD",98,1,51.5214105,-0.0873458,"The London Metal Exchange, 10 Finsbury Square, London, EC2A 1AJ, United Kingdom",The London Metal Exchange,10,Finsbury Square,EC2A 1AJ,London Borough of Islington,Finsbury,London,Greater London,,England,ENG,United Kingdom,gb,0.63,1,1,© OpenStreetMap contributors,Open Database License,https://www.openstreetmap.org/copyright
United Kingdom,"10 Glenfinlas St.,Edinburgh EH3 6YY,Scotland",99,1,55.9527338,-3.209494,"10 Glenfinlas Street, City of Edinburgh, EH3 6AQ, United Kingdom",,10,Glenfinlas Street,EH3 6AQ,First New Town,New Town/Broughton,City of Edinburgh,Edinburgh,,Scotland,SCT,United Kingdom,gb,0.5103,0.81,0.81,© OpenStreetMap contributors,Open Database License,https://www.openstreetmap.org/copyright
United Kingdom,"10 Great Marlborough St.,London,W1F 7LP",100,1,51.51498655,-0.13844321532462836,"Sony Interactive Entertainment UK Limited, 10 Great Marlborough Street, London, W1F 7HU, United Kingdom",Sony Interactive Entertainment UK Limited,10,Great Marlborough Street,W1F 7HU,,Soho,City of Westminster,Greater London,,England,ENG,United Kingdom,gb,0.5103000000000001,0.81,0.81,© OpenStreetMap contributors,Open Database License,https://www.openstreetmap.org/copyright
United Kingdom,"10 Green Rd.,Cumbernauld,Glasgow,G67 2TW",101,1,55.846837,-4.141797,"Bowling Green Road, Glasgow, United Kingdom",,,Bowling Green Road,,,Barlanark,Glasgow,Glasgow City,GLG,Scotland,SCT,United Kingdom,gb,0.45,1,0.9,© OpenStreetMap contributors,Open Database License,https://www.openstreetmap.org/copyright
United Kingdom,"10 Hills Place,London W1F 7SD",102,1,51.5149365,-0.1403769,"10 Hills Place, London, W1F 7SA, United Kingdom",,10,Hills Place,W1F 7SA,Westminster,Soho,City of Westminster,Greater London,,England,ENG,United Kingdom,gb,0.5670000000000001,0.9,0.9,© OpenStreetMap contributors,Open Database License,https://www.openstreetmap.org/copyright
United Kingdom,"10 Norwich St.,London EC4 1BD",103,1,51.516822,-0.1096898,"Norwich Street, City of London, EC4A 1JS, United Kingdom",Norwich Street,,Norwich Street,EC4A 1JS,,Blackfriars,City of London,Greater London,,England,ENG,United Kingdom,gb,0.2025,0.81,0.81,© OpenStreetMap contributors,Open Database License,https://www.openstreetmap.org/copyright
United Kingdom,"10 Old Bailey,London EC4M 7NG",104,1,51.5145541,-0.1024121,"Old Bailey, City of London, EC4M 7NG, United Kingdom",Old Bailey,,Old Bailey,EC4M 7NG,,Blackfriars,City of London,Greater London,,England,ENG,United Kingdom,gb,0.7,1,1,© OpenStreetMap contributors,Open Database License,https://www.openstreetmap.org/copyright
United Kingdom,"10 Old Bailey,London,EC4M 7NG",105,1,51.5145541,-0.1024121,"Old Bailey, City of London, EC4M 7NG, United Kingdom",Old Bailey,,Old Bailey,EC4M 7NG,,Blackfriars,City of London,Greater London,,England,ENG,United Kingdom,gb,0.7,1,1,© OpenStreetMap contributors,Open Database License,https://www.openstreetmap.org/copyright
United Kingdom,"10 Old Bond St.,London W1S 4PS",106,1,51.5086633,-0.1404199,"DAKS, 10 Old Bond Street, London, W1S 4PP, United Kingdom",DAKS,10,Old Bond Street,W1S 4PP,St. James's,Mayfair,London,Greater London,,England,ENG,United Kingdom,gb,0.63,1,1,© OpenStreetMap contributors,Open Database License,https://www.openstreetmap.org/copyright
United Kingdom,"10 Old Bond St.,London,W1S 4PL",107,1,51.5086633,-0.1404199,"DAKS, 10 Old Bond Street, London, W1S 4PP, United Kingdom",DAKS,10,Old Bond Street,W1S 4PP,St. James's,Mayfair,London,Greater London,,England,ENG,United Kingdom,gb,0.63,1,1,© OpenStreetMap contributors,Open Database License,https://www.openstreetmap.org/copyright
United Kingdom,"10 Old Bond St.,London,W1S 4PS",108,1,51.5086633,-0.1404199,"DAKS, 10 Old Bond Street, London, W1S 4PP, United Kingdom",DAKS,10,Old Bond Street,W1S 4PP,St. James's,Mayfair,London,Greater London,,England,ENG,United Kingdom,gb,0.63,1,1,© OpenStreetMap contributors,Open Database License,https://www.openstreetmap.org/copyright
United Kingdom,"10 Piccadilly,London,W1J 0DD",109,1,51.5095871,-0.1355442,"Gamesys group Plc, 10 Piccadilly, London, W1J 0DD, United Kingdom",Gamesys group Plc,10,Piccadilly,W1J 0DD,St. James's,Mayfair,London,Greater London,,England,ENG,United Kingdom,gb,0.9,1,1,© OpenStreetMap contributors,Open Database License,https://www.openstreetmap.org/copyright
United Kingdom,"10 Regents Wharf,All Saints St.,London N19 RL",110,1,51.517809,-0.203468,"10 All Saints Road, London, W11 1HH, United Kingdom",,10,All Saints Road,W11 1HH,Kensington and Chelsea,Notting Hill,London,London,,England,ENG,United Kingdom,gb,0.9,1,1,© OpenStreetMap contributors,Open Database License,https://www.openstreetmap.org/copyright
United Kingdom,"10 Regents Wharf,All Saints St.,London,N19 RL",111,1,51.517809,-0.203468,"10 All Saints Road, London, W11 1HH, United Kingdom",,10,All Saints Road,W11 1HH,Kensington and Chelsea,Notting Hill,London,London,,England,ENG,United Kingdom,gb,0.9,1,1,© OpenStreetMap contributors,Open Database License,https://www.openstreetmap.org/copyright
United Kingdom,"10 St.Giles Sq.,London WC2H 8AP",112,1,51.5158649,-0.1297608,"St Giles Square, London, WC2H 8LH, United Kingdom",St Giles Square,,St Giles Square,WC2H 8LH,London Borough of Camden,Bloomsbury,London,Greater London,,England,ENG,United Kingdom,gb,0.63,1,1,© OpenStreetMap contributors,Open Database License,https://www.openstreetmap.org/copyright
United Kingdom,"10 Trition St.,Regent's Place,London,NW1 3BF",113,1,51.58379525,-3.0014983801772,"10 St Julian Street, Newport, NP20 4GP, United Kingdom",,10,St Julian Street,NP20 4GP,,St. Woolos,Newport,Gwent,,Wales,WLS,United Kingdom,gb,0.08571428571428572,0.3333333333333333,0.09523809523809523,© OpenStreetMap contributors,Open Database License,https://www.openstreetmap.org/copyright
United Kingdom,"10 Unit Curriers Close,Charter Ave.,Canley,Coventry,CV4 8AW",114,1,52.3904931,-1.5502482870940368,"10 Charter Avenue, Coventry, CV4 8GE, United Kingdom",,10,Charter Avenue,CV4 8GE,,Cannon Park,Coventry,West Midlands Combined Authority,,England,ENG,United Kingdom,gb,0.63,1,1,© OpenStreetMap contributors,Open Database License,https://www.openstreetmap.org/copyright
United Kingdom,"10 Unity Wharf,Mill St.,London SE1 2BH",115,1,51.5019796,-0.0703934,"Mill Street, London, SE1 2BQ, United Kingdom",Mill Street,,Mill Street,SE1 2BQ,London Borough of Southwark,Bermondsey,London,Greater London,,England,ENG,United Kingdom,gb,0.63,1,1,© OpenStreetMap contributors,Open Database License,https://www.openstreetmap.org/copyright
United Kingdom,"10 Upper Bank St.,London,EI4 5JJ",116,1,51.5028487,-0.0168655,"Clifford Chance, 10 Upper Bank Street, London, E14 5JJ, United Kingdom",Clifford Chance,10,Upper Bank Street,E14 5JJ,London Borough of Tower Hamlets,Isle of Dogs,London,Greater London,,England,ENG,United Kingdom,gb,0,,,© OpenStreetMap contributors,Open Database License,https://www.openstreetmap.org/copyright
United Kingdom,10 Whitechapel High St.London E1 8DX,117,1,51.5145623,-0.0729474,"Government Digital Service, 10 Whitechapel High Street, London, E1 8QS, United Kingdom",Government Digital Service,10,Whitechapel High Street,E1 8QS,London Borough of Tower Hamlets,Whitechapel,London,Greater London,,England,ENG,United Kingdom,gb,0.32666666666666666,0.7,0.4666666666666667,© OpenStreetMap contributors,Open Database License,https://www.openstreetmap.org/copyright
United Kingdom,"10-01 Exchange Tower,1 Harbour Exchange Sq.,London,E14 9GE",118,1,51.49885345,-0.014322495858097901,"1-2 Harbour Exchange Square, London, E14 9HE, United Kingdom",,1-2,Harbour Exchange Square,E14 9HE,London Borough of Tower Hamlets,Isle of Dogs,London,Greater London,,England,ENG,United Kingdom,gb,0.5670000000000001,1,1,© OpenStreetMap contributors,Open Database License,https://www.openstreetmap.org/copyright
United Kingdom,"10-11 Charterhouse Sq.,London EC1M 6DT",119,1,51.521120249999996,-0.0986484102363615,"10-11 Charterhouse Square, London, EC1M 6EH, United Kingdom",,10-11,Charterhouse Square,EC1M 6EH,London Borough of Islington,Clerkenwell,London,Greater London,,England,ENG,United Kingdom,gb,0.63,1,1,© OpenStreetMap contributors,Open Database License,https://www.openstreetmap.org/copyright
United Kingdom,"10-11 Charterhouse Sq.,London,EC1M 6DT",120,1,51.521120249999996,-0.0986484102363615,"10-11 Charterhouse Square, London, EC1M 6EH, United Kingdom",,10-11,Charterhouse Square,EC1M 6EH,London Borough of Islington,Clerkenwell,London,Greater London,,England,ENG,United Kingdom,gb,0.63,1,1,© OpenStreetMap contributors,Open Database License,https://www.openstreetmap.org/copyright
United Kingdom,10-11 Charterhouse Square London EC1M 6DT,121,1,51.521120249999996,-0.0986484102363615,"10-11 Charterhouse Square, London, EC1M 6EH, United Kingdom",,10-11,Charterhouse Square,EC1M 6EH,London Borough of Islington,Clerkenwell,London,Greater London,,England,ENG,United Kingdom,gb,0.63,1,1,© OpenStreetMap contributors,Open Database License,https://www.openstreetmap.org/copyright
United Kingdom,"10,Great Marlborough St.,London,W1F 7LP",122,1,51.51498655,-0.13844321532462836,"Sony Interactive Entertainment UK Limited, 10 Great Marlborough Street, London, W1F 7HU, United Kingdom",Sony Interactive Entertainment UK Limited,10,Great Marlborough Street,W1F 7HU,,Soho,City of Westminster,Greater London,,England,ENG,United Kingdom,gb,0.5103000000000001,0.81,0.81,© OpenStreetMap contributors,Open Database License,https://www.openstreetmap.org/copyright
United Kingdom,"10,Stratton St.,London W1X 6AP",123,1,51.507408,-0.144285,"10 Stratton Street, London, W1J 8LB, United Kingdom",,10,Stratton Street,W1J 8LB,Westminster,Mayfair,London,London,,England,ENG,United Kingdom,gb,0.9,1,1,© OpenStreetMap contributors,Open Database License,https://www.openstreetmap.org/copyright
United Kingdom,"100 Longwater Ave.,Green Park,Reading,Berkshire RG2 6GJ",124,1,51.42662645,-0.9872526455829438,"Green Park, 100 Longwater Avenue, Reading, RG2 6GP, United Kingdom",Green Park,100,Longwater Avenue,RG2 6GP,,,Reading,,,England,ENG,United Kingdom,gb,0.63,1,1,© OpenStreetMap contributors,Open Database License,https://www.openstreetmap.org/copyright
United Kingdom,"100 Longwater Ave.,Green Park,Reading,Berkshire,RG2 6GJ",125,1,51.42662645,-0.9872526455829438,"Green Park, 100 Longwater Avenue, Reading, RG2 6GP, United Kingdom",Green Park,100,Longwater Avenue,RG2 6GP,,,Reading,,,England,ENG,United Kingdom,gb,0.63,1,1,© OpenStreetMap contributors,Open Database License,https://www.openstreetmap.org/copyright
United Kingdom,"100 Longwater Ave.,Reading RG2 6GP",126,1,51.42662645,-0.9872526455829438,"Green Park, 100 Longwater Avenue, Reading, RG2 6GP, United Kingdom",Green Park,100,Longwater Avenue,RG2 6GP,,,Reading,,,England,ENG,United Kingdom,gb,0.9,1,1,© OpenStreetMap contributors,Open Database License,https://www.openstreetmap.org/copyright
United Kingdom,"100 Ludgate Hill,London EC4M 7RE",127,1,51.5143,-0.10378,"City of London, EC4M 7RE, United Kingdom",,,,EC4M 7RE,,,City of London,Greater London,,England,ENG,United Kingdom,gb,0.6,1,,© OpenStreetMap contributors,Open Database License,https://www.openstreetmap.org/copyright
United Kingdom,"100 New Bridge St.,London EC4V 6JA",128,1,51.51340745,-0.10377040123489234,"Baker and McKenzie LLP, 100 New Bridge Street, City of London, EC4V 6JA, United Kingdom",Baker and McKenzie LLP,100,New Bridge Street,EC4V 6JA,,Blackfriars,City of London,Greater London,,England,ENG,United Kingdom,gb,0.9,1,1,© OpenStreetMap contributors,Open Database License,https://www.openstreetmap.org/copyright
United Kingdom,"100 Pall Mall,Lodon,SW1Y 5NN",129,1,51.506329300000004,-0.13411464585441174,"100 Pall Mall, London, SW1Y 5HS, United Kingdom",,100,Pall Mall,SW1Y 5HS,St. James's,Victoria,London,Greater London,,England,ENG,United Kingdom,gb,0.9,,,© OpenStreetMap contributors,Open Database License,https://www.openstreetmap.org/copyright
United Kingdom,"100 Pall Mall,London SW1Y 5NN",130,1,51.506329300000004,-0.13411464585441174,"100 Pall Mall, London, SW1Y 5HS, United Kingdom",,100,Pall Mall,SW1Y 5HS,St. James's,Victoria,London,Greater London,,England,ENG,United Kingdom,gb,0.63,1,1,© OpenStreetMap contributors,Open Database License,https://www.openstreetmap.org/copyright
United Kingdom,"100 Regent St.,London W1A 2AQ",131,1,51.5098955,-0.1379192,"100 Regent Street, London, W1A 2AQ, United Kingdom",,100,Regent Street,W1A 2AQ,Westminster,Marylebone,London,London,,England,ENG,United Kingdom,gb,0.9,1,1,© OpenStreetMap contributors,Open Database License,https://www.openstreetmap.org/copyright
United Kingdom,"100 Regent St.,London WIA,2AQ",132,1,51.5098955,-0.1379192,"100 Regent Street, London, W1J 0AD, United Kingdom",,100,Regent Street,W1J 0AD,Westminster,Mayfair,London,London,,England,ENG,United Kingdom,gb,0.9,1,1,© OpenStreetMap contributors,Open Database License,https://www.openstreetmap.org/copyright
United Kingdom,"100 Sherbrook Rd.,Daybrook,Nottingham NG 56AT",133,1,52.997421700000004,-1.1426280082772244,"99 Sherbrook Road, Gedling, NG5 6AR, United Kingdom",,99,Sherbrook Road,NG5 6AR,,Daybrook,Gedling,Nottinghamshire,NTT,England,ENG,United Kingdom,gb,0.63,,,© OpenStreetMap contributors,Open Database License,https://www.openstreetmap.org/copyright
United Kingdom,"1000 Great West Rd,Brentford,Middlesex TW8 9HH",134,1,51.4887589,-0.3135490776883595,"The Mille, 1000 Great West Road, London, TW8 9FY, United Kingdom",The Mille,1000,Great West Road,TW8 9FY,London Borough of Hounslow,,London,Greater London,,England,ENG,United Kingdom,gb,0.44099999999999995,0.7,0.7,© OpenStreetMap contributors,Open Database License,https://www.openstreetmap.org/copyright
United Kingdom,"1000 Great West Rd,Brentford,Middlesex,TW8 9HH",135,1,51.4887589,-0.3135490776883595,"The Mille, 1000 Great West Road, London, TW8 9FY, United Kingdom",The Mille,1000,Great West Road,TW8 9FY,London Borough of Hounslow,,London,Greater London,,England,ENG,United Kingdom,gb,0.44099999999999995,0.7,0.7,© OpenStreetMap contributors,Open Database License,https://www.openstreetmap.org/copyright
United Kingdom,"1000 Great West Rd.,Brentford,Middlesex,TW8 9HH",136,1,51.4887589,-0.3135490776883595,"The Mille, 1000 Great West Road, London, TW8 9FY, United Kingdom",The Mille,1000,Great West Road,TW8 9FY,London Borough of Hounslow,,London,Greater London,,England,ENG,United Kingdom,gb,0.44099999999999995,0.7,0.7,© OpenStreetMap contributors,Open Database License,https://www.openstreetmap.org/copyright
United Kingdom,"101 Exchange Tower,1 Harbour Exchange Sq.,London,E14 9GE",137,1,51.49885345,-0.014322495858097901,"1-2 Harbour Exchange Square, London, E14 9HE, United Kingdom",,1-2,Harbour Exchange Square,E14 9HE,London Borough of Tower Hamlets,Isle of Dogs,London,Greater London,,England,ENG,United Kingdom,gb,0.5670000000000001,1,1,© OpenStreetMap contributors,Open Database License,https://www.openstreetmap.org/copyright
United Kingdom,101 Wigmore St.London W1H 9AB,138,1,52.663642,-1.580326,United Kingdom,United Kingdom,,,,,,,,,,,United Kingdom,gb,0,,,Who's On First,CC0,https://www.whosonfirst.org/docs/licenses/
United Kingdom,"105 Fenchurch St.,London EC3M 5JB",139,1,51.5131281,-0.0781027,"City of London, EC3M 5JB, United Kingdom",,,,EC3M 5JB,,,City of London,Greater London,,England,ENG,United Kingdom,gb,0.6,1,,© OpenStreetMap contributors,Open Database License,https://www.openstreetmap.org/copyright
United Kingdom,"105 Narfedale Rd.,Winnersh Triangle,Wokingham,Birkshire,RG41 5RB",140,1,51.435297,-0.921041,"105 Silverdale Road, Earley, RG6 7NE, United Kingdom",,105,Silverdale Road,RG6 7NE,Earley Civil Parish,Lower Earley,Earley,West Berkshire,WBK,England,ENG,United Kingdom,gb,0.10588235294117647,0.23529411764705882,0.11764705882352941,© OpenStreetMap contributors,Open Database License,https://www.openstreetmap.org/copyright
United Kingdom,"105 Wharfedale Rd.,Winnersh Triangl,Wokingham,Berkshire,RG41 5RB",141,1,51.4120318,-0.8324037,"Wokingham, ENG, United Kingdom",,,,,,,Wokingham,Borough of Wokingham,,England,ENG,United Kingdom,gb,0.05500000000000001,0.1,,© OpenStreetMap contributors,Open Database License,https://www.openstreetmap.org/copyright
United Kingdom,"105 Wharfedale Rd.,Winnersh Triangl,Wokingham,Birkshire,RG41 5RB",142,1,51.4371786,-0.8905621499999999,"105 Wharfedale Road, Winnersh, RG41 5RB, United Kingdom",,105,Wharfedale Road,RG41 5RB,,Winnersh Triangle,Winnersh,Borough of Wokingham,,England,ENG,United Kingdom,gb,0.9,1,1,© OpenStreetMap contributors,Open Database License,https://www.openstreetmap.org/copyright
United Kingdom,"105 Wharfedale Rd.,Winnersh Triangle,Wokingham,Berkshire,RG41 5RB",143,1,51.4371786,-0.8905621499999999,"105 Wharfedale Road, Winnersh, RG41 5RB, United Kingdom",,105,Wharfedale Road,RG41 5RB,,Winnersh Triangle,Winnersh,Borough of Wokingham,,England,ENG,United Kingdom,gb,0.9,1,1,© OpenStreetMap contributors,Open Database License,https://www.openstreetmap.org/copyright
United Kingdom,"105 Wharfedale Rd.,Winnersh Triangle,Wokingham,Birkshire,RG41 5RB",144,1,51.4371786,-0.8905621499999999,"105 Wharfedale Road, Winnersh, RG41 5RB, United Kingdom",,105,Wharfedale Road,RG41 5RB,,Winnersh Triangle,Winnersh,Borough of Wokingham,,England,ENG,United Kingdom,gb,0.9,1,1,© OpenStreetMap contributors,Open Database License,https://www.openstreetmap.org/copyright
United Kingdom,"106 Fenchurch St.,London,EC3M 5NR",145,1,51.5127141,-0.078871,"Fitness First, 106 Fenchurch Street, City of London, EC3M 4AQ, United Kingdom",Fitness First,106,Fenchurch Street,EC3M 4AQ,,Aldgate,City of London,Greater London,,England,ENG,United Kingdom,gb,0.5103000000000001,0.81,0.81,© OpenStreetMap contributors,Open Database License,https://www.openstreetmap.org/copyright
United Kingdom,107 Cheapside London EC2V 6DQ,146,1,51.51428305,-0.09400996700697226,"itsu, 107 Cheapside, City of London, EC2V 6DN, United Kingdom",itsu,107,Cheapside,EC2V 6DN,City of London,Cheap,City of London,Greater London,,England,ENG,United Kingdom,gb,0.5103000000000001,0.81,0.81,© OpenStreetMap contributors,Open Database License,https://www.openstreetmap.org/copyright
United Kingdom,"107 Cheapside,London EC2V 6BR",147,1,51.51428305,-0.09400996700697226,"itsu, 107 Cheapside, City of London, EC2V 6DN, United Kingdom",itsu,107,Cheapside,EC2V 6DN,City of London,Cheap,City of London,Greater London,,England,ENG,United Kingdom,gb,0.5103000000000001,0.81,0.81,© OpenStreetMap contributors,Open Database License,https://www.openstreetmap.org/copyright
United Kingdom,"107 Cheapside,London EC2V 6DQ",148,1,51.51428305,-0.09400996700697226,"itsu, 107 Cheapside, City of London, EC2V 6DN, United Kingdom",itsu,107,Cheapside,EC2V 6DN,City of London,Cheap,City of London,Greater London,,England,ENG,United Kingdom,gb,0.5103000000000001,0.81,0.81,© OpenStreetMap contributors,Open Database License,https://www.openstreetmap.org/copyright
United Kingdom,"107 Cheapside,London,EC2V 6DT",149,1,51.51428305,-0.09400996700697226,"itsu, 107 Cheapside, City of London, EC2V 6DN, United Kingdom",itsu,107,Cheapside,EC2V 6DN,,Cheap,City of London,Greater London,,England,ENG,United Kingdom,gb,0.5103000000000001,0.81,0.81,© OpenStreetMap contributors,Open Database License,https://www.openstreetmap.org/copyright
United Kingdom,"109 Whitby Rd.,Slough Berks.,SL1 3DR",150,1,51.5182378,-0.6067749,"Whitby Road, Slough, SL1 3DQ, United Kingdom",Whitby Road,,Whitby Road,SL1 3DQ,,,Slough,,,England,ENG,United Kingdom,gb,0.63,1,1,© OpenStreetMap contributors,Open Database License,https://www.openstreetmap.org/copyright
United Kingdom,"10th Fl.,3 Hardman St.,Manchester M3 3HF",151,1,53.4797873,-2.2514631,"The Alchemist, 3 Hardman Street, Manchester, M3 3HF, United Kingdom",The Alchemist,3,Hardman Street,M3 3HF,Spinningfields,City Centre,Manchester,Greater Manchester,,England,ENG,United Kingdom,gb,0.9,1,1,© OpenStreetMap contributors,Open Database License,https://www.openstreetmap.org/copyright
United Kingdom,"10th Fl.,City Point Tower,1 Ropemaker St.,London,EC2Y 9HT",152,1,51.5189972,-0.0897507,"The Refinery, 1 Ropemaker Street, City of London, EC2Y 9AW, United Kingdom",The Refinery,1,Ropemaker Street,EC2Y 9AW,,Barbican,City of London,Greater London,,England,ENG,United Kingdom,gb,0.5103000000000001,0.81,0.81,© OpenStreetMap contributors,Open Database License,https://www.openstreetmap.org/copyright
United Kingdom,"10th Fl.,Woolgate House 17-30 Basinghall St.,London EC2R 5AT",153,1,51.5168802,-0.0898638,"Basinghall Avenue, City of London, EC2R 5AR, United Kingdom",Basinghall Avenue,,Basinghall Avenue,EC2R 5AR,,Barbican,City of London,Greater London,,England,ENG,United Kingdom,gb,0.5103,0.81,0.81,© OpenStreetMap contributors,Open Database License,https://www.openstreetmap.org/copyright
United Kingdom,"11 Ducie St.,Piccadilly Basin Manchester,M1 2JB",154,1,53.4797907,-2.2305788,"Building Design Partnership, 11 Ducie Street, Manchester, M1 2JB, United Kingdom",Building Design Partnership,11,Ducie Street,M1 2JB,Piccadilly,City Centre,Manchester,Greater Manchester,,England,ENG,United Kingdom,gb,0.9,1,1,© OpenStreetMap contributors,Open Database License,https://www.openstreetmap.org/copyright
United Kingdom,"11 Ducie St.,Piccadilly Basin Manchester,M60 3JA",155,1,53.48736,-2.22721,"Manchester, M60 3JA, United Kingdom",,,,M60 3JA,,,Manchester,Greater Manchester,,England,ENG,United Kingdom,gb,0.6,1,,© OpenStreetMap contributors,Open Database License,https://www.openstreetmap.org/copyright
United Kingdom,"11 Grosvenor Gardens,London SW1",156,1,51.465777599999996,-0.25682818962884535,"11 Grosvenor Gardens, London, SW14 8BY, United Kingdom",,11,Grosvenor Gardens,SW14 8BY,London Borough of Richmond upon Thames,East Sheen,London,Greater London,,England,ENG,United Kingdom,gb,0.63,1,1,© OpenStreetMap contributors,Open Database License,https://www.openstreetmap.org/copyright
United Kingdom,"11 Kettles Wood Dr.,Woodgate Business Park,Birmingham,B32 3DB",157,1,52.4415153,-1.9997435,"Kettles Wood Drive, Birmingham, B32 3DB, United Kingdom",Kettles Wood Drive,,Kettles Wood Drive,B32 3DB,,Woodgate Business Park,Birmingham,West Midlands Combined Authority,,England,ENG,United Kingdom,gb,0.7,1,1,© OpenStreetMap contributors,Open Database License,https://www.openstreetmap.org/copyright
United Kingdom,"11 Kettles Wood Drive,Woodgate Business Park,Birmingham B32 3DB",158,1,52.4415153,-1.9997435,"Kettles Wood Drive, Birmingham, B32 3DB, United Kingdom",Kettles Wood Drive,,Kettles Wood Drive,B32 3DB,,Woodgate Business Park,Birmingham,West Midlands Combined Authority,,England,ENG,United Kingdom,gb,0.7,1,1,© OpenStreetMap contributors,Open Database License,https://www.openstreetmap.org/copyright
United Kingdom,"11 Manresa Rd.,London,SW3 6NB",159,1,51.4869389,-0.1720078206092011,"11 Manresa Road, London, SW3 6LR, United Kingdom",,11,Manresa Road,SW3 6LR,Royal Borough of Kensington and Chelsea,Chelsea,London,Greater London,,England,ENG,United Kingdom,gb,0.63,1,1,© OpenStreetMap contributors,Open Database License,https://www.openstreetmap.org/copyright
United Kingdom,"11 Old Jewry,London,EC2R 8DU",160,1,51.5142317,-0.0907172,"Goodmans City, 11 Old Jewry, City of London, EC2R 8DU, United Kingdom",Goodmans City,11,Old Jewry,EC2R 8DU,,Cheap,City of London,Greater London,,England,ENG,United Kingdom,gb,0.9,1,1,© OpenStreetMap contributors,Open Database License,https://www.openstreetmap.org/copyright
United Kingdom,"11 Park Circus,Glasgow G3 6AX",161,1,55.86992345,-4.27885893554021,"11 Park Circus, Glasgow, G3 6AX, United Kingdom",,11,Park Circus,G3 6AX,,Park District,Glasgow,Glasgow City,GLG,Scotland,SCT,United Kingdom,gb,0.9,1,1,© OpenStreetMap contributors,Open Database License,https://www.openstreetmap.org/copyright
United Kingdom,"11 St.Joseph's Trading Estate,St.Joseph's Close,Hove,East Sussex,BN3 7EZ",162,1,50.835589,-0.198554,"Portland Road Trading Estate, Brighton and Hove, BN3 7EZ, United Kingdom",,,Portland Road Trading Estate,BN3 7EZ,,,Brighton and Hove,East Sussex,ESX,England,ENG,United Kingdom,gb,0.7290000000000001,0.81,0.7290000000000001,© OpenStreetMap contributors,Open Database License,https://www.openstreetmap.org/copyright
United Kingdom,"11 Staple Inn,London WC1V 7QH",163,1,51.5174294,-0.1112815,"Staple Inn, City of London, WC1V 7QH, United Kingdom",Staple Inn,,Staple Inn,WC1V 7QH,,Blackfriars,City of London,Greater London,,England,ENG,United Kingdom,gb,0.7,1,1,© OpenStreetMap contributors,Open Database License,https://www.openstreetmap.org/copyright
United Kingdom,"11 the Blvd.,Crawleg,West Sussex KH10 1UX",164,1,51.1163627,-0.1886007,"11 The Boulevard, Crawley, RH10 1XX, United Kingdom",,11,The Boulevard,RH10 1XX,,,Crawley,West Sussex,WSX,England,ENG,United Kingdom,gb,0,,,© OpenStreetMap contributors,Open Database License,https://www.openstreetmap.org/copyright
United Kingdom,"11 the Blvd.,Crawley,West Sussex RH10 1UX",165,1,51.1165287,-0.183471,"The Boulevard, Crawley, RH10 1UZ, United Kingdom",The Boulevard,,The Boulevard,RH10 1UZ,,,Crawley,West Sussex,WSX,England,ENG,United Kingdom,gb,0.63,1,1,© OpenStreetMap contributors,Open Database License,https://www.openstreetmap.org/copyright
United Kingdom,"11 The Blvd.,Crawley,West Sussex RH10 1UX",166,1,51.1165287,-0.183471,"The Boulevard, Crawley, RH10 1UZ, United Kingdom",The Boulevard,,The Boulevard,RH10 1UZ,,,Crawley,West Sussex,WSX,England,ENG,United Kingdom,gb,0.63,1,1,© OpenStreetMap contributors,Open Database License,https://www.openstreetmap.org/copyright
United Kingdom,"11,Waterloo Place,London,SW1Y 4AU",167,1,51.5077099,-0.1333018,"11 Waterloo Place, London, SW1Y 4NR, United Kingdom",,11,Waterloo Place,SW1Y 4NR,St. James's,Covent Garden,London,Greater London,,England,ENG,United Kingdom,gb,0.63,1,1,© OpenStreetMap contributors,Open Database License,https://www.openstreetmap.org/copyright
United Kingdom,"11,Waterloo Place,London,SWIY 4AU",168,1,51.50771,-0.133302,"11 Waterloo Place, London, SW1Y 4NR, United Kingdom",,11,Waterloo Place,SW1Y 4NR,Westminster,St. James's,London,London,,England,ENG,United Kingdom,gb,0.9,1,1,© OpenStreetMap contributors,Open Database License,https://www.openstreetmap.org/copyright
United Kingdom,"11/12 Hanover St.,London W1R 9HF",169,1,51.5137074,-0.1424784,"11-12 Hanover Street, London, W1S 1YH, United Kingdom",,11-12,Hanover Street,W1S 1YH,,Mayfair,City of Westminster,Greater London,,England,ENG,United Kingdom,gb,0.2187,0.81,0.81,© OpenStreetMap contributors,Open Database License,https://www.openstreetmap.org/copyright
United Kingdom,"110 Boston House,Grove Technology Park,Wantage Oxon,OX12 9FF",170,1,51.5878072,-1.4249258,"Wantage (Vale of White Horse), ENG, United Kingdom",,,,,,,Vale of White Horse,Oxfordshire,OXF,England,ENG,United Kingdom,gb,0.25,1,,© OpenStreetMap contributors,Open Database License,https://www.openstreetmap.org/copyright
United Kingdom,"110 Cannon St.,London",171,1,51.510877,-0.087859,"110 Cannon Street, London, EC4N 6EU, United Kingdom",,110,Cannon Street,EC4N 6EU,City of London,Monument,London,London,,England,ENG,United Kingdom,gb,0.9,1,1,© OpenStreetMap contributors,Open Database License,https://www.openstreetmap.org/copyright
United Kingdom,"110 Euston Rd.,London NW1 2DQ",172,1,51.5288526,-0.1281323,"Shaw Theatre, 100-110 Euston Road, London, NW1 2AJ, United Kingdom",Shaw Theatre,100-110,Euston Road,NW1 2AJ,London Borough of Camden,Somers Town,London,Greater London,,England,ENG,United Kingdom,gb,0.567,1,1,© OpenStreetMap contributors,Open Database License,https://www.openstreetmap.org/copyright
United Kingdom,"110 Fulbourn Rd.,Cambridge CB1 9NJ",173,1,52.181853000000004,0.17891722755461742,"Arm1, 110 Fulbourn Road, Cambridge, CB1 9NJ, United Kingdom",Arm1,110,Fulbourn Road,CB1 9NJ,,Cherry Hinton,Cambridge,Cambridgeshire,CAM,England,ENG,United Kingdom,gb,0.9,1,1,© OpenStreetMap contributors,Open Database License,https://www.openstreetmap.org/copyright
United Kingdom,110 St.Martin's Lane London WC2N 4PJ,174,1,51.5102204,-0.1269146,"St. Martin's Lane, London, WC2N 4BF, United Kingdom",St. Martin's Lane,,St. Martin's Lane,WC2N 4BF,Seven Dials,Covent Garden,London,Greater London,,England,ENG,United Kingdom,gb,0.63,1,1,© OpenStreetMap contributors,Open Database License,https://www.openstreetmap.org/copyright
United Kingdom,"110 Strand,London WC2,",175,1,51.5075788,-0.1271605,"Strand, London, WC2N 5EJ, United Kingdom",Strand,,Strand,WC2N 5EJ,Seven Dials,Covent Garden,London,Greater London,,England,ENG,United Kingdom,gb,0.63,1,1,© OpenStreetMap contributors,Open Database License,https://www.openstreetmap.org/copyright
United Kingdom,"111 Totteridge Lane,London N20 8DZ",176,1,51.630707,-0.18708316143828746,"111 Totteridge Lane, London, N20 8TL, United Kingdom",,111,Totteridge Lane,N20 8TL,London Borough of Barnet,Whetstone,London,Greater London,,England,ENG,United Kingdom,gb,0.63,1,1,© OpenStreetMap contributors,Open Database License,https://www.openstreetmap.org/copyright
United Kingdom,"111 Totteridge Lane,London N208DZ London",177,1,51.630707,-0.18708316143828746,"111 Totteridge Lane, London, N20 8TL, United Kingdom",,111,Totteridge Lane,N20 8TL,London Borough of Barnet,Whetstone,London,Greater London,,England,ENG,United Kingdom,gb,0.63,1,1,© OpenStreetMap contributors,Open Database License,https://www.openstreetmap.org/copyright
United Kingdom,"111-113 Waldegrare Rd.,Teddington,Middlesex,TW11 8LL",178,1,51.4324225,-0.35034272605495165,"111 Fulwell Road, London, TW11 0RJ, United Kingdom",,111,Fulwell Road,TW11 0RJ,Richmond upon Thames,Hampton Hill,London,Greater London,,England,ENG,United Kingdom,gb,0.08819999999999999,0.7,0.13999999999999999,© OpenStreetMap contributors,Open Database License,https://www.openstreetmap.org/copyright
United Kingdom,"111-113,Waldegrare Rd.,Teddington-Middlesex TW11 8LL",179,1,51.4324225,-0.35034272605495165,"111 Fulwell Road, London, TW11 0RJ, United Kingdom",,111,Fulwell Road,TW11 0RJ,Richmond upon Thames,Hampton Hill,London,Greater London,,England,ENG,United Kingdom,gb,0.08819999999999999,0.7,0.13999999999999999,© OpenStreetMap contributors,Open Database License,https://www.openstreetmap.org/copyright
United Kingdom,112 High Holborn London WC1V 6JS,180,1,51.5177884,-0.119722,"McDonald's, 112 High Holborn, London, WC1V 6JS, United Kingdom",McDonald's,112,High Holborn,WC1V 6JS,London Borough of Camden,Holborn,London,Greater London,,England,ENG,United Kingdom,gb,0.9,1,1,© OpenStreetMap contributors,Open Database License,https://www.openstreetmap.org/copyright
United Kingdom,"112 High Holborn,London WC1V 6JS",181,1,51.5177884,-0.119722,"McDonald's, 112 High Holborn, London, WC1V 6JS, United Kingdom",McDonald's,112,High Holborn,WC1V 6JS,London Borough of Camden,Holborn,London,Greater London,,England,ENG,United Kingdom,gb,0.9,1,1,© OpenStreetMap contributors,Open Database License,https://www.openstreetmap.org/copyright
United Kingdom,"113 Brighton Rd.,Croydon,Surrey CR2 6EE",182,1,51.3224576,-0.1357909,"H&B Hairdressers, 111-113 Brighton Road, London, CR5 2NG, United Kingdom",H&B Hairdressers,111-113,Brighton Road,CR5 2NG,Croydon,Coulsdon North,London,Greater London,,England,ENG,United Kingdom,gb,0.0729,1,1,© OpenStreetMap contributors,Open Database License,https://www.openstreetmap.org/copyright
United Kingdom,"113 Brighton Rd.,South Croydon,Surrey CR2 6EE",183,1,51.3224576,-0.1357909,"H&B Hairdressers, 111-113 Brighton Road, London, CR5 2NG, United Kingdom",H&B Hairdressers,111-113,Brighton Road,CR5 2NG,Croydon,Coulsdon North,London,Greater London,,England,ENG,United Kingdom,gb,0.0729,0.9,0.9,© OpenStreetMap contributors,Open Database License,https://www.openstreetmap.org/copyright
United Kingdom,"113 Brighton Rd.,South Croydon,Surrey,CR2 6EE",184,1,51.3224576,-0.1357909,"H&B Hairdressers, 111-113 Brighton Road, London, CR5 2NG, United Kingdom",H&B Hairdressers,111-113,Brighton Road,CR5 2NG,Croydon,Coulsdon North,London,Greater London,,England,ENG,United Kingdom,gb,0.0729,0.9,0.9,© OpenStreetMap contributors,Open Database License,https://www.openstreetmap.org/copyright
United Kingdom,113 Burcott Rd.Avonmouth Bristol.BS118AP,185,1,51.4642334,-2.5857647817607288,"113 City Road, Bristol, BS2 8UL, United Kingdom",,113,City Road,BS2 8UL,Stokes Croft,St Paul's,Bristol,City of Bristol,BST,England,ENG,United Kingdom,gb,0.22504229999999997,,,© OpenStreetMap contributors,Open Database License,https://www.openstreetmap.org/copyright
United Kingdom,115 Shaf Tesbury Avenue London WC2H 8AD,186,1,51.514993,-0.092813,"City of London, London, WC2H 8AD, United Kingdom",City of London,,,WC2H 8AD,City of London,,London,London,,England,ENG,United Kingdom,gb,0.25,1,,Who's On First,CC0,https://www.whosonfirst.org/docs/licenses/
United Kingdom,"115 Shattesbury Ave.,London WC2H 8AD",187,1,51.5136288,-0.1290502974448306,"115 Shaftesbury Avenue, London, WC2H 8DP, United Kingdom",,115,Shaftesbury Avenue,WC2H 8DP,London Borough of Camden,Bloomsbury,London,Greater London,,England,ENG,United Kingdom,gb,0.5154545454545454,1,0.8181818181818181,© OpenStreetMap contributors,Open Database License,https://www.openstreetmap.org/copyright
United Kingdom,116 Burcott Rd.Avonmouth Bristol BS11 8AP,188,1,51.5198352,-2.6872935,"Bristol, BS11 8AP, United Kingdom",,,,BS11 8AP,,,Bristol,City of Bristol,BST,England,ENG,United Kingdom,gb,0.6,1,,© OpenStreetMap contributors,Open Database License,https://www.openstreetmap.org/copyright
United Kingdom,"116 Burcott Rd.Avonmouth Bristol,BS11 8AP",189,1,51.5198352,-2.6872935,"Bristol, BS11 8AP, United Kingdom",,,,BS11 8AP,,,Bristol,City of Bristol,BST,England,ENG,United Kingdom,gb,0.6,1,,© OpenStreetMap contributors,Open Database License,https://www.openstreetmap.org/copyright
United Kingdom,116 Burcott Rd.Avonmouth Bristol.BS11 8AP,190,1,52.663642,-1.580326,United Kingdom,United Kingdom,,,,,,,,,,,United Kingdom,gb,0,,,Who's On First,CC0,https://www.whosonfirst.org/docs/licenses/
United Kingdom,118 Piccadilly Mayfair London W1J 7NW,191,1,51.5044212,-0.1478277,"118 Piccadilly, London, W1J 7NN, United Kingdom",,118,Piccadilly,W1J 7NN,,Mayfair,London,Greater London,,England,ENG,United Kingdom,gb,0.63,1,1,© OpenStreetMap contributors,Open Database License,https://www.openstreetmap.org/copyright
United Kingdom,"118 Piccadilly Mayfair London,W1J 7NW",192,1,51.5044212,-0.1478277,"118 Piccadilly, London, W1J 7NN, United Kingdom",,118,Piccadilly,W1J 7NN,,Mayfair,London,Greater London,,England,ENG,United Kingdom,gb,0.63,1,1,© OpenStreetMap contributors,Open Database License,https://www.openstreetmap.org/copyright
United Kingdom,"1180 Strand,London,WC2R 1ZR",193,1,51.5097269,-0.1231649,"Strand, London, WC2R 0PT, United Kingdom",Strand,,Strand,WC2R 0PT,St Clement Danes,Covent Garden,London,Greater London,,England,ENG,United Kingdom,gb,0.63,1,1,© OpenStreetMap contributors,Open Database License,https://www.openstreetmap.org/copyright
United Kingdom,"11st Joseph's Trading Estate,St.Joseph's Close,Hove,East Sussex BN3 7EZ",194,1,50.837738,-0.181161,"St Josephs Close, Brighton and Hove, BN3 7EZ, United Kingdom",,,St Josephs Close,BN3 7EZ,,,Brighton and Hove,East Sussex,ESX,England,ENG,United Kingdom,gb,0.405,0.81,0.81,© OpenStreetMap contributors,Open Database License,https://www.openstreetmap.org/copyright
United Kingdom,"11st.Joseph's trading estate,St.Joseph's Close,Hove,East Sussex BN3 7EZ",195,1,50.837738,-0.181161,"St Josephs Close, Brighton and Hove, BN3 7EZ, United Kingdom",,,St Josephs Close,BN3 7EZ,,,Brighton and Hove,East Sussex,ESX,England,ENG,United Kingdom,gb,0.405,0.81,0.81,© OpenStreetMap contributors,Open Database License,https://www.openstreetmap.org/copyright
United Kingdom,"11th Fl.,3 Noble St.,London EC2V 7EE",196,1,51.5170366,-0.0953306,"3 Noble Street, City of London, EC2V 7EE, United Kingdom",,3,Noble Street,EC2V 7EE,,Cheap,City of London,Greater London,,England,ENG,United Kingdom,gb,0.9,1,1,© OpenStreetMap contributors,Open Database License,https://www.openstreetmap.org/copyright
United Kingdom,"11th Fl.,Bucklersbury House 83 Cannon St.,London EC4N 8EL",197,1,51.5110734,-0.0874997,"Cannon Street, City of London, EC4N 5AJ, United Kingdom",Cannon Street,,Cannon Street,EC4N 5AJ,,Cornhill,City of London,Greater London,,England,ENG,United Kingdom,gb,0.5103,0.81,0.81,© OpenStreetMap contributors,Open Database License,https://www.openstreetmap.org/copyright
United Kingdom,"11th Fl.,C.I.Tower,St.,Georges Sq.New Malden,Surrey KT3 1LD",198,1,51.828563,-0.816593,"Fall Close, Aylesbury, HP19 9XR, United Kingdom",,,Fall Close,HP19 9XR,Aylesbury Civil Parish,Quarrendon,Aylesbury,Buckinghamshire,BKM,England,ENG,United Kingdom,gb,0,,,© OpenStreetMap contributors,Open Database License,https://www.openstreetmap.org/copyright
United Kingdom,"11th Fl.,C.I.Tower,St.,Georges Square New Malden,Surrey KT3 1LD",199,1,51.4034588,-0.2565095,"Bar Malden, 1-3 St George's Square, London, KT3 4HG, United Kingdom",Bar Malden,1-3,St George's Square,KT3 4HG,Royal Borough of Kingston upon Thames,New Malden,London,Greater London,,England,ENG,United Kingdom,gb,0.24499999999999997,1,1,© OpenStreetMap contributors,Open Database License,https://www.openstreetmap.org/copyright
United Kingdom,"11th Fl.,Tower 42,25 Old Broad St.,London,EC2N 1HQ",200,1,51.5150588,-0.0843613,"Sweetie Plus, 25 Old Broad Street, City of London, EC2N 1HQ, United Kingdom",Sweetie Plus,25,Old Broad Street,EC2N 1HQ,,Cornhill,City of London,Greater London,,England,ENG,United Kingdom,gb,0.9,1,1,© OpenStreetMap contributors,Open Database License,https://www.openstreetmap.org/copyright
United Kingdom,"11th Fl.,Two Snow Hill,Birmingham,B4 6WR",201,1,52.48405975,-1.8988599448794934,"Two Snowhill, Snow Hill Queensway, Birmingham, B4 6GA, United Kingdom",Two Snowhill,,Snow Hill Queensway,B4 6GA,,Digbeth,Birmingham,West Midlands Combined Authority,,England,ENG,United Kingdom,gb,0,,,© OpenStreetMap contributors,Open Database License,https://www.openstreetmap.org/copyright
United Kingdom,"12 Berkeley St.,London W1X 5AD",202,1,51.508231,-0.142888,"12 Berkeley Street, London, W1J 8DR, United Kingdom",,12,Berkeley Street,W1J 8DR,Westminster,Mayfair,London,London,,England,ENG,United Kingdom,gb,0.9,1,1,© OpenStreetMap contributors,Open Database License,https://www.openstreetmap.org/copyright
United Kingdom,"12 Copthall Ave.,London EC2R 7DH",203,1,51.516143,-0.0878038,"12 Copthall Avenue, City of London, EC2R 7NH, United Kingdom",,12,Copthall Avenue,EC2R 7NH,City of London,Cornhill,City of London,London,,England,ENG,United Kingdom,gb,0.5103,0.81,0.81,,,
United Kingdom,"12 Cyowther Rd.,POB 34 Washington Tyne & Wear NE37 1QJ",204,1,50.8200359,-0.1225806,"12, 12B College Road, Brighton, BN2 1JB, United Kingdom",,"12, 12B",College Road,BN2 1JB,,Kemptown,Brighton,Brighton and Hove,BNH,England,ENG,United Kingdom,gb,0.225,,,© OpenStreetMap contributors,Open Database License,https://www.openstreetmap.org/copyright
United Kingdom,12 Erca Rd.Stacey Bushes Milton Keynes MK12 6HS,205,1,,,,,,,,,,,,,,,,,,,,,,
United Kingdom,"12 Erica Rd.,Stacey Bushes Milton Keynes,MK12 6HS",206,1,52.0503866,-0.7984493,"12 Erica Road, Milton Keynes, MK12 6HS, United Kingdom",,12,Erica Road,MK12 6HS,Wolverton and Greenleys,Stacey Bushes,Milton Keynes,Buckinghamshire,BKM,England,ENG,United Kingdom,gb,0.9,1,1,,,
United Kingdom,"12 Erica Rd.,Stacey Bushes,Milton Keynes MK12 6HS",207,1,52.0503866,-0.7984493,"12 Erica Road, Milton Keynes, MK12 6HS, United Kingdom",,12,Erica Road,MK12 6HS,Wolverton and Greenleys,Stacey Bushes,Milton Keynes,Buckinghamshire,BKM,England,ENG,United Kingdom,gb,0.9,1,1,,,
United Kingdom,"12 Plumtree Court London,EC4A 4HT",208,1,51.5169338,-0.1052591,"Plumtree Court, City of London, EC4A 3BL, United Kingdom",Plumtree Court,,Plumtree Court,EC4A 3BL,West Smithfield,,City of London,Greater London,,England,ENG,United Kingdom,gb,0.5103,0.81,0.81,© OpenStreetMap contributors,Open Database License,https://www.openstreetmap.org/copyright
United Kingdom,"12 Plumtree Court,London EC4A 4HT",209,1,51.5169338,-0.1052591,"Plumtree Court, City of London, EC4A 3BL, United Kingdom",Plumtree Court,,Plumtree Court,EC4A 3BL,West Smithfield,,City of London,Greater London,,England,ENG,United Kingdom,gb,0.5103,0.81,0.81,© OpenStreetMap contributors,Open Database License,https://www.openstreetmap.org/copyright
United Kingdom,"12 Plumtree Court,London,EC4A 4HT",210,1,51.5169338,-0.1052591,"Plumtree Court, City of London, EC4A 3BL, United Kingdom",Plumtree Court,,Plumtree Court,EC4A 3BL,West Smithfield,,City of London,Greater London,,England,ENG,United Kingdom,gb,0.5103,0.81,0.81,© OpenStreetMap contributors,Open Database License,https://www.openstreetmap.org/copyright
United Kingdom,"12 Priestley Way,London NW2 7BA",211,1,51.5717013,-0.2349902,"Priestley Way, London, NW2 7AN, United Kingdom",Priestley Way,,Priestley Way,NW2 7AN,London Borough of Brent,Dollis Hill,London,Greater London,,England,ENG,United Kingdom,gb,0.63,1,1,© OpenStreetMap contributors,Open Database License,https://www.openstreetmap.org/copyright
United Kingdom,"12 Riverside,Dogflud Way,Farnham,GU9 7UG",212,1,51.2177236,-0.7934802,"Dogflud Way, Waverley, GU9 7TU, United Kingdom",Dogflud Way,,Dogflud Way,GU9 7TU,Fairfield,,Waverley,Surrey,SRY,England,ENG,United Kingdom,gb,0.63,1,1,© OpenStreetMap contributors,Open Database License,https://www.openstreetmap.org/copyright
United Kingdom,"12 St Joseph's Trading Estate,St Joseph's Close,Hove,East Sussex,BN3 7EZ",213,1,50.847862,-0.142797,"Brighton and Hove, BN3 7EZ, United Kingdom",,,,BN3 7EZ,,,Brighton and Hove,East Sussex,ESX,England,ENG,United Kingdom,gb,0.2025,0.81,,Who's On First,CC0,https://www.whosonfirst.org/docs/licenses/
United Kingdom,"12 St.Joseph's Trading Estate,St.Joseph's Close,Hove,East Sussex,BN3 7EZ",214,1,50.835589,-0.198554,"Portland Road Trading Estate, Brighton and Hove, BN3 7EZ, United Kingdom",,,Portland Road Trading Estate,BN3 7EZ,,,Brighton and Hove,East Sussex,ESX,England,ENG,United Kingdom,gb,0.7290000000000001,0.81,0.7290000000000001,© OpenStreetMap contributors,Open Database License,https://www.openstreetmap.org/copyright
United Kingdom,"12-15 Coopers Court,Newport Pagnell,Buckinghamshire MK16 8JS",215,1,52.0867755,-0.7248093,"Coopers Court, Newport Pagnell, MK16 8JS, United Kingdom",Coopers Court,,Coopers Court,MK16 8JS,,Green Park,Newport Pagnell,City of Milton Keynes,,England,ENG,United Kingdom,gb,0.7,1,1,© OpenStreetMap contributors,Open Database License,https://www.openstreetmap.org/copyright
United Kingdom,"12-15 Finsbury Circus,London EC2M 7BT",216,1,51.5180861,-0.08809,"Finsbury Circus, City of London, EC2M 6UR, United Kingdom",Finsbury Circus,,Finsbury Circus,EC2M 6UR,,Barbican,City of London,Greater London,,England,ENG,United Kingdom,gb,0.5103,0.81,0.81,© OpenStreetMap contributors,Open Database License,https://www.openstreetmap.org/copyright
United Kingdom,"12/15 Finsbury Circus,London",217,1,51.5180861,-0.08809,"Finsbury Circus, City of London, EC2M 6UR, United Kingdom",Finsbury Circus,,Finsbury Circus,EC2M 6UR,,Barbican,City of London,Greater London,,England,ENG,United Kingdom,gb,0.405,0.81,0.81,© OpenStreetMap contributors,Open Database License,https://www.openstreetmap.org/copyright
United Kingdom,120 Moorgate London EC2 6SS,218,1,51.5187199,-0.0877584,"Starbucks, 120 Moorgate, City of London, EC2M 6AB, United Kingdom",Starbucks,120,Moorgate,EC2M 6AB,,Barbican,City of London,Greater London,,England,ENG,United Kingdom,gb,0.36450000000000005,0.81,0.81,© OpenStreetMap contributors,Open Database License,https://www.openstreetmap.org/copyright
United Kingdom,120 Moorgate London EC2M 6 SS,219,1,51.5189162,-0.0872342,"Sartoria, 120 Moorgate, City of London, EC2M 6XB, United Kingdom",Sartoria,120,Moorgate,EC2M 6XB,London Borough of Islington,Barbican,City of London,Greater London,,England,ENG,United Kingdom,gb,0,,,© OpenStreetMap contributors,Open Database License,https://www.openstreetmap.org/copyright
United Kingdom,120 Moorgate London EC2M 6SS,220,1,51.5187199,-0.0877584,"Starbucks, 120 Moorgate, City of London, EC2M 6AB, United Kingdom",Starbucks,120,Moorgate,EC2M 6AB,,Barbican,City of London,Greater London,,England,ENG,United Kingdom,gb,0.5103000000000001,0.81,0.81,© OpenStreetMap contributors,Open Database License,https://www.openstreetmap.org/copyright
United Kingdom,"120 Moorgate,London EC2M 6SS",221,1,51.5187199,-0.0877584,"Starbucks, 120 Moorgate, City of London, EC2M 6AB, United Kingdom",Starbucks,120,Moorgate,EC2M 6AB,,Barbican,City of London,Greater London,,England,ENG,United Kingdom,gb,0.5103000000000001,0.81,0.81,© OpenStreetMap contributors,Open Database License,https://www.openstreetmap.org/copyright
United Kingdom,"120 Moorgate,London EC2M 6UR",222,1,51.5187199,-0.0877584,"Starbucks, 120 Moorgate, City of London, EC2M 6AB, United Kingdom",Starbucks,120,Moorgate,EC2M 6AB,,Barbican,City of London,Greater London,,England,ENG,United Kingdom,gb,0.5103000000000001,0.81,0.81,© OpenStreetMap contributors,Open Database License,https://www.openstreetmap.org/copyright
United Kingdom,"120 Moorgate,London EC2M,6SS",223,1,51.5187199,-0.0877584,"Starbucks, 120 Moorgate, City of London, EC2M 6AB, United Kingdom",Starbucks,120,Moorgate,EC2M 6AB,,Barbican,City of London,Greater London,,England,ENG,United Kingdom,gb,0.5103000000000001,0.81,0.81,© OpenStreetMap contributors,Open Database License,https://www.openstreetmap.org/copyright
United Kingdom,"120 Moorgate,London EC2M6SS",224,1,51.5187199,-0.0877584,"Starbucks, 120 Moorgate, City of London, EC2M 6AB, United Kingdom",Starbucks,120,Moorgate,EC2M 6AB,,Barbican,City of London,Greater London,,England,ENG,United Kingdom,gb,0.5103000000000001,0.81,0.81,© OpenStreetMap contributors,Open Database License,https://www.openstreetmap.org/copyright
United Kingdom,"120 Moorgate,London,EC2M 6SS",225,1,51.5187199,-0.0877584,"Starbucks, 120 Moorgate, City of London, EC2M 6AB, United Kingdom",Starbucks,120,Moorgate,EC2M 6AB,,Barbican,City of London,Greater London,,England,ENG,United Kingdom,gb,0.5103000000000001,0.81,0.81,© OpenStreetMap contributors,Open Database License,https://www.openstreetmap.org/copyright
United Kingdom,"120 Moorgate,London,EC2M 6UR",226,1,51.5187199,-0.0877584,"Starbucks, 120 Moorgate, City of London, EC2M 6AB, United Kingdom",Starbucks,120,Moorgate,EC2M 6AB,,Barbican,City of London,Greater London,,England,ENG,United Kingdom,gb,0.5103000000000001,0.81,0.81,© OpenStreetMap contributors,Open Database License,https://www.openstreetmap.org/copyright
United Kingdom,"120 Thornycroft Ind.Estate Worting Rd.,Basingstoke Hampshire,RG21 1SD",227,1,51.258849,-1.107544,"Basingstoke, RG21 1SD, United Kingdom",,,,RG21 1SD,,,Basingstoke,Hampshire,HAM,England,ENG,United Kingdom,gb,0.25,1,,Who's On First,CC0,https://www.whosonfirst.org/docs/licenses/
United Kingdom,"1230 High Rd.,Whetstone,London N20 0LH",228,1,51.6353235,-0.1762977,"High Road, London, N20 9BS, United Kingdom",High Road,,High Road,N20 9BS,London Borough of Barnet,Whetstone,London,Greater London,,England,ENG,United Kingdom,gb,0.63,1,1,© OpenStreetMap contributors,Open Database License,https://www.openstreetmap.org/copyright
United Kingdom,"1230 High Rd.,Whetstone,London N20 OLH",229,1,51.607845,-0.3403516,"High Road, London, HA3 6BD, United Kingdom",High Road,,High Road,HA3 6BD,London Borough of Harrow,Harrow Weald,London,Greater London,,England,ENG,United Kingdom,gb,0.5,1,1,© OpenStreetMap contributors,Open Database License,https://www.openstreetmap.org/copyright
United Kingdom,"1230 High Rd.Whetstone,London N.20 OLH",230,1,,,,,,,,,,,,,,,,,,,,,,
United Kingdom,"125 Finsbury Pavement,London EC2A 1NQ",231,1,51.5194257,-0.0876097,"Finsbury Pavement, London, EC2A 1RS, United Kingdom",Finsbury Pavement,,Finsbury Pavement,EC2A 1RS,London Borough of Islington,Finsbury,London,Greater London,,England,ENG,United Kingdom,gb,0.63,1,1,© OpenStreetMap contributors,Open Database License,https://www.openstreetmap.org/copyright
United Kingdom,"126 Colindale Ave.Colindale,London,NW9 5HD",232,1,51.5952828,-0.2497014,"Colindale Avenue, London, NW9 5HJ, United Kingdom",Colindale Avenue,,Colindale Avenue,NW9 5HJ,London Borough of Barnet,Colindale,London,Greater London,,England,ENG,United Kingdom,gb,0.63,1,1,© OpenStreetMap contributors,Open Database License,https://www.openstreetmap.org/copyright
United Kingdom,"12b Beehive 3,Lingfield Point,Darlington,Country Durham,DL1 1YN",233,1,54.5284,-1.51834,"Darlington, DL1 1YN, United Kingdom",,,,DL1 1YN,,,,Darlington,DAL,England,ENG,United Kingdom,gb,0,1,,© OpenStreetMap contributors,Open Database License,https://www.openstreetmap.org/copyright
United Kingdom,"12b Beehive 3,Lingfield Point,Darlington,County Durham,DL1 1YN",234,1,54.530241,-1.559695,"Darlington, DL1 1YN, United Kingdom",,,,DL1 1YN,,,Darlington,Durham,DUR,England,ENG,United Kingdom,gb,0.25,1,,Who's On First,CC0,https://www.whosonfirst.org/docs/licenses/
United Kingdom,"12th & 13th Fl.,240 Blackfriars Rd.,London SE1 8NW",235,1,51.50651965,-0.10408885170338955,"240 Blackfriars Road, London, SE1 8NW, United Kingdom",240 Blackfriars Road,240,Blackfriars Road,SE1 8NW,London Borough of Southwark,Southwark,London,Greater London,,England,ENG,United Kingdom,gb,0.9,1,1,© OpenStreetMap contributors,Open Database License,https://www.openstreetmap.org/copyright
United Kingdom,"12th Fl.,71 Fenchurch St.,London",236,1,51.5126089,-0.0787782,"71 Fenchurch Street, London, EC3M 4AQ, United Kingdom",,71,Fenchurch Street,EC3M 4AQ,City of London,Fenchurch,London,London,,England,ENG,United Kingdom,gb,0.9,1,1,,,
United Kingdom,"12th Fl.,71 Fenchurch St.,London EC3M 4BS",237,1,51.51251,-0.07876,"City of London, EC3M 4BS, United Kingdom",,,,EC3M 4BS,,,City of London,Greater London,,England,ENG,United Kingdom,gb,0.6,1,,© OpenStreetMap contributors,Open Database License,https://www.openstreetmap.org/copyright
United Kingdom,"12th Fl.,71 Fenchurch St.,London,EC3M 4BS",238,1,51.51251,-0.07876,"City of London, EC3M 4BS, United Kingdom",,,,EC3M 4BS,,,City of London,Greater London,,England,ENG,United Kingdom,gb,0.6,1,,© OpenStreetMap contributors,Open Database License,https://www.openstreetmap.org/copyright
United Kingdom,"12th Fl.,City Tower,40 Basinghall St.,London,EC2V 5DE",239,1,51.5168981,-0.0913745,"Basinghall Avenue, City of London, EC2V 5DE, United Kingdom",Basinghall Avenue,,Basinghall Avenue,EC2V 5DE,,Barbican,City of London,Greater London,,England,ENG,United Kingdom,gb,0.7,1,1,© OpenStreetMap contributors,Open Database License,https://www.openstreetmap.org/copyright
United Kingdom,"12th Fl.,Dashwood House,69 Old Broad St.,London EC2M 1QS",240,1,51.516884,-0.0828326,"The Ivy, 69 Old Broad Street, City of London, EC2M 1QS, United Kingdom",The Ivy,69,Old Broad Street,EC2M 1QS,,Bishopsgate,City of London,Greater London,,England,ENG,United Kingdom,gb,0.9,1,1,© OpenStreetMap contributors,Open Database License,https://www.openstreetmap.org/copyright
United Kingdom,"13 and 19 Blacklands Way,Abingdon Industrial Park,Abingdon",241,1,51.671719,-1.3041102,"13 Blacklands Way, Vale of White Horse, OX14 1DY, United Kingdom",,13,Blacklands Way,OX14 1DY,,Abingdon on Thames,Vale of White Horse,Oxfordshire,OXF,England,ENG,United Kingdom,gb,0.9,1,1,© OpenStreetMap contributors,Open Database License,https://www.openstreetmap.org/copyright
United Kingdom,"13 Blacklands Way,Abingdon Industrial Park,Abingdon",242,1,51.671719,-1.3041102,"13 Blacklands Way, Vale of White Horse, OX14 1DY, United Kingdom",,13,Blacklands Way,OX14 1DY,,Abingdon on Thames,Vale of White Horse,Oxfordshire,OXF,England,ENG,United Kingdom,gb,0.9,1,1,© OpenStreetMap contributors,Open Database License,https://www.openstreetmap.org/copyright
United Kingdom,"13 Charles 2 St.,London SW14 4QT",243,1,51.520234,-0.212998,"13 St Charles Square, London, SW14 4QT, United Kingdom",,13,St Charles Square,SW14 4QT,Kensington and Chelsea,North Kensington,London,London,,England,ENG,United Kingdom,gb,0.81,1,0.9,© OpenStreetMap contributors,Open Database License,https://www.openstreetmap.org/copyright
United Kingdom,"13 Charles 2 St.,London SW1Y 4QT",244,1,51.508347,-0.132459,"13 Charles II Street, London, SW1Y 4QT, United Kingdom",,13,Charles II Street,SW1Y 4QT,Westminster,St. James's,London,London,,England,ENG,United Kingdom,gb,0.9,1,1,© OpenStreetMap contributors,Open Database License,https://www.openstreetmap.org/copyright
United Kingdom,"13 Charles 2 St.,London SW1Y 4QU",245,1,51.5083467,-0.1324588,"13 Charles II Street, London, SW1Y 4QU, United Kingdom",,13,Charles II Street,SW1Y 4QU,St. James's,Covent Garden,City of Westminster,Greater London,,England,ENG,United Kingdom,gb,0.9,1,1,© OpenStreetMap contributors,Open Database License,https://www.openstreetmap.org/copyright
United Kingdom,"13 Charles2 St.,London SW1Y 4QT",246,1,51.508347,-0.132459,"13 Charles II Street, London, SW1Y 4QT, United Kingdom",,13,Charles II Street,SW1Y 4QT,Westminster,St. James's,London,London,,England,ENG,United Kingdom,gb,0.9,1,1,© OpenStreetMap contributors,Open Database License,https://www.openstreetmap.org/copyright
United Kingdom,13 Charles2 St.London SW1Y 4QT,247,1,51.508347,-0.132459,"13 Charles II Street, London, SW1Y 4QU, United Kingdom",,13,Charles II Street,SW1Y 4QU,Westminster,St. James's,London,London,,England,ENG,United Kingdom,gb,0.22504229999999997,,,© OpenStreetMap contributors,Open Database License,https://www.openstreetmap.org/copyright
United Kingdom,"13 Chartes 2 St.,London SW1Y 4QT",248,1,51.514993,-0.092813,"City of London, London, SW1Y 4QT, United Kingdom",City of London,,,SW1Y 4QT,City of London,,London,London,,England,ENG,United Kingdom,gb,0.25,1,,Who's On First,CC0,https://www.whosonfirst.org/docs/licenses/
United Kingdom,"13 Erica Rd,Stacey Bushes Milton Keynes MK12 6HS",249,1,52.0502939,-0.7984864,"13 Erica Road, Milton Keynes, MK12 6HS, United Kingdom",,13,Erica Road,MK12 6HS,Wolverton and Greenleys,Stacey Bushes,Milton Keynes,Buckinghamshire,BKM,England,ENG,United Kingdom,gb,0.9,1,1,,,
United Kingdom,"13 Little Mundells,Welwyn Garden City,Hertfordshire,AL7 1EW",250,1,51.8065425,-0.1908923,"Little Mundells, Welwyn Hatfield, AL7 1EW, United Kingdom",Little Mundells,,Little Mundells,AL7 1EW,,Haldens,Welwyn Hatfield,Hertfordshire,HRT,England,ENG,United Kingdom,gb,0.7,1,1,© OpenStreetMap contributors,Open Database License,https://www.openstreetmap.org/copyright
United Kingdom,"13 Tanners Dr.,Blakelands,Milton Keynes MK14 5BU",251,1,52.0771469,-0.7444678,"Tanners Drive, Milton Keynes, MK14 5BU, United Kingdom",Tanners Drive,,Tanners Drive,MK14 5BU,,Great Linford,Milton Keynes,City of Milton Keynes,,England,ENG,United Kingdom,gb,0.7,1,1,© OpenStreetMap contributors,Open Database License,https://www.openstreetmap.org/copyright
United Kingdom,"13 Tanners Dr.,Blakelands,Milton Keynes,MK14 5BU",252,1,52.0771469,-0.7444678,"Tanners Drive, Milton Keynes, MK14 5BU, United Kingdom",Tanners Drive,,Tanners Drive,MK14 5BU,,Great Linford,Milton Keynes,City of Milton Keynes,,England,ENG,United Kingdom,gb,0.7,1,1,© OpenStreetMap contributors,Open Database License,https://www.openstreetmap.org/copyright
United Kingdom,"13 Tanners,Drive Blakelands,Milton Keynes MK14 5BU",253,1,52.0706513,-0.7382236,"Yeomans Drive, Milton Keynes, MK14 5LR, United Kingdom",Yeomans Drive,,Yeomans Drive,MK14 5LR,,Blakelands,Milton Keynes,City of Milton Keynes,,England,ENG,United Kingdom,gb,0.45927000000000007,1,0.9,© OpenStreetMap contributors,Open Database License,https://www.openstreetmap.org/copyright
United Kingdom,"13-14 Woodstock St.,London W1R 1HJ",254,1,51.5141576,-0.1474057,"Woodstock Street, London, W1S 1LE, United Kingdom",Woodstock Street,,Woodstock Street,W1S 1LE,,Mayfair,City of Westminster,Greater London,,England,ENG,United Kingdom,gb,0.1215,0.81,0.81,© OpenStreetMap contributors,Open Database License,https://www.openstreetmap.org/copyright
United Kingdom,"13-14 Woodstock St.,London W1R IHJ",255,1,51.514166,-0.147414,"Woodstock Street, London, United Kingdom",,,Woodstock Street,,Westminster,Mayfair,London,London,,England,ENG,United Kingdom,gb,0.5,1,1,© OpenStreetMap contributors,Open Database License,https://www.openstreetmap.org/copyright
United Kingdom,"13,Charles 2 St.,London SW1Y 4QT",256,1,51.508347,-0.132459,"13 Charles II Street, London, SW1Y 4QT, United Kingdom",,13,Charles II Street,SW1Y 4QT,Westminster,St. James's,London,London,,England,ENG,United Kingdom,gb,0.9,1,1,© OpenStreetMap contributors,Open Database License,https://www.openstreetmap.org/copyright
United Kingdom,"13,Charles 2 St.,London,SW1Y 4QT",257,1,51.508347,-0.132459,"13 Charles II Street, London, SW1Y 4QT, United Kingdom",,13,Charles II Street,SW1Y 4QT,Westminster,St. James's,London,London,,England,ENG,United Kingdom,gb,0.9,1,1,© OpenStreetMap contributors,Open Database License,https://www.openstreetmap.org/copyright
United Kingdom,"13,Charles 2 St.,London,SW1Y,4QT",258,1,51.508347,-0.132459,"13 Charles II Street, London, S W1Y, United Kingdom",,13,Charles II Street,S W1Y,Westminster,St. James's,London,London,,England,ENG,United Kingdom,gb,0.9,1,1,© OpenStreetMap contributors,Open Database License,https://www.openstreetmap.org/copyright
United Kingdom,"13,Erica Rd,Stacey Bushes Milton Keynes MK12 6HS",259,1,52.0502939,-0.7984864,"13 Erica Road, Milton Keynes, MK12 6HS, United Kingdom",,13,Erica Road,MK12 6HS,Wolverton and Greenleys,Stacey Bushes,Milton Keynes,Buckinghamshire,BKM,England,ENG,United Kingdom,gb,0.9,1,1,,,
United Kingdom,"13,Little Mundells,Welwyn Garden City,Hertfordshire AL7 1EW",260,1,51.8065425,-0.1908923,"Little Mundells, Welwyn Hatfield, AL7 1EW, United Kingdom",Little Mundells,,Little Mundells,AL7 1EW,,Haldens,Welwyn Hatfield,Hertfordshire,HRT,England,ENG,United Kingdom,gb,0.7,1,1,© OpenStreetMap contributors,Open Database License,https://www.openstreetmap.org/copyright
United Kingdom,"13,Little Mundells,Welwyn Garden City,Hertfordshire,AL7 1EW",261,1,51.8065425,-0.1908923,"Little Mundells, Welwyn Hatfield, AL7 1EW, United Kingdom",Little Mundells,,Little Mundells,AL7 1EW,,Haldens,Welwyn Hatfield,Hertfordshire,HRT,England,ENG,United Kingdom,gb,0.7,1,1,© OpenStreetMap contributors,Open Database License,https://www.openstreetmap.org/copyright
United Kingdom,"13/14 Garrick Industrial Centre,Irirng Way,Hendon,London NW9 6AQ",262,1,51.586625,-0.228517,"Hendon, London, NW9 6AQ, United Kingdom",Hendon,,,NW9 6AQ,Barnet,Hendon,London,London,,England,ENG,United Kingdom,gb,0.25,1,,Who's On First,CC0,https://www.whosonfirst.org/docs/licenses/
United Kingdom,"130 Shaftesbury Ave.,London W1D 5EU",263,1,51.512782,-0.1299105,"130 Shaftesbury Avenue, London, W1D 5EU, United Kingdom",,130,Shaftesbury Avenue,W1D 5EU,Westminster,St Giles,London,London,,England,ENG,United Kingdom,gb,0.9,1,1,,,
United Kingdom,131 Finsbury Pavement London EC2A 1AY,264,1,51.5194257,-0.0876097,"Finsbury Pavement, London, EC2A 1RS, United Kingdom",Finsbury Pavement,,Finsbury Pavement,EC2A 1RS,London Borough of Islington,Finsbury,London,Greater London,,England,ENG,United Kingdom,gb,0.63,1,1,© OpenStreetMap contributors,Open Database License,https://www.openstreetmap.org/copyright
United Kingdom,"131-151 Great Titchfield St.,London,W1W 5BB",265,1,51.5212701,-0.1419445,"131-151 Great Titchfield Street, London, W1W 5BB, United Kingdom",,131-151,Great Titchfield Street,W1W 5BB,,Fitzrovia,London,Greater London,,England,ENG,United Kingdom,gb,0.81,1,1,© OpenStreetMap contributors,Open Database License,https://www.openstreetmap.org/copyright
United Kingdom,"132-140 Goswell Rd.,London,EC1V 7DY",266,1,51.5249386,-0.0992545,"132-140 Goswell Road, London, EC1V 7DX, United Kingdom",,132-140,Goswell Road,EC1V 7DX,London Borough of Islington,Clerkenwell,London,Greater London,,England,ENG,United Kingdom,gb,0.5670000000000001,1,1,© OpenStreetMap contributors,Open Database License,https://www.openstreetmap.org/copyright
United Kingdom,"135 Bishopsgate,London",267,1,51.5181685,-0.0802206,"135 Bishopsgate, City of London, EC2M 3WA, United Kingdom",,135,Bishopsgate,EC2M 3WA,,Bishopsgate,City of London,Greater London,,England,ENG,United Kingdom,gb,0.7290000000000001,0.81,0.81,© OpenStreetMap contributors,Open Database License,https://www.openstreetmap.org/copyright
United Kingdom,136 Edinburgh Ave.Slough Berkshire SL1 4SS,268,1,51.52489825,-0.6234576610279392,"Data Select, 136 Edinburgh Avenue, Slough, SL1 4TU, United Kingdom",Data Select,136,Edinburgh Avenue,SL1 4TU,,Cippenham,Slough,,,England,ENG,United Kingdom,gb,0.567,0.9,0.9,© OpenStreetMap contributors,Open Database License,https://www.openstreetmap.org/copyright
United Kingdom,136 Edinburgh Ave.Slough Berkshire SLi 4SS,269,1,51.52489825,-0.6234576610279392,"Data Select, 136 Edinburgh Avenue, Slough, SL1 4TU, United Kingdom",Data Select,136,Edinburgh Avenue,SL1 4TU,,Cippenham,Slough,,,England,ENG,United Kingdom,gb,0.17999999999999997,,,© OpenStreetMap contributors,Open Database License,https://www.openstreetmap.org/copyright
United Kingdom,"139 Piccadilly,London W1J 7NU",270,1,51.50383,-0.14951,"London, W1J 7NU, United Kingdom",,,,W1J 7NU,,,City of Westminster,Greater London,,England,ENG,United Kingdom,gb,0.6,1,,© OpenStreetMap contributors,Open Database License,https://www.openstreetmap.org/copyright
United Kingdom,"139 Piccadilly,London,W1J 7NU",271,1,51.50383,-0.14951,"London, W1J 7NU, United Kingdom",,,,W1J 7NU,,,City of Westminster,Greater London,,England,ENG,United Kingdom,gb,0.6,1,,© OpenStreetMap contributors,Open Database License,https://www.openstreetmap.org/copyright
United Kingdom,"13th Fl.,1 Angel Court,London,EC2R 7AE",272,1,51.515335300000004,-0.087332661586598,"1 Angel Court, City of London, EC2R 7HJ, United Kingdom",,1,Angel Court,EC2R 7HJ,,Cornhill,City of London,Greater London,,England,ENG,United Kingdom,gb,0.5103,0.81,0.81,© OpenStreetMap contributors,Open Database License,https://www.openstreetmap.org/copyright
United Kingdom,"13th Fl.,1 Angel Court,London,EC2R 7EN",273,1,51.515335300000004,-0.087332661586598,"1 Angel Court, City of London, EC2R 7HJ, United Kingdom",,1,Angel Court,EC2R 7HJ,,Cornhill,City of London,Greater London,,England,ENG,United Kingdom,gb,0.5103,0.81,0.81,© OpenStreetMap contributors,Open Database License,https://www.openstreetmap.org/copyright
United Kingdom,"13th Fl.,International Press Centre 76 Shoe Lane,London EC4A 3JB",274,1,51.5157556,-0.1067376,"Deloitte, 76 Shoe Lane, City of London, EC4A 3JR, United Kingdom",Deloitte,76,Shoe Lane,EC4A 3JR,,Blackfriars,City of London,Greater London,,England,ENG,United Kingdom,gb,0.5103000000000001,0.81,0.81,© OpenStreetMap contributors,Open Database License,https://www.openstreetmap.org/copyright
United Kingdom,"13th Fl.,International Press Centre 76 Shoe Lane,London,EC4A 3JB",275,1,51.5157556,-0.1067376,"Deloitte, 76 Shoe Lane, City of London, EC4A 3JR, United Kingdom",Deloitte,76,Shoe Lane,EC4A 3JR,,Blackfriars,City of London,Greater London,,England,ENG,United Kingdom,gb,0.5103000000000001,0.81,0.81,© OpenStreetMap contributors,Open Database License,https://www.openstreetmap.org/copyright
United Kingdom,"13th Fl.,Tower House,Fairfax St.,Bristol,BS1 3BN",276,1,51.45592,-2.59176,"Bristol, BS1 3BN, United Kingdom",,,,BS1 3BN,,,Bristol,City of Bristol,BST,England,ENG,United Kingdom,gb,0.6,1,,© OpenStreetMap contributors,Open Database License,https://www.openstreetmap.org/copyright
United Kingdom,"14 Blackhill Rd.West Holton Heath Trading Park Poole,Dorset,BHI6 6LF",277,1,,,,,,,,,,,,,,,,,,,,,,
United Kingdom,"14 Charles 2 St.,London SW1Y 4QU",278,1,51.5083981,-0.1323138,"14 Charles II Street, London, SW1Y 4QU, United Kingdom",,14,Charles II Street,SW1Y 4QU,St. James's,Covent Garden,City of Westminster,Greater London,,England,ENG,United Kingdom,gb,0.9,1,1,© OpenStreetMap contributors,Open Database License,https://www.openstreetmap.org/copyright
United Kingdom,"14 Charles 2 St.,London,SW1Y 4QU",279,1,51.5083981,-0.1323138,"14 Charles II Street, London, SW1Y 4QU, United Kingdom",,14,Charles II Street,SW1Y 4QU,St. James's,Covent Garden,City of Westminster,Greater London,,England,ENG,United Kingdom,gb,0.9,1,1,© OpenStreetMap contributors,Open Database License,https://www.openstreetmap.org/copyright
United Kingdom,"14 Devonshire Sq.,London EC2M 4TE",280,1,51.51682,-0.0791,"City of London, EC2M 4TE, United Kingdom",,,,EC2M 4TE,,,City of London,Greater London,,England,ENG,United Kingdom,gb,0.6,1,,© OpenStreetMap contributors,Open Database License,https://www.openstreetmap.org/copyright
United Kingdom,"14 Edison Rd.Churchfields Ind.Estate,Salisbury Wiltshire SP2 7NU",281,1,51.0691239,-1.8131337,"Edison Road, Salisbury, SP2 7NU, United Kingdom",Edison Road,,Edison Road,SP2 7NU,,Churchfields,Salisbury,Wiltshire,WIL,England,ENG,United Kingdom,gb,0.35721,1,0.5103000000000001,© OpenStreetMap contributors,Open Database License,https://www.openstreetmap.org/copyright
United Kingdom,"14 Fenchurch Ave.,London EC3M 5BS",282,1,51.5125403,-0.0813774,"14 Fenchurch Avenue, City of London, EC3M 5BS, United Kingdom",,14,Fenchurch Avenue,EC3M 5BS,City of London,Bishopsgate,City of London,London,,England,ENG,United Kingdom,gb,0.9,1,1,,,
United Kingdom,"14 Garrick Ind.Centre,Irving Way,Hendon,London NW9 6AQ",283,1,51.5831306,-0.2412531,"Irving Way, London, NW9 6AQ, United Kingdom",Irving Way,,Irving Way,NW9 6AQ,London Borough of Barnet,West Hendon,London,Greater London,,England,ENG,United Kingdom,gb,0.7,1,1,© OpenStreetMap contributors,Open Database License,https://www.openstreetmap.org/copyright
United Kingdom,"14 Signet Court,Swanns Rd.,Cambridge CB5 8LA",284,1,52.214302,0.150742,"Swann's Road, Cambridge, CB5 8LA, United Kingdom",,,Swann's Road,CB5 8LA,,,Cambridge,Cambridgeshire,CAM,England,ENG,United Kingdom,gb,0.5,1,1,© OpenStreetMap contributors,Open Database License,https://www.openstreetmap.org/copyright
United Kingdom,"14 Signet Court,Swanns Rd.,Cambridge,CB5 8LA",285,1,52.214302,0.150742,"Swann's Road, Cambridge, CB5 8LA, United Kingdom",,,Swann's Road,CB5 8LA,,,Cambridge,Cambridgeshire,CAM,England,ENG,United Kingdom,gb,0.5,1,1,© OpenStreetMap contributors,Open Database License,https://www.openstreetmap.org/copyright
United Kingdom,"14 Trinity Sq.,London EC3N 4AA",286,1,51.5098153,-0.0783932,"Traitor's Gate, 14 Trinity Square, London, EC3N 4AA, United Kingdom",Traitor's Gate,14,Trinity Square,EC3N 4AA,London Borough of Tower Hamlets,Whitechapel,London,Greater London,,England,ENG,United Kingdom,gb,0.9,1,1,© OpenStreetMap contributors,Open Database License,https://www.openstreetmap.org/copyright
United Kingdom,"14 Trinity Square,London EC3N 4ET",287,1,51.5098153,-0.0783932,"Traitor's Gate, 14 Trinity Square, London, EC3N 4AA, United Kingdom",Traitor's Gate,14,Trinity Square,EC3N 4AA,London Borough of Tower Hamlets,Whitechapel,London,Greater London,,England,ENG,United Kingdom,gb,0.63,1,1,© OpenStreetMap contributors,Open Database License,https://www.openstreetmap.org/copyright
United Kingdom,"14 Waterloo Place,St.James,London SW1Y 4AR",288,1,51.50735,-0.13316,"London, SW1Y 4AR, United Kingdom",,,,SW1Y 4AR,,,London,Greater London,,England,ENG,United Kingdom,gb,0.6,1,,© OpenStreetMap contributors,Open Database License,https://www.openstreetmap.org/copyright
United Kingdom,"14 Waterloo Place,St.James,London SW1Y 4QU",289,1,51.5084346,-0.1321275,"London, SW1Y 4QU, United Kingdom",,,,SW1Y 4QU,,,London,Greater London,,England,ENG,United Kingdom,gb,0.6,1,,© OpenStreetMap contributors,Open Database License,https://www.openstreetmap.org/copyright
United Kingdom,"14 Waterloo Place,St.James,London,SW1Y 4AR",290,1,51.50735,-0.13316,"London, SW1Y 4AR, United Kingdom",,,,SW1Y 4AR,,,London,Greater London,,England,ENG,United Kingdom,gb,0.6,1,,© OpenStreetMap contributors,Open Database License,https://www.openstreetmap.org/copyright
United Kingdom,"14-15 Conduit St.,London W1R 9TG",291,1,51.512414,-0.1418931,"14-15 Conduit Street, London, W1S 2GB, United Kingdom",,14-15,Conduit Street,W1S 2GB,Westminster,Mayfair,City of Westminster,Greater London,,England,ENG,United Kingdom,gb,0.24300000000000002,0.9,0.9,© OpenStreetMap contributors,Open Database License,https://www.openstreetmap.org/copyright
United Kingdom,"14-15 Conduit St.,London WIR 9TG",292,1,51.512414,-0.141893,"14-15 Conduit Street, London, W1S 2GB, United Kingdom",,14-15,Conduit Street,W1S 2GB,Westminster,Mayfair,London,London,,England,ENG,United Kingdom,gb,0.9,1,1,© OpenStreetMap contributors,Open Database License,https://www.openstreetmap.org/copyright
United Kingdom,"14-15 Conduit Street,London WIR 9TG",293,1,51.512414,-0.141893,"14-15 Conduit Street, London, W1S 2GB, United Kingdom",,14-15,Conduit Street,W1S 2GB,Westminster,Mayfair,London,London,,England,ENG,United Kingdom,gb,0.9,1,1,© OpenStreetMap contributors,Open Database License,https://www.openstreetmap.org/copyright
United Kingdom,"14-16 Sheet St.,Windsor,SL4 1BG",294,1,51.4803522,-0.60613785,"Windsor, SL4 1BG, United Kingdom",,,,SL4 1BG,,,Windsor,Royal Borough of Windsor and Maidenhead,,England,ENG,United Kingdom,gb,0.6,1,,© OpenStreetMap contributors,Open Database License,https://www.openstreetmap.org/copyright
United Kingdom,"14-18 Handyside St.,London,N1C 4DN",295,1,51.5375291,-0.1240562,"Everyman King's Cross, 14-18 Handyside Street, London, N1C 4DN, United Kingdom",Everyman King's Cross,14-18,Handyside Street,N1C 4DN,London Borough of Camden,King's Cross,London,Greater London,,England,ENG,United Kingdom,gb,0.9,1,1,© OpenStreetMap contributors,Open Database License,https://www.openstreetmap.org/copyright
United Kingdom,"141 Moorgate,London,EC2M 6TX",296,1,51.5180327,-0.0883673,"Moorgate, City of London, EC2M 6TX, United Kingdom",Moorgate,,Moorgate,EC2M 6TX,,Barbican,City of London,Greater London,,England,ENG,United Kingdom,gb,0.7,1,1,© OpenStreetMap contributors,Open Database License,https://www.openstreetmap.org/copyright
United Kingdom,"149 Fordrough Lane,Bordesley Green,Birmingham B9 5FL",297,1,52.4797446,-1.8489615,"Fordrough Lane, Birmingham, B9 5RR, United Kingdom",Fordrough Lane,,Fordrough Lane,B9 5RR,,,Birmingham,West Midlands Combined Authority,,England,ENG,United Kingdom,gb,0.63,1,1,© OpenStreetMap contributors,Open Database License,https://www.openstreetmap.org/copyright
United Kingdom,"14th Fl.,St.Alphage House,2 Fore St.,London EC2Y 5DA",298,1,51.5183696,-0.092361,"Fore Street, City of London, EC2Y 5DB, United Kingdom",Fore Street,,Fore Street,EC2Y 5DB,,Barbican,City of London,Greater London,,England,ENG,United Kingdom,gb,0.5103,0.81,0.81,© OpenStreetMap contributors,Open Database License,https://www.openstreetmap.org/copyright
United Kingdom,"14th Fl.,St.Alphage House,2 Fore St.,London EC2Y5DA,England",299,1,51.5183696,-0.092361,"Fore Street, City of London, EC2Y 5DB, United Kingdom",Fore Street,,Fore Street,EC2Y 5DB,,Barbican,City of London,Greater London,,England,ENG,United Kingdom,gb,0.5103,0.81,0.81,© OpenStreetMap contributors,Open Database License,https://www.openstreetmap.org/copyright
United Kingdom,"14th Fl.,St.Alphage House,2 Fore St.,London,EC2Y 5DA",300,1,51.5183696,-0.092361,"Fore Street, City of London, EC2Y 5DB, United Kingdom",Fore Street,,Fore Street,EC2Y 5DB,,Barbican,City of London,Greater London,,England,ENG,United Kingdom,gb,0.5103,0.81,0.81,© OpenStreetMap contributors,Open Database License,https://www.openstreetmap.org/copyright
United Kingdom,"15 Albemarle St.,London W1X 3HA",301,1,51.5091822,-0.1420383,"15 Albemarle Street, London, United Kingdom",,15,Albemarle Street,,Westminster,Mayfair,London,London,,England,ENG,United Kingdom,gb,0.9,1,1,,,
United Kingdom,"15 Albemarle St.,London W2X 3HA",302,1,51.5091822,-0.1420383,"15 Albemarle Street, London, United Kingdom",,15,Albemarle Street,,Westminster,Mayfair,London,London,,England,ENG,United Kingdom,gb,0.9,1,1,,,
United Kingdom,"15 Park Circus,Glasgow",303,1,55.869940400000004,-4.279510657733359,"15 Park Circus, Glasgow, G3 6BH, United Kingdom",,15,Park Circus,G3 6BH,,Park District,Glasgow,Glasgow City,GLG,Scotland,SCT,United Kingdom,gb,0.9,1,1,© OpenStreetMap contributors,Open Database License,https://www.openstreetmap.org/copyright
United Kingdom,"15 Park Circus,Glasgow,Scotland",304,1,55.869940400000004,-4.279510657733359,"15 Park Circus, Glasgow, G3 6BH, United Kingdom",,15,Park Circus,G3 6BH,,Park District,Glasgow,Glasgow City,GLG,Scotland,SCT,United Kingdom,gb,0.9,1,1,© OpenStreetMap contributors,Open Database License,https://www.openstreetmap.org/copyright
United Kingdom,"15 Park Circus,Glasgow,Scotland G3 6BA",305,1,55.869940400000004,-4.279510657733359,"15 Park Circus, Glasgow, G3 6BH, United Kingdom",,15,Park Circus,G3 6BH,,Park District,Glasgow,Glasgow City,GLG,Scotland,SCT,United Kingdom,gb,0.63,1,1,© OpenStreetMap contributors,Open Database License,https://www.openstreetmap.org/copyright
United Kingdom,15 Peverel Drive Granby Milton Keynes MK 1 Inn,306,1,52.00775555,-0.7368163035473672,"Peverel Drive, Milton Keynes, MK1 1NL, United Kingdom",Peverel Drive,,Peverel Drive,MK1 1NL,,Denbigh North,Milton Keynes,City of Milton Keynes,,England,ENG,United Kingdom,gb,0.5,1,1,© OpenStreetMap contributors,Open Database License,https://www.openstreetmap.org/copyright
United Kingdom,"15 Weston Barns,Hitchin Rd.,Weston,Hertfordshire,SG4 7AX",307,1,51.954548,-0.170419,"Hitchin Road, Weston, SG4 7AX, United Kingdom",,,Hitchin Road,SG4 7AX,Weston Civil Parish,,Weston,Hertfordshire,HRT,England,ENG,United Kingdom,gb,0.5,1,1,© OpenStreetMap contributors,Open Database License,https://www.openstreetmap.org/copyright
United Kingdom,"15,Great Marlborough St.,London,W1F 7HR",308,1,51.5145479,-0.1387551,"Costa, 15 Great Marlborough Street, London, W1F 7HU, United Kingdom",Costa,15,Great Marlborough Street,W1F 7HU,,Soho,City of Westminster,Greater London,,England,ENG,United Kingdom,gb,0.5103000000000001,0.81,0.81,© OpenStreetMap contributors,Open Database License,https://www.openstreetmap.org/copyright
United Kingdom,"15,Peverel Dr.Granby,Milton Keynes,MK1 1NN",309,1,52.0096006,-0.7397141,"Peverel Drive, Milton Keynes, MK1 1NL, United Kingdom",Peverel Drive,,Peverel Drive,MK1 1NL,,Granby,Milton Keynes,City of Milton Keynes,,England,ENG,United Kingdom,gb,0.3969,1,0.63,© OpenStreetMap contributors,Open Database License,https://www.openstreetmap.org/copyright
United Kingdom,"15/17 Seddon Place,Stanley Ind.Estate,Skelmersdale,Lancashire WN8 8EB",310,1,53.5589879,-2.7989964,"Seddon Place, West Lancashire, WN8 8EB, United Kingdom",Seddon Place,,Seddon Place,WN8 8EB,,Stanley,West Lancashire,Lancashire,LAN,England,ENG,United Kingdom,gb,0.7,1,1,© OpenStreetMap contributors,Open Database License,https://www.openstreetmap.org/copyright
United Kingdom,"15/17 Seddon Place,Stanley Ind.Estate,Skelmersdale,Lancashire,WN8 8EB",311,1,53.5589879,-2.7989964,"Seddon Place, West Lancashire, WN8 8EB, United Kingdom",Seddon Place,,Seddon Place,WN8 8EB,,Stanley,West Lancashire,Lancashire,LAN,England,ENG,United Kingdom,gb,0.7,1,1,© OpenStreetMap contributors,Open Database License,https://www.openstreetmap.org/copyright
United Kingdom,"15/17 Seddon Place,Stanley Industrial Estate,Skelmersdale,Lancashire WN8 8EB",312,1,53.5589879,-2.7989964,"Seddon Place, West Lancashire, WN8 8EB, United Kingdom",Seddon Place,,Seddon Place,WN8 8EB,,Stanley,West Lancashire,Lancashire,LAN,England,ENG,United Kingdom,gb,0.7,1,1,© OpenStreetMap contributors,Open Database License,https://www.openstreetmap.org/copyright
United Kingdom,"15/17 Seddon Place,Stanley Industrial Estate,Skelmersdale,Lancashire WN8,8EB",313,1,53.5524745,-2.7845229,"Skelmersdale, West Lancashire, ENG, United Kingdom",Skelmersdale,,,,,,West Lancashire,Lancashire,LAN,England,ENG,United Kingdom,gb,0.07142857142857142,0.14285714285714285,,© OpenStreetMap contributors,Open Database License,https://www.openstreetmap.org/copyright
United Kingdom,"150 Leadenhall St.,London EC3V 4TE",314,1,51.513408,-0.0837898,"Leadenhall Street, City of London, EC3V 1LE, United Kingdom",Leadenhall Street,,Leadenhall Street,EC3V 1LE,,Cornhill,City of London,Greater London,,England,ENG,United Kingdom,gb,0.5103,0.81,0.81,© OpenStreetMap contributors,Open Database License,https://www.openstreetmap.org/copyright
United Kingdom,"150 Leadenhall St.,London,EC3V 4TE",315,1,51.513408,-0.0837898,"Leadenhall Street, City of London, EC3V 1LE, United Kingdom",Leadenhall Street,,Leadenhall Street,EC3V 1LE,,Cornhill,City of London,Greater London,,England,ENG,United Kingdom,gb,0.5103,0.81,0.81,© OpenStreetMap contributors,Open Database License,https://www.openstreetmap.org/copyright
United Kingdom,"1500 Aztec West,Almondsbury,Bristol BS32 4RF",316,1,51.5411248,-2.5801893,"Aztec West, Patchway, BS32 4TF, United Kingdom",Aztec West,,Aztec West,BS32 4TF,,Charlton Hayes,Patchway,South Gloucestershire,SGC,England,ENG,United Kingdom,gb,0.44099999999999995,0.7,0.7,© OpenStreetMap contributors,Open Database License,https://www.openstreetmap.org/copyright
United Kingdom,"1500 Aztec West,Almondsbury,Bristol,BS32 4RF",317,1,51.5411248,-2.5801893,"Aztec West, Patchway, BS32 4TF, United Kingdom",Aztec West,,Aztec West,BS32 4TF,,Charlton Hayes,Patchway,South Gloucestershire,SGC,England,ENG,United Kingdom,gb,0.44099999999999995,0.7,0.7,© OpenStreetMap contributors,Open Database License,https://www.openstreetmap.org/copyright
United Kingdom,"152-154 Curtain Rd.,London EC2A 3AT",318,1,51.526832,-0.080221,"Wingmans, 152 Curtain Road, London, EC2A 3AT, United Kingdom",Wingmans,152,Curtain Road,EC2A 3AT,London Borough of Hackney,Shoreditch,London,Greater London,,England,ENG,United Kingdom,gb,0.9,1,1,© OpenStreetMap contributors,Open Database License,https://www.openstreetmap.org/copyright
United Kingdom,"154 Great North Rd.,Hatfield,Herts AL9 5JN",319,1,51.773210399999996,-0.21694420281844545,"Haz International, 154 Great North Road, Welwyn Hatfield, AL9 5JN, United Kingdom",Haz International,154,Great North Road,AL9 5JN,,The Ryde,Welwyn Hatfield,Hertfordshire,HRT,England,ENG,United Kingdom,gb,0.9,1,1,© OpenStreetMap contributors,Open Database License,https://www.openstreetmap.org/copyright
United Kingdom,"155 Bishopsgate,London EC2M 3XU",320,1,51.5187,-0.0799916,"Maven Securities, 155 Bishopsgate, City of London, EC2M 3TQ, United Kingdom",Maven Securities,155,Bishopsgate,EC2M 3TQ,City of London,Bishopsgate,City of London,Greater London,,England,ENG,United Kingdom,gb,0.5103000000000001,0.81,0.81,© OpenStreetMap contributors,Open Database License,https://www.openstreetmap.org/copyright
United Kingdom,"155 Bishopsgate,London,EC2M 3XU",321,1,51.5187,-0.0799916,"Maven Securities, 155 Bishopsgate, City of London, EC2M 3TQ, United Kingdom",Maven Securities,155,Bishopsgate,EC2M 3TQ,City of London,Bishopsgate,City of London,Greater London,,England,ENG,United Kingdom,gb,0.5103000000000001,0.81,0.81,© OpenStreetMap contributors,Open Database License,https://www.openstreetmap.org/copyright
United Kingdom,"15th Fl.,Bastion House 140 London Wall,London",322,1,51.517935449999996,-0.09544684644986326,"140 London Wall, City of London, EC2Y 5AP, United Kingdom",,140,London Wall,EC2Y 5AP,,Barbican,City of London,Greater London,,England,ENG,United Kingdom,gb,0.7290000000000001,0.81,0.81,© OpenStreetMap contributors,Open Database License,https://www.openstreetmap.org/copyright
United Kingdom,"15th Fl.,Bastion House,140 London Wall,London",323,1,51.517935449999996,-0.09544684644986326,"140 London Wall, City of London, EC2Y 5AP, United Kingdom",,140,London Wall,EC2Y 5AP,,Barbican,City of London,Greater London,,England,ENG,United Kingdom,gb,0.7290000000000001,0.81,0.81,© OpenStreetMap contributors,Open Database License,https://www.openstreetmap.org/copyright
United Kingdom,"15th Fl.,City Point Tower,1 Ropemaker St.,London,EC2Y 9HT",324,1,51.5189972,-0.0897507,"The Refinery, 1 Ropemaker Street, City of London, EC2Y 9AW, United Kingdom",The Refinery,1,Ropemaker Street,EC2Y 9AW,,Barbican,City of London,Greater London,,England,ENG,United Kingdom,gb,0.5103000000000001,0.81,0.81,© OpenStreetMap contributors,Open Database License,https://www.openstreetmap.org/copyright
United Kingdom,"15th Fl.,The Broadgate Tower,20 Primrose St.,London EC2A 2EW",325,1,51.5213133,-0.07975909954293661,"20 Primrose Street, City of London, EC2A 2AG, United Kingdom",,20,Primrose Street,EC2A 2AG,Bishopsgate Without,Broadgate,City of London,Greater London,,England,ENG,United Kingdom,gb,0.5103,0.81,0.81,© OpenStreetMap contributors,Open Database License,https://www.openstreetmap.org/copyright
United Kingdom,"15z the Grampians,Shepheros Bush Rd.,London",326,1,51.514993,-0.092813,"City of London, London, ENG, United Kingdom",City of London,,,,City of London,,London,London,,England,ENG,United Kingdom,gb,0.25,1,,Who's On First,CC0,https://www.whosonfirst.org/docs/licenses/
United Kingdom,"16 St.John's Lane,London EC1M 4BS",327,1,51.52158645,-0.10280273283512487,"16 St John's Lane, London, EC1M 4BJ, United Kingdom",,16,St John's Lane,EC1M 4BJ,London Borough of Islington,Clerkenwell,London,Greater London,,England,ENG,United Kingdom,gb,0.63,1,1,© OpenStreetMap contributors,Open Database License,https://www.openstreetmap.org/copyright
United Kingdom,"16 St.John's Lane,London,EC1M 4BS",328,1,51.52158645,-0.10280273283512487,"16 St John's Lane, London, EC1M 4BJ, United Kingdom",,16,St John's Lane,EC1M 4BJ,London Borough of Islington,Clerkenwell,London,Greater London,,England,ENG,United Kingdom,gb,0.63,1,1,© OpenStreetMap contributors,Open Database License,https://www.openstreetmap.org/copyright
United Kingdom,"161 Kensington High St.,London,W8 6SU",329,1,51.5003076,-0.1946458,"Three., 161 Kensington High Street, London, W8 6SG, United Kingdom",Three.,161,Kensington High Street,W8 6SG,Royal Borough of Kensington and Chelsea,Earl's Court,London,Greater London,,England,ENG,United Kingdom,gb,0.63,1,1,© OpenStreetMap contributors,Open Database License,https://www.openstreetmap.org/copyright
United Kingdom,"164 Great North Rd.,Hatfield,Hertfordshire,AL9 5JN",330,1,51.77402195,-0.21734254538136344,"Isuzu Truck, 164 Great North Road, Welwyn Hatfield, AL9 5JN, United Kingdom",Isuzu Truck,164,Great North Road,AL9 5JN,,The Ryde,Welwyn Hatfield,Hertfordshire,HRT,England,ENG,United Kingdom,gb,0.9,1,1,© OpenStreetMap contributors,Open Database License,https://www.openstreetmap.org/copyright
United Kingdom,"165 Queen Victoria St.,London,EC4V 4DD",331,1,51.5121351,-0.1030881,"Queen Victoria Street, City of London, EC4V 4EG, United Kingdom",Queen Victoria Street,,Queen Victoria Street,EC4V 4EG,,Blackfriars,City of London,Greater London,,England,ENG,United Kingdom,gb,0.5103,0.81,0.81,© OpenStreetMap contributors,Open Database License,https://www.openstreetmap.org/copyright
United Kingdom,"169 Kinghts Bridge,London SW7 1DM",332,1,51.471356,-0.191109,"167, 169 Wandsworth Bridge Road, London, SW7 1DM, United Kingdom",,"167, 169",Wandsworth Bridge Road,SW7 1DM,Hammersmith and Fulham,Sands End,London,London,,England,ENG,United Kingdom,gb,0.126,1,0.2,© OpenStreetMap contributors,Open Database License,https://www.openstreetmap.org/copyright
United Kingdom,"16A Regent St.,St.Jame's,London SW1Y 4PH",333,1,51.50912,-0.13369,"London, SW1Y 4PH, United Kingdom",,,,SW1Y 4PH,,,London,Greater London,,England,ENG,United Kingdom,gb,0.6,1,,© OpenStreetMap contributors,Open Database License,https://www.openstreetmap.org/copyright
United Kingdom,"16th Fl.,99 Bishopsgate,London EC2M 3XD",334,1,51.51594,-0.08248,"City of London, EC2M 3XD, United Kingdom",,,,EC2M 3XD,,,City of London,Greater London,,England,ENG,United Kingdom,gb,1,1,,© OpenStreetMap contributors,Open Database License,https://www.openstreetmap.org/copyright
United Kingdom,"16th Fl.,East Wing,33 Cavendish S.,London W1M 9HF",335,1,52.907042950000005,-1.281235945243473,"33 Cavendish Road, Nottingham, NG10 4HY, United Kingdom",,33,Cavendish Road,NG10 4HY,,,Nottingham,Derbyshire,DBY,England,ENG,United Kingdom,gb,0.9,,,© OpenStreetMap contributors,Open Database License,https://www.openstreetmap.org/copyright
United Kingdom,"17 Connaught Place,London W2 2EL",336,1,51.5137846,-0.16150016337592782,"Lex House, 17 Connaught Place, London, W2 2ES, United Kingdom",Lex House,17,Connaught Place,W2 2ES,,Marylebone,London,Greater London,,England,ENG,United Kingdom,gb,0.63,1,1,© OpenStreetMap contributors,Open Database License,https://www.openstreetmap.org/copyright
United Kingdom,"17 Dominion St.,London,EC2M 2EF",337,1,51.5190068,-0.0869065,"Dominion Street, City of London, EC2A 1AL, United Kingdom",Dominion Street,,Dominion Street,EC2A 1AL,London Borough of Islington,,City of London,Greater London,,England,ENG,United Kingdom,gb,0.1215,0.81,0.81,© OpenStreetMap contributors,Open Database License,https://www.openstreetmap.org/copyright
United Kingdom,"17 Hallswelle Rd.,London,NW11 0DH",338,1,51.5849143,-0.2014279,"Hallswelle Road, London, NW11 0DJ, United Kingdom",Hallswelle Road,,Hallswelle Road,NW11 0DJ,London Borough of Barnet,Temple Fortune,London,Greater London,,England,ENG,United Kingdom,gb,0.63,1,1,© OpenStreetMap contributors,Open Database License,https://www.openstreetmap.org/copyright
United Kingdom,"17,Craven Hill Gardens,London W2 3EE",339,1,51.5126552,-0.1825223715071485,"17 Craven Hill Gardens, London, W2 3BH, United Kingdom",,17,Craven Hill Gardens,W2 3BH,Westbourne Green,Paddington,London,Greater London,,England,ENG,United Kingdom,gb,0.63,1,1,© OpenStreetMap contributors,Open Database License,https://www.openstreetmap.org/copyright
United Kingdom,"17,Craven Hill Gardens,London,W2 3EE",340,1,51.5126552,-0.1825223715071485,"17 Craven Hill Gardens, London, W2 3BH, United Kingdom",,17,Craven Hill Gardens,W2 3BH,Westbourne Green,Paddington,London,Greater London,,England,ENG,United Kingdom,gb,0.63,1,1,© OpenStreetMap contributors,Open Database License,https://www.openstreetmap.org/copyright
United Kingdom,"171-175 Draycott Ave.,London SW3 3AJ",341,1,51.4935366,-0.1681159,"J.Crew, 171-175 Draycott Avenue, London, SW3 3AJ, United Kingdom",J.Crew,171-175,Draycott Avenue,SW3 3AJ,Royal Borough of Kensington and Chelsea,Chelsea,London,Greater London,,England,ENG,United Kingdom,gb,0.81,1,1,© OpenStreetMap contributors,Open Database License,https://www.openstreetmap.org/copyright
United Kingdom,"171/175 Draycott Av.London,SW3 3AJ",342,1,51.4935366,-0.1681159,"J.Crew, 171-175 Draycott Avenue, London, SW3 3AJ, United Kingdom",J.Crew,171-175,Draycott Avenue,SW3 3AJ,Royal Borough of Kensington and Chelsea,Chelsea,London,Greater London,,England,ENG,United Kingdom,gb,0.5670000000000001,1,0.63,© OpenStreetMap contributors,Open Database License,https://www.openstreetmap.org/copyright
United Kingdom,"171/175 Draycott Ave.,London SW3 3AJ",343,1,51.4935366,-0.1681159,"J.Crew, 171-175 Draycott Avenue, London, SW3 3AJ, United Kingdom",J.Crew,171-175,Draycott Avenue,SW3 3AJ,Royal Borough of Kensington and Chelsea,Chelsea,London,Greater London,,England,ENG,United Kingdom,gb,0.9,1,1,© OpenStreetMap contributors,Open Database License,https://www.openstreetmap.org/copyright
United Kingdom,"171/175 Draycott Ave.London,SW3 3AJ",344,1,51.4935366,-0.1681159,"J.Crew, 171-175 Draycott Avenue, London, SW3 3AJ, United Kingdom",J.Crew,171-175,Draycott Avenue,SW3 3AJ,Royal Borough of Kensington and Chelsea,Chelsea,London,Greater London,,England,ENG,United Kingdom,gb,0.5670000000000001,1,0.63,© OpenStreetMap contributors,Open Database License,https://www.openstreetmap.org/copyright
United Kingdom,"173 Cross Lane,Albion Way,Salford,Greater Manchester,M5 4AP",345,1,53.4807232,-2.2805845,"Salford, M5 4AP, United Kingdom",,,,M5 4AP,,,Salford,Greater Manchester,,England,ENG,United Kingdom,gb,0.6,1,,© OpenStreetMap contributors,Open Database License,https://www.openstreetmap.org/copyright
United Kingdom,"173 Cross Lane,Salford,Greater Manchester,M5 4AP",346,1,53.4807232,-2.2805845,"Salford, M5 4AP, United Kingdom",,,,M5 4AP,,,Salford,Greater Manchester,,England,ENG,United Kingdom,gb,0.6,1,,© OpenStreetMap contributors,Open Database License,https://www.openstreetmap.org/copyright
United Kingdom,"176 Buckingham Ave.,Slough,Berkshire,SL1 4RD",347,1,51.5202081,-0.6161512,"Buckingham Avenue, Slough, SL1 4LZ, United Kingdom",Buckingham Avenue,,Buckingham Avenue,SL1 4LZ,,Slough Trading Estate,Slough,,,England,ENG,United Kingdom,gb,0.63,1,1,© OpenStreetMap contributors,Open Database License,https://www.openstreetmap.org/copyright
United Kingdom,"179 New Bond St.,London W1Y 9PD",348,1,51.5095436,-0.14175904999999334,"Mikimoto, 179 New Bond Street, London, W1S 3SX, United Kingdom",Mikimoto,179,New Bond Street,W1S 3SX,St. James's,Mayfair,London,Greater London,,England,ENG,United Kingdom,gb,0.9,1,1,© OpenStreetMap contributors,Open Database License,https://www.openstreetmap.org/copyright
United Kingdom,"179 New Bond St.,London,W1S 4RJ",349,1,51.5095436,-0.14175904999999334,"Mikimoto, 179 New Bond Street, London, W1S 3SX, United Kingdom",Mikimoto,179,New Bond Street,W1S 3SX,St. James's,Mayfair,London,Greater London,,England,ENG,United Kingdom,gb,0.63,1,1,© OpenStreetMap contributors,Open Database License,https://www.openstreetmap.org/copyright
United Kingdom,17st.Helen's Place London E.C.3,350,1,51.514993,-0.092813,"City of London, London, ENG, United Kingdom",City of London,,,,City of London,,London,London,,England,ENG,United Kingdom,gb,0.15249266862170088,0.18181818181818182,,Who's On First,CC0,https://www.whosonfirst.org/docs/licenses/
United Kingdom,"17th Fl.,99 Bishopsgate,London EC2M 3XD",351,1,51.51594,-0.08248,"City of London, EC2M 3XD, United Kingdom",,,,EC2M 3XD,,,City of London,Greater London,,England,ENG,United Kingdom,gb,1,1,,© OpenStreetMap contributors,Open Database License,https://www.openstreetmap.org/copyright
United Kingdom,"18 Dartmouth Place,London W4 2RH",352,1,51.4843391,-0.254127,"Dartmouth Place, London, W4 2RH, United Kingdom",Dartmouth Place,,Dartmouth Place,W4 2RH,London Borough of Hounslow,Grove Park,London,Greater London,,England,ENG,United Kingdom,gb,0.7,1,1,© OpenStreetMap contributors,Open Database License,https://www.openstreetmap.org/copyright
United Kingdom,"18 Grenville St.,Helier,Jersey,Channel Islands",353,1,51.384651,-0.178631,"St. Helier, London, ENG, United Kingdom",St. Helier,,,,Sutton,St. Helier,London,London,,England,ENG,United Kingdom,gb,0.08035714285714286,0.32142857142857145,,Who's On First,CC0,https://www.whosonfirst.org/docs/licenses/
United Kingdom,"18 Grenville St.,St Helier,Jersey(Channel Islands)",354,1,51.3866947,-0.1800574,"St Helier (St Helier), SM5 1BZ, United Kingdom",St Helier,,,SM5 1BZ,,,St Helier,Greater London,,England,ENG,United Kingdom,gb,0.25,0.35714285714285715,,© OpenStreetMap contributors,Open Database License,https://www.openstreetmap.org/copyright
United Kingdom,"18 Grenville St.,St.Helier,Jersey,Channel Island",355,1,53.404775,-2.171907,"68 Grenville Street, Stockport, SK3 9ES, United Kingdom",,68,Grenville Street,SK3 9ES,,,Stockport,Salford,SLF,England,ENG,United Kingdom,gb,0,,,© OpenStreetMap contributors,Open Database License,https://www.openstreetmap.org/copyright
United Kingdom,"18 Grenville St.,St.Helier,Jersey,Channel Islands",356,1,51.3866947,-0.1800574,"St Helier (St Helier), SM5 1BZ, United Kingdom",St Helier,,,SM5 1BZ,,,St Helier,Greater London,,England,ENG,United Kingdom,gb,0.25,0.35714285714285715,,© OpenStreetMap contributors,Open Database License,https://www.openstreetmap.org/copyright
United Kingdom,"18 King William St.,London EC4N 7BR",357,1,51.511096,-0.087252,"Santander, 18 King William Street, City of London, EC4N 7BP, United Kingdom",Santander,18,King William Street,EC4N 7BP,,Cornhill,City of London,Greater London,,England,ENG,United Kingdom,gb,0.5103000000000001,0.81,0.81,© OpenStreetMap contributors,Open Database License,https://www.openstreetmap.org/copyright
United Kingdom,"18 Mansell St.,London E1 8AA",358,1,51.5137523,-0.0736688,"Thaï Express, 18b Mansell Street, London, E1 8AA, United Kingdom",Thaï Express,18b,Mansell Street,E1 8AA,London Borough of Tower Hamlets,Whitechapel,London,Greater London,,England,ENG,United Kingdom,gb,0.855,1,1,© OpenStreetMap contributors,Open Database License,https://www.openstreetmap.org/copyright
United Kingdom,"18,Holywell Rd.,Leicester LE2 8SG",359,1,52.6007858,-1.1540263,"Holywell Road, Leicester, LE2 8SG, United Kingdom",Holywell Road,,Holywell Road,LE2 8SG,,Aylestone,Leicester,City of Leicester,,England,ENG,United Kingdom,gb,0.7,1,1,© OpenStreetMap contributors,Open Database License,https://www.openstreetmap.org/copyright
United Kingdom,"187 Albert Quay Aberdeen AB1 2QA,Scotland",360,1,57.1422097,-2.0909489,"Albert Quay, Aberdeen City, AB11 5PQ, United Kingdom",Albert Quay,,Albert Quay,AB11 5PQ,,Castlehill and Pittodrie,Aberdeen City,Aberdeen City,ABE,Scotland,SCT,United Kingdom,gb,0.45,0.9,0.9,© OpenStreetMap contributors,Open Database License,https://www.openstreetmap.org/copyright
United Kingdom,"18th Fl.,Broadgate Tower 20 Primrose St.,London,EC2A 2EW",361,1,51.5213133,-0.07975909954293661,"20 Primrose Street, City of London, EC2A 2AG, United Kingdom",,20,Primrose Street,EC2A 2AG,Bishopsgate Without,Broadgate,City of London,Greater London,,England,ENG,United Kingdom,gb,0.5103,0.81,0.81,© OpenStreetMap contributors,Open Database License,https://www.openstreetmap.org/copyright
United Kingdom,"18th Fl.,Centre Point,103 New Oxford St.,London WC1A 1EB",362,1,51.5161979,-0.12974178014204607,"Centre Point Tower, 101-103 New Oxford Street, London, WC1A 1DB, United Kingdom",Centre Point Tower,101-103,New Oxford Street,WC1A 1DB,London Borough of Camden,Bloomsbury,London,Greater London,,England,ENG,United Kingdom,gb,0.5670000000000001,1,1,© OpenStreetMap contributors,Open Database License,https://www.openstreetmap.org/copyright
United Kingdom,"18th Fl.,Centre Point,103 New Oxford St.,London,WC1A 1EB",363,1,51.5161979,-0.12974178014204607,"Centre Point Tower, 101-103 New Oxford Street, London, WC1A 1DB, United Kingdom",Centre Point Tower,101-103,New Oxford Street,WC1A 1DB,London Borough of Camden,Bloomsbury,London,Greater London,,England,ENG,United Kingdom,gb,0.5670000000000001,1,1,© OpenStreetMap contributors,Open Database License,https://www.openstreetmap.org/copyright
United Kingdom,"18th Fl.,Centre Point,103 New Oxford St.,London,WC1A 1EB,U.K.",364,1,51.5161979,-0.12974178014204607,"Centre Point Tower, 101-103 New Oxford Street, London, WC1A 1DB, United Kingdom",Centre Point Tower,101-103,New Oxford Street,WC1A 1DB,London Borough of Camden,Bloomsbury,London,Greater London,,England,ENG,United Kingdom,gb,0.5670000000000001,1,1,© OpenStreetMap contributors,Open Database License,https://www.openstreetmap.org/copyright
United Kingdom,"19 Berkeley St.,London W1X 5AE",365,1,51.5155396,-0.16039505907257917,"The Berkeley Clinic, 19 Upper Berkeley Street, London, W1H 7QZ, United Kingdom",The Berkeley Clinic,19,Upper Berkeley Street,W1H 7QZ,,Marylebone,London,Greater London,,England,ENG,United Kingdom,gb,0.81,1,0.9,© OpenStreetMap contributors,Open Database License,https://www.openstreetmap.org/copyright
United Kingdom,"19 Craven Hill,London W2 3EN",366,1,51.512462049999996,-0.1818696931254141,"19 Craven Hill, London, W2 3ER, United Kingdom",,19,Craven Hill,W2 3ER,Westbourne Green,Paddington,London,Greater London,,England,ENG,United Kingdom,gb,0.63,1,1,© OpenStreetMap contributors,Open Database License,https://www.openstreetmap.org/copyright
United Kingdom,"19 Craven Hill,London W23EN",367,1,51.512462049999996,-0.1818696931254141,"19 Craven Hill, London, W2 3ER, United Kingdom",,19,Craven Hill,W2 3ER,Westbourne Green,Paddington,London,Greater London,,England,ENG,United Kingdom,gb,0.63,1,1,© OpenStreetMap contributors,Open Database License,https://www.openstreetmap.org/copyright
United Kingdom,"19 Duke St.,London,W1U 1DJ",368,1,51.51551,-0.15179,"London, W1U 1DJ, United Kingdom",,,,W1U 1DJ,,,City of Westminster,Greater London,,England,ENG,United Kingdom,gb,0.6,1,,© OpenStreetMap contributors,Open Database License,https://www.openstreetmap.org/copyright
United Kingdom,19 Eastbourne Terrace London W2 6LG,369,1,51.5160154,-0.1769998,"The Mad Bishop & Bear, 19 Eastbourne Terrace, London, W2 6LG, United Kingdom",The Mad Bishop & Bear,19,Eastbourne Terrace,W2 6LG,,Paddington,London,Greater London,,England,ENG,United Kingdom,gb,0.9,1,1,© OpenStreetMap contributors,Open Database License,https://www.openstreetmap.org/copyright
United Kingdom,"19 Hanover Sq.,London W1R 9DA",370,1,51.5138548,-0.1442553,"19 Hanover Square, London, W1R 9DA, United Kingdom",,19,Hanover Square,W1R 9DA,Westminster,Mayfair,London,London,,England,ENG,United Kingdom,gb,0.9,1,1,,,
United Kingdom,"19 Hanover Sq.,London W1S 1HY",371,1,51.5138,-0.14484,"London, W1S 1HY, United Kingdom",,,,W1S 1HY,,,City of Westminster,Greater London,,England,ENG,United Kingdom,gb,0.6,1,,© OpenStreetMap contributors,Open Database License,https://www.openstreetmap.org/copyright
United Kingdom,"19 Heathfield,Stacey Bushes Milton Keynes MK12 6HP",372,1,52.0503095,-0.8028976,"Heathfield, Milton Keynes, MK12 6HP, United Kingdom",Heathfield,,Heathfield,MK12 6HP,,Wolverton and Greenleys,Milton Keynes,City of Milton Keynes,,England,ENG,United Kingdom,gb,0.7,1,1,© OpenStreetMap contributors,Open Database License,https://www.openstreetmap.org/copyright
United Kingdom,"19-21 Brunel Rd.,Actor London W37XR",373,1,51.519854,-0.2538413,"Brunel Road, London, W3 7XR, United Kingdom",Brunel Road,,Brunel Road,W3 7XR,London Borough of Ealing,Acton,London,Greater London,,England,ENG,United Kingdom,gb,0.7,1,1,© OpenStreetMap contributors,Open Database License,https://www.openstreetmap.org/copyright
United Kingdom,"19,Berkeley St.London W1",374,1,51.508303,-0.14299715214335734,"The Fleming Collection, 13 Berkeley Street, London, W1J 8DR, United Kingdom",The Fleming Collection,13,Berkeley Street,W1J 8DR,St. James's,Mayfair,London,Greater London,,England,ENG,United Kingdom,gb,0.25004699999999996,,,© OpenStreetMap contributors,Open Database License,https://www.openstreetmap.org/copyright
United Kingdom,"19,Berkeley St.London W1X 5AE",375,1,51.51555,-0.160402,"19 Upper Berkeley Street, London, W1H 7QZ, United Kingdom",,19,Upper Berkeley Street,W1H 7QZ,Westminster,Marylebone,London,London,,England,ENG,United Kingdom,gb,0,,,© OpenStreetMap contributors,Open Database License,https://www.openstreetmap.org/copyright
United Kingdom,"199 Bishops Gate,London EC2M 3TT",376,1,51.5368014,0.026954,"Bishops Avenue, London, E13 0RB, United Kingdom",Bishops Avenue,,Bishops Avenue,E13 0RB,London Borough of Newham,Upton,London,Greater London,,England,ENG,United Kingdom,gb,0.5,1,1,© OpenStreetMap contributors,Open Database License,https://www.openstreetmap.org/copyright
United Kingdom,"199 Bishopsgate,London EC2M 3TY",377,1,51.52023,-0.07926,"City of London, EC2M 3TY, United Kingdom",,,,EC2M 3TY,,,City of London,Greater London,,England,ENG,United Kingdom,gb,0.6,1,,© OpenStreetMap contributors,Open Database License,https://www.openstreetmap.org/copyright
United Kingdom,"19B Washington Rd.,West Witts Trading Estate,Westbury,Wiltshire,BA13 4JP",378,1,51.2749282,-2.2104846,"Washington Road, Hawkeridge, BA13 4JP, United Kingdom",Washington Road,,Washington Road,BA13 4JP,Heywood,Heywood,Hawkeridge,Wiltshire,WIL,England,ENG,United Kingdom,gb,0.7,1,1,© OpenStreetMap contributors,Open Database License,https://www.openstreetmap.org/copyright
United Kingdom,"1B,Marylebone Lane,London W1M 5FA",379,1,51.517213,-0.150869,"37 Marylebone Lane, London, W1U 2NN, United Kingdom",,37,Marylebone Lane,W1U 2NN,Westminster,Marylebone,London,London,,England,ENG,United Kingdom,gb,0.45,1,1,© OpenStreetMap contributors,Open Database License,https://www.openstreetmap.org/copyright
United Kingdom,"1B,Marylebone Lane,London WIM 5FA",380,1,51.51761475,-0.1503079657610743,"Wetherby Senior School, 100 Marylebone Lane, London, W1U 2QU, United Kingdom",Wetherby Senior School,100,Marylebone Lane,W1U 2QU,,Mayfair,London,Greater London,,England,ENG,United Kingdom,gb,0.45,1,1,© OpenStreetMap contributors,Open Database License,https://www.openstreetmap.org/copyright
United Kingdom,"1F Berger House,36-38 Berkeley Square London W1X 5DA",381,1,51.5098916,-0.14744029236475698,"Berger House, 36-38 Berkeley Square, London, W1J 6EN, United Kingdom",Berger House,36-38,Berkeley Square,W1J 6EN,St. James's,Mayfair,London,Greater London,,England,ENG,United Kingdom,gb,0.9,1,1,© OpenStreetMap contributors,Open Database License,https://www.openstreetmap.org/copyright
United Kingdom,"1Fl.,Berger House,36-38 Berkeley Sq.,London W1X 5DA",382,1,51.5098916,-0.14744029236475698,"Berger House, 36-38 Berkeley Square, London, W1J 6EN, United Kingdom",Berger House,36-38,Berkeley Square,W1J 6EN,St. James's,Mayfair,London,Greater London,,England,ENG,United Kingdom,gb,0.9,1,1,© OpenStreetMap contributors,Open Database License,https://www.openstreetmap.org/copyright
United Kingdom,"1Seething Lane,London EC3N 4NH",383,1,51.5106067,-0.0793789,"Apex City of London, 1 Seething Lane, City of London, EC3N 4AX, United Kingdom",Apex City of London,1,Seething Lane,EC3N 4AX,City of London,Aldgate,City of London,Greater London,,England,ENG,United Kingdom,gb,0.5103000000000001,0.81,0.81,© OpenStreetMap contributors,Open Database License,https://www.openstreetmap.org/copyright
United Kingdom,"1Seething Lene,London Ec3n 4Nh",384,1,51.510607,-0.079379,"1 Seething Lane, London, EC3N 4AX, United Kingdom",,1,Seething Lane,EC3N 4AX,City of London,Fenchurch,London,London,,England,ENG,United Kingdom,gb,0.42524999999999996,1,0.675,© OpenStreetMap contributors,Open Database License,https://www.openstreetmap.org/copyright
United Kingdom,"1st Fl.,1 College Hill,London EC4R 2RA",385,1,51.51166,-0.09226,"City of London, EC4R 2RA, United Kingdom",,,,EC4R 2RA,,,City of London,Greater London,,England,ENG,United Kingdom,gb,0.6,1,,© OpenStreetMap contributors,Open Database License,https://www.openstreetmap.org/copyright
United Kingdom,"1st Fl.,1 King William St.,London EC4N 7AR",386,1,51.51253,-0.08844,"City of London, EC4N 7AR, United Kingdom",,,,EC4N 7AR,,,City of London,Greater London,,England,ENG,United Kingdom,gb,0.6,1,,© OpenStreetMap contributors,Open Database License,https://www.openstreetmap.org/copyright
United Kingdom,"1st Fl.,1 King William St.,London,EC4N 7AR",387,1,51.51253,-0.08844,"City of London, EC4N 7AR, United Kingdom",,,,EC4N 7AR,,,City of London,Greater London,,England,ENG,United Kingdom,gb,0.6,1,,© OpenStreetMap contributors,Open Database License,https://www.openstreetmap.org/copyright
United Kingdom,"1st Fl.,107 Fenchurch St.London,EC3M 5JF",388,1,51.5126466,-0.079319,"Willy's Wine Bar, 107 Fenchurch Street, City of London, EC3M 5JF, United Kingdom",Willy's Wine Bar,107,Fenchurch Street,EC3M 5JF,City of London,Aldgate,City of London,Greater London,,England,ENG,United Kingdom,gb,0.63,1,0.63,© OpenStreetMap contributors,Open Database License,https://www.openstreetmap.org/copyright
United Kingdom,"1st Fl.,19A The Mall,Ealing,London W5 2PJ",389,1,51.5140851,-0.3003277,"The Mall, London, W5 2PJ, United Kingdom",The Mall,,The Mall,W5 2PJ,London Borough of Ealing,,London,Greater London,,England,ENG,United Kingdom,gb,0.7,1,1,© OpenStreetMap contributors,Open Database License,https://www.openstreetmap.org/copyright
United Kingdom,"1st Fl.,2 Baker's Yard,Farringdon,London,EC1R 3DD",390,1,51.5235003,-0.1104376,"2 Bakers Yard, London, EC1R 3DD, United Kingdom",,2,Bakers Yard,EC1R 3DD,Islington,Clerkenwell,London,London,,England,ENG,United Kingdom,gb,0.9,1,1,,,
United Kingdom,"1st Fl.,24 Britton St.,London EC1M 5UA",391,1,51.52125095,-0.1045232896914319,"Kurt Geiger, 24 Britton Street, London, EC1M 5UP, United Kingdom",Kurt Geiger,24,Britton Street,EC1M 5UP,London Borough of Islington,Clerkenwell,London,Greater London,,England,ENG,United Kingdom,gb,0.63,1,1,© OpenStreetMap contributors,Open Database License,https://www.openstreetmap.org/copyright
United Kingdom,"1st Fl.,24 Lombard St.,London EC3V 9AJ",392,1,51.51231,-0.08664,"City of London, EC3V 9AJ, United Kingdom",,,,EC3V 9AJ,,,City of London,Greater London,,England,ENG,United Kingdom,gb,0.6,1,,© OpenStreetMap contributors,Open Database License,https://www.openstreetmap.org/copyright
United Kingdom,"1st Fl.,29 Enford St.London W1H 1DG",393,1,51.52039,-0.16233,"London, W1H 1DG, United Kingdom",,,,W1H 1DG,,,City of Westminster,Greater London,,England,ENG,United Kingdom,gb,1,1,,© OpenStreetMap contributors,Open Database License,https://www.openstreetmap.org/copyright
United Kingdom,"1st Fl.,29-30 Cornhill London EC3V 3ND",394,1,51.513203971428574,-0.0874783,"City of London, EC3V 3ND, United Kingdom",,,,EC3V 3ND,,,City of London,Greater London,,England,ENG,United Kingdom,gb,0.6,1,,© OpenStreetMap contributors,Open Database License,https://www.openstreetmap.org/copyright
United Kingdom,"1st Fl.,29-30 Cornhill,London EC3V 3ND",395,1,51.513203971428574,-0.0874783,"City of London, EC3V 3ND, United Kingdom",,,,EC3V 3ND,,,City of London,Greater London,,England,ENG,United Kingdom,gb,0.6,1,,© OpenStreetMap contributors,Open Database License,https://www.openstreetmap.org/copyright
United Kingdom,"1st Fl.,295 Regent St.,London W1R 7YA",396,1,51.5166877,-0.1428351390513167,"295 Regent Street, London, W1B 3AT, United Kingdom",,295,Regent Street,W1B 3AT,Westminster,Mayfair,City of Westminster,Greater London,,England,ENG,United Kingdom,gb,0.24300000000000002,0.9,0.9,© OpenStreetMap contributors,Open Database License,https://www.openstreetmap.org/copyright
United Kingdom,"1st Fl.,295 Regent St.,London,W1R 7YA",397,1,51.5166877,-0.1428351390513167,"295 Regent Street, London, W1B 3AT, United Kingdom",,295,Regent Street,W1B 3AT,Westminster,Mayfair,City of Westminster,Greater London,,England,ENG,United Kingdom,gb,0.24300000000000002,0.9,0.9,© OpenStreetMap contributors,Open Database License,https://www.openstreetmap.org/copyright
United Kingdom,"1st Fl.,3 Furzeground Way,Stockley Park,Uxbridge,Middlesex,UB11 1EZ",398,1,51.5083934,-0.4412488806683331,"3 Furzeground Way, London, UB11 1BB, United Kingdom",,3,Furzeground Way,UB11 1BB,London Borough of Hillingdon,Stockley Park,London,Greater London,,England,ENG,United Kingdom,gb,0.48999999999999994,0.7,0.7,© OpenStreetMap contributors,Open Database License,https://www.openstreetmap.org/copyright
United Kingdom,"1st Fl.,4 Broadgate,London EC2M 2AE",399,1,51.517227,-0.087598,"London, EC2M 5PS, United Kingdom",EC2M 5PS,,,EC2M 5PS,,,London,,,,,United Kingdom,gb,0.48999999999999994,1,,Who's On First,CC0,https://www.whosonfirst.org/docs/licenses/
United Kingdom,"1st Fl.,43 New Bond St.,London",400,1,51.5121187,-0.1442814,"43 New Bond Street, London, W1S 1RT, United Kingdom",,43,New Bond Street,W1S 1RT,Westminster,Mayfair,London,London,,England,ENG,United Kingdom,gb,0.9,1,1,,,
United Kingdom,"1st Fl.,43 New Bond Street,London",401,1,51.5121187,-0.1442814,"43 New Bond Street, London, W1S 1RT, United Kingdom",,43,New Bond Street,W1S 1RT,Westminster,Mayfair,London,London,,England,ENG,United Kingdom,gb,0.9,1,1,,,
United Kingdom,"1st Fl.,5 King William St.,London,EC4N 7AX",402,1,51.5112826,-0.087128,"King William Street, City of London, EC4N 7HR, United Kingdom",King William Street,,King William Street,EC4N 7HR,,Cornhill,City of London,Greater London,,England,ENG,United Kingdom,gb,0.5103,0.81,0.81,© OpenStreetMap contributors,Open Database License,https://www.openstreetmap.org/copyright
United Kingdom,"1st Fl.,5 Lloyd's Ave.,London,EC3N 3AE",403,1,51.5117445,-0.0774102,"Caffeina, 5 Lloyd's Avenue, City of London, EC3N 3AE, United Kingdom",Caffeina,5,Lloyd's Avenue,EC3N 3AE,,Aldgate,City of London,Greater London,,England,ENG,United Kingdom,gb,0.9,1,1,© OpenStreetMap contributors,Open Database License,https://www.openstreetmap.org/copyright
United Kingdom,"1st Fl.,50 Mark Lane London,EC3R 7QR",404,1,51.5100703,-0.08034,"Santander, 50 Mark Lane, City of London, EC3R 7QR, United Kingdom",Santander,50,Mark Lane,EC3R 7QR,,Bishopsgate,City of London,Greater London,,England,ENG,United Kingdom,gb,0.9,1,1,© OpenStreetMap contributors,Open Database License,https://www.openstreetmap.org/copyright
United Kingdom,"1st Fl.,6 Devonshire Sq.,London,EC2M 4YE",405,1,51.5164991,-0.0777466,"Bean about Town, 6 Devonshire Square, City of London, EC2M 4YE, United Kingdom",Bean about Town,6,Devonshire Square,EC2M 4YE,,Bishopsgate,City of London,Greater London,,England,ENG,United Kingdom,gb,0.9,1,1,© OpenStreetMap contributors,Open Database License,https://www.openstreetmap.org/copyright
United Kingdom,"1st Fl.,80 Cannon St.,London EC4N 6HL",406,1,51.511254,-0.089658,"Boots, 80 Cannon Street, City of London, EC4N 6HL, United Kingdom",Boots,80,Cannon Street,EC4N 6HL,,Vintry,City of London,Greater London,,England,ENG,United Kingdom,gb,0.9,1,1,© OpenStreetMap contributors,Open Database License,https://www.openstreetmap.org/copyright
United Kingdom,"1st Fl.,80 Cannon St.,London,EC4N 6HL",407,1,51.511254,-0.089658,"Boots, 80 Cannon Street, City of London, EC4N 6HL, United Kingdom",Boots,80,Cannon Street,EC4N 6HL,,Vintry,City of London,Greater London,,England,ENG,United Kingdom,gb,0.9,1,1,© OpenStreetMap contributors,Open Database License,https://www.openstreetmap.org/copyright
United Kingdom,"1st Fl.,80 Cheapside,London EC2V 6EE",408,1,51.5135459,-0.0915278,"Tesco Express, 80B Cheapside, City of London, EC2V 6EE, United Kingdom",Tesco Express,80B,Cheapside,EC2V 6EE,,Cheap,City of London,Greater London,,England,ENG,United Kingdom,gb,0.855,1,1,© OpenStreetMap contributors,Open Database License,https://www.openstreetmap.org/copyright
United Kingdom,"1st Fl.,80 Cheapside,London,EC2V 6EE",409,1,51.5135459,-0.0915278,"Tesco Express, 80B Cheapside, City of London, EC2V 6EE, United Kingdom",Tesco Express,80B,Cheapside,EC2V 6EE,,Cheap,City of London,Greater London,,England,ENG,United Kingdom,gb,0.855,1,1,© OpenStreetMap contributors,Open Database License,https://www.openstreetmap.org/copyright
United Kingdom,"1st Fl.,85 London Wall,London EC2M 7AD",410,1,51.5168714,-0.08529362457627082,"Kobox, 85 London Wall, City of London, EC2M 7AD, United Kingdom",Kobox,85,London Wall,EC2M 7AD,,Bishopsgate,City of London,Greater London,,England,ENG,United Kingdom,gb,0.9,1,1,© OpenStreetMap contributors,Open Database License,https://www.openstreetmap.org/copyright
United Kingdom,"1st Fl.,99 Gresham St.,London EC2P 2BR",411,1,51.5149836,-0.0903911,"99 Gresham Street, City of London, EC2V 7NQ, United Kingdom",,99,Gresham Street,EC2V 7NQ,City of London,Cheap,City of London,Greater London,,England,ENG,United Kingdom,gb,0.2187,0.81,0.81,© OpenStreetMap contributors,Open Database License,https://www.openstreetmap.org/copyright
United Kingdom,"1st Fl.,99 Gresham St.,London EC2V 7NA",412,1,51.51508,-0.09097,"City of London, EC2V 7NA, United Kingdom",,,,EC2V 7NA,,,City of London,Greater London,,England,ENG,United Kingdom,gb,0.6,1,,© OpenStreetMap contributors,Open Database License,https://www.openstreetmap.org/copyright
United Kingdom,"1st Fl.,Aquila House 33-34 Soho Sq.,London W1V 5DG",413,1,51.514911,-0.131957,"Soho Square, London, W1V 5DG, United Kingdom",,,Soho Square,W1V 5DG,Westminster,Soho,London,London,,England,ENG,United Kingdom,gb,0.5,1,1,© OpenStreetMap contributors,Open Database License,https://www.openstreetmap.org/copyright
United Kingdom,"1st Fl.,Berger House,36-38 Berkeley Sq.,London W1X 5DA",414,1,51.5098916,-0.14744029236475698,"Berger House, 36-38 Berkeley Square, London, W1J 6EN, United Kingdom",Berger House,36-38,Berkeley Square,W1J 6EN,St. James's,Mayfair,London,Greater London,,England,ENG,United Kingdom,gb,0.9,1,1,© OpenStreetMap contributors,Open Database License,https://www.openstreetmap.org/copyright
United Kingdom,"1st Fl.,Berger House,38 Berkeley Sq.,London W1J 5AH",415,1,51.5098916,-0.14744029236475698,"Berger House, 36-38 Berkeley Square, London, W1J 6EN, United Kingdom",Berger House,36-38,Berkeley Square,W1J 6EN,St. James's,Mayfair,London,Greater London,,England,ENG,United Kingdom,gb,0.567,1,1,© OpenStreetMap contributors,Open Database License,https://www.openstreetmap.org/copyright
United Kingdom,"1st Fl.,Berger House,38 Berkeley Sq.,London W1X 6NP",416,1,51.5098916,-0.14744029236475698,"Berger House, 36-38 Berkeley Square, London, W1J 6EN, United Kingdom",Berger House,36-38,Berkeley Square,W1J 6EN,St. James's,Mayfair,London,Greater London,,England,ENG,United Kingdom,gb,0.81,1,1,© OpenStreetMap contributors,Open Database License,https://www.openstreetmap.org/copyright
United Kingdom,"1st Fl.,Berger House,38 Berkeley Sq.,London,W1J 5AH",417,1,51.5098916,-0.14744029236475698,"Berger House, 36-38 Berkeley Square, London, W1J 6EN, United Kingdom",Berger House,36-38,Berkeley Square,W1J 6EN,St. James's,Mayfair,London,Greater London,,England,ENG,United Kingdom,gb,0.567,1,1,© OpenStreetMap contributors,Open Database License,https://www.openstreetmap.org/copyright
United Kingdom,"1st Fl.,Blays House,Wick Rd.,Egham,Surrey,TW20 0HJ",418,1,51.4199188,-0.588139,"Wick Road, Runnymede, TW20 0HN, United Kingdom",Wick Road,,Wick Road,TW20 0HN,,,Borough of Runnymede,Surrey,SRY,England,ENG,United Kingdom,gb,0.5670000000000001,0.9,0.9,© OpenStreetMap contributors,Open Database License,https://www.openstreetmap.org/copyright
United Kingdom,"1st Fl.,Carrington House,126-130 Regent St.,London",419,1,51.511019,-0.138431,"126 Regent Street, London, W1J 0AD, United Kingdom",,126,Regent Street,W1J 0AD,Westminster,Soho,London,London,,England,ENG,United Kingdom,gb,0.9,1,1,© OpenStreetMap contributors,Open Database License,https://www.openstreetmap.org/copyright
United Kingdom,"1st Fl.,Carrington House,126-130 Regent St.,London W1B 5SE",420,1,51.5110105,-0.1384455015476545,"T.M.Lewin, 126 Regent Street, London, W1B 5SF, United Kingdom",T.M.Lewin,126,Regent Street,W1B 5SF,St. James's,Mayfair,City of Westminster,Greater London,,England,ENG,United Kingdom,gb,0.5670000000000001,0.9,0.9,© OpenStreetMap contributors,Open Database License,https://www.openstreetmap.org/copyright
United Kingdom,"1st Fl.,Crescent House,14-15 Grosvener Crescent,London SW1X 7EE",421,1,51.5007493,-0.15354065,"London, SW1X 7EE, United Kingdom",,,,SW1X 7EE,,,City of Westminster,Greater London,,England,ENG,United Kingdom,gb,0.6,1,,© OpenStreetMap contributors,Open Database License,https://www.openstreetmap.org/copyright
United Kingdom,"1st Fl.,Foxglove House,166-168 Piccadilly,London,W1J 9EF",422,1,51.50776875,-0.1400473083091976,"Foxglove House, 166 Piccadilly, London, W1J 9EF, United Kingdom",Foxglove House,166,Piccadilly,W1J 9EF,St. James's,Mayfair,London,Greater London,,England,ENG,United Kingdom,gb,0.9,1,1,© OpenStreetMap contributors,Open Database License,https://www.openstreetmap.org/copyright
United Kingdom,"1st Fl.,Healthaid House,Marlborough Hill,Harrow Middlesex,HA1 1UD",423,1,51.5884984,-0.3412047,"Marlborough Hill, London, HA1 1UU, United Kingdom",Marlborough Hill,,Marlborough Hill,HA1 1UU,London Borough of Harrow,Wealdstone,London,Greater London,,England,ENG,United Kingdom,gb,0.44099999999999995,0.7290000000000001,0.7290000000000001,© OpenStreetMap contributors,Open Database License,https://www.openstreetmap.org/copyright
United Kingdom,"1st Fl.,John Stow House,18 Bevis Marks,London,EC3A 7JB",424,1,51.51492715,-0.078898,"City of London, EC3A 7JB, United Kingdom",,,,EC3A 7JB,,,City of London,Greater London,,England,ENG,United Kingdom,gb,0.6,1,,© OpenStreetMap contributors,Open Database License,https://www.openstreetmap.org/copyright
United Kingdom,"1st Fl.,London Bioscience Innovation Centre,2 Royal College St,London NW1 0NH",425,1,51.5365402,-0.1340876,"Royal College Street, London, NW1 0NH, United Kingdom",Royal College Street,,Royal College Street,NW1 0NH,London Borough of Camden,St Pancras,London,Greater London,,England,ENG,United Kingdom,gb,0.7,1,1,© OpenStreetMap contributors,Open Database License,https://www.openstreetmap.org/copyright
United Kingdom,"1st Fl.,London Bioscience Innovation Centre,2 Royal College St,London NW10NH",426,1,51.5365402,-0.1340876,"Royal College Street, London, NW1 0NH, United Kingdom",Royal College Street,,Royal College Street,NW1 0NH,London Borough of Camden,St Pancras,London,Greater London,,England,ENG,United Kingdom,gb,0.7,1,1,© OpenStreetMap contributors,Open Database License,https://www.openstreetmap.org/copyright
United Kingdom,"1st Fl.,Neptune House,Triton Court 14 Finsbury Square,London EC2A 1BR",427,1,51.5216989,-0.0867593,"Haz, 14 Finsbury Square, London, EC2A 1AH, United Kingdom",Haz,14,Finsbury Square,EC2A 1AH,London Borough of Islington,Finsbury,London,Greater London,,England,ENG,United Kingdom,gb,0.63,1,1,© OpenStreetMap contributors,Open Database License,https://www.openstreetmap.org/copyright
United Kingdom,"1st Fl.,Neptune House,Triton Court,14 Finsbury Sq.,London EC2A 1BR",428,1,51.5216989,-0.0867593,"Haz, 14 Finsbury Square, London, EC2A 1AH, United Kingdom",Haz,14,Finsbury Square,EC2A 1AH,London Borough of Islington,Finsbury,London,Greater London,,England,ENG,United Kingdom,gb,0.63,1,1,© OpenStreetMap contributors,Open Database License,https://www.openstreetmap.org/copyright
United Kingdom,"1st Fl.,Neptune House,Triton Court,14 Finsbury Square,London EC2A 1BR",429,1,51.5216989,-0.0867593,"Haz, 14 Finsbury Square, London, EC2A 1AH, United Kingdom",Haz,14,Finsbury Square,EC2A 1AH,London Borough of Islington,Finsbury,London,Greater London,,England,ENG,United Kingdom,gb,0.63,1,1,© OpenStreetMap contributors,Open Database License,https://www.openstreetmap.org/copyright
United Kingdom,"1st Fl.,One Knightrider Court,Knightrider St.,London EC4V 5BJ",430,1,51.5125552,-0.0991398,"Knightrider Street, City of London, EC4V 5BJ, United Kingdom",Knightrider Street,,Knightrider Street,EC4V 5BJ,,Blackfriars,City of London,Greater London,,England,ENG,United Kingdom,gb,0.7,1,1,© OpenStreetMap contributors,Open Database License,https://www.openstreetmap.org/copyright
United Kingdom,"1st Fl.,Pemberton House,4/6 East Harding St.,London EC4A 3AS",431,1,51.51532,-0.10778,"City of London, EC4A 3AS, United Kingdom",,,,EC4A 3AS,,,City of London,Greater London,,England,ENG,United Kingdom,gb,0.6,1,,© OpenStreetMap contributors,Open Database License,https://www.openstreetmap.org/copyright
United Kingdom,"1st Fl.,Press Centre,13 East Bay Lane,Here East,Queen Elizabeth Olympic Park,London E15 2GW",432,1,51.54623825,-0.02198635000000175,"Saint Espresso, 13 East Bay Lane, London, E20 3BS, United Kingdom",Saint Espresso,13,East Bay Lane,E20 3BS,London Borough of Hackney,Hackney Wick,London,Greater London,,England,ENG,United Kingdom,gb,0.9,1,1,© OpenStreetMap contributors,Open Database License,https://www.openstreetmap.org/copyright
United Kingdom,"1st Fl.,Royal Pavillion,Tower 3,Wellesley Rd.,Aldershot,Hampshire,GU11 1PZ",433,1,51.2492932,-0.7824612,"Wellesley Road, Rushmoor, GU11 1PZ, United Kingdom",Wellesley Road,,Wellesley Road,GU11 1PZ,,,Rushmoor,Hampshire,HAM,England,ENG,United Kingdom,gb,0.7,1,1,© OpenStreetMap contributors,Open Database License,https://www.openstreetmap.org/copyright
United Kingdom,"1st Fl.,Royex House,Aldermanbury Sq.,London EC2V 7HR",434,1,51.5169375,-0.0930582,"Aldermanbury Square, City of London, EC2V 7HR, United Kingdom",Aldermanbury Square,,Aldermanbury Square,EC2V 7HR,,Cheap,City of London,Greater London,,England,ENG,United Kingdom,gb,0.7,1,1,© OpenStreetMap contributors,Open Database License,https://www.openstreetmap.org/copyright
United Kingdom,"1st Fl.,Southside,97-105 Victoria St.,London SW1E 6QT",435,1,51.4983171,-0.1322111,"London, SW1E 6QT, United Kingdom",,,,SW1E 6QT,,,City of Westminster,Greater London,,England,ENG,United Kingdom,gb,0.6,1,,© OpenStreetMap contributors,Open Database License,https://www.openstreetmap.org/copyright
United Kingdom,"1st Fl.,Suite 3,Int'l House,World Trade Centre,1 St.Katharin's Way,London,E1W 1UN",436,1,51.5082219,-0.073417,"Côte Brasserie, 1 St. Katharine's Way, London, E1W 1UN, United Kingdom",Côte Brasserie,1,St. Katharine's Way,E1W 1UN,London Borough of Tower Hamlets,Whitechapel,London,Greater London,,England,ENG,United Kingdom,gb,0.7363636363636363,1,0.8181818181818181,© OpenStreetMap contributors,Open Database License,https://www.openstreetmap.org/copyright
United Kingdom,"1st Fl.,Suite 3,World Trade Centre,Int'l House,1 St.Katharin's Way,London E1 9UN",437,1,51.505021,-0.069408,"1-30 St. Katharine's Way, London, E1 9UN, United Kingdom",,1-30,St. Katharine's Way,E1 9UN,Tower Hamlets,Wapping,London,London,,England,ENG,United Kingdom,gb,0.6627272727272727,1,0.8181818181818181,© OpenStreetMap contributors,Open Database License,https://www.openstreetmap.org/copyright
United Kingdom,"1st Fl.,Suite 3,World Trade Centre,Int'l House,1 St.Katharin's Way,London E1W 1UN",438,1,51.5082219,-0.073417,"Côte Brasserie, 1 St. Katharine's Way, London, E1W 1UN, United Kingdom",Côte Brasserie,1,St. Katharine's Way,E1W 1UN,London Borough of Tower Hamlets,Whitechapel,London,Greater London,,England,ENG,United Kingdom,gb,0.7363636363636363,1,0.8181818181818181,© OpenStreetMap contributors,Open Database License,https://www.openstreetmap.org/copyright
United Kingdom,"1st Fl.,Swedbank House,42 New Broad St.Londom EC2M 1LT",439,1,51.520109,-0.130336,"United Kingdom Warehousing Association, London, EC2M 1LT, United Kingdom",United Kingdom Warehousing Association,,,EC2M 1LT,Camden,Fitzrovia,London,London,,England,ENG,United Kingdom,gb,0,,,© OpenStreetMap contributors,Open Database License,https://www.openstreetmap.org/copyright
United Kingdom,"1st Fl.,Swedbank House,42 New Broad St.London EC2M 1LT",440,1,51.5169367,-0.083812,"RapidMiner Ltd, 35 New Broad Street, City of London, EC2M 1NH, United Kingdom",RapidMiner Ltd,35,New Broad Street,EC2M 1NH,,Bishopsgate,City of London,Greater London,,England,ENG,United Kingdom,gb,0.20579999999999998,0.7,0.4666666666666667,© OpenStreetMap contributors,Open Database License,https://www.openstreetmap.org/copyright
United Kingdom,"1st Fl.,Swedbank House,42 New Broad St.London EC2M ILT",441,1,51.517094,-0.084442,"42 New Broad Street, London, EC2M 1NH, United Kingdom",,42,New Broad Street,EC2M 1NH,City of London,Bishopsgate,London,London,,England,ENG,United Kingdom,gb,0,,,© OpenStreetMap contributors,Open Database License,https://www.openstreetmap.org/copyright
United Kingdom,"1st Fl.,Unit 330,Centennial Park,Centennial Ave.,Elstree,Hertfordshire,WD6 3TJ",442,1,51.64088,-0.3123554,"Centennial Avenue, Hertsmere, WD6 3TJ, United Kingdom",Centennial Avenue,,Centennial Avenue,WD6 3TJ,,Elstree and Borehamwood,Hertsmere,Hertfordshire,HRT,England,ENG,United Kingdom,gb,0.7,1,1,© OpenStreetMap contributors,Open Database License,https://www.openstreetmap.org/copyright
United Kingdom,"1st Fl.295 Regent St.,London W1R 7YA",443,1,51.5166877,-0.1428351390513167,"295 Regent Street, London, W1B 3AT, United Kingdom",,295,Regent Street,W1B 3AT,Westminster,Mayfair,City of Westminster,Greater London,,England,ENG,United Kingdom,gb,0.24300000000000002,0.9,0.9,© OpenStreetMap contributors,Open Database License,https://www.openstreetmap.org/copyright
United Kingdom,"1st Fl.Burdett House,15-16 Buckingham St.,London,WC2N 6DU",444,1,51.5083399,-0.12299,"London, WC2N 6DU, United Kingdom",,,,WC2N 6DU,,,London,Greater London,,England,ENG,United Kingdom,gb,0.6,1,,© OpenStreetMap contributors,Open Database License,https://www.openstreetmap.org/copyright
United Kingdom,"1st Fl.Devon House 58-60 St.Katharine's Way.,London,E1W 1LB",445,1,51.5059304,-0.07110985321575411,"Devon House, 58-60 St. Katharine's Way, London, E1W 1JP, United Kingdom",Devon House,58-60,St. Katharine's Way,E1W 1JP,London Borough of Tower Hamlets,Wapping,London,Greater London,,England,ENG,United Kingdom,gb,0.63,1,1,© OpenStreetMap contributors,Open Database License,https://www.openstreetmap.org/copyright
United Kingdom,"1st Fl.Devon House,58-60 St.Katharine's Way,London,E1W 1LB",446,1,51.5059304,-0.07110985321575411,"Devon House, 58-60 St. Katharine's Way, London, E1W 1JP, United Kingdom",Devon House,58-60,St. Katharine's Way,E1W 1JP,London Borough of Tower Hamlets,Wapping,London,Greater London,,England,ENG,United Kingdom,gb,0.63,1,1,© OpenStreetMap contributors,Open Database License,https://www.openstreetmap.org/copyright
United Kingdom,"1st Fl.Mulberry,Kembrey Park Swindon Wiltshire,SN2 8UP",447,1,51.57847,-1.768344,"Kembrey Park, Swindon, SN2 8AL, United Kingdom",,,Kembrey Park,SN2 8AL,,Gorse Hill,Swindon,Wiltshire,WIL,England,ENG,United Kingdom,gb,0.7,1,1,© OpenStreetMap contributors,Open Database License,https://www.openstreetmap.org/copyright
United Kingdom,"1st Fl.Mulberry,Kembrey Park Swindon Wiltshire,SN2 8UY",448,1,51.57847,-1.768344,"Kembrey Park, Swindon, SN2 8AL, United Kingdom",,,Kembrey Park,SN2 8AL,,Gorse Hill,Swindon,Wiltshire,WIL,England,ENG,United Kingdom,gb,0.7,1,1,© OpenStreetMap contributors,Open Database License,https://www.openstreetmap.org/copyright
United Kingdom,"1st Fl.Neptune House,Triton Court,14 Finsbury Square,London EC2A 1BR",449,1,51.5216989,-0.0867593,"Haz, 14 Finsbury Square, London, EC2A 1AH, United Kingdom",Haz,14,Finsbury Square,EC2A 1AH,London Borough of Islington,Finsbury,London,Greater London,,England,ENG,United Kingdom,gb,0.63,1,1,© OpenStreetMap contributors,Open Database License,https://www.openstreetmap.org/copyright
United Kingdom,1st Floor 29 Enford Street London W1H 1DG,450,1,51.5207503,-0.1625234187432884,"Thornbury Castle, 29a Enford Street, London, W1H 1QN, United Kingdom",Thornbury Castle,29a,Enford Street,W1H 1QN,,Marylebone,London,Greater London,,England,ENG,United Kingdom,gb,0.5984999999999999,1,1,© OpenStreetMap contributors,Open Database License,https://www.openstreetmap.org/copyright
United Kingdom,1st Floor 43 New Bond Street London,451,1,51.5121187,-0.1442814,"43 New Bond Street, London, W1S 1RT, United Kingdom",,43,New Bond Street,W1S 1RT,Westminster,Mayfair,London,London,,England,ENG,United Kingdom,gb,0.9,1,1,,,
United Kingdom,"1st Floor,29 Enford Street London W1H 1DG",452,1,51.5207503,-0.1625234187432884,"Thornbury Castle, 29a Enford Street, London, W1H 1QN, United Kingdom",Thornbury Castle,29a,Enford Street,W1H 1QN,,Marylebone,London,Greater London,,England,ENG,United Kingdom,gb,0.5984999999999999,1,1,© OpenStreetMap contributors,Open Database License,https://www.openstreetmap.org/copyright
United Kingdom,"1st Floor,43 New Bond Street London",453,1,51.5121187,-0.1442814,"43 New Bond Street, London, W1S 1RT, United Kingdom",,43,New Bond Street,W1S 1RT,Westminster,Mayfair,London,London,,England,ENG,United Kingdom,gb,0.9,1,1,,,
United Kingdom,"1st Katherine's Way,Int'l House(5th Fl.)London E1 9UN",454,1,51.50723,-0.067968,"St. Katherine's Barber, London, E1 9UN, United Kingdom",,,St. Katherine's Barber,E1 9UN,Tower Hamlets,Wapping,London,London,,England,ENG,United Kingdom,gb,1,1,,© OpenStreetMap contributors,Open Database License,https://www.openstreetmap.org/copyright
United Kingdom,"1st.Fl.Devlin House,36 St.George Str.,London W1R 9FA",455,1,51.5178,-0.153951,"36 George Street, London, W1R 9FA, United Kingdom",,36,George Street,W1R 9FA,Westminster,Marylebone,London,London,,England,ENG,United Kingdom,gb,0.9,1,1,© OpenStreetMap contributors,Open Database License,https://www.openstreetmap.org/copyright
United Kingdom,"2 Anderson Place,Edinburgh EH6 5NP",456,1,55.9707387,-3.1804151,"Dangerous Studio Limited, 2 Anderson Place, City of Edinburgh, EH6 5NP, United Kingdom",Dangerous Studio Limited,2,Anderson Place,EH6 5NP,Pilrig,Leith,City of Edinburgh,,,Scotland,SCT,United Kingdom,gb,0.9,1,1,© OpenStreetMap contributors,Open Database License,https://www.openstreetmap.org/copyright
United Kingdom,"2 Ariel Way,Heathrow Causeway,Great South West Rd.,Hounslow,Middlesex,TW4 6JS",457,1,51.4710213,-0.4078536,"Ariel Way, London, TW4 6FD, United Kingdom",Ariel Way,,Ariel Way,TW4 6FD,London Borough of Hounslow,Cranford,London,Greater London,,England,ENG,United Kingdom,gb,0.44099999999999995,0.7,0.7,© OpenStreetMap contributors,Open Database License,https://www.openstreetmap.org/copyright
United Kingdom,"2 Ariel Way,Heathrow Causeway,Great South West Rd.Hounslow,Middlesex,TW4 6JS",458,1,51.4710213,-0.4078536,"Ariel Way, London, TW4 6FD, United Kingdom",Ariel Way,,Ariel Way,TW4 6FD,London Borough of Hounslow,Cranford,London,Greater London,,England,ENG,United Kingdom,gb,0.44099999999999995,0.7,0.7,© OpenStreetMap contributors,Open Database License,https://www.openstreetmap.org/copyright
United Kingdom,2 Cedar Trade Park Cobham Rd.Ferndown Ind.Estate Wimborne Dorset BH21 7SB,459,1,51.485038,-2.639608,"2 Cedar Park, Bristol, BS9 1BW, United Kingdom",,2,Cedar Park,BS9 1BW,,Sea Mills,Bristol,Bristol,,England,ENG,United Kingdom,gb,0.02372088571964721,0.567,0.5103,© OpenStreetMap contributors,Open Database License,https://www.openstreetmap.org/copyright
United Kingdom,"2 Cedar Trade Park Cobham Rd.Ferndown Ind.Estate Wimborne Dorset,BH21 7SB",460,1,51.485038,-2.639608,"2 Cedar Park, Bristol, BS9 1BW, United Kingdom",,2,Cedar Park,BS9 1BW,,Sea Mills,Bristol,Bristol,,England,ENG,United Kingdom,gb,0.054674999999999994,0.567,0.5103,© OpenStreetMap contributors,Open Database License,https://www.openstreetmap.org/copyright
United Kingdom,2 Cedar Trade Park Cobham Rd.Ferndown Industrial Estate Wimborne Dorset BH21 7SB,461,1,51.485038,-2.639608,"2 Cedar Park, Bristol, BS9 1BW, United Kingdom",,2,Cedar Park,BS9 1BW,,Sea Mills,Bristol,Bristol,,England,ENG,United Kingdom,gb,0.008005982142857141,0.08099999999999999,0.07289999999999999,© OpenStreetMap contributors,Open Database License,https://www.openstreetmap.org/copyright
United Kingdom,"2 Chesney Court,Wrexham Technology Park,Wrexham,Clwyd,LL13 7YP",462,1,53.55453,-0.651895,"2 Chesney Dive, Bottesford, DN16 3QL, United Kingdom",,2,Chesney Dive,DN16 3QL,Bottesford,Yaddlethorpe,Bottesford,Lincolnshire,LIN,England,ENG,United Kingdom,gb,0.81,,,© OpenStreetMap contributors,Open Database License,https://www.openstreetmap.org/copyright
United Kingdom,"2 Crown Gate Wyncolls Rd.,Severolls Business Park Colchester,Essex CO4 9HZ",463,1,51.875911,0.894584,"Colchester, CO4 9HZ, United Kingdom",,,,CO4 9HZ,,,Colchester,Essex,ESS,England,ENG,United Kingdom,gb,0.25,1,,Who's On First,CC0,https://www.whosonfirst.org/docs/licenses/
United Kingdom,"2 Cyprus Rd.,Finchley,London,N3 3RY",464,1,51.5962746,-0.2010951,"Cyprus Road, London, N3 3RX, United Kingdom",Cyprus Road,,Cyprus Road,N3 3RX,London Borough of Barnet,Church End,London,Greater London,,England,ENG,United Kingdom,gb,0.63,1,1,© OpenStreetMap contributors,Open Database License,https://www.openstreetmap.org/copyright
United Kingdom,"2 Eros House,Calleva Ind.Park,Aldermaston,Berkshire,RG7 8LN",465,1,51.457146,-0.93132,"2 Shepherd's House Lane, Earley, RG6 1AD, United Kingdom",,2,Shepherd's House Lane,RG6 1AD,Earley Civil Parish,,Earley,West Berkshire,WBK,England,ENG,United Kingdom,gb,0.027,0.3,0.09,© OpenStreetMap contributors,Open Database License,https://www.openstreetmap.org/copyright
United Kingdom,"2 Gables Way,Colthrop,Thancham,Berkshire,RG19 4ZB",466,1,51.3975301,-1.22257,"Gables Way, Thatcham, RG19 4ZB, United Kingdom",Gables Way,,Gables Way,RG19 4ZB,,Thatcham,Thatcham,West Berkshire,WBK,England,ENG,United Kingdom,gb,0.7,1,1,© OpenStreetMap contributors,Open Database License,https://www.openstreetmap.org/copyright
United Kingdom,"2 Glenburn Rd.,College Milton Ind.Estate,East Kilbride,G74 5BA",467,1,55.7692636,-4.2152452,"Glenburn Road, East Kilbride, G74 5BA, United Kingdom",Glenburn Road,,Glenburn Road,G74 5BA,,College Milton,East Kilbride,South Lanarkshire,SLK,Scotland,SCT,United Kingdom,gb,0.7,1,1,© OpenStreetMap contributors,Open Database License,https://www.openstreetmap.org/copyright
United Kingdom,"2 Glenburn Rd.,College Milton,East Kilbride G74 5BA Scotland",468,1,55.7692636,-4.2152452,"Glenburn Road, East Kilbride, G74 5BA, United Kingdom",Glenburn Road,,Glenburn Road,G74 5BA,,College Milton,East Kilbride,South Lanarkshire,SLK,Scotland,SCT,United Kingdom,gb,0.7,1,1,© OpenStreetMap contributors,Open Database License,https://www.openstreetmap.org/copyright
United Kingdom,"2 Glenburn Rd.,College Milton,East Kilbride G745BA Scotland",469,1,55.7692636,-4.2152452,"Glenburn Road, East Kilbride, G74 5BA, United Kingdom",Glenburn Road,,Glenburn Road,G74 5BA,,College Milton,East Kilbride,South Lanarkshire,SLK,Scotland,SCT,United Kingdom,gb,0.7,1,1,© OpenStreetMap contributors,Open Database License,https://www.openstreetmap.org/copyright
United Kingdom,"2 Glenburn Rd.,College Milton,East Kilbride,Scotland G74 5BA",470,1,55.7692636,-4.2152452,"Glenburn Road, East Kilbride, G74 5BA, United Kingdom",Glenburn Road,,Glenburn Road,G74 5BA,,College Milton,East Kilbride,South Lanarkshire,SLK,Scotland,SCT,United Kingdom,gb,0.7,1,1,© OpenStreetMap contributors,Open Database License,https://www.openstreetmap.org/copyright
United Kingdom,"2 Glenburn Rd.,East Kilbride G74 5BA Scotland",471,1,55.7692636,-4.2152452,"Glenburn Road, East Kilbride, G74 5BA, United Kingdom",Glenburn Road,,Glenburn Road,G74 5BA,,College Milton,East Kilbride,South Lanarkshire,SLK,Scotland,SCT,United Kingdom,gb,0.7,1,1,© OpenStreetMap contributors,Open Database License,https://www.openstreetmap.org/copyright
United Kingdom,"2 Howard Court,10 Tewin Rd.,Welwyn Garden City Herfordshtre,AL7 1BW",472,1,51.8040004,-0.193262,"Tewin Road, Welwyn Hatfield, AL7 1BH, United Kingdom",Tewin Road,,Tewin Road,AL7 1BH,,Peartree,Welwyn Hatfield,Hertfordshire,HRT,England,ENG,United Kingdom,gb,0.297675,0.75,0.47250000000000003,© OpenStreetMap contributors,Open Database License,https://www.openstreetmap.org/copyright
United Kingdom,"2 Howard Court,10 Tewin Rd.,Welwyn Garden City,Herfordshire,AL7 1BW",473,1,51.8040004,-0.193262,"Tewin Road, Welwyn Hatfield, AL7 1BH, United Kingdom",Tewin Road,,Tewin Road,AL7 1BH,,Peartree,Welwyn Hatfield,Hertfordshire,HRT,England,ENG,United Kingdom,gb,0.3969,1,0.63,© OpenStreetMap contributors,Open Database License,https://www.openstreetmap.org/copyright
United Kingdom,"2 Howard Court,10 Tewin Rd.,Welwyn Garden City,Herfordshtre AL7 1BW",474,1,51.8021782,-0.194636,"Tewin Court, Welwyn Hatfield, AL7 1BW, United Kingdom",Tewin Court,,Tewin Court,AL7 1BW,,Peartree,Welwyn Hatfield,Hertfordshire,HRT,England,ENG,United Kingdom,gb,0.35,1,0.5,© OpenStreetMap contributors,Open Database License,https://www.openstreetmap.org/copyright
United Kingdom,"2 Howard Court,10 Tewin Rd.,Welwyn Garden City,Hertfordshire,AL7 1BW",475,1,51.8040004,-0.193262,"Tewin Road, Welwyn Hatfield, AL7 1BH, United Kingdom",Tewin Road,,Tewin Road,AL7 1BH,,Peartree,Welwyn Hatfield,Hertfordshire,HRT,England,ENG,United Kingdom,gb,0.3969,1,0.63,© OpenStreetMap contributors,Open Database License,https://www.openstreetmap.org/copyright
United Kingdom,"2 Kennet Rd.,Dartford,Kent DA1 4QN",476,1,51.4443059,0.21807,"Dartford, ENG, United Kingdom",,,,,,,Dartford,Kent,KEN,England,ENG,United Kingdom,gb,0.25,1,,© OpenStreetMap contributors,Open Database License,https://www.openstreetmap.org/copyright
United Kingdom,"2 Lambs Passage,London EC1Y 8BB",477,1,51.5213027,-0.0908909,"2 Lamb's Passage, London, EC1Y 8BB, United Kingdom",,2,Lamb's Passage,EC1Y 8BB,London Borough of Islington,Finsbury,London,Greater London,,England,ENG,United Kingdom,gb,0.9,1,1,© OpenStreetMap contributors,Open Database License,https://www.openstreetmap.org/copyright