original_countryname,original_AddressAlph,original_address_id,original_group,lat,lon,formatted,name,housenumber,street,postcode,district,suburb,city,county,county_code,state,state_code,country,country_code,confidence,confidence_street_level,confidence_city_level,attribution,attribution_license,attribution_url
United Kingdom,"2 Long Tens Way Heigbington Lone Businness Park,Newton Aycliffe,Co.Durham DL5 6AP",478,2,54.618436,-1.570932,"Newton Aycliffe, Great Aycliffe, ENG, United Kingdom",Newton Aycliffe,,,,Great Aycliffe,Newton Aycliffe,Great Aycliffe,Durham,DUR,England,ENG,United Kingdom,gb,0.05357142857142857,,0.21428571428571427,Who's On First,CC0,https://www.whosonfirst.org/docs/licenses/
United Kingdom,"2 Longwalk Rd.,Stockley Park,Uxbridge UB11 1BA",479,2,51.5103862,-0.4477760285031136,"Suntory, 2 Longwalk Road, London, UB11 1BA, United Kingdom",Suntory,2,Longwalk Road,UB11 1BA,London Borough of Hillingdon,West Drayton,London,Greater London,,England,ENG,United Kingdom,gb,0.9,1,1,© OpenStreetMap contributors,Open Database License,https://www.openstreetmap.org/copyright
United Kingdom,"2 Longwalk Rd.,Stockley Park,Uxbridge,Middlesex UB11 1AB",480,2,51.5103862,-0.4477760285031136,"Suntory, 2 Longwalk Road, London, UB11 1BA, United Kingdom",Suntory,2,Longwalk Road,UB11 1BA,London Borough of Hillingdon,West Drayton,London,Greater London,,England,ENG,United Kingdom,gb,0.44099999999999995,0.7,0.7,© OpenStreetMap contributors,Open Database License,https://www.openstreetmap.org/copyright
United Kingdom,"2 Longwalk Rd.,Stockley Park,Uxbridge,Middlesex,UB11 1AB",481,2,51.5103862,-0.4477760285031136,"Suntory, 2 Longwalk Road, London, UB11 1BA, United Kingdom",Suntory,2,Longwalk Road,UB11 1BA,London Borough of Hillingdon,West Drayton,London,Greater London,,England,ENG,United Kingdom,gb,0.44099999999999995,0.7,0.7,© OpenStreetMap contributors,Open Database License,https://www.openstreetmap.org/copyright
United Kingdom,"2 Longwalk Rd.,Stockly Park,Uxbridge,Middlesex UB11 1AB",482,2,51.5103862,-0.4477760285031136,"Suntory, 2 Longwalk Road, London, UB11 1BA, United Kingdom",Suntory,2,Longwalk Road,UB11 1BA,London Borough of Hillingdon,West Drayton,London,Greater London,,England,ENG,United Kingdom,gb,0.44099999999999995,0.7,0.7,© OpenStreetMap contributors,Open Database License,https://www.openstreetmap.org/copyright
United Kingdom,"2 Longwalk Rd.Hayes Park,Uxbridge Middlesex,UB11 1AB",483,2,,,,,,,,,,,,,,,,,,,,,,
United Kingdom,"2 Longwalk Rd.Stockley Park,Uxbridge,Middlesex UB11 1AB",484,2,,,,,,,,,,,,,,,,,,,,,,
United Kingdom,"2 Maidenbower Office Park,Balcombe Rd.,Crawley,West Sussex RH10 7NN",485,2,51.1079915,-0.1445104,"Balcombe Road, Crawley, RH10 7NN, United Kingdom",Balcombe Road,,Balcombe Road,RH10 7NN,,Worth,Crawley,West Sussex,WSX,England,ENG,United Kingdom,gb,0.7,1,1,© OpenStreetMap contributors,Open Database License,https://www.openstreetmap.org/copyright
United Kingdom,"2 Milnyard Sq.Bakewell Rd.,Orton Southgate,Peterborough,PE2 6GX",486,2,52.574937,-0.260373,"2 Marchment Square, Peterborough, PE2 6GX, United Kingdom",,2,Marchment Square,PE2 6GX,,,Peterborough,Cambridgeshire,CAM,England,ENG,United Kingdom,gb,0.225,0.25,1,© OpenStreetMap contributors,Open Database License,https://www.openstreetmap.org/copyright
United Kingdom,"2 Minster Court,London,EC3R 7BB",487,2,51.510665,-0.080721,"2 Minster Court, London, EC3R 7BB, United Kingdom",,2,Minster Court,EC3R 7BB,City of London,Fenchurch,London,London,,England,ENG,United Kingdom,gb,0.9,1,1,© OpenStreetMap contributors,Open Database License,https://www.openstreetmap.org/copyright
United Kingdom,"2 Minster Court,Mincing Lane,London,EC3R 7BB",488,2,51.51080105,-0.0805439,"City of London, EC3R 7BB, United Kingdom",,,,EC3R 7BB,,,City of London,Greater London,,England,ENG,United Kingdom,gb,0.6,,1,© OpenStreetMap contributors,Open Database License,https://www.openstreetmap.org/copyright
United Kingdom,"2 Pomeroy Dr.Oadby Ind.Estate,Oadby,Leicester LE2 5NE",489,2,52.59835445,-1.0898538,"Oadby and Wigston, LE2 5NE, United Kingdom",,,,LE2 5NE,,,Oadby and Wigston,Leicestershire,LEC,England,ENG,United Kingdom,gb,0.6,,1,© OpenStreetMap contributors,Open Database License,https://www.openstreetmap.org/copyright
United Kingdom,"2 Pomeroy Dr.Oadby Industrial Estate,Oadby,Leicester LE2 5NE",490,2,52.59835445,-1.0898538,"Oadby and Wigston, LE2 5NE, United Kingdom",,,,LE2 5NE,,,Oadby and Wigston,Leicestershire,LEC,England,ENG,United Kingdom,gb,0.6,,1,© OpenStreetMap contributors,Open Database License,https://www.openstreetmap.org/copyright
United Kingdom,"2 Presley Way Crownhill,Milton Keynes Buckinghamshire MK8 0ES",491,2,52.0280301,-0.7987851,"Presley Way, Milton Keynes, MK8 0ES, United Kingdom",Presley Way,,Presley Way,MK8 0ES,,Shenley Church End,Milton Keynes,City of Milton Keynes,,England,ENG,United Kingdom,gb,0.7,1,1,© OpenStreetMap contributors,Open Database License,https://www.openstreetmap.org/copyright
United Kingdom,"2 Presley Way Crownhill,Milton Keynes Buckinghamshire,MK8 0ES",492,2,52.0280301,-0.7987851,"Presley Way, Milton Keynes, MK8 0ES, United Kingdom",Presley Way,,Presley Way,MK8 0ES,,Shenley Church End,Milton Keynes,City of Milton Keynes,,England,ENG,United Kingdom,gb,0.7,1,1,© OpenStreetMap contributors,Open Database License,https://www.openstreetmap.org/copyright
United Kingdom,"2 Queen Caroline St.,London W6 9DX",493,2,51.4926518,-0.2249213,"Queen Caroline Street, London, W6 9DX, United Kingdom",Queen Caroline Street,,Queen Caroline Street,W6 9DX,London Borough of Hammersmith and Fulham,Brook Green,London,Greater London,,England,ENG,United Kingdom,gb,0.7,1,1,© OpenStreetMap contributors,Open Database License,https://www.openstreetmap.org/copyright
United Kingdom,"2 Queen's Garden,Aberdeen,AB15 4YD,Scotland",494,2,57.14322,-2.1277319400383727,"Skene Business Centres, 2 Queen's Gardens, Aberdeen City, AB15 4YD, United Kingdom",Skene Business Centres,2,Queen's Gardens,AB15 4YD,,West End,Aberdeen City,,,Scotland,SCT,United Kingdom,gb,0.9,1,1,© OpenStreetMap contributors,Open Database License,https://www.openstreetmap.org/copyright
United Kingdom,"2 Redwood Ave.,East Kilbride,Scotland G74 5PF",495,2,55.7684915,-4.226507,"CUK Audio, 2 Redwood Crescent, East Kilbride, G74 5PA, United Kingdom",CUK Audio,2,Redwood Crescent,G74 5PA,,Peel Park,East Kilbride,South Lanarkshire,SLK,Scotland,SCT,United Kingdom,gb,0.567,0.9,1,© OpenStreetMap contributors,Open Database License,https://www.openstreetmap.org/copyright
United Kingdom,"2 Redwood Ave.,East Kilbridge,Scotland G74 5PF",496,2,55.7684915,-4.226507,"CUK Audio, 2 Redwood Crescent, East Kilbride, G74 5PA, United Kingdom",CUK Audio,2,Redwood Crescent,G74 5PA,,Peel Park,East Kilbride,South Lanarkshire,SLK,Scotland,SCT,United Kingdom,gb,0.5103000000000001,0.81,0.9,© OpenStreetMap contributors,Open Database License,https://www.openstreetmap.org/copyright
United Kingdom,"2 Redwood Ave.,Peel Park Compus,East Kilbride,Scotland G74 5PF",497,2,55.7684915,-4.226507,"CUK Audio, 2 Redwood Crescent, East Kilbride, G74 5PA, United Kingdom",CUK Audio,2,Redwood Crescent,G74 5PA,,Peel Park,East Kilbride,South Lanarkshire,SLK,Scotland,SCT,United Kingdom,gb,0.567,0.9,1,© OpenStreetMap contributors,Open Database License,https://www.openstreetmap.org/copyright
United Kingdom,"2 Royal Exchange,London EC3V 3DG",498,2,51.51348,-0.0877,"City of London, EC3V 3DG, United Kingdom",,,,EC3V 3DG,,,City of London,Greater London,,England,ENG,United Kingdom,gb,0.6,,1,© OpenStreetMap contributors,Open Database License,https://www.openstreetmap.org/copyright
United Kingdom,"2 Ventura Centre Upton Industrial Estate Poole,Dorset,BH16 5SW",499,2,51.037081,-2.273362,"2 The Centre, Gillingham, SP8 4AB, United Kingdom",,2,The Centre,SP8 4AB,Gillingham Civil Parish,Lodbourne,Gillingham,Dorset,DOR,England,ENG,United Kingdom,gb,0,,,© OpenStreetMap contributors,Open Database License,https://www.openstreetmap.org/copyright
United Kingdom,"2 Ventura Centre Upton Industrial Estate Poole,Dorset,BH165SW",500,2,51.037081,-2.273362,"2 The Centre, Gillingham, SP8 4AB, United Kingdom",,2,The Centre,SP8 4AB,Gillingham Civil Parish,Lodbourne,Gillingham,Dorset,DOR,England,ENG,United Kingdom,gb,0,,,© OpenStreetMap contributors,Open Database License,https://www.openstreetmap.org/copyright
United Kingdom,"2-3 Woodstock St.,London W1",501,2,51.51409245,-0.14711243208468966,"2-3 Woodstock Street, London, W1S 1LE, United Kingdom",,2-3,Woodstock Street,W1S 1LE,,Mayfair,London,Greater London,,England,ENG,United Kingdom,gb,0.9,1,1,© OpenStreetMap contributors,Open Database License,https://www.openstreetmap.org/copyright
United Kingdom,"2-3 Woodstock St.,London W1G 0PL",502,2,51.5164,-0.14601,"London, W1G 0PL, United Kingdom",,,,W1G 0PL,,,London,Greater London,,England,ENG,United Kingdom,gb,0.6,,1,© OpenStreetMap contributors,Open Database License,https://www.openstreetmap.org/copyright
United Kingdom,"2-3 Woodstock St.,London,W1G 0PL",503,2,51.5164,-0.14601,"London, W1G 0PL, United Kingdom",,,,W1G 0PL,,,London,Greater London,,England,ENG,United Kingdom,gb,0.6,,1,© OpenStreetMap contributors,Open Database License,https://www.openstreetmap.org/copyright
United Kingdom,"2-4,Bucknall St.London,WC2H 8LA",504,2,51.5163115,-0.1277466,"Bucknall Street, London, WC2H 8AB, United Kingdom",Bucknall Street,,Bucknall Street,WC2H 8AB,London Borough of Camden,Bloomsbury,London,Greater London,,England,ENG,United Kingdom,gb,0.4496896551724139,0.5670000000000001,0.9,© OpenStreetMap contributors,Open Database License,https://www.openstreetmap.org/copyright
United Kingdom,"2-6 Church St.Helier,Jersey,Channel Islands",505,2,53.382599,-1.4701,"2-6 Church Street, Sheffield, S1 2GN, United Kingdom",,2-6,Church Street,S1 2GN,,Highfield,Sheffield,Rotherham,ROT,England,ENG,United Kingdom,gb,0,,,© OpenStreetMap contributors,Open Database License,https://www.openstreetmap.org/copyright
United Kingdom,"2-8 Honduras St.,London EC1Y 0TX",506,2,51.523901,-0.095947,"Honduras Street, London, EC1Y 0TX, United Kingdom",,,Honduras Street,EC1Y 0TX,Islington,St Luke's,London,London,,England,ENG,United Kingdom,gb,0.5,1,1,© OpenStreetMap contributors,Open Database License,https://www.openstreetmap.org/copyright
United Kingdom,"2-8 Honduras St.,London,EC1Y 0TX",507,2,51.523901,-0.095947,"Honduras Street, London, EC1Y 0TX, United Kingdom",,,Honduras Street,EC1Y 0TX,Islington,St Luke's,London,London,,England,ENG,United Kingdom,gb,0.5,1,1,© OpenStreetMap contributors,Open Database License,https://www.openstreetmap.org/copyright
United Kingdom,2-8 Honduras St.London EC1Y 0TX,508,2,51.5236671,-0.095783,"Honduras Street, London, EC1V 9AJ, United Kingdom",Honduras Street,,Honduras Street,EC1V 9AJ,London Borough of Islington,Finsbury,London,Greater London,,England,ENG,United Kingdom,gb,0.02835,0.189,0.3,© OpenStreetMap contributors,Open Database License,https://www.openstreetmap.org/copyright
United Kingdom,2-8 Honduras St.London EC1Y 9TX,509,2,51.523901,-0.095947,"Honduras Street, London, United Kingdom",,,Honduras Street,,Islington,St Luke's,London,London,,England,ENG,United Kingdom,gb,0,,,© OpenStreetMap contributors,Open Database License,https://www.openstreetmap.org/copyright
United Kingdom,2-8 Honduras St.London EC1Y OTX,510,2,,,,,,,,,,,,,,,,,,,,,,
United Kingdom,"2,Byacknell Beeches,Old Bracknell Lane,Bracknell,Berkshire RG12 7BW",511,2,51.412753,-0.7527616,"Bracknell, RG12 7BW, United Kingdom",,,,RG12 7BW,,,Bracknell,Bracknell Forest,BRC,England,ENG,United Kingdom,gb,0.6,,1,© OpenStreetMap contributors,Open Database License,https://www.openstreetmap.org/copyright
United Kingdom,"2,Longwalk Rd.,Stockley Park,Uxbridge,Middlesex,UB11 1AB",512,2,51.5103862,-0.4477760285031136,"Suntory, 2 Longwalk Road, London, UB11 1BA, United Kingdom",Suntory,2,Longwalk Road,UB11 1BA,London Borough of Hillingdon,West Drayton,London,Greater London,,England,ENG,United Kingdom,gb,0.44099999999999995,0.7,0.7,© OpenStreetMap contributors,Open Database License,https://www.openstreetmap.org/copyright
United Kingdom,"20 Alan Turing Rd.Surrey Research Park,Guildford,Surrey GU2 5YF",513,2,51.2410939,-0.6139048,"Alan Turing Road, Guildford, GU2 7AQ, United Kingdom",Alan Turing Road,,Alan Turing Road,GU2 7AQ,,Park Barn,Guildford,Surrey,SRY,England,ENG,United Kingdom,gb,0.252,0.4,1,© OpenStreetMap contributors,Open Database License,https://www.openstreetmap.org/copyright
United Kingdom,"20 Alan Turing Rd.Surrey Reserch Park,Guildford,Surrey GU2 5YF",514,2,51.240206,-0.55479,"Guildford, GU2 5YF, United Kingdom",,,,GU2 5YF,,,Guildford,Surrey,SRY,England,ENG,United Kingdom,gb,0.25,,1,Who's On First,CC0,https://www.whosonfirst.org/docs/licenses/
United Kingdom,"20 Balderton St.,2nd Fl.,South,London W1K 6TL",515,2,51.51319035,-0.15238784216334764,"16 Balderton Street, London, W1K 6TH, United Kingdom",,16,Balderton Street,W1K 6TH,,Mayfair,London,Greater London,,England,ENG,United Kingdom,gb,0.63,1,1,© OpenStreetMap contributors,Open Database License,https://www.openstreetmap.org/copyright
United Kingdom,"20 Cursitor St.,London,EC4A 1LT",516,2,51.51641145,-0.11052787751322746,"MacFarlanes LLP, 20 Cursitor Street, City of London, EC4A 1LL, United Kingdom",MacFarlanes LLP,20,Cursitor Street,EC4A 1LL,City of London,Blackfriars,City of London,Greater London,,England,ENG,United Kingdom,gb,0.5103000000000001,0.81,0.81,© OpenStreetMap contributors,Open Database License,https://www.openstreetmap.org/copyright
United Kingdom,"20 Fenchurch St.,London EC3M 3BY",517,2,51.5115724,-0.0838073,"Untitled x3, 20 Fenchurch Street, City of London, EC3M 3BY, United Kingdom",Untitled x3,20,Fenchurch Street,EC3M 3BY,,Cornhill,City of London,Greater London,,England,ENG,United Kingdom,gb,0.9,1,1,© OpenStreetMap contributors,Open Database License,https://www.openstreetmap.org/copyright
United Kingdom,"20 Finsbury Circus,London EC2M 1NB",518,2,51.51775,-0.08498,"City of London, EC2M 1NB, United Kingdom",,,,EC2M 1NB,,,City of London,Greater London,,England,ENG,United Kingdom,gb,0.6,,1,© OpenStreetMap contributors,Open Database License,https://www.openstreetmap.org/copyright
United Kingdom,"20 Finsbury Circus,London,EC2M 1NB",519,2,51.51775,-0.08498,"City of London, EC2M 1NB, United Kingdom",,,,EC2M 1NB,,,City of London,Greater London,,England,ENG,United Kingdom,gb,0.6,,1,© OpenStreetMap contributors,Open Database License,https://www.openstreetmap.org/copyright
United Kingdom,"20 Lime Ave.,Duffield Belper,Derbyshire,DE56 4DX",520,2,52.9929519,-1.4912071,"Lime Avenue, Amber Valley, DE56 4DX, United Kingdom",Lime Avenue,,Lime Avenue,DE56 4DX,,,Amber Valley,Derbyshire,DBY,England,ENG,United Kingdom,gb,0.7,1,1,© OpenStreetMap contributors,Open Database License,https://www.openstreetmap.org/copyright
United Kingdom,20 Little Britain London EC1A 7DH,521,2,51.5171797,-0.098326,"PureGym, 20 Little Britain, City of London, EC1A 7DH, United Kingdom",PureGym,20,Little Britain,EC1A 7DH,,Cheap,City of London,Greater London,,England,ENG,United Kingdom,gb,0.9,1,1,© OpenStreetMap contributors,Open Database License,https://www.openstreetmap.org/copyright
United Kingdom,"20 Little Britain,London EC1A 7DH",522,2,51.5171797,-0.098326,"PureGym, 20 Little Britain, City of London, EC1A 7DH, United Kingdom",PureGym,20,Little Britain,EC1A 7DH,,Cheap,City of London,Greater London,,England,ENG,United Kingdom,gb,0.9,1,1,© OpenStreetMap contributors,Open Database License,https://www.openstreetmap.org/copyright
United Kingdom,"20 Little Britain,London,EC1A 7DH",523,2,51.5171797,-0.098326,"PureGym, 20 Little Britain, City of London, EC1A 7DH, United Kingdom",PureGym,20,Little Britain,EC1A 7DH,,Cheap,City of London,Greater London,,England,ENG,United Kingdom,gb,0.9,1,1,© OpenStreetMap contributors,Open Database License,https://www.openstreetmap.org/copyright
United Kingdom,"20 North Audley St.,London,W1K 6WL",524,2,51.51331705,-0.15329392324999963,"Le Pain Quotidien, 20 North Audley Street, London, W1K 6ZD, United Kingdom",Le Pain Quotidien,20,North Audley Street,W1K 6ZD,,Mayfair,London,Greater London,,England,ENG,United Kingdom,gb,0.63,1,1,© OpenStreetMap contributors,Open Database License,https://www.openstreetmap.org/copyright
United Kingdom,20 Old Bailey London EC4M 7EP,525,2,51.5156385,-0.1027039,"Triodos Bank, 20 Old Bailey, City of London, EC4M 7NB, United Kingdom",Triodos Bank,20,Old Bailey,EC4M 7NB,West Smithfield,,City of London,Greater London,,England,ENG,United Kingdom,gb,0.5103000000000001,0.81,0.81,© OpenStreetMap contributors,Open Database License,https://www.openstreetmap.org/copyright
United Kingdom,"20 Old Bailey London,EC4M 7QQ",526,2,51.5156385,-0.1027039,"Triodos Bank, 20 Old Bailey, City of London, EC4M 7NB, United Kingdom",Triodos Bank,20,Old Bailey,EC4M 7NB,West Smithfield,,City of London,Greater London,,England,ENG,United Kingdom,gb,0.5103000000000001,0.81,0.81,© OpenStreetMap contributors,Open Database License,https://www.openstreetmap.org/copyright
United Kingdom,"20 Old Bailey London,EC4N 7QQ",527,2,51.5156385,-0.1027039,"Triodos Bank, 20 Old Bailey, City of London, EC4M 7NB, United Kingdom",Triodos Bank,20,Old Bailey,EC4M 7NB,West Smithfield,,City of London,Greater London,,England,ENG,United Kingdom,gb,0.21870000000000003,0.81,0.81,© OpenStreetMap contributors,Open Database License,https://www.openstreetmap.org/copyright
United Kingdom,"20 Old Bailey St.,London EC4M 7EP",528,2,51.5156385,-0.1027039,"Triodos Bank, 20 Old Bailey, City of London, EC4M 7NB, United Kingdom",Triodos Bank,20,Old Bailey,EC4M 7NB,West Smithfield,,City of London,Greater London,,England,ENG,United Kingdom,gb,0.5103000000000001,0.81,0.81,© OpenStreetMap contributors,Open Database License,https://www.openstreetmap.org/copyright
United Kingdom,"20 Old Bailey,London",529,2,51.5156385,-0.1027039,"Triodos Bank, 20 Old Bailey, City of London, EC4M 7NB, United Kingdom",Triodos Bank,20,Old Bailey,EC4M 7NB,West Smithfield,,City of London,Greater London,,England,ENG,United Kingdom,gb,0.7290000000000001,0.81,0.81,© OpenStreetMap contributors,Open Database License,https://www.openstreetmap.org/copyright
United Kingdom,"20 Old Bailey,London EC4M 7EP",530,2,51.5156385,-0.1027039,"Triodos Bank, 20 Old Bailey, City of London, EC4M 7NB, United Kingdom",Triodos Bank,20,Old Bailey,EC4M 7NB,West Smithfield,,City of London,Greater London,,England,ENG,United Kingdom,gb,0.5103000000000001,0.81,0.81,© OpenStreetMap contributors,Open Database License,https://www.openstreetmap.org/copyright
United Kingdom,"20 Old Bailey,London EC4M 7QQ",531,2,51.5156385,-0.1027039,"Triodos Bank, 20 Old Bailey, City of London, EC4M 7NB, United Kingdom",Triodos Bank,20,Old Bailey,EC4M 7NB,West Smithfield,,City of London,Greater London,,England,ENG,United Kingdom,gb,0.5103000000000001,0.81,0.81,© OpenStreetMap contributors,Open Database License,https://www.openstreetmap.org/copyright
United Kingdom,"20 Old Bailey,London,EC47 7QQ",532,2,51.515734,-0.102316,"20 Old Bailey, London, EC4M 7AU, United Kingdom",,20,Old Bailey,EC4M 7AU,City of London,Blackfriars,London,London,,England,ENG,United Kingdom,gb,0.9,1,1,© OpenStreetMap contributors,Open Database License,https://www.openstreetmap.org/copyright
United Kingdom,"20 Old Bailey,London,EC4M 7EP",533,2,51.5156385,-0.1027039,"Triodos Bank, 20 Old Bailey, City of London, EC4M 7NB, United Kingdom",Triodos Bank,20,Old Bailey,EC4M 7NB,West Smithfield,,City of London,Greater London,,England,ENG,United Kingdom,gb,0.5103000000000001,0.81,0.81,© OpenStreetMap contributors,Open Database License,https://www.openstreetmap.org/copyright
United Kingdom,"20 Old Bailey,London,EC4M 7QQ",534,2,51.5156385,-0.1027039,"Triodos Bank, 20 Old Bailey, City of London, EC4M 7NB, United Kingdom",Triodos Bank,20,Old Bailey,EC4M 7NB,West Smithfield,,City of London,Greater London,,England,ENG,United Kingdom,gb,0.5103000000000001,0.81,0.81,© OpenStreetMap contributors,Open Database License,https://www.openstreetmap.org/copyright
United Kingdom,"20 Primrose St.,London,EC2A 2EW",535,2,51.5213133,-0.07975909954293661,"20 Primrose Street, City of London, EC2A 2AG, United Kingdom",,20,Primrose Street,EC2A 2AG,Bishopsgate Without,Broadgate,City of London,Greater London,,England,ENG,United Kingdom,gb,0.5103,0.81,0.81,© OpenStreetMap contributors,Open Database License,https://www.openstreetmap.org/copyright
United Kingdom,"20-22 Bedford Raw,London,WC1R 4JS",536,2,51.514993,-0.092813,"City of London, London, WC1R 4JS, United Kingdom",City of London,,,WC1R 4JS,City of London,,London,London,,England,ENG,United Kingdom,gb,0.25,,1,Who's On First,CC0,https://www.whosonfirst.org/docs/licenses/
United Kingdom,"20-22 Bedford Row,London,WC1R 4JS",537,2,51.5190555,-0.1151666,"Bedford Row, London, WC1R 4BZ, United Kingdom",Bedford Row,,Bedford Row,WC1R 4BZ,London Borough of Camden,Holborn,London,Greater London,,England,ENG,United Kingdom,gb,0.63,1,1,© OpenStreetMap contributors,Open Database License,https://www.openstreetmap.org/copyright
United Kingdom,"20,Old Bailey London EC4M 7QQ",538,2,51.5156385,-0.1027039,"Triodos Bank, 20 Old Bailey, City of London, EC4M 7NB, United Kingdom",Triodos Bank,20,Old Bailey,EC4M 7NB,West Smithfield,,City of London,Greater London,,England,ENG,United Kingdom,gb,0.5103000000000001,0.81,0.81,© OpenStreetMap contributors,Open Database License,https://www.openstreetmap.org/copyright
United Kingdom,20/24 Moorgate London EC2R 6DH,539,2,51.5172127,-0.0887576,"Moorgate, City of London, EC2R 6EJ, United Kingdom",Moorgate,,Moorgate,EC2R 6EJ,,Barbican,City of London,Greater London,,England,ENG,United Kingdom,gb,0.5103,0.81,0.81,© OpenStreetMap contributors,Open Database License,https://www.openstreetmap.org/copyright
United Kingdom,"20/24 Moorgate,London EC2R 6DM",540,2,51.5172127,-0.0887576,"Moorgate, City of London, EC2R 6EJ, United Kingdom",Moorgate,,Moorgate,EC2R 6EJ,,Barbican,City of London,Greater London,,England,ENG,United Kingdom,gb,0.5103,0.81,0.81,© OpenStreetMap contributors,Open Database License,https://www.openstreetmap.org/copyright
United Kingdom,"200 Aldersgate St.,London,EC1A 4HD",541,2,51.5171828,-0.0970164,"Pret A Manger, 200 Aldersgate Street, City of London, EC1A 4HD, United Kingdom",Pret A Manger,200,Aldersgate Street,EC1A 4HD,,Cheap,City of London,Greater London,,England,ENG,United Kingdom,gb,0.9,1,1,© OpenStreetMap contributors,Open Database License,https://www.openstreetmap.org/copyright
United Kingdom,"200 Capability Green Luton,Bedfordshrine,LU1 3LU",542,2,51.8633195,-0.4113473120895402,"Anritsu, 200 Capability Green, Luton, LU1 3LG, United Kingdom",Anritsu,200,Capability Green,LU1 3LG,,New Town,Luton,Borough of Luton,,England,ENG,United Kingdom,gb,0.9,1,1,© OpenStreetMap contributors,Open Database License,https://www.openstreetmap.org/copyright
United Kingdom,"200 Capability Green,Luton,Bedfordshire,LU1 3LU",543,2,51.8633195,-0.4113473120895402,"Anritsu, 200 Capability Green, Luton, LU1 3LG, United Kingdom",Anritsu,200,Capability Green,LU1 3LG,,New Town,Luton,Borough of Luton,,England,ENG,United Kingdom,gb,0.44099999999999995,1,1,© OpenStreetMap contributors,Open Database License,https://www.openstreetmap.org/copyright
United Kingdom,"200 Fowler Ave.,Farnborough Business Park,Farnborough,Hampshire GU14 7JP",544,2,51.28458995,-0.7600185533524617,"200 Fowler Avenue, Rushmoor, GU14 7JP, United Kingdom",,200,Fowler Avenue,GU14 7JP,,Farnborough Business Park,Rushmoor,Hampshire,HAM,England,ENG,United Kingdom,gb,0.9,1,1,© OpenStreetMap contributors,Open Database License,https://www.openstreetmap.org/copyright
United Kingdom,"200 Fowler Ave.,IQ Farnborough,Hampshire GU14 7JP",545,2,51.28458995,-0.7600185533524617,"200 Fowler Avenue, Rushmoor, GU14 7JP, United Kingdom",,200,Fowler Avenue,GU14 7JP,,Farnborough Business Park,Rushmoor,Hampshire,HAM,England,ENG,United Kingdom,gb,0.9,1,1,© OpenStreetMap contributors,Open Database License,https://www.openstreetmap.org/copyright
United Kingdom,"201 Bishopsgate,London EC2M 3AE",546,2,51.5210268,-0.07925827371908106,"201 Bishopsgate, City of London, EC2M 3AE, United Kingdom",201 Bishopsgate,201,Bishopsgate,EC2M 3AE,,Bishopsgate,City of London,Greater London,,England,ENG,United Kingdom,gb,0.9,1,1,© OpenStreetMap contributors,Open Database License,https://www.openstreetmap.org/copyright
United Kingdom,"202 Bedford Ave.,Slough,SL1 4RY",547,2,51.5212808,-0.6286271,"Bedford Avenue, Slough, SL1 4PH, United Kingdom",Bedford Avenue,,Bedford Avenue,SL1 4PH,,Cippenham,Slough,,,England,ENG,United Kingdom,gb,0.63,1,1,© OpenStreetMap contributors,Open Database License,https://www.openstreetmap.org/copyright
United Kingdom,"208 Cambridge Science Park,Milton Rd.,Cambridge,CB4 0GZ",548,2,52.22018385,0.1339849684030341,"208 Milton Road, Cambridge, CB4 1LG, United Kingdom",,208,Milton Road,CB4 1LG,Lynfield Court,Chesterton,Cambridge,Cambridgeshire,CAM,England,ENG,United Kingdom,gb,0.63,1,1,© OpenStreetMap contributors,Open Database License,https://www.openstreetmap.org/copyright
United Kingdom,"20A Welsh Rd.,Garden City Deeside,Flintshire,CH5 2RA",549,2,53.2324312,-2.9923032,"Welsh Road, Shotton, CH5 2LJ, United Kingdom",Welsh Road,,Welsh Road,CH5 2LJ,,Sealand,Shotton,Flintshire,FLN,Wales,WLS,United Kingdom,gb,0.44099999999999995,0.7,0.7,© OpenStreetMap contributors,Open Database License,https://www.openstreetmap.org/copyright
United Kingdom,"20th Fl.,Wembley Point,1 Harrow Rd.,Wambley,Middlesex,HA9 6DE",550,2,51.554364199999995,-0.3159293776716604,"Platform 1, Harrow Road, London, HA0 3EL, United Kingdom",Platform 1,,Harrow Road,HA0 3EL,London Borough of Brent,Sudbury,London,Greater London,,England,ENG,United Kingdom,gb,0.045,0.3,0.3,© OpenStreetMap contributors,Open Database License,https://www.openstreetmap.org/copyright
United Kingdom,"21 Ebury St.,London SW1Y OLD",551,2,51.4898683,-0.1500235,"Choice Dry Cleaners, 21 Ebury Bridge Road, London, SW1W 8QX, United Kingdom",Choice Dry Cleaners,21,Ebury Bridge Road,SW1W 8QX,,Belgravia,London,Greater London,,England,ENG,United Kingdom,gb,0.405,0.9,1,© OpenStreetMap contributors,Open Database License,https://www.openstreetmap.org/copyright
United Kingdom,"21 Farncombe St.,Godalming Surry,GU7 3AY",552,2,51.1965553,-0.6090009,"Farncombe Street, Waverley, GU7 3LN, United Kingdom",Farncombe Street,,Farncombe Street,GU7 3LN,,Farncombe,Waverley,Surrey,SRY,England,ENG,United Kingdom,gb,0.4724999999999999,1,1,© OpenStreetMap contributors,Open Database License,https://www.openstreetmap.org/copyright
United Kingdom,"21 Farncombe St.,Godalming,Surrey,GU7 3AY",553,2,51.1965553,-0.6090009,"Farncombe Street, Waverley, GU7 3LN, United Kingdom",Farncombe Street,,Farncombe Street,GU7 3LN,,Farncombe,Waverley,Surrey,SRY,England,ENG,United Kingdom,gb,0.63,1,1,© OpenStreetMap contributors,Open Database License,https://www.openstreetmap.org/copyright
United Kingdom,"21 Garlick Hill,London EC4",554,2,51.5114914,-0.0939144,"21 Garlick Hill, City of London, EC4V 2BA, United Kingdom",,21,Garlick Hill,EC4V 2BA,City of London,Vintry,City of London,London,,England,ENG,United Kingdom,gb,0.5103,0.81,0.81,,,
United Kingdom,"21 Garlick Hill,London EC4 2AU",555,2,51.5114914,-0.0939144,"21 Garlick Hill, City of London, EC4V 2BA, United Kingdom",,21,Garlick Hill,EC4V 2BA,City of London,Vintry,City of London,London,,England,ENG,United Kingdom,gb,0.36450000000000005,0.81,0.81,,,
United Kingdom,"21/23 Craven Hill,London W2",556,2,51.51243025,-0.18201481322439306,"21 Craven Hill, London, W2 3ER, United Kingdom",,21,Craven Hill,W2 3ER,Westbourne Green,Paddington,London,Greater London,,England,ENG,United Kingdom,gb,0.855,1,1,© OpenStreetMap contributors,Open Database License,https://www.openstreetmap.org/copyright
United Kingdom,"21/23 Craven Hill,London W2 3EN",557,2,51.51243025,-0.18201481322439306,"21 Craven Hill, London, W2 3ER, United Kingdom",,21,Craven Hill,W2 3ER,Westbourne Green,Paddington,London,Greater London,,England,ENG,United Kingdom,gb,0.5984999999999999,1,1,© OpenStreetMap contributors,Open Database License,https://www.openstreetmap.org/copyright
United Kingdom,"21/26 Garlick Hill,London EC4",558,2,51.5119495,-0.0938312,"Garlick Hill, City of London, EC4V 2BA, United Kingdom",Garlick Hill,,Garlick Hill,EC4V 2BA,,Vintry,City of London,Greater London,,England,ENG,United Kingdom,gb,0.5103,0.81,0.81,© OpenStreetMap contributors,Open Database License,https://www.openstreetmap.org/copyright
United Kingdom,"21st Fl.,99 Bishopsgate,London ES2P 2LA",559,2,50.85778,-0.084807,"Flat 21, Brighton and Hove, BN1 9BL, United Kingdom",,,Flat 21,BN1 9BL,,Falmer,Brighton and Hove,East Sussex,ESX,England,ENG,United Kingdom,gb,0.26666666666666666,,0.26666666666666666,© OpenStreetMap contributors,Open Database License,https://www.openstreetmap.org/copyright
United Kingdom,"22 Baker St.,London,W1U 3BW",560,2,51.51769285,-0.15524481367099804,"22 Baker Street, London, W1U 3BZ, United Kingdom",,22,Baker Street,W1U 3BZ,,Marylebone,London,Greater London,,England,ENG,United Kingdom,gb,0.63,1,1,© OpenStreetMap contributors,Open Database License,https://www.openstreetmap.org/copyright
United Kingdom,"22 City Rd.,London EC1Y 2AJ",561,2,51.522435099999996,-0.08742094609152343,"ScotsCare, 22 City Road, London, EC1Y 2AJ, United Kingdom",ScotsCare,22,City Road,EC1Y 2AJ,London Borough of Islington,Finsbury,London,Greater London,,England,ENG,United Kingdom,gb,0.9,1,1,© OpenStreetMap contributors,Open Database License,https://www.openstreetmap.org/copyright
United Kingdom,"22 Grenville St.,ST.Helier,Jersey,JE4 8PX,Channel Islands",562,2,53.404775,-2.171907,"68 Grenville Street, Stockport, SK3 9ES, United Kingdom",,68,Grenville Street,SK3 9ES,,,Stockport,Salford,SLF,England,ENG,United Kingdom,gb,0,,,© OpenStreetMap contributors,Open Database License,https://www.openstreetmap.org/copyright
United Kingdom,"22 Mandervell Rd.,Ind.Estate,Oadby,Leicester LE2 5LQ",563,2,52.59775,-1.09258,"Oadby and Wigston, LE2 5LQ, United Kingdom",,,,LE2 5LQ,,,Oadby and Wigston,Leicestershire,LEC,England,ENG,United Kingdom,gb,0.6,,1,© OpenStreetMap contributors,Open Database License,https://www.openstreetmap.org/copyright
United Kingdom,"22 Mandervell Rd.,Oadby Ind.Estate,Leicester,LE2 5LQ",564,2,52.59775,-1.09258,"Oadby and Wigston, LE2 5LQ, United Kingdom",,,,LE2 5LQ,,,Oadby and Wigston,Leicestershire,LEC,England,ENG,United Kingdom,gb,0.6,,1,© OpenStreetMap contributors,Open Database License,https://www.openstreetmap.org/copyright
United Kingdom,"22 Mariner,Lichfield Road Ind.Estate,Tamworth,Staffordshire,B79 7UL",565,2,52.6400518,-1.7220587,"Lichfield Road, Tamworth, B79 7SE, United Kingdom",Lichfield Road,,Lichfield Road,B79 7SE,,,Tamworth,Staffordshire,STS,England,ENG,United Kingdom,gb,0.63,1,1,© OpenStreetMap contributors,Open Database License,https://www.openstreetmap.org/copyright
United Kingdom,"22 Torrington Place,London WC1E 7HJ",566,2,51.52156,-0.1345641,"22 Torrington Place, London, WC1E 7HJ, United Kingdom",,22,Torrington Place,WC1E 7HJ,London Borough of Camden,Fitzrovia,London,Greater London,,England,ENG,United Kingdom,gb,0.9,1,1,© OpenStreetMap contributors,Open Database License,https://www.openstreetmap.org/copyright
United Kingdom,"223-231 Pentonville Rd.,London N1 9NG",567,2,51.5309958,-0.1179002,"223 Pentonville Road, London, N1 9UZ, United Kingdom",,223,Pentonville Road,N1 9UZ,London Borough of Islington,Barnsbury,London,Greater London,,England,ENG,United Kingdom,gb,0.63,1,1,© OpenStreetMap contributors,Open Database License,https://www.openstreetmap.org/copyright
United Kingdom,"226 Purley Way,Croydon,CR0 4XG",568,2,51.37562885,-0.12010234850167611,"Sofology, 226 Purley Way, London, CR0 4XG, United Kingdom",Sofology,226,Purley Way,CR0 4XG,London Borough of Croydon,Waddon,London,Greater London,,England,ENG,United Kingdom,gb,0.9,1,1,© OpenStreetMap contributors,Open Database License,https://www.openstreetmap.org/copyright
United Kingdom,"226 Purley Way,Croydon,Surrey",569,2,51.37562885,-0.12010234850167611,"Sofology, 226 Purley Way, London, CR0 4XG, United Kingdom",Sofology,226,Purley Way,CR0 4XG,London Borough of Croydon,Waddon,London,Greater London,,England,ENG,United Kingdom,gb,0,1,1,© OpenStreetMap contributors,Open Database License,https://www.openstreetmap.org/copyright
United Kingdom,"226 Purley Way,Croydon,Surrey CR0 4XG",570,2,51.37562885,-0.12010234850167611,"Sofology, 226 Purley Way, London, CR0 4XG, United Kingdom",Sofology,226,Purley Way,CR0 4XG,London Borough of Croydon,Waddon,London,Greater London,,England,ENG,United Kingdom,gb,0.9,1,1,© OpenStreetMap contributors,Open Database License,https://www.openstreetmap.org/copyright
United Kingdom,"226 Purley Way,Croydon,Surrey CRO 4XG",571,2,51.37562885,-0.12010234850167611,"Sofology, 226 Purley Way, London, CR0 4XG, United Kingdom",Sofology,226,Purley Way,CR0 4XG,London Borough of Croydon,Waddon,London,Greater London,,England,ENG,United Kingdom,gb,0.9,1,1,© OpenStreetMap contributors,Open Database License,https://www.openstreetmap.org/copyright
United Kingdom,"2291 Coventry Rd.,Sheldon,Birmingham B26 3PD",572,2,52.4508614,-1.7783245,"Birmingham, B26 3PD, United Kingdom",,,,B26 3PD,,,Birmingham,West Midlands Combined Authority,,England,ENG,United Kingdom,gb,0.6,,1,© OpenStreetMap contributors,Open Database License,https://www.openstreetmap.org/copyright
United Kingdom,"22nd Colomberie St.,Helier Jersey",573,2,51.6056711,-1.6368605003017744,"The Defence Academy of the United Kingdom, Northford Hill, Vale of White Horse, SN6 8EU, United Kingdom",The Defence Academy of the United Kingdom,,Northford Hill,SN6 8EU,,,Vale of White Horse,Oxfordshire,OXF,England,ENG,United Kingdom,gb,0,,,© OpenStreetMap contributors,Open Database License,https://www.openstreetmap.org/copyright
United Kingdom,"23 College Hill,London",574,2,51.5115407,-0.0920675,"23 College Hill, City of London, EC4R 2RP, United Kingdom",,23,College Hill,EC4R 2RP,,Vintry,City of London,Greater London,,England,ENG,United Kingdom,gb,0.7290000000000001,0.81,0.81,© OpenStreetMap contributors,Open Database License,https://www.openstreetmap.org/copyright
United Kingdom,"23 College Hill,London EC4R 2RD",575,2,51.5115407,-0.0920675,"23 College Hill, City of London, EC4R 2RP, United Kingdom",,23,College Hill,EC4R 2RP,City of London,Vintry,City of London,Greater London,,England,ENG,United Kingdom,gb,0.5103,0.81,0.81,© OpenStreetMap contributors,Open Database License,https://www.openstreetmap.org/copyright
United Kingdom,"23 College Hill,London EC4R 2RP",576,2,51.5115407,-0.0920675,"23 College Hill, City of London, EC4R 2RP, United Kingdom",,23,College Hill,EC4R 2RP,,Vintry,City of London,Greater London,,England,ENG,United Kingdom,gb,0.9,1,1,© OpenStreetMap contributors,Open Database License,https://www.openstreetmap.org/copyright
United Kingdom,"23 London End,Beaconsfield,Buckinghamshire,HP9 2HN",577,2,51.6020497,-0.634532,"London End, Beaconsfield, HP9 2JD, United Kingdom",London End,,London End,HP9 2JD,Beaconsfield and Chepping Wye Community Board,,Beaconsfield,Buckinghamshire,BKM,England,ENG,United Kingdom,gb,0.63,1,1,© OpenStreetMap contributors,Open Database License,https://www.openstreetmap.org/copyright
United Kingdom,"23 London End.Beaconsfield,Buckinghamshire HP9 2HN",578,2,51.6019864,-0.63511,"23 London End, Beaconsfield, HP9 2HN, United Kingdom",,23,London End,HP9 2HN,Beaconsfield Civil Parish,,Beaconsfield,Buckinghamshire,BKM,England,ENG,United Kingdom,gb,0.7290000000000001,0.81,0.9,,,
United Kingdom,23 The Calls Leeds West Yorkshire LS2 7EH,579,2,53.7951373,-1.53881935,"Leeds, LS2 7EH, United Kingdom",,,,LS2 7EH,,,Leeds,West Yorkshire,,England,ENG,United Kingdom,gb,0.6,,1,© OpenStreetMap contributors,Open Database License,https://www.openstreetmap.org/copyright
United Kingdom,"23 Valley Bewdley,Worcs DY 12 2JX",580,2,51.023134299999995,-3.0765783915022147,"United Kingdom Hydrographic Office, Taunton, TA1 2DN, United Kingdom",United Kingdom Hydrographic Office,,,TA1 2DN,,Taunton,Taunton,Somerset,SOM,England,ENG,United Kingdom,gb,0,,,© OpenStreetMap contributors,Open Database License,https://www.openstreetmap.org/copyright
United Kingdom,"24 King William St.,London",581,2,51.510655,-0.086956,"24 King William Street, London, EC4R 9AT, United Kingdom",,24,King William Street,EC4R 9AT,City of London,Monument,London,London,,England,ENG,United Kingdom,gb,0.9,1,1,© OpenStreetMap contributors,Open Database License,https://www.openstreetmap.org/copyright
United Kingdom,"24 King William St.,London EC4R 9AJ",582,2,51.5107336,-0.086929,"24 King William Street, City of London, EC4R 9AT, United Kingdom",24 King William Street,24,King William Street,EC4R 9AT,,Cornhill,City of London,Greater London,,England,ENG,United Kingdom,gb,0.5103000000000001,0.81,0.81,© OpenStreetMap contributors,Open Database License,https://www.openstreetmap.org/copyright
United Kingdom,"24 King William St.,London,EC4R 9AJ",583,2,51.5107336,-0.086929,"24 King William Street, City of London, EC4R 9AT, United Kingdom",24 King William Street,24,King William Street,EC4R 9AT,,Cornhill,City of London,Greater London,,England,ENG,United Kingdom,gb,0.5103000000000001,0.81,0.81,© OpenStreetMap contributors,Open Database License,https://www.openstreetmap.org/copyright
United Kingdom,"24 Lombard St.,London EC3V 9AJ",584,2,51.51231,-0.08664,"City of London, EC3V 9AJ, United Kingdom",,,,EC3V 9AJ,,,City of London,Greater London,,England,ENG,United Kingdom,gb,0.6,,1,© OpenStreetMap contributors,Open Database License,https://www.openstreetmap.org/copyright
United Kingdom,"24 Lombard St.,London,EC3V 9AJ",585,2,51.51231,-0.08664,"City of London, EC3V 9AJ, United Kingdom",,,,EC3V 9AJ,,,City of London,Greater London,,England,ENG,United Kingdom,gb,0.6,,1,© OpenStreetMap contributors,Open Database License,https://www.openstreetmap.org/copyright
United Kingdom,24 Savile Row London W1S 2ES,586,2,51.5120713,-0.1415999,"24 Savile Row, London, W1S 2ER, United Kingdom",24 Savile Row,24,Savile Row,W1S 2ER,St. James's,Mayfair,City of Westminster,Greater London,,England,ENG,United Kingdom,gb,0.5670000000000001,0.9,0.9,© OpenStreetMap contributors,Open Database License,https://www.openstreetmap.org/copyright
United Kingdom,"24-25 Denman St.,London,W1D 7HU",587,2,51.5107524,-0.1348423,"Denman Street, London, W1D 7HA, United Kingdom",Denman Street,,Denman Street,W1D 7HA,,Soho,London,Greater London,,England,ENG,United Kingdom,gb,0.63,1,1,© OpenStreetMap contributors,Open Database License,https://www.openstreetmap.org/copyright
United Kingdom,"247 Cromwell Rd.,London,SW5 96A",588,2,51.4945196,-0.1948245,"Malaysia Airlines, 247-249 Cromwell Road, London, SW5 0SB, United Kingdom",Malaysia Airlines,247-249,Cromwell Road,SW5 0SB,Royal Borough of Kensington and Chelsea,Earl's Court,London,Greater London,,England,ENG,United Kingdom,gb,0.81,,,© OpenStreetMap contributors,Open Database License,https://www.openstreetmap.org/copyright
United Kingdom,"25 Chilton Way,Chilton Ind.Estate,Chilton,Ferryhill,County Durham,DL17 0SD",589,2,54.6673659,-1.564186,"Chilton Way, Chilton, DL17 0SD, United Kingdom",Chilton Way,,Chilton Way,DL17 0SD,,Chilton,Chilton,County Durham,,England,ENG,United Kingdom,gb,0.6260869565217392,0.9,1,© OpenStreetMap contributors,Open Database License,https://www.openstreetmap.org/copyright
United Kingdom,"25 Copinger Close,Totton,Southampton,Hants,SO40 8WN",590,2,50.9126489,-1.5121042,"25 Copinger Close, New Forest, SO40 8WN, United Kingdom",,25,Copinger Close,SO40 8WN,Totton and Eling,Totton and Eling,New Forest,Hampshire,HAM,England,ENG,United Kingdom,gb,0.9,1,1,,,
United Kingdom,25 Grosvenor St.London Wl,591,2,52.663642,-1.580326,United Kingdom,United Kingdom,,,,,,,,,,,United Kingdom,gb,0,,,Who's On First,CC0,https://www.whosonfirst.org/docs/licenses/
United Kingdom,"25-27 Shaftesbury Ave.,London,W1D 7EG",592,2,51.5111465,-0.1337037,"Big Bite, 25-27 Shaftesbury Avenue, London, WC2H 8DP, United Kingdom",Big Bite,25-27,Shaftesbury Avenue,WC2H 8DP,St. James's,Covent Garden,City of Westminster,Greater London,,England,ENG,United Kingdom,gb,0.15,0.16666666666666666,0.16666666666666666,© OpenStreetMap contributors,Open Database License,https://www.openstreetmap.org/copyright
United Kingdom,"25-35 Sadler Rd.,Lincoln,Lincolnshire,LN6 3XJ",593,2,53.20348,-0.60318,"Lincoln, LN6 3XJ, United Kingdom",,,,LN6 3XJ,,,Lincoln,Lincolnshire,LIN,England,ENG,United Kingdom,gb,0.6,,1,© OpenStreetMap contributors,Open Database License,https://www.openstreetmap.org/copyright
United Kingdom,"25/28 Old Burling St.,London W1X 1RJ",594,2,51.514993,-0.092813,"City of London, London, ENG, United Kingdom",City of London,,,,City of London,,London,London,,England,ENG,United Kingdom,gb,0.25,,1,Who's On First,CC0,https://www.whosonfirst.org/docs/licenses/
United Kingdom,"25/28 Old Burlington St.,London W1S 3AN",595,2,51.5110543,-0.141279,"Old Burlington Street, London, W1S 3AJ, United Kingdom",Old Burlington Street,,Old Burlington Street,W1S 3AJ,St. James's,Mayfair,London,Greater London,,England,ENG,United Kingdom,gb,0.63,1,1,© OpenStreetMap contributors,Open Database License,https://www.openstreetmap.org/copyright
United Kingdom,"25/28 Old Burlington St.,London W1X 1RJ",596,2,51.5105751,-0.1408109,"28 Old Burlington Street, London, United Kingdom",,28,Old Burlington Street,,Westminster,Mayfair,London,London,,England,ENG,United Kingdom,gb,0.63,1,1,,,
United Kingdom,"253 Titchfield Rd.,Stubbington Fareham,Hants PO14 3EP",597,2,50.83887,-1.22959,"Fareham, PO14 3EP, United Kingdom",,,,PO14 3EP,,,Fareham,Hampshire,HAM,England,ENG,United Kingdom,gb,0.6,,1,© OpenStreetMap contributors,Open Database License,https://www.openstreetmap.org/copyright
United Kingdom,"253 Titchfield Rd.,Stubbington Fareham,Hants,PO14",598,2,50.8432259,-1.2272702,"Titchfield Road, Fareham, PO14 3ET, United Kingdom",Titchfield Road,,Titchfield Road,PO14 3ET,,Heathfield,Fareham,Hampshire,HAM,England,ENG,United Kingdom,gb,0.44099999999999995,0.7,0.7,© OpenStreetMap contributors,Open Database License,https://www.openstreetmap.org/copyright
United Kingdom,"258 Bath Rd.,Slough,Berkshire SL1 4DX",599,2,51.5202198,-0.6541157,"Bath Road, Slough, SL1 5PB, United Kingdom",Bath Road,,Bath Road,SL1 5PB,,Cippenham,Slough,,,England,ENG,United Kingdom,gb,0.63,1,1,© OpenStreetMap contributors,Open Database License,https://www.openstreetmap.org/copyright
United Kingdom,"258 Bath Rd.,Slough,Berkshire,SL1 4DX",600,2,51.5202198,-0.6541157,"Bath Road, Slough, SL1 5PB, United Kingdom",Bath Road,,Bath Road,SL1 5PB,,Cippenham,Slough,,,England,ENG,United Kingdom,gb,0.63,1,1,© OpenStreetMap contributors,Open Database License,https://www.openstreetmap.org/copyright
United Kingdom,"258 Belsize Rd.,London,NW6 4BT",601,2,51.537836799999994,-0.19199912852495354,"Sanctum, 258 Belsize Road, London, NW6 4AA, United Kingdom",Sanctum,258,Belsize Road,NW6 4AA,London Borough of Camden,South Hampstead,London,Greater London,,England,ENG,United Kingdom,gb,0.63,1,1,© OpenStreetMap contributors,Open Database License,https://www.openstreetmap.org/copyright
United Kingdom,"26 Finsbury Sq.,London EC2A 1DS",602,2,51.5205475,-0.0873138,"Finsbury Square, London, EC2A 1AE, United Kingdom",Finsbury Square,,Finsbury Square,EC2A 1AE,London Borough of Islington,Finsbury,London,Greater London,,England,ENG,United Kingdom,gb,0.63,1,1,© OpenStreetMap contributors,Open Database License,https://www.openstreetmap.org/copyright
United Kingdom,"26 Finsbury Sq.,London,EC2A 1DS",603,2,51.5205475,-0.0873138,"Finsbury Square, London, EC2A 1AE, United Kingdom",Finsbury Square,,Finsbury Square,EC2A 1AE,London Borough of Islington,Finsbury,London,Greater London,,England,ENG,United Kingdom,gb,0.63,1,1,© OpenStreetMap contributors,Open Database License,https://www.openstreetmap.org/copyright
United Kingdom,"26 Great Marlborough St.,London W1V 1HB",604,2,51.5139015,-0.1395707,"26 Great Marlborough Street, London, W1F 7JF, United Kingdom",,26,Great Marlborough Street,W1F 7JF,Westminster,Soho,City of Westminster,Greater London,,England,ENG,United Kingdom,gb,0.24300000000000002,0.9,0.9,© OpenStreetMap contributors,Open Database License,https://www.openstreetmap.org/copyright
United Kingdom,26 Great Marlborough St.London W1V 1HB,605,2,51.513902,-0.139571,"26 Great Marlborough Street, London, W1F 7JF, United Kingdom",,26,Great Marlborough Street,W1F 7JF,Westminster,Soho,London,London,,England,ENG,United Kingdom,gb,0,,,© OpenStreetMap contributors,Open Database License,https://www.openstreetmap.org/copyright
United Kingdom,"26 Heathfield,Stacey Bushes Milton Keynes,MK12 6HP",606,2,52.0503095,-0.8028976,"Heathfield, Milton Keynes, MK12 6HP, United Kingdom",Heathfield,,Heathfield,MK12 6HP,,Wolverton and Greenleys,Milton Keynes,City of Milton Keynes,,England,ENG,United Kingdom,gb,0.7,1,1,© OpenStreetMap contributors,Open Database License,https://www.openstreetmap.org/copyright
United Kingdom,"26 Heathfield,Stacey Bushes Milton Keynes,MK12 6HR",607,2,52.0494623,-0.8019054,"Heathfield, Milton Keynes, MK12 6HR, United Kingdom",Heathfield,,Heathfield,MK12 6HR,,Wolverton and Greenleys,Milton Keynes,City of Milton Keynes,,England,ENG,United Kingdom,gb,0.7,1,1,© OpenStreetMap contributors,Open Database License,https://www.openstreetmap.org/copyright
United Kingdom,"26-28 Hammersmith Grove,Hammersmith,London W6 7BA",608,2,51.4949078,-0.2260117,"Fitness First, 26-28 Hammersmith Grove, London, W6 7HB, United Kingdom",Fitness First,26-28,Hammersmith Grove,W6 7HB,London Borough of Hammersmith and Fulham,Brook Green,London,Greater London,,England,ENG,United Kingdom,gb,0.63,1,1,© OpenStreetMap contributors,Open Database License,https://www.openstreetmap.org/copyright
United Kingdom,"260 Cambridge Science Park,Milton Rd.,Cambridge CB4 4WE",609,2,52.2223881,0.13696749168732458,"260 Milton Road, Cambridge, CB4 1LQ, United Kingdom",,260,Milton Road,CB4 1LQ,Lynfield Court,Chesterton,Cambridge,Cambridgeshire,CAM,England,ENG,United Kingdom,gb,0.63,1,1,© OpenStreetMap contributors,Open Database License,https://www.openstreetmap.org/copyright
United Kingdom,"260 Cambridge Science Park,Milton Rd.,Cambridge,CB4 0WE",610,2,52.2223881,0.13696749168732458,"260 Milton Road, Cambridge, CB4 1LQ, United Kingdom",,260,Milton Road,CB4 1LQ,Lynfield Court,Chesterton,Cambridge,Cambridgeshire,CAM,England,ENG,United Kingdom,gb,0.63,1,1,© OpenStreetMap contributors,Open Database License,https://www.openstreetmap.org/copyright
United Kingdom,"260 Cambridge Science Park,Milton Rd.,Cambridge,CB4 4WE",611,2,52.2223881,0.13696749168732458,"260 Milton Road, Cambridge, CB4 1LQ, United Kingdom",,260,Milton Road,CB4 1LQ,Lynfield Court,Chesterton,Cambridge,Cambridgeshire,CAM,England,ENG,United Kingdom,gb,0.63,1,1,© OpenStreetMap contributors,Open Database License,https://www.openstreetmap.org/copyright
United Kingdom,"265 Strand,London,WC2R 1BH",612,2,51.51340905,-0.11447242765274,"Covington & Burling, 265 Strand, London, WC2R 1BH, United Kingdom",Covington & Burling,265,Strand,WC2R 1BH,St Clement Danes,Holborn,London,Greater London,,England,ENG,United Kingdom,gb,0.9,1,1,© OpenStreetMap contributors,Open Database License,https://www.openstreetmap.org/copyright
United Kingdom,"266-270 Gunnersbury Ave.,London,W4 5QB",613,2,51.4935846,-0.2822941,"Gunnersbury Avenue, London, W4 5QB, United Kingdom",Gunnersbury Avenue,,Gunnersbury Avenue,W4 5QB,London Borough of Hounslow,Grove Park,London,Greater London,,England,ENG,United Kingdom,gb,0.7,1,1,© OpenStreetMap contributors,Open Database License,https://www.openstreetmap.org/copyright
United Kingdom,"268 Bath Rd.,Slough,Berkshire,SL1 4DX",614,2,51.5202198,-0.6541157,"Bath Road, Slough, SL1 5PB, United Kingdom",Bath Road,,Bath Road,SL1 5PB,,Cippenham,Slough,,,England,ENG,United Kingdom,gb,0.63,1,1,© OpenStreetMap contributors,Open Database License,https://www.openstreetmap.org/copyright
United Kingdom,"27 Furze Close,Thurston,Bury St.,Edmunds,Suffolk,IP31 3PR",615,2,52.2548147,0.8014161,"Furze Close, Mid Suffolk, IP31 3PR, United Kingdom",Furze Close,,Furze Close,IP31 3PR,,,Mid Suffolk,Suffolk,SFK,England,ENG,United Kingdom,gb,0.7,1,1,© OpenStreetMap contributors,Open Database License,https://www.openstreetmap.org/copyright
United Kingdom,"27 Furze Close,Thurston,Bury St.Edmunds,Suffolk,IP31 3PR",616,2,52.2548147,0.8014161,"Furze Close, Mid Suffolk, IP31 3PR, United Kingdom",Furze Close,,Furze Close,IP31 3PR,,,Mid Suffolk,Suffolk,SFK,England,ENG,United Kingdom,gb,0.7,1,1,© OpenStreetMap contributors,Open Database License,https://www.openstreetmap.org/copyright
United Kingdom,"27 Great West Rd.,Brentford,Middlesex,TW8 9BW",617,2,51.491180799999995,-0.2904536417020782,"27 Great West Road, London, TW8 9FX, United Kingdom",27 Great West Road,27,Great West Road,TW8 9FX,London Borough of Hounslow,Grove Park,London,Greater London,,England,ENG,United Kingdom,gb,0.44099999999999995,0.7,0.7,© OpenStreetMap contributors,Open Database License,https://www.openstreetmap.org/copyright
United Kingdom,"27-28 East Castle St.,London,W1W 8DH",618,2,51.51672,-0.13854,"London, W1W 8DH, United Kingdom",,,,W1W 8DH,,,London,Greater London,,England,ENG,United Kingdom,gb,0.6,,1,© OpenStreetMap contributors,Open Database License,https://www.openstreetmap.org/copyright
United Kingdom,"27-28 Eastcastle St.,London,W1W 8DH",619,2,51.5167167,-0.13848617125758117,"Eastcastle House, 27-28 Eastcastle Street, London, W1W 8DE, United Kingdom",Eastcastle House,27-28,Eastcastle Street,W1W 8DE,Westminster,Fitzrovia,City of Westminster,Greater London,,England,ENG,United Kingdom,gb,0.5670000000000001,0.9,0.9,© OpenStreetMap contributors,Open Database License,https://www.openstreetmap.org/copyright
United Kingdom,"27-29 Brunel Rd.Acton,London",620,2,51.3913333,-0.30984150933114063,"Wood Floor Surbiton, 27-29 Brighton Road, London, KT6 5PQ, United Kingdom",Wood Floor Surbiton,27-29,Brighton Road,KT6 5PQ,Royal Borough of Kingston upon Thames,Surbiton,London,Greater London,,England,ENG,United Kingdom,gb,0.40909090909090906,0.45454545454545453,1,© OpenStreetMap contributors,Open Database License,https://www.openstreetmap.org/copyright
United Kingdom,"27-29 Campbell Court,Campbell Rd.,Bramley Tadley,Basing Stoke,Hampshire RG26 5EG",621,2,51.3251979,-1.0444584,"Campbell Road, Basingstoke and Deane, RG26 5UX, United Kingdom",Campbell Road,,Campbell Road,RG26 5UX,,,Basingstoke and Deane,Hampshire,HAM,England,ENG,United Kingdom,gb,0.5670000000000001,0.7,0.7,© OpenStreetMap contributors,Open Database License,https://www.openstreetmap.org/copyright
United Kingdom,27/32 Old Jewery London EC2R 8EY,622,2,51.514457,-0.090869,"27-32 Old Jewry, London, EC2R 8EY, United Kingdom",,27-32,Old Jewry,EC2R 8EY,City of London,Cheapside,London,London,,England,ENG,United Kingdom,gb,0.675,0.75,1,© OpenStreetMap contributors,Open Database License,https://www.openstreetmap.org/copyright
United Kingdom,"27/32 Old Jewery,London EC2R 8EY",623,2,51.514457,-0.090869,"27-32 Old Jewry, London, EC2R 8EY, United Kingdom",,27-32,Old Jewry,EC2R 8EY,City of London,Cheapside,London,London,,England,ENG,United Kingdom,gb,0.675,0.75,1,© OpenStreetMap contributors,Open Database License,https://www.openstreetmap.org/copyright
United Kingdom,"270 Brompton Rd.London,SW3",624,2,52.663642,-1.580326,United Kingdom,United Kingdom,,,,,,,,,,,United Kingdom,gb,0,,,Who's On First,CC0,https://www.whosonfirst.org/docs/licenses/
United Kingdom,"272 Gunnersbury Ave.,Chiswick,London",625,2,51.4926094,-0.2816026996799431,"Chiswick Place, 272 Gunnersbury Avenue, London, W4 5QB, United Kingdom",Chiswick Place,272,Gunnersbury Avenue,W4 5QB,London Borough of Hounslow,Grove Park,London,Greater London,,England,ENG,United Kingdom,gb,0.9,1,1,© OpenStreetMap contributors,Open Database License,https://www.openstreetmap.org/copyright
United Kingdom,"272 Gunnersbury Ave.,Chiswick,London W4 5QB",626,2,51.4926094,-0.2816026996799431,"Chiswick Place, 272 Gunnersbury Avenue, London, W4 5QB, United Kingdom",Chiswick Place,272,Gunnersbury Avenue,W4 5QB,London Borough of Hounslow,Grove Park,London,Greater London,,England,ENG,United Kingdom,gb,0.9,1,1,© OpenStreetMap contributors,Open Database License,https://www.openstreetmap.org/copyright
United Kingdom,"272 Gunnersbury Ave.,Chiswick,London,W4 5QB",627,2,51.4926094,-0.2816026996799431,"Chiswick Place, 272 Gunnersbury Avenue, London, W4 5QB, United Kingdom",Chiswick Place,272,Gunnersbury Avenue,W4 5QB,London Borough of Hounslow,Grove Park,London,Greater London,,England,ENG,United Kingdom,gb,0.9,1,1,© OpenStreetMap contributors,Open Database License,https://www.openstreetmap.org/copyright
United Kingdom,"28 Bruton St.,London W1",628,2,51.5107189,-0.1447966828475856,"Paul & Joe, 28 Bruton Street, London, W1J 6QB, United Kingdom",Paul & Joe,28,Bruton Street,W1J 6QB,St. James's,Mayfair,London,Greater London,,England,ENG,United Kingdom,gb,0.9,1,1,© OpenStreetMap contributors,Open Database License,https://www.openstreetmap.org/copyright
United Kingdom,"28 Lime St.,London,EC3M 7HR",629,2,51.51194666666667,-0.0835285,"City of London, EC3M 7HR, United Kingdom",,,,EC3M 7HR,,,City of London,Greater London,,England,ENG,United Kingdom,gb,0.6,,1,© OpenStreetMap contributors,Open Database License,https://www.openstreetmap.org/copyright
United Kingdom,"28 New Lane,Havant,Hampshire,P09 2NQ",630,2,50.8630514,-0.9698425,"New Lane, Havant, PO9 2JN, United Kingdom",New Lane,,New Lane,PO9 2JN,Denvilles,,Havant,Hampshire,HAM,England,ENG,United Kingdom,gb,0.5,1,1,© OpenStreetMap contributors,Open Database License,https://www.openstreetmap.org/copyright
United Kingdom,"28 New Lane,Havant,Hampshire,PO9 2NQ",631,2,50.85796,-0.97308,"Havant, PO9 2NQ, United Kingdom",,,,PO9 2NQ,,,Havant,Hampshire,HAM,England,ENG,United Kingdom,gb,0.6,,1,© OpenStreetMap contributors,Open Database License,https://www.openstreetmap.org/copyright
United Kingdom,"284 Aberdeen Ave.,Slough,Berkshire,SL1 4HG",632,2,51.5182007,-0.6266003,"Aberdeen Avenue, Slough, SL1 4HF, United Kingdom",Aberdeen Avenue,,Aberdeen Avenue,SL1 4HF,,Cippenham,Slough,,,England,ENG,United Kingdom,gb,0.63,1,1,© OpenStreetMap contributors,Open Database License,https://www.openstreetmap.org/copyright
United Kingdom,"28th Fl.,One Canada Sq.,Canary Wharf,London E14 5AA",633,2,51.505193,-0.019415,"One Canada Square, 1 Canada Square, London, E14 5AA, United Kingdom",One Canada Square,1,Canada Square,E14 5AA,Tower Hamlets,Canary Wharf,London,London,,England,ENG,United Kingdom,gb,1,,1,© OpenStreetMap contributors,Open Database License,https://www.openstreetmap.org/copyright
United Kingdom,"29 Ludgate Hill,London,EC4M 7JE",634,2,51.5137364,-0.1018968,"TSB, 29 Ludgate Hill, City of London, EC4M 7AE, United Kingdom",TSB,29,Ludgate Hill,EC4M 7AE,,Blackfriars,City of London,Greater London,,England,ENG,United Kingdom,gb,0.5103000000000001,0.81,0.81,© OpenStreetMap contributors,Open Database License,https://www.openstreetmap.org/copyright
United Kingdom,"29 Smith St.London,SW3",635,2,52.663642,-1.580326,United Kingdom,United Kingdom,,,,,,,,,,,United Kingdom,gb,0,,,Who's On First,CC0,https://www.whosonfirst.org/docs/licenses/
United Kingdom,29 Throgmorton St.London EC2,636,2,51.515257,-0.086845,"29 Throgmorton Street, London, EC2N 2AD, United Kingdom",,29,Throgmorton Street,EC2N 2AD,City of London,Moorgate,London,London,,England,ENG,United Kingdom,gb,0,,,© OpenStreetMap contributors,Open Database License,https://www.openstreetmap.org/copyright
United Kingdom,"29-30 Cornhill,London EC3V 3QA",637,2,51.5133682,-0.0883701,"Cornhill, City of London, EC3V 3NR, United Kingdom",Cornhill,,Cornhill,EC3V 3NR,,Cornhill,City of London,Greater London,,England,ENG,United Kingdom,gb,0.5103,0.81,0.81,© OpenStreetMap contributors,Open Database License,https://www.openstreetmap.org/copyright
United Kingdom,"29-30 Cornhill,London EC3V 3QA.",638,2,51.5133682,-0.0883701,"Cornhill, City of London, EC3V 3NR, United Kingdom",Cornhill,,Cornhill,EC3V 3NR,,Cornhill,City of London,Greater London,,England,ENG,United Kingdom,gb,0.5103,0.81,0.81,© OpenStreetMap contributors,Open Database License,https://www.openstreetmap.org/copyright
United Kingdom,"29/30 Cornhill,London EC3V 3QA",639,2,51.5133682,-0.0883701,"Cornhill, City of London, EC3V 3NR, United Kingdom",Cornhill,,Cornhill,EC3V 3NR,,Cornhill,City of London,Greater London,,England,ENG,United Kingdom,gb,0.5103,0.81,0.81,© OpenStreetMap contributors,Open Database License,https://www.openstreetmap.org/copyright
United Kingdom,"29/30 Cornhill,London EC3V 3QA,England",640,2,51.5133682,-0.0883701,"Cornhill, City of London, EC3V 3NR, United Kingdom",Cornhill,,Cornhill,EC3V 3NR,,Cornhill,City of London,Greater London,,England,ENG,United Kingdom,gb,0.5103,0.81,0.81,© OpenStreetMap contributors,Open Database License,https://www.openstreetmap.org/copyright
United Kingdom,"295 Regent St.,London,W1B 2HL",641,2,51.5166877,-0.1428351390513167,"295 Regent Street, London, W1B 3AT, United Kingdom",,295,Regent Street,W1B 3AT,Westminster,Mayfair,City of Westminster,Greater London,,England,ENG,United Kingdom,gb,0.5670000000000001,0.9,0.9,© OpenStreetMap contributors,Open Database License,https://www.openstreetmap.org/copyright
United Kingdom,"296 Regent St.,London W1R 5HD",642,2,51.5164406,-0.1424407,"296 Regent Street, London, W1R 5HD, United Kingdom",,296,Regent Street,W1R 5HD,Westminster,Marylebone,London,London,,England,ENG,United Kingdom,gb,0.9,1,1,,,
United Kingdom,296-392 High Holborn London WC1V 7JL,643,2,51.518009,-0.1147703,"Paul, 296-298 High Holborn, London, WC1V 7JH, United Kingdom",Paul,296-298,High Holborn,WC1V 7JH,London Borough of Camden,Holborn,London,Greater London,,England,ENG,United Kingdom,gb,0.5670000000000001,1,1,© OpenStreetMap contributors,Open Database License,https://www.openstreetmap.org/copyright
United Kingdom,"296-392 High Holborn,London WC1V 7JL",644,2,51.518009,-0.1147703,"Paul, 296-298 High Holborn, London, WC1V 7JH, United Kingdom",Paul,296-298,High Holborn,WC1V 7JH,London Borough of Camden,Holborn,London,Greater London,,England,ENG,United Kingdom,gb,0.5670000000000001,1,1,© OpenStreetMap contributors,Open Database License,https://www.openstreetmap.org/copyright
United Kingdom,"2A Cleeve Court,Cleeveroad,Leatherhead,Surrey KT 227 NN",645,2,51.2955038,-0.3293689,"Leatherhead, Mole Valley, ENG, United Kingdom",Leatherhead,,,,,,Mole Valley,Surrey,SRY,England,ENG,United Kingdom,gb,0.25,,1,© OpenStreetMap contributors,Open Database License,https://www.openstreetmap.org/copyright
United Kingdom,"2B Wyncolls Rd.,Severolls Business Park Colchester,Essex CO4 9HZ",646,2,51.9176719,0.9289672,"Wyncolls Road, Colchester, CO4 9HU, United Kingdom",Wyncolls Road,,Wyncolls Road,CO4 9HU,,Highwoods,Colchester,Essex,ESS,England,ENG,United Kingdom,gb,0.63,1,1,© OpenStreetMap contributors,Open Database License,https://www.openstreetmap.org/copyright
United Kingdom,"2la John St.,London WC1N 2BF",647,2,51.5227442,-0.11622506834170829,"21 John Street, London, WC1N 2BF, United Kingdom",,21,John Street,WC1N 2BF,London Borough of Camden,Holborn,London,Greater London,,England,ENG,United Kingdom,gb,0.5670000000000001,0.63,1,© OpenStreetMap contributors,Open Database License,https://www.openstreetmap.org/copyright
United Kingdom,"2la John St.,WC1N 2BF,London",648,2,51.5227442,-0.11622506834170829,"21 John Street, London, WC1N 2BF, United Kingdom",,21,John Street,WC1N 2BF,London Borough of Camden,Holborn,London,Greater London,,England,ENG,United Kingdom,gb,0.5670000000000001,0.63,1,© OpenStreetMap contributors,Open Database License,https://www.openstreetmap.org/copyright
United Kingdom,"2nd Fl.,120 Moorgate London EC2M 6SS",649,2,51.5187199,-0.0877584,"Starbucks, 120 Moorgate, City of London, EC2M 6AB, United Kingdom",Starbucks,120,Moorgate,EC2M 6AB,,Barbican,City of London,Greater London,,England,ENG,United Kingdom,gb,0.5103000000000001,0.81,0.81,© OpenStreetMap contributors,Open Database License,https://www.openstreetmap.org/copyright
United Kingdom,"2nd Fl.,120 Moorgate,London EC2M 6SS",650,2,51.5187199,-0.0877584,"Starbucks, 120 Moorgate, City of London, EC2M 6AB, United Kingdom",Starbucks,120,Moorgate,EC2M 6AB,,Barbican,City of London,Greater London,,England,ENG,United Kingdom,gb,0.5103000000000001,0.81,0.81,© OpenStreetMap contributors,Open Database License,https://www.openstreetmap.org/copyright
United Kingdom,"2nd Fl.,15 Berkeley St.,London W1X 5AE",651,2,51.5084143,-0.1432995,"Nobu, 15a Berkeley Street, London, W1J 6EA, United Kingdom",Nobu,15a,Berkeley Street,W1J 6EA,St. James's,Mayfair,London,Greater London,,England,ENG,United Kingdom,gb,0.855,1,1,© OpenStreetMap contributors,Open Database License,https://www.openstreetmap.org/copyright
United Kingdom,"2nd Fl.,15 Moorgate,London EC2R 6AB",652,2,51.51507,-0.08985,"City of London, EC2R 6AB, United Kingdom",,,,EC2R 6AB,,,City of London,Greater London,,England,ENG,United Kingdom,gb,1,,1,© OpenStreetMap contributors,Open Database License,https://www.openstreetmap.org/copyright
United Kingdom,"2nd Fl.,150 Brompton Rd.,London,SW3 1HX",653,2,51.4984678,-0.1664579,"Embassy of Uruguay, 150 Brompton Road, London, SW3 1HX, United Kingdom",Embassy of Uruguay,150,Brompton Road,SW3 1HX,Royal Borough of Kensington and Chelsea,Chelsea,London,Greater London,,England,ENG,United Kingdom,gb,0.9,1,1,© OpenStreetMap contributors,Open Database License,https://www.openstreetmap.org/copyright
United Kingdom,"2nd Fl.,20 Baltic St.,London EC1Y 0UL",654,2,51.5233815,-0.096575,"Baltic Street, London, EC1Y 0UL, United Kingdom",Baltic Street,,Baltic Street,EC1Y 0UL,London Borough of Islington,Finsbury,London,Greater London,,England,ENG,United Kingdom,gb,0.7,1,1,© OpenStreetMap contributors,Open Database License,https://www.openstreetmap.org/copyright
United Kingdom,"2nd Fl.,20 South Balderton St.,London W1K 6TL",655,2,51.51383,-0.15216,"London, W1K 6TL, United Kingdom",,,,W1K 6TL,,,City of Westminster,Greater London,,England,ENG,United Kingdom,gb,0.6,,1,© OpenStreetMap contributors,Open Database License,https://www.openstreetmap.org/copyright
United Kingdom,"2nd Fl.,22 East Cheap,London,EC3M 1EM",656,2,51.499258499999996,-0.010222859029226868,"22 East Ferry Road, London, E14 3LA, United Kingdom",,22,East Ferry Road,E14 3LA,London Borough of Tower Hamlets,Isle of Dogs,London,Greater London,,England,ENG,United Kingdom,gb,0.5103,0.567,1,© OpenStreetMap contributors,Open Database License,https://www.openstreetmap.org/copyright
United Kingdom,"2nd Fl.,24B Lime St.,London EC3M 7HJ",657,2,51.5118332,-0.0836948,"Lime Street, City of London, EC3M 7HJ, United Kingdom",Lime Street,,Lime Street,EC3M 7HJ,,Cornhill,City of London,Greater London,,England,ENG,United Kingdom,gb,0.7,1,1,© OpenStreetMap contributors,Open Database License,https://www.openstreetmap.org/copyright
United Kingdom,"2nd Fl.,24B Lime St.,London EC3M 7HR",658,2,51.5118847,-0.0835703,"24 Lime Street, City of London, EC3M 7HR, United Kingdom",,24,Lime Street,EC3M 7HR,City of London,Cornhill,City of London,Greater London,,England,ENG,United Kingdom,gb,0.855,1,1,© OpenStreetMap contributors,Open Database License,https://www.openstreetmap.org/copyright
United Kingdom,"2nd Fl.,24B Lime St.,London,EC3M 7HJ",659,2,51.5118332,-0.0836948,"Lime Street, City of London, EC3M 7HJ, United Kingdom",Lime Street,,Lime Street,EC3M 7HJ,,Cornhill,City of London,Greater London,,England,ENG,United Kingdom,gb,0.7,1,1,© OpenStreetMap contributors,Open Database License,https://www.openstreetmap.org/copyright
United Kingdom,"2nd Fl.,25 Fenchurch Ave.,London,EC3M 5AD",660,2,51.5128153,-0.080977,"The Moniker, 25 Fenchurch Avenue, City of London, EC3M 5AD, United Kingdom",The Moniker,25,Fenchurch Avenue,EC3M 5AD,,Bishopsgate,City of London,Greater London,,England,ENG,United Kingdom,gb,0.9,1,1,© OpenStreetMap contributors,Open Database License,https://www.openstreetmap.org/copyright
United Kingdom,"2nd Fl.,25 Fenchurch St.,London,EC3M 5AD",661,2,51.5128153,-0.080977,"The Moniker, 25 Fenchurch Avenue, City of London, EC3M 5AD, United Kingdom",The Moniker,25,Fenchurch Avenue,EC3M 5AD,,Bishopsgate,City of London,Greater London,,England,ENG,United Kingdom,gb,0.9,1,1,© OpenStreetMap contributors,Open Database License,https://www.openstreetmap.org/copyright
United Kingdom,"2nd Fl.,3 Furzeground Way,Stockley Park,Uxbridge,Middlesex UB11 1EZ",662,2,51.5083934,-0.4412488806683331,"3 Furzeground Way, London, UB11 1BB, United Kingdom",,3,Furzeground Way,UB11 1BB,London Borough of Hillingdon,Stockley Park,London,Greater London,,England,ENG,United Kingdom,gb,0.48999999999999994,0.7,0.7,© OpenStreetMap contributors,Open Database License,https://www.openstreetmap.org/copyright
United Kingdom,"2nd Fl.,344 Kensington High St.,London,W14 8NS",663,2,51.4973249,-0.2049852,"Consulate of Romania, 344 Kensington High Street, London, W14 8NS, United Kingdom",Consulate of Romania,344,Kensington High Street,W14 8NS,Royal Borough of Kensington and Chelsea,Earl's Court,London,Greater London,,England,ENG,United Kingdom,gb,0.9,1,1,© OpenStreetMap contributors,Open Database License,https://www.openstreetmap.org/copyright
United Kingdom,"2nd Fl.,50 Mark Lane London,EC3R 7QR",664,2,51.5100703,-0.08034,"Santander, 50 Mark Lane, City of London, EC3R 7QR, United Kingdom",Santander,50,Mark Lane,EC3R 7QR,,Bishopsgate,City of London,Greater London,,England,ENG,United Kingdom,gb,0.9,1,1,© OpenStreetMap contributors,Open Database License,https://www.openstreetmap.org/copyright
United Kingdom,"2nd Fl.,50 Mark Lane,London EC3R 7QR",665,2,51.5100703,-0.08034,"Santander, 50 Mark Lane, City of London, EC3R 7QR, United Kingdom",Santander,50,Mark Lane,EC3R 7QR,,Bishopsgate,City of London,Greater London,,England,ENG,United Kingdom,gb,0.9,1,1,© OpenStreetMap contributors,Open Database License,https://www.openstreetmap.org/copyright
United Kingdom,"2nd Fl.,50 Mark Lane,London,EC3R 7QR",666,2,51.5100703,-0.08034,"Santander, 50 Mark Lane, City of London, EC3R 7QR, United Kingdom",Santander,50,Mark Lane,EC3R 7QR,,Bishopsgate,City of London,Greater London,,England,ENG,United Kingdom,gb,0.9,1,1,© OpenStreetMap contributors,Open Database License,https://www.openstreetmap.org/copyright
United Kingdom,"2nd Fl.,55 Moorgate,London EC2R 6EX",667,2,51.51602,-0.088009,"London, EC2R 7NJ, United Kingdom",EC2R 7NJ,,,EC2R 7NJ,,,London,,,,,United Kingdom,gb,0.48999999999999994,,1,Who's On First,CC0,https://www.whosonfirst.org/docs/licenses/
United Kingdom,"2nd Fl.,55 Moorgate,LONDON EC2R 6EX",668,2,51.51602,-0.088009,"EC2R 7NJ, United Kingdom",EC2R 7NJ,,,EC2R 7NJ,,,,,,,,United Kingdom,gb,0.48999999999999994,,0.9,Who's On First,CC0,https://www.whosonfirst.org/docs/licenses/
United Kingdom,"2nd Fl.,55 Moorgate,London,EC2R 6EX",669,2,51.51602,-0.088009,"London, EC2R 7NJ, United Kingdom",EC2R 7NJ,,,EC2R 7NJ,,,London,,,,,United Kingdom,gb,0.48999999999999994,,1,Who's On First,CC0,https://www.whosonfirst.org/docs/licenses/
United Kingdom,"2nd Fl.,56 Queen's Gate London SW7 5JW",670,2,51.4962053,-0.179537,"56 Queen's Gate, London, SW7 5QL, United Kingdom",,56,Queen's Gate,SW7 5QL,Royal Borough of Kensington and Chelsea,Brompton,London,Greater London,,England,ENG,United Kingdom,gb,0.63,1,1,© OpenStreetMap contributors,Open Database License,https://www.openstreetmap.org/copyright
United Kingdom,"2nd Fl.,56 Queen's Gate,London SW7 5JW",671,2,51.4962053,-0.179537,"56 Queen's Gate, London, SW7 5QL, United Kingdom",,56,Queen's Gate,SW7 5QL,Royal Borough of Kensington and Chelsea,Brompton,London,Greater London,,England,ENG,United Kingdom,gb,0.63,1,1,© OpenStreetMap contributors,Open Database License,https://www.openstreetmap.org/copyright
United Kingdom,"2nd Fl.,74/78 Finsbury Pavement, London EC2A 1AT",672,2,51.5201218,-0.0873343,"Finsbury Pavement, London, EC2A 1AT, United Kingdom",Finsbury Pavement,,Finsbury Pavement,EC2A 1AT,London Borough of Islington,Finsbury,London,Greater London,,England,ENG,United Kingdom,gb,0.7,1,1,© OpenStreetMap contributors,Open Database License,https://www.openstreetmap.org/copyright
United Kingdom,"2nd Fl.,9 High St.,Baldock,Hertfordshire,SG7 6AZ",673,2,51.9891729,-0.1881862,"9 High Street, North Hertfordshire, SG7 6AZ, United Kingdom",,9,High Street,SG7 6AZ,,Clothall Common,North Hertfordshire,Hertfordshire,HRT,England,ENG,United Kingdom,gb,0.9,1,1,,,
United Kingdom,"2nd Fl.,99 Gresham St.London,EC2P 2BR",674,2,51.511992,-0.093034,"Gresham, Queen Street, London, EC4R 1BR, United Kingdom",Gresham,,Queen Street,EC4R 1BR,City of London,Cannon,London,London,,England,ENG,United Kingdom,gb,0,,,© OpenStreetMap contributors,Open Database License,https://www.openstreetmap.org/copyright
United Kingdom,"2nd Fl.,America House,2 America Sq.,London EC3N 2LU",675,2,51.5115595,-0.075861,"America Square, City of London, EC3N 2LU, United Kingdom",America Square,,America Square,EC3N 2LU,,Aldgate,City of London,Greater London,,England,ENG,United Kingdom,gb,0.7,1,1,© OpenStreetMap contributors,Open Database License,https://www.openstreetmap.org/copyright
United Kingdom,"2nd Fl.,Berkeley Sq.House,Berkeley Sq.,London",676,2,51.5090595,-0.1441078,"Swiss Time London, 1 Berkeley Square, London, W1J 6ED, United Kingdom",Swiss Time London,1,Berkeley Square,W1J 6ED,St. James's,Mayfair,London,Greater London,,England,ENG,United Kingdom,gb,0.5,1,1,© OpenStreetMap contributors,Open Database License,https://www.openstreetmap.org/copyright
United Kingdom,"2nd Fl.,Bury House,31 Bury St.,London EC3A 5AR",677,2,51.51405,-0.07933,"City of London, EC3A 5AR, United Kingdom",,,,EC3A 5AR,,,City of London,Greater London,,England,ENG,United Kingdom,gb,0.6,,1,© OpenStreetMap contributors,Open Database License,https://www.openstreetmap.org/copyright
United Kingdom,"2nd Fl.,Isanford St.,Swindon,Wiltshire,Sni 1QQ",678,2,51.5557346,-1.7898850960126849,"Radnor Street Cemetery Chapel, Clifton Street, Swindon, SN1 3PY, United Kingdom",Radnor Street Cemetery Chapel,,Clifton Street,SN1 3PY,,Okus,Swindon,Swindon,SWD,England,ENG,United Kingdom,gb,0.0625,0.125,1,© OpenStreetMap contributors,Open Database License,https://www.openstreetmap.org/copyright
United Kingdom,"2nd Fl.,Kemp House,152-160 City Rd.,London EC1V 2NP",679,2,51.5272232,-0.0886928,"P Shah Opticians, 152 City Road, London, EC1V 2NP, United Kingdom",P Shah Opticians,152,City Road,EC1V 2NP,London Borough of Islington,Finsbury,London,Greater London,,England,ENG,United Kingdom,gb,0.9,1,1,© OpenStreetMap contributors,Open Database License,https://www.openstreetmap.org/copyright
United Kingdom,"2nd Fl.,London Bioscience Innovation Centre,2 Royal College St,London NW1 0NH",680,2,51.5365402,-0.1340876,"Royal College Street, London, NW1 0NH, United Kingdom",Royal College Street,,Royal College Street,NW1 0NH,London Borough of Camden,St Pancras,London,Greater London,,England,ENG,United Kingdom,gb,0.7,1,1,© OpenStreetMap contributors,Open Database License,https://www.openstreetmap.org/copyright
United Kingdom,"2nd Fl.,Marlborough House,298 Rogents Park Rd.,London",681,2,51.435109,-0.218205,"Marlborough House, Somerset Road, London, SW19 5HT, United Kingdom",Marlborough House,,Somerset Road,SW19 5HT,Merton,Wimbledon Park,London,London,,England,ENG,United Kingdom,gb,0.125,0.25,1,© OpenStreetMap contributors,Open Database License,https://www.openstreetmap.org/copyright
United Kingdom,"2nd Fl.,New Liverpool House,15 Eldon St.,London,EC2M 7LD",682,2,51.518138449999995,-0.08473153733051139,"15-17 Eldon Street, City of London, EC2M 7LD, United Kingdom",,15-17,Eldon Street,EC2M 7LD,Bishopsgate Without,,City of London,Greater London,,England,ENG,United Kingdom,gb,0.81,1,1,© OpenStreetMap contributors,Open Database License,https://www.openstreetmap.org/copyright
United Kingdom,"2nd Fl.,Nightingale House,65 Curgo St.,London W1Y 7 PE",683,2,51.509648,-0.099076,"London, ENG, United Kingdom",,,,,,,London,London,,England,ENG,United Kingdom,gb,0,,,Who's On First,CC0,https://www.whosonfirst.org/docs/licenses/
United Kingdom,"2nd Fl.,Nightingale House,65 Curgo St.,London W1Y 7-PE",684,2,51.507941349999996,-0.14461872917987129,"65 Curzon Street, London, W1J 8PE, United Kingdom",,65,Curzon Street,W1J 8PE,St. James's,Mayfair,London,Greater London,,England,ENG,United Kingdom,gb,0.6,0.6666666666666666,1,© OpenStreetMap contributors,Open Database License,https://www.openstreetmap.org/copyright
United Kingdom,"2nd Fl.,Nightingale House,65 Curzon St.,W1Y7PE",685,2,51.507941349999996,-0.14461872917987129,"65 Curzon Street, London, W1J 8PE, United Kingdom",,65,Curzon Street,W1J 8PE,St. James's,Mayfair,London,Greater London,,England,ENG,United Kingdom,gb,0.9,,,© OpenStreetMap contributors,Open Database License,https://www.openstreetmap.org/copyright
United Kingdom,"2nd Fl.,Nightingole House,65 Curgo St.,London W1Y 7-PE",686,2,51.507941349999996,-0.14461872917987129,"65 Curzon Street, London, W1J 8PE, United Kingdom",,65,Curzon Street,W1J 8PE,St. James's,Mayfair,London,Greater London,,England,ENG,United Kingdom,gb,0.6,0.6666666666666666,1,© OpenStreetMap contributors,Open Database License,https://www.openstreetmap.org/copyright
United Kingdom,"2nd Fl.,Spire Court,Albion Way,Horsham RH12 9JW",687,2,51.0642863,-0.3287635,"Albion Way, Horsham, RH12 1BG, United Kingdom",Albion Way,,Albion Way,RH12 1BG,,New Town,Horsham,West Sussex,WSX,England,ENG,United Kingdom,gb,0.63,1,1,© OpenStreetMap contributors,Open Database License,https://www.openstreetmap.org/copyright
United Kingdom,"2nd Fl.,The Metro Bldg.,1 Butterwick,Hammersmith,London W6 8DL",688,2,,,,,,,,,,,,,,,,,,,,,,
United Kingdom,"2nd Fl.,Trigate 210-222 Hagley Rd. West Birmingham,B68 ONP",689,2,52.4617887,-2.0084653,"Hagley Road West, Birmingham, B68 0QA, United Kingdom",Hagley Road West,,Hagley Road West,B68 0QA,,,Birmingham,West Midlands Combined Authority,,England,ENG,United Kingdom,gb,0.63,1,1,© OpenStreetMap contributors,Open Database License,https://www.openstreetmap.org/copyright
United Kingdom,"2nd Fl.,Trigate 210-222 Hagley Rd.West,Birmingham,B68 0NP",690,2,52.4656548,-1.9851671,"Hagley Road West, Birmingham, B68 0NP, United Kingdom",Hagley Road West,,Hagley Road West,B68 0NP,,,Birmingham,West Midlands Combined Authority,,England,ENG,United Kingdom,gb,0.7,1,1,© OpenStreetMap contributors,Open Database License,https://www.openstreetmap.org/copyright
United Kingdom,"2nd Fl.,Trigate 210-222 Hagley Rd.West,Birmingham,B68 ONP",691,2,52.4617887,-2.0084653,"Hagley Road West, Birmingham, B68 0QA, United Kingdom",Hagley Road West,,Hagley Road West,B68 0QA,,,Birmingham,West Midlands Combined Authority,,England,ENG,United Kingdom,gb,0.63,1,1,© OpenStreetMap contributors,Open Database License,https://www.openstreetmap.org/copyright
United Kingdom,"2nd Fl.,Vantage London Great West Rd.,Brentford TW8 9AG",692,2,51.4881078,-0.3134981,"Great West Road, London, TW8 9EY, United Kingdom",Great West Road,,Great West Road,TW8 9EY,London Borough of Hounslow,,London,Greater London,,England,ENG,United Kingdom,gb,0.44099999999999995,0.7,0.7,© OpenStreetMap contributors,Open Database License,https://www.openstreetmap.org/copyright
United Kingdom,"2nd Fl.,West,CP House 97-107 Uxbridge Rd.,Ealing,London W5 5TL",693,2,51.51167075,-0.31261260513359096,"CP House, 97-107 Uxbridge Road, London, W5 5TL, United Kingdom",CP House,97-107,Uxbridge Road,W5 5TL,London Borough of Ealing,,London,Greater London,,England,ENG,United Kingdom,gb,0.9,1,1,© OpenStreetMap contributors,Open Database License,https://www.openstreetmap.org/copyright
United Kingdom,"2nd Fl.,Westwood House,12 Swallow St.,London W1R 7HE",694,2,51.5095204,-0.1375499,"12 Swallow Street, London, W1R 7HE, United Kingdom",,12,Swallow Street,W1R 7HE,Westminster,Mayfair,London,London,,England,ENG,United Kingdom,gb,0.9,1,1,,,
United Kingdom,"2nd Fl.15 Moorgate,London EC2R 6AB",695,2,51.51507,-0.08985,"City of London, EC2R 6AB, United Kingdom",,,,EC2R 6AB,,,City of London,Greater London,,England,ENG,United Kingdom,gb,0.6,,1,© OpenStreetMap contributors,Open Database License,https://www.openstreetmap.org/copyright
United Kingdom,"2nd Fl.29 Princes St.,London W1R 7RG",696,2,51.514482,-0.142711,"Princes Street, London, W1R 7RG, United Kingdom",,,Princes Street,W1R 7RG,Westminster,Mayfair,London,London,,England,ENG,United Kingdom,gb,0.5,1,1,© OpenStreetMap contributors,Open Database License,https://www.openstreetmap.org/copyright
United Kingdom,"2nd Fl.Irwin House,118 Southwark St.,London SE1 0SW",697,2,51.5070583,-0.1040306,"Southwark Street, London, SE1 9UF, United Kingdom",Southwark Street,,Southwark Street,SE1 9UF,London Borough of Southwark,Southwark,London,Greater London,,England,ENG,United Kingdom,gb,0.63,1,1,© OpenStreetMap contributors,Open Database License,https://www.openstreetmap.org/copyright
United Kingdom,"2nd Fl.Peek House,20 Eastcheap,London EC3M 1DR",698,2,51.510437,-0.0838351,"Eastcheap Records, 20 Eastcheap, City of London, EC3M 1DE, United Kingdom",Eastcheap Records,20,Eastcheap,EC3M 1DE,,Cornhill,City of London,Greater London,,England,ENG,United Kingdom,gb,0.5103000000000001,0.81,0.81,© OpenStreetMap contributors,Open Database License,https://www.openstreetmap.org/copyright
United Kingdom,"2nd Fl.Salisbury House,London Wall,London EC2M 5QQ",699,2,51.5171668,-0.0870623,"City of London, EC2M 5QQ, United Kingdom",,,,EC2M 5QQ,,,City of London,Greater London,,England,ENG,United Kingdom,gb,0.6,,1,© OpenStreetMap contributors,Open Database License,https://www.openstreetmap.org/copyright
United Kingdom,"2nd/3rd Fl.,11/12 Buckingham Gate,London SW1E 6LB",700,2,51.4996099,-0.14041,"London, SW1E 6LB, United Kingdom",,,,SW1E 6LB,,,City of Westminster,Greater London,,England,ENG,United Kingdom,gb,0.6,,1,© OpenStreetMap contributors,Open Database License,https://www.openstreetmap.org/copyright
United Kingdom,"2nd/3rd Fl.,11/12 Buekingham Gate,London SW1E 6LB",701,2,51.4996099,-0.14041,"London, SW1E 6LB, United Kingdom",,,,SW1E 6LB,,,City of Westminster,Greater London,,England,ENG,United Kingdom,gb,0.6,,1,© OpenStreetMap contributors,Open Database License,https://www.openstreetmap.org/copyright
United Kingdom,"3 Bishop Sq.,Titan Court,Hatfield Hertfordshire,AL10 9NE",702,2,51.7623415,-0.24391528845919344,"Titan Court, 3 Bishop Square, Welwyn Hatfield, AL10 9NE, United Kingdom",Titan Court,3,Bishop Square,AL10 9NE,,Hatfield Business Park,Welwyn Hatfield,Hertfordshire,HRT,England,ENG,United Kingdom,gb,0.9,1,1,© OpenStreetMap contributors,Open Database License,https://www.openstreetmap.org/copyright
United Kingdom,"3 Broad Plain,Bristol BS2 0JP",703,2,51.45413105,-2.582538253897525,"3-4 Broad Plain, Bristol, BS2 0JP, United Kingdom",,3-4,Broad Plain,BS2 0JP,Old Market,Redcliffe,Bristol,City of Bristol,BST,England,ENG,United Kingdom,gb,0.81,1,1,© OpenStreetMap contributors,Open Database License,https://www.openstreetmap.org/copyright
United Kingdom,"3 Centro,Boundary Way,Hemel Hempstead,HP2 7SU",704,2,51.7643468,-0.4325289,"Boundary Way, Dacorum, HP2 7RH, United Kingdom",Boundary Way,,Boundary Way,HP2 7RH,,Maylands,Dacorum,Hertfordshire,HRT,England,ENG,United Kingdom,gb,0.63,1,1,© OpenStreetMap contributors,Open Database License,https://www.openstreetmap.org/copyright
United Kingdom,"3 Drum Mains Park,Orchardton Woods,Cumbernauld G68 9LD",705,2,55.937669,-4.061026,"Drum Mains Park, Cumbernauld, G68 9LD, United Kingdom",,,Drum Mains Park,G68 9LD,,,Cumbernauld,South Lanarkshire,SLK,Scotland,SCT,United Kingdom,gb,1,,1,© OpenStreetMap contributors,Open Database License,https://www.openstreetmap.org/copyright
United Kingdom,"3 Drum Mains Park,Orchardton Woods,Cumbernauld,Scotland,G68 9LD",706,2,55.937669,-4.061026,"Drum Mains Park, Cumbernauld, G68 9LD, United Kingdom",,,Drum Mains Park,G68 9LD,,,Cumbernauld,South Lanarkshire,SLK,Scotland,SCT,United Kingdom,gb,1,,1,© OpenStreetMap contributors,Open Database License,https://www.openstreetmap.org/copyright
United Kingdom,"3 Etongate,112 Windsor Rd.,Slough,Berkshire,SL1 2JA",707,2,51.50547,-0.59851,"Slough, SL1 2JA, United Kingdom",,,,SL1 2JA,,,Slough,,,England,ENG,United Kingdom,gb,0.6,,1,© OpenStreetMap contributors,Open Database License,https://www.openstreetmap.org/copyright
United Kingdom,"3 Forest Court,Oaklands Park,Wokingham,Berkshire,RG41 2FD",708,2,51.4120318,-0.8324037,"Wokingham, ENG, United Kingdom",,,,,,,Wokingham,Borough of Wokingham,,England,ENG,United Kingdom,gb,0.25,,1,© OpenStreetMap contributors,Open Database License,https://www.openstreetmap.org/copyright
United Kingdom,"3 Furzeground Way,Stockley Park,Uxbride,Middlesex UB11 1EZ",709,2,51.5083934,-0.4412488806683331,"3 Furzeground Way, London, UB11 1BB, United Kingdom",,3,Furzeground Way,UB11 1BB,London Borough of Hillingdon,Stockley Park,London,Greater London,,England,ENG,United Kingdom,gb,0.48999999999999994,0.7,0.7,© OpenStreetMap contributors,Open Database License,https://www.openstreetmap.org/copyright
United Kingdom,"3 Furzeground Way,Stockley Park,Uxbridge,Middlesex UB11 1DD",710,2,51.542143,-0.479459,"Uxbridge, London, ENG, United Kingdom",Uxbridge,,,,Hillingdon,Uxbridge,London,London,,England,ENG,United Kingdom,gb,0.25,,1,Who's On First,CC0,https://www.whosonfirst.org/docs/licenses/
United Kingdom,"3 Furzeground Way,Stockley Park,Uxbridge,Middlesex,UB11 1DD",711,2,51.542143,-0.479459,"Uxbridge, London, ENG, United Kingdom",Uxbridge,,,,Hillingdon,Uxbridge,London,London,,England,ENG,United Kingdom,gb,0.25,,1,Who's On First,CC0,https://www.whosonfirst.org/docs/licenses/
United Kingdom,"3 Furzeground Way,Stockley Park,Uxbridge,Middlesex,UB11 1EZ",712,2,51.542143,-0.479459,"Uxbridge, London, ENG, United Kingdom",Uxbridge,,,,Hillingdon,Uxbridge,London,London,,England,ENG,United Kingdom,gb,0.25,,1,Who's On First,CC0,https://www.whosonfirst.org/docs/licenses/
United Kingdom,"3 Hamilton Close Houdmills Ind. Estate, Basingstoke,Hampshire,RG21 6YT",713,2,51.267266,-1.129058,"3 Dudley Close, Basingstoke, RG21 6YT, United Kingdom",,3,Dudley Close,RG21 6YT,,,Basingstoke,Hampshire,HAM,England,ENG,United Kingdom,gb,0.15882352941176472,0.17647058823529413,1,© OpenStreetMap contributors,Open Database License,https://www.openstreetmap.org/copyright
United Kingdom,"3 Hamilton Close Houndmills Ind. Estate, Basingstoke,Hampshire,RG21 6YT",714,2,51.2749807,-1.1090073,"Hamilton Close, Basingstoke and Deane, RG21 6YT, United Kingdom",Hamilton Close,,Hamilton Close,RG21 6YT,,Houndmills,Basingstoke and Deane,Hampshire,HAM,England,ENG,United Kingdom,gb,0.35,0.5,1,© OpenStreetMap contributors,Open Database License,https://www.openstreetmap.org/copyright
United Kingdom,"3 Hanover Sq.,London W1R 9RD",715,2,51.513608,-0.142943,"3 Hanover Square, London, W1S 1HQ, United Kingdom",,3,Hanover Square,W1S 1HQ,Westminster,Mayfair,London,London,,England,ENG,United Kingdom,gb,0.6296296296296297,1,1,© OpenStreetMap contributors,Open Database License,https://www.openstreetmap.org/copyright
United Kingdom,3 Hanover Square London W1R 9RD,716,2,51.5136082,-0.1429432,"Unit London, 3 Hanover Square, London, W1S 1HQ, United Kingdom",Unit London,3,Hanover Square,W1S 1HQ,Westminster,Mayfair,City of Westminster,Greater London,,England,ENG,United Kingdom,gb,0.24300000000000002,0.9,0.9,© OpenStreetMap contributors,Open Database License,https://www.openstreetmap.org/copyright
United Kingdom,"3 Howarth Court,Gateway Crescent,Broadway Business Park,Chadderton,Oldham OL9 9XB",717,2,53.5320899,-2.16558,"Oldham, OL9 9XB, United Kingdom",,,,OL9 9XB,,,Oldham,Greater Manchester,,England,ENG,United Kingdom,gb,0.6,,1,© OpenStreetMap contributors,Open Database License,https://www.openstreetmap.org/copyright
United Kingdom,"3 Infiniti Dr.,Hillthorn Business Park,Washington,Tyne & Wear,NE37 3HG",718,2,54.90848,-1.49771,"Washington (Sunderland), NE37 3HG, United Kingdom",,,,NE37 3HG,,,Sunderland,Tyne and Wear,,England,ENG,United Kingdom,gb,0.6,,1,© OpenStreetMap contributors,Open Database License,https://www.openstreetmap.org/copyright
United Kingdom,"3 Lands End Way Oakham Rutland,LE15 6RB",719,2,52.6778465,-0.735494,"3 Lands End Way, Barleythorpe, LE15 6RB, United Kingdom",,3,Lands End Way,LE15 6RB,,Oakham,Barleythorpe,Rutland,RUT,England,ENG,United Kingdom,gb,0.9,1,1,© OpenStreetMap contributors,Open Database License,https://www.openstreetmap.org/copyright
United Kingdom,"3 Logan Place,Kensington,London W8 6QN",720,2,51.49463805,-0.1973442623999055,"3 Logan Place, London, W8 6DL, United Kingdom",,3,Logan Place,W8 6DL,Royal Borough of Kensington and Chelsea,Earl's Court,London,Greater London,,England,ENG,United Kingdom,gb,0.63,1,1,© OpenStreetMap contributors,Open Database License,https://www.openstreetmap.org/copyright
United Kingdom,"3 Lombard St.,London EC3V 9AA",721,2,51.5130587,-0.0886057,"3 Lombard Street, City of London, EC3V 9AA, United Kingdom",,3,Lombard Street,EC3V 9AA,City of London,Cornhill,City of London,London,,England,ENG,United Kingdom,gb,0.9,1,1,,,
United Kingdom,"3 Maple Park,Lowfields Ave.,Leeds,West Yorkshire,LS12 6HH",722,2,53.7811601,-1.569948,"Lowfields Avenue, Leeds, LS12 6HH, United Kingdom",Lowfields Avenue,,Lowfields Avenue,LS12 6HH,,Beeston,Leeds,West Yorkshire,,England,ENG,United Kingdom,gb,0.7,1,1,© OpenStreetMap contributors,Open Database License,https://www.openstreetmap.org/copyright
United Kingdom,"3 Newman Lane Ind.Estate Alton,Hampshire,GU34 2QR",723,2,51.15453,-0.96137,"Alton (East Hampshire), GU34 2QR, United Kingdom",,,,GU34 2QR,,,East Hampshire,Hampshire,HAM,England,ENG,United Kingdom,gb,0.6,,1,© OpenStreetMap contributors,Open Database License,https://www.openstreetmap.org/copyright
United Kingdom,"3 Redwood Place,East Kilbride,Glasgow,G74 5PB",724,2,55.7744393,-4.170482043204398,"East Kilbride Cemetery, East Kilbride, G74 4PS, United Kingdom",East Kilbride Cemetery,,,G74 4PS,,Nerston,East Kilbride,South Lanarkshire,SLK,Scotland,SCT,United Kingdom,gb,0.24499999999999997,0.7,0.7,© OpenStreetMap contributors,Open Database License,https://www.openstreetmap.org/copyright
United Kingdom,"3 Redwood Place,Peel Park Campus,East Kilbride,Glasgow,G74 5PB",725,2,55.7676019,-4.2247108,"Redwood Place, East Kilbride, G74 5PB, United Kingdom",Redwood Place,,Redwood Place,G74 5PB,,Hairmyres,East Kilbride,South Lanarkshire,SLK,Scotland,SCT,United Kingdom,gb,0.7,1,1,© OpenStreetMap contributors,Open Database License,https://www.openstreetmap.org/copyright
United Kingdom,"3 Shortlands Hammersmith Int'l Centre London,W6 8EQ",726,2,51.514993,-0.092813,"City of London, London, ENG, United Kingdom",City of London,,,,City of London,,London,London,,England,ENG,United Kingdom,gb,0.25,,1,Who's On First,CC0,https://www.whosonfirst.org/docs/licenses/
United Kingdom,"3 Shortlands,2nd Fl.,Hammersmith,London,W6 8EE",727,2,51.49269605,-0.21978824554255738,"3 Shortlands, London, W6 8BT, United Kingdom",,3,Shortlands,W6 8BT,London Borough of Hammersmith and Fulham,Brook Green,London,Greater London,,England,ENG,United Kingdom,gb,0.63,1,1,© OpenStreetMap contributors,Open Database License,https://www.openstreetmap.org/copyright
United Kingdom,"3 Shortlands,Hammersmith,London W6 8DA",728,2,51.49269605,-0.21978824554255738,"3 Shortlands, London, W6 8BT, United Kingdom",,3,Shortlands,W6 8BT,London Borough of Hammersmith and Fulham,Brook Green,London,Greater London,,England,ENG,United Kingdom,gb,0.63,1,1,© OpenStreetMap contributors,Open Database License,https://www.openstreetmap.org/copyright
United Kingdom,"3 Shortlands,London W6 8DA",729,2,51.49269605,-0.21978824554255738,"3 Shortlands, London, W6 8BT, United Kingdom",,3,Shortlands,W6 8BT,London Borough of Hammersmith and Fulham,Brook Green,London,Greater London,,England,ENG,United Kingdom,gb,1,1,1,© OpenStreetMap contributors,Open Database License,https://www.openstreetmap.org/copyright
United Kingdom,"3 Shortlands,London W6 8EE",730,2,51.49269605,-0.21978824554255738,"3 Shortlands, London, W6 8BT, United Kingdom",,3,Shortlands,W6 8BT,London Borough of Hammersmith and Fulham,Brook Green,London,Greater London,,England,ENG,United Kingdom,gb,1,1,1,© OpenStreetMap contributors,Open Database License,https://www.openstreetmap.org/copyright
United Kingdom,"3 Tanners Dr.,Blakelands,Milton Keynes,MK14 5BU",731,2,52.0771469,-0.7444678,"Tanners Drive, Milton Keynes, MK14 5BU, United Kingdom",Tanners Drive,,Tanners Drive,MK14 5BU,,Great Linford,Milton Keynes,City of Milton Keynes,,England,ENG,United Kingdom,gb,0.7,1,1,© OpenStreetMap contributors,Open Database License,https://www.openstreetmap.org/copyright
United Kingdom,"3 Tanners Dr.,Blakelands,Mitan Keynes MK14 5BU",732,2,52.043158,-0.757609,"Laser Clinics United Kingdom, Milton Keynes, MK14 5BU, United Kingdom",Laser Clinics United Kingdom,,,MK14 5BU,Central Milton Keynes,,Central Milton Keynes,Buckinghamshire,BKM,England,ENG,United Kingdom,gb,0,,,© OpenStreetMap contributors,Open Database License,https://www.openstreetmap.org/copyright
United Kingdom,"3 Thomas More Sq.,London E1W 1WY",733,2,51.508086649999996,-0.06745736220340005,"3 Thomas More Square, London, E1W 1WY, United Kingdom",,3,Thomas More Square,E1W 1WY,London Borough of Tower Hamlets,Wapping,London,Greater London,,England,ENG,United Kingdom,gb,0.9,1,1,© OpenStreetMap contributors,Open Database License,https://www.openstreetmap.org/copyright
United Kingdom,"3,Brindley Rd.,South West Ind.Estate,Peterlee,Co.Durham SR8 2JD",734,2,54.76039455,-1.3602550051171396,"NSK Bearings Europe, 3 Brindley Road, Peterlee, SR8 2JD, United Kingdom",NSK Bearings Europe,3,Brindley Road,SR8 2JD,,Shotton,Peterlee,County Durham,,England,ENG,United Kingdom,gb,0.7796610169491526,1,1,© OpenStreetMap contributors,Open Database License,https://www.openstreetmap.org/copyright
United Kingdom,"3,Brindley Rd.,South West Industrial Estate,Peterlee,Co.Durham SR8 2JD",735,2,54.76039455,-1.3602550051171396,"NSK Bearings Europe, 3 Brindley Road, Peterlee, SR8 2JD, United Kingdom",NSK Bearings Europe,3,Brindley Road,SR8 2JD,,Shotton,Peterlee,County Durham,,England,ENG,United Kingdom,gb,0,,,© OpenStreetMap contributors,Open Database License,https://www.openstreetmap.org/copyright
United Kingdom,"3,Finsbury Ave.,London EC2M 2PA",736,2,51.519569,-0.08463034,"City of London, EC2M 2PA, United Kingdom",,,,EC2M 2PA,,,City of London,Greater London,,England,ENG,United Kingdom,gb,0.6,,1,© OpenStreetMap contributors,Open Database License,https://www.openstreetmap.org/copyright
United Kingdom,"3,The Maltings Wetmore Rd.,Burton Upon Trent,Staffordshire,DE14 1SE",737,2,52.818291,-1.616811,"Burton Civil Parish (Burton Upon Trent), DE14 1SE, United Kingdom",,,,DE14 1SE,Burton Civil Parish,,Burton Upon Trent,Staffordshire,STS,England,ENG,United Kingdom,gb,0.25,,1,Who's On First,CC0,https://www.whosonfirst.org/docs/licenses/
United Kingdom,"3,Warren Rd.,Trafford Park,Manchester M17 1QR",738,2,53.4670057,-2.325214,"Warren Road, Trafford, M17 1QR, United Kingdom",Warren Road,,Warren Road,M17 1QR,,Mosley,Trafford,Greater Manchester,,England,ENG,United Kingdom,gb,0.7,1,1,© OpenStreetMap contributors,Open Database License,https://www.openstreetmap.org/copyright
United Kingdom,"30 Bridge Rd.,Hayward Heath,West Sussex",739,2,51.009298799999996,-0.0975032351052335,"30 Bridge Road, Mid Sussex, RH16 1TX, United Kingdom",,30,Bridge Road,RH16 1TX,,Bridge Road Business Estate,Mid Sussex,West Sussex,WSX,England,ENG,United Kingdom,gb,0.81,0.9,0.9,© OpenStreetMap contributors,Open Database License,https://www.openstreetmap.org/copyright
United Kingdom,"30 Coleman St.,London EC2R 5AE",740,2,51.515678699999995,-0.09011120117889412,"30 Coleman Street, City of London, EC2R 5EH, United Kingdom",,30,Coleman Street,EC2R 5EH,,Cheap,City of London,Greater London,,England,ENG,United Kingdom,gb,0.5103,0.81,0.81,© OpenStreetMap contributors,Open Database License,https://www.openstreetmap.org/copyright
United Kingdom,"30 Coleman St.,London EC2R 5AE.",741,2,51.515678699999995,-0.09011120117889412,"30 Coleman Street, City of London, EC2R 5EH, United Kingdom",,30,Coleman Street,EC2R 5EH,,Cheap,City of London,Greater London,,England,ENG,United Kingdom,gb,0.5103,0.81,0.81,© OpenStreetMap contributors,Open Database License,https://www.openstreetmap.org/copyright
United Kingdom,"30 Coleman St.,London EC2R 5AL",742,2,51.51564,-0.09016,"City of London, EC2R 5AL, United Kingdom",,,,EC2R 5AL,,,City of London,Greater London,,England,ENG,United Kingdom,gb,0.6,,1,© OpenStreetMap contributors,Open Database License,https://www.openstreetmap.org/copyright
United Kingdom,"30 Coleman St.,London EC2R,5AL",743,2,51.515678699999995,-0.09011120117889412,"30 Coleman Street, City of London, EC2R 5EH, United Kingdom",,30,Coleman Street,EC2R 5EH,,Cheap,City of London,Greater London,,England,ENG,United Kingdom,gb,0.5103,0.81,0.81,© OpenStreetMap contributors,Open Database License,https://www.openstreetmap.org/copyright
United Kingdom,"30 Colliery Rd.,Clyde Gateway East,Glasgow G32 8SL",744,2,55.8384048,-4.1817442,"Colliery Road, Glasgow, G32 8SL, United Kingdom",Colliery Road,,Colliery Road,G32 8SL,,Tollcross,Glasgow,Glasgow City,GLG,Scotland,SCT,United Kingdom,gb,0.7,1,1,© OpenStreetMap contributors,Open Database License,https://www.openstreetmap.org/copyright
United Kingdom,"30 Dorset Sq.,London NW1 6QJ",745,2,51.5223347,-0.16121853660412305,"30 Dorset Square, London, NW1 6QJ, United Kingdom",,30,Dorset Square,NW1 6QJ,,Marylebone,London,Greater London,,England,ENG,United Kingdom,gb,0.9,1,1,© OpenStreetMap contributors,Open Database License,https://www.openstreetmap.org/copyright
United Kingdom,"30 Dorset Square,London NW1 6QJ",746,2,51.5223347,-0.16121853660412305,"30 Dorset Square, London, NW1 6QJ, United Kingdom",,30,Dorset Square,NW1 6QJ,,Marylebone,London,Greater London,,England,ENG,United Kingdom,gb,0.9,1,1,© OpenStreetMap contributors,Open Database License,https://www.openstreetmap.org/copyright
United Kingdom,"30 Mill Rd.,GT.Burstead Billericay Essex",747,2,51.6284395,0.4218142,"Billericay, ENG, United Kingdom",,,,,,,Billericay,,,England,ENG,United Kingdom,gb,0.25,,1,© OpenStreetMap contributors,Open Database License,https://www.openstreetmap.org/copyright
United Kingdom,"30 Old Bailey,London,EC4M 7AU",748,2,51.5151452,-0.1023878,"Mizuho Bank, 30 Old Bailey, City of London, EC4M 7AU, United Kingdom",Mizuho Bank,30,Old Bailey,EC4M 7AU,,Blackfriars,City of London,Greater London,,England,ENG,United Kingdom,gb,0.9,1,1,© OpenStreetMap contributors,Open Database License,https://www.openstreetmap.org/copyright
United Kingdom,"30-34 Moorgate,London EC2R 6DN",749,2,51.5172127,-0.0887576,"Moorgate, City of London, EC2R 6EJ, United Kingdom",Moorgate,,Moorgate,EC2R 6EJ,,Barbican,City of London,Greater London,,England,ENG,United Kingdom,gb,0.5103,0.81,0.81,© OpenStreetMap contributors,Open Database License,https://www.openstreetmap.org/copyright
United Kingdom,"3000 Hillswood Dr.Hillswood Business Park Chertsey,Surrey KT16 0RS",750,2,51.392296,-0.5038294,"Chertsey, Runnymede, ENG, United Kingdom",Chertsey,,,,,,Borough of Runnymede,Surrey,SRY,England,ENG,United Kingdom,gb,0.25,,1,© OpenStreetMap contributors,Open Database License,https://www.openstreetmap.org/copyright
United Kingdom,"31 Gresham St.,London EC2V 7QA",751,2,51.515254,-0.092973,"31 Gresham Street, City of London, EC2V 7QP, United Kingdom",,31,Gresham Street,EC2V 7QP,City of London,Cheap,City of London,London,,England,ENG,United Kingdom,gb,0.5103,0.81,0.81,,,
United Kingdom,"31 Lancaster Gate,London W2 3LP",752,2,51.512344299999995,-0.1798634326893201,"31 Lancaster Gate, London, W2 3NP, United Kingdom",,31,Lancaster Gate,W2 3NP,,Paddington,London,Greater London,,England,ENG,United Kingdom,gb,0.63,1,1,© OpenStreetMap contributors,Open Database License,https://www.openstreetmap.org/copyright
United Kingdom,"31 Orchard Crescent,Edgware,Middlesex HA8 9PP",753,2,51.6159736,-0.263687,"Orchard Crescent, London, HA8 9PW, United Kingdom",Orchard Crescent,,Orchard Crescent,HA8 9PW,London Borough of Barnet,The Hale,London,Greater London,,England,ENG,United Kingdom,gb,0.44099999999999995,0.7,0.7,© OpenStreetMap contributors,Open Database License,https://www.openstreetmap.org/copyright
United Kingdom,"32 St.,Mary at Hill,London EC3P 3AJ",754,2,51.509968,-0.083458,"St. Mary at Hill, London, EC3P 3AJ, United Kingdom",,,St. Mary at Hill,EC3P 3AJ,City of London,Fenchurch,London,London,,England,ENG,United Kingdom,gb,0.5757575757575757,1,1,© OpenStreetMap contributors,Open Database License,https://www.openstreetmap.org/copyright
United Kingdom,"32 St.Mary at Hill,London EC3P 3AJ",755,2,51.5098948,-0.083489,"St. Mary at Hill, City of London, EC3R 8EE, United Kingdom",St. Mary at Hill,,St. Mary at Hill,EC3R 8EE,,Cornhill,City of London,Greater London,,England,ENG,United Kingdom,gb,0.1215,0.81,0.81,© OpenStreetMap contributors,Open Database License,https://www.openstreetmap.org/copyright
United Kingdom,"32 ST.Mary at Hill,London,EC3P 3AJ",756,2,51.5098948,-0.083489,"St. Mary at Hill, City of London, EC3R 8EE, United Kingdom",St. Mary at Hill,,St. Mary at Hill,EC3R 8EE,,Cornhill,City of London,Greater London,,England,ENG,United Kingdom,gb,0.1215,0.81,0.81,© OpenStreetMap contributors,Open Database License,https://www.openstreetmap.org/copyright
United Kingdom,"320 Garratt Laue,Earlsfield,London,SW18 4EJ",757,2,51.4437886,-0.1901334,"Franklin, 320 Garratt Lane, London, SW18 4EJ, United Kingdom",Franklin,320,Garratt Lane,SW18 4EJ,London Borough of Wandsworth,Earlsfield,London,Greater London,,England,ENG,United Kingdom,gb,0.6075,0.675,1,© OpenStreetMap contributors,Open Database License,https://www.openstreetmap.org/copyright
United Kingdom,"329 Tyburn Rd.,Erdington,Birmingham B24 8HJ",758,2,52.5092305,-1.8373137,"Tyburn Road, Birmingham, B24 8HJ, United Kingdom",Tyburn Road,,Tyburn Road,B24 8HJ,,,Birmingham,West Midlands Combined Authority,,England,ENG,United Kingdom,gb,0.7,1,1,© OpenStreetMap contributors,Open Database License,https://www.openstreetmap.org/copyright
United Kingdom,"33 Cavendish Sq.,London W1M 0LX",759,2,51.517214,-0.145506,"14 Cavendish Square, London, W1G 0PL, United Kingdom",,14,Cavendish Square,W1G 0PL,Westminster,Marylebone,London,London,,England,ENG,United Kingdom,gb,0.45,1,1,© OpenStreetMap contributors,Open Database License,https://www.openstreetmap.org/copyright
United Kingdom,"33 Cavendish Sq.,London W1M 9HF",760,2,51.517214,-0.145506,"14 Cavendish Square, London, W1G 0PL, United Kingdom",,14,Cavendish Square,W1G 0PL,Westminster,Marylebone,London,London,,England,ENG,United Kingdom,gb,0.45,1,1,© OpenStreetMap contributors,Open Database License,https://www.openstreetmap.org/copyright
United Kingdom,"33 Cavendish Square,London W1M 9HF",761,2,51.517214,-0.145506,"14 Cavendish Square, London, W1G 0PL, United Kingdom",,14,Cavendish Square,W1G 0PL,Westminster,Marylebone,London,London,,England,ENG,United Kingdom,gb,0.45,1,1,© OpenStreetMap contributors,Open Database License,https://www.openstreetmap.org/copyright
United Kingdom,"33 Cornhill,London,EC3V 3ND",762,2,51.5132639,-0.0862317,"Simmons, 33-35 Cornhill, City of London, EC3V 3ND, United Kingdom",Simmons,33-35,Cornhill,EC3V 3ND,,Cornhill,City of London,Greater London,,England,ENG,United Kingdom,gb,0.81,1,1,© OpenStreetMap contributors,Open Database License,https://www.openstreetmap.org/copyright
United Kingdom,"33 Gracechurch St.,London,EC3V 0BT",763,2,51.5117968,-0.0854771,"TK Maxx, 33 Gracechurch Street, City of London, EC3V 0BT, United Kingdom",TK Maxx,33,Gracechurch Street,EC3V 0BT,,Cornhill,City of London,Greater London,,England,ENG,United Kingdom,gb,0.9,1,1,© OpenStreetMap contributors,Open Database License,https://www.openstreetmap.org/copyright
United Kingdom,"33 King St.,St.Jame's Sq.,London,SW1Y 6RJ",764,2,51.50669,-0.13615,"London, SW1Y 6RJ, United Kingdom",,,,SW1Y 6RJ,,,London,Greater London,,England,ENG,United Kingdom,gb,0.6,,1,© OpenStreetMap contributors,Open Database License,https://www.openstreetmap.org/copyright
United Kingdom,"33 King William St.,London,EC4R 94S",765,2,51.510061699999994,-0.0875375872964648,"33 Central, 33 King William Street, City of London, EC4R 9AT, United Kingdom",33 Central,33,King William Street,EC4R 9AT,City of London,Cornhill,City of London,Greater London,,England,ENG,United Kingdom,gb,0.5103000000000001,0.81,0.81,© OpenStreetMap contributors,Open Database License,https://www.openstreetmap.org/copyright
United Kingdom,"33 Kingsway,London WC2B 6UF",766,2,51.514105,-0.1183936,"London, WC2B 6UF, United Kingdom",,,,WC2B 6UF,,,London,Greater London,,England,ENG,United Kingdom,gb,0.6,,1,© OpenStreetMap contributors,Open Database License,https://www.openstreetmap.org/copyright
United Kingdom,"33 Lombard St.,London EC3V 9BQ",767,2,51.51205,-0.08629,"City of London, EC3V 9BQ, United Kingdom",,,,EC3V 9BQ,,,City of London,Greater London,,England,ENG,United Kingdom,gb,0.6,,1,© OpenStreetMap contributors,Open Database License,https://www.openstreetmap.org/copyright
United Kingdom,"33 Lombard St.,London EC3V 9HR",768,2,51.5131983,-0.088775,"Lombard Street, City of London, EC3V 3LA, United Kingdom",Lombard Street,,Lombard Street,EC3V 3LA,,Cornhill,City of London,Greater London,,England,ENG,United Kingdom,gb,0.5103,0.81,0.81,© OpenStreetMap contributors,Open Database License,https://www.openstreetmap.org/copyright
United Kingdom,"33 Lombard St.,London,EC3V 9BQ",769,2,51.51205,-0.08629,"City of London, EC3V 9BQ, United Kingdom",,,,EC3V 9BQ,,,City of London,Greater London,,England,ENG,United Kingdom,gb,0.6,,1,© OpenStreetMap contributors,Open Database License,https://www.openstreetmap.org/copyright
United Kingdom,"33 Lombard St.,London,EC3V 9HT",770,2,51.5131983,-0.088775,"Lombard Street, City of London, EC3V 3LA, United Kingdom",Lombard Street,,Lombard Street,EC3V 3LA,,Cornhill,City of London,Greater London,,England,ENG,United Kingdom,gb,0.5103,0.81,0.81,© OpenStreetMap contributors,Open Database License,https://www.openstreetmap.org/copyright
United Kingdom,"33 Lombark St.,London,EC3R 9BQ",771,2,51.512141,-0.142634,"33 St George Street, London, EC3R 9BQ, United Kingdom",,33,St George Street,EC3R 9BQ,Westminster,Mayfair,London,London,,England,ENG,United Kingdom,gb,0.5103,0.567,1,© OpenStreetMap contributors,Open Database License,https://www.openstreetmap.org/copyright
United Kingdom,"33 Paul St.,London,EC2A 4JU",772,2,51.537631399999995,0.0037452660169716083,"33 Paul Street, London, E15 4QB, United Kingdom",,33,Paul Street,E15 4QB,London Borough of Newham,West Ham,London,Greater London,,England,ENG,United Kingdom,gb,0.9,1,1,© OpenStreetMap contributors,Open Database License,https://www.openstreetmap.org/copyright
United Kingdom,"33 Paul St.,London,EC2A 4UP",773,2,51.537631399999995,0.0037452660169716083,"33 Paul Street, London, E15 4QB, United Kingdom",,33,Paul Street,E15 4QB,London Borough of Newham,West Ham,London,Greater London,,England,ENG,United Kingdom,gb,0.9,1,1,© OpenStreetMap contributors,Open Database License,https://www.openstreetmap.org/copyright
United Kingdom,"33-34 Murdock Rd.,Bicester,Oxfordshire,OX26 4PP",774,2,51.9033875,-1.1419178,"Murdock Road, Cherwell District, OX26 4PP, United Kingdom",Murdock Road,,Murdock Road,OX26 4PP,Glory Farm,,Cherwell District,Oxfordshire,OXF,England,ENG,United Kingdom,gb,0.7,1,1,© OpenStreetMap contributors,Open Database License,https://www.openstreetmap.org/copyright
United Kingdom,"33,Cavendish Sq.,London W1M 9HF",775,2,51.517214,-0.145506,"14 Cavendish Square, London, W1G 0PL, United Kingdom",,14,Cavendish Square,W1G 0PL,Westminster,Marylebone,London,London,,England,ENG,United Kingdom,gb,0.45,1,1,© OpenStreetMap contributors,Open Database License,https://www.openstreetmap.org/copyright
United Kingdom,"33,Cavendish Sq.,London W1M OLY",776,2,51.51605265,-0.14384558007565088,"Starbucks Coffee Company, 33 Cavendish Square, London, W1G 0LU, United Kingdom",Starbucks Coffee Company,33,Cavendish Square,W1G 0LU,,Mayfair,London,Greater London,,England,ENG,United Kingdom,gb,0.9,1,1,© OpenStreetMap contributors,Open Database License,https://www.openstreetmap.org/copyright
United Kingdom,"33,Cavendish Square,London X1M 9HF",777,2,51.51605265,-0.14384558007565088,"Starbucks Coffee Company, 33 Cavendish Square, London, W1G 0LU, United Kingdom",Starbucks Coffee Company,33,Cavendish Square,W1G 0LU,Westminster,Mayfair,London,Greater London,,England,ENG,United Kingdom,gb,0.9,1,1,© OpenStreetMap contributors,Open Database License,https://www.openstreetmap.org/copyright
United Kingdom,"33.Paul St.,London,EC2A 4JU",778,2,51.537631399999995,0.0037452660169716083,"33 Paul Street, London, E15 4QB, United Kingdom",,33,Paul Street,E15 4QB,London Borough of Newham,West Ham,London,Greater London,,England,ENG,United Kingdom,gb,0.81,0.9,1,© OpenStreetMap contributors,Open Database License,https://www.openstreetmap.org/copyright
United Kingdom,"33/34 Alfred Place,London WC1E 7DP",779,2,51.5198078,-0.1325669,"Alfred Place, London, WC1E 7EB, United Kingdom",Alfred Place,,Alfred Place,WC1E 7EB,London Borough of Camden,Bloomsbury,London,Greater London,,England,ENG,United Kingdom,gb,0.63,1,1,© OpenStreetMap contributors,Open Database License,https://www.openstreetmap.org/copyright
United Kingdom,"33134 Alfred Place,London WC1E 7DP",780,2,51.5198078,-0.1325669,"Alfred Place, London, WC1E 7EB, United Kingdom",Alfred Place,,Alfred Place,WC1E 7EB,London Borough of Camden,Bloomsbury,London,Greater London,,England,ENG,United Kingdom,gb,0.63,1,1,© OpenStreetMap contributors,Open Database License,https://www.openstreetmap.org/copyright
United Kingdom,"337 Bath Rd.,Slough,Berkshire SL1 5PR",781,2,51.5196648,-0.6343662,"Slough, SL1 5PR, United Kingdom",,,,SL1 5PR,,,Slough,,,England,ENG,United Kingdom,gb,0.6,,1,© OpenStreetMap contributors,Open Database License,https://www.openstreetmap.org/copyright
United Kingdom,338 Regents Park Rd.London N3 2LN,782,2,51.6004309,-0.1947913,"338 Regent's Park Road, London, N3 2LN, United Kingdom",,338,Regent's Park Road,N3 2LN,Barnet,Church End,London,London,,England,ENG,United Kingdom,gb,0.9,0.9,0.9,,,
United Kingdom,"34 Jermyn St.,London SW1Y 6HS",783,2,51.507885,-0.138279,"Jermyn Street, London, SW1Y 6JE, United Kingdom",Jermyn Street,,Jermyn Street,SW1Y 6JE,St. James's,Mayfair,London,Greater London,,England,ENG,United Kingdom,gb,0.63,1,1,© OpenStreetMap contributors,Open Database License,https://www.openstreetmap.org/copyright
United Kingdom,"34-40 Great Cumberland Place,London,W1H 7TW",784,2,51.5156308,-0.1600226,"Great Cumberland Place, London, W1H 7DJ, United Kingdom",Great Cumberland Place,,Great Cumberland Place,W1H 7DJ,,Marylebone,City of Westminster,Greater London,,England,ENG,United Kingdom,gb,0.5103,0.81,0.81,© OpenStreetMap contributors,Open Database License,https://www.openstreetmap.org/copyright
United Kingdom,"344 Kensigton High St.,London W14",785,2,51.49727625,-0.20492670491058343,"M.E.I.C House, 344 Kensington High Street, London, W14 8NS, United Kingdom",M.E.I.C House,344,Kensington High Street,W14 8NS,Royal Borough of Kensington and Chelsea,Earl's Court,London,Greater London,,England,ENG,United Kingdom,gb,0.5103000000000001,0.81,1,© OpenStreetMap contributors,Open Database License,https://www.openstreetmap.org/copyright
United Kingdom,"348-350 Regents Park Rd.,London N3 2LJ",786,2,51.6006745,-0.1942712,"Adam Hayes, 348 Regent's Park Road, London, N3 1DE, United Kingdom",Adam Hayes,348,Regent's Park Road,N3 1DE,London Borough of Barnet,Church End,London,Greater London,,England,ENG,United Kingdom,gb,0.63,1,1,© OpenStreetMap contributors,Open Database License,https://www.openstreetmap.org/copyright
United Kingdom,"35 New Broad St.,London EC2M 1NH",787,2,51.5168771,-0.0838207,"IoDhub, 35 New Broad Street, City of London, EC2M 1NH, United Kingdom",IoDhub,35,New Broad Street,EC2M 1NH,,Bishopsgate,City of London,Greater London,,England,ENG,United Kingdom,gb,0.9,1,1,© OpenStreetMap contributors,Open Database License,https://www.openstreetmap.org/copyright
United Kingdom,"35 Northfield Way,Aycliffe Business Park,Newton Aycliffe,County Durham,DL5 6UF",788,2,54.6117095,-1.5798842,"Northfield Way, Aycliffe Village, DL5 6EJ, United Kingdom",Northfield Way,,Northfield Way,DL5 6EJ,,Great Aycliffe,Aycliffe Village,County Durham,,England,ENG,United Kingdom,gb,0.44099999999999995,0.7,0.7,© OpenStreetMap contributors,Open Database License,https://www.openstreetmap.org/copyright
United Kingdom,"35 Northfield Way,Aycliffe Ind.Estate Newton Aycliffe,County Durham,DL5 6UF",789,2,54.6117095,-1.5798842,"Northfield Way, Aycliffe Village, DL5 6EJ, United Kingdom",Northfield Way,,Northfield Way,DL5 6EJ,,Great Aycliffe,Aycliffe Village,County Durham,,England,ENG,United Kingdom,gb,0.44099999999999995,0.7,0.7,© OpenStreetMap contributors,Open Database License,https://www.openstreetmap.org/copyright
United Kingdom,"35 Northfield Way,Aycliffe Ind.Estate,Newton Aycliffe County Durham,DL5 6UF",790,2,54.6117095,-1.5798842,"Northfield Way, Aycliffe Village, DL5 6EJ, United Kingdom",Northfield Way,,Northfield Way,DL5 6EJ,,Great Aycliffe,Aycliffe Village,County Durham,,England,ENG,United Kingdom,gb,0.44099999999999995,0.7,0.7,© OpenStreetMap contributors,Open Database License,https://www.openstreetmap.org/copyright
United Kingdom,"35 Northfield Way,Aycliffe Ind.Estate,Newton Aycliffe,County Durham,DL5 6UF",791,2,54.6117095,-1.5798842,"Northfield Way, Aycliffe Village, DL5 6EJ, United Kingdom",Northfield Way,,Northfield Way,DL5 6EJ,,Great Aycliffe,Aycliffe Village,County Durham,,England,ENG,United Kingdom,gb,0.44099999999999995,0.7,0.7,© OpenStreetMap contributors,Open Database License,https://www.openstreetmap.org/copyright
United Kingdom,"35 Northfield Way,Aycliffe Industrial Estate Newton Acyliffe,County Durham,DL5 6UF",792,2,54.6117095,-1.5798842,"Northfield Way, Aycliffe Village, DL5 6EJ, United Kingdom",Northfield Way,,Northfield Way,DL5 6EJ,,Great Aycliffe,Aycliffe Village,County Durham,,England,ENG,United Kingdom,gb,0.44099999999999995,0.7,0.7,© OpenStreetMap contributors,Open Database License,https://www.openstreetmap.org/copyright
United Kingdom,"35 Northfield Way,Aycliffe Industrial Estate Newton Aycliffe,County Durham,DL5 6UF",793,2,54.6117095,-1.5798842,"Northfield Way, Aycliffe Village, DL5 6EJ, United Kingdom",Northfield Way,,Northfield Way,DL5 6EJ,,Great Aycliffe,Aycliffe Village,County Durham,,England,ENG,United Kingdom,gb,0.44099999999999995,0.7,0.7,© OpenStreetMap contributors,Open Database License,https://www.openstreetmap.org/copyright
United Kingdom,"35 Rydal St.,Leicester LE2 7DS",794,2,52.6272415,-1.1419201,"Rydal Street, Leicester, LE2 7HT, United Kingdom",Rydal Street,,Rydal Street,LE2 7HT,,Bede Island,Leicester,City of Leicester,,England,ENG,United Kingdom,gb,0.63,1,1,© OpenStreetMap contributors,Open Database License,https://www.openstreetmap.org/copyright
United Kingdom,"35 St.Thomas St.,London SEI 9SN",795,2,51.5038651,-0.0861116,"35 St. Thomas Street, London, SE1 9RY, United Kingdom",,35,St. Thomas Street,SE1 9RY,Southwark,Borough,London,London,,England,ENG,United Kingdom,gb,0.9,1,1,,,
United Kingdom,"35 Vine St.,London",796,2,51.5874765,-0.0117303,"Vine Street, London, E17 3GG, United Kingdom",Vine Street,,Vine Street,E17 3GG,London Borough of Waltham Forest,,London,Greater London,,England,ENG,United Kingdom,gb,0.5,1,1,© OpenStreetMap contributors,Open Database License,https://www.openstreetmap.org/copyright
United Kingdom,"35 Vine St.,London EC3N 2AA",797,2,51.5116527,-0.0758517,"Vine Street, City of London, EC3N 2LJ, United Kingdom",Vine Street,,Vine Street,EC3N 2LJ,,Aldgate,City of London,Greater London,,England,ENG,United Kingdom,gb,0.5103,0.81,0.81,© OpenStreetMap contributors,Open Database License,https://www.openstreetmap.org/copyright
United Kingdom,"35 Vine St.,London,EC3N 2AA",798,2,51.5116527,-0.0758517,"Vine Street, City of London, EC3N 2LJ, United Kingdom",Vine Street,,Vine Street,EC3N 2LJ,,Aldgate,City of London,Greater London,,England,ENG,United Kingdom,gb,0.5103,0.81,0.81,© OpenStreetMap contributors,Open Database License,https://www.openstreetmap.org/copyright
United Kingdom,"35,Dover St.,London,W1S 4AN",799,2,51.5086053,-0.1427493999051565,"Jimmy Choo, 35 Dover Street, London, W1S 4LT, United Kingdom",Jimmy Choo,35,Dover Street,W1S 4LT,St. James's,Mayfair,London,Greater London,,England,ENG,United Kingdom,gb,0.63,1,1,© OpenStreetMap contributors,Open Database License,https://www.openstreetmap.org/copyright
United Kingdom,"35,Dover St.,London,W1X 4AN",800,2,51.508651,-0.142806,"35 Dover Street, London, W1S 4LT, United Kingdom",,35,Dover Street,W1S 4LT,Westminster,Mayfair,London,London,,England,ENG,United Kingdom,gb,0,,,© OpenStreetMap contributors,Open Database License,https://www.openstreetmap.org/copyright
United Kingdom,"35,Trent Ave.Ealing,London W5 4TL",801,2,51.50179585,-0.31131895,"35 Trent Avenue, London, W5 4TL, United Kingdom",,35,Trent Avenue,W5 4TL,London Borough of Ealing,Northfields,London,Greater London,,England,ENG,United Kingdom,gb,0.63,0.63,1,© OpenStreetMap contributors,Open Database License,https://www.openstreetmap.org/copyright
United Kingdom,"35/39 Moorgate,London EC2R 6AR",802,2,51.5156595,-0.0894831,"City of London, EC2R 6AR, United Kingdom",,,,EC2R 6AR,,,City of London,Greater London,,England,ENG,United Kingdom,gb,0.6,,1,© OpenStreetMap contributors,Open Database License,https://www.openstreetmap.org/copyright
United Kingdom,"36 Eastcastle St.,London W1N 7PE",803,2,51.516622,-0.139099,"36 Eastcastle Street, London, W1W 8DE, United Kingdom",,36,Eastcastle Street,W1W 8DE,Westminster,Fitzrovia,London,London,,England,ENG,United Kingdom,gb,0.9,1,1,© OpenStreetMap contributors,Open Database License,https://www.openstreetmap.org/copyright
United Kingdom,"36 Queen St.,London EC4R 1BN",804,2,51.51132,-0.09329,"City of London, EC4R 1BN, United Kingdom",,,,EC4R 1BN,,,City of London,Greater London,,England,ENG,United Kingdom,gb,0.6,,1,© OpenStreetMap contributors,Open Database License,https://www.openstreetmap.org/copyright
United Kingdom,"36-38 Botolph Lane,London EC3R 8DE",805,2,51.51007,-0.08444,"City of London, EC3R 8DE, United Kingdom",,,,EC3R 8DE,,,City of London,Greater London,,England,ENG,United Kingdom,gb,0.6,,1,© OpenStreetMap contributors,Open Database License,https://www.openstreetmap.org/copyright
United Kingdom,"36-38 Botolph Lane,London,EC3R 8DE",806,2,51.51007,-0.08444,"City of London, EC3R 8DE, United Kingdom",,,,EC3R 8DE,,,City of London,Greater London,,England,ENG,United Kingdom,gb,0.6,,1,© OpenStreetMap contributors,Open Database License,https://www.openstreetmap.org/copyright
United Kingdom,"37-39 Kew Foot Rd.,Richmond TW9 2SS",807,2,51.466273,-0.3013592,"38 Kew Foot Road, London, TW9 2SS, United Kingdom",,38,Kew Foot Road,TW9 2SS,Richmond upon Thames,Richmond,London,London,,England,ENG,United Kingdom,gb,0.63,1,1,,,
United Kingdom,"379 South Row,Witan Gate East Central Milton Keynes MK9 2PN",808,2,52.0386811,-0.7531388,"South Row, Milton Keynes, MK9 3DQ, United Kingdom",South Row,,South Row,MK9 3DQ,,Central Milton Keynes,Milton Keynes,City of Milton Keynes,,England,ENG,United Kingdom,gb,0.63,1,1,© OpenStreetMap contributors,Open Database License,https://www.openstreetmap.org/copyright
United Kingdom,"38 Finsbury Sq.,London EC2A 1PX",809,2,51.5202348,-0.0854463,"38 Finsbury Square, London, EC2A 1PX, United Kingdom",,38,Finsbury Square,EC2A 1PX,London Borough of Islington,Finsbury,London,Greater London,,England,ENG,United Kingdom,gb,0.9,1,1,© OpenStreetMap contributors,Open Database License,https://www.openstreetmap.org/copyright
United Kingdom,"38 Finsbury Sq.,London EC2A 1PX(Licensee)",810,2,51.52077735,-0.08748121409003318,"Pret A Manger, 1 Finsbury Square, London, EC2A 1AE, United Kingdom",Pret A Manger,1,Finsbury Square,EC2A 1AE,Saint Luke's,Finsbury,London,Greater London,,England,ENG,United Kingdom,gb,0.78375,1,1,© OpenStreetMap contributors,Open Database License,https://www.openstreetmap.org/copyright
United Kingdom,"38 Finsbury Sq.,London,EC2A 1PX",811,2,51.5202348,-0.0854463,"38 Finsbury Square, London, EC2A 1PX, United Kingdom",,38,Finsbury Square,EC2A 1PX,London Borough of Islington,Finsbury,London,Greater London,,England,ENG,United Kingdom,gb,0.9,1,1,© OpenStreetMap contributors,Open Database License,https://www.openstreetmap.org/copyright
United Kingdom,38 Finsbury Sq.London EC2A 1LT,812,2,51.5202348,-0.0854463,"38 Finsbury Square, London, EC2A 1PX, United Kingdom",,38,Finsbury Square,EC2A 1PX,London Borough of Islington,Finsbury,London,Greater London,,England,ENG,United Kingdom,gb,0.3086999999999999,0.44099999999999995,0.7,© OpenStreetMap contributors,Open Database License,https://www.openstreetmap.org/copyright
United Kingdom,38 Finsbury Sq.London EC2A 1PX,813,2,51.5202348,-0.0854463,"38 Finsbury Square, London, EC2A 1PX, United Kingdom",,38,Finsbury Square,EC2A 1PX,London Borough of Islington,Finsbury,London,Greater London,,England,ENG,United Kingdom,gb,0.63,0.63,1,© OpenStreetMap contributors,Open Database License,https://www.openstreetmap.org/copyright
United Kingdom,"38 Threadneedle St.,London,EC2R 8AY",814,2,51.5144903,-0.0840663,"Piazza Italiana, 38 Threadneedle Street, City of London, EC2R 8AY, United Kingdom",Piazza Italiana,38,Threadneedle Street,EC2R 8AY,,Cornhill,City of London,Greater London,,England,ENG,United Kingdom,gb,0.9,1,1,© OpenStreetMap contributors,Open Database License,https://www.openstreetmap.org/copyright
United Kingdom,"380 Richmond Rd.,Kingston-Upon-Thames,Surrey KT2 5PR",815,2,51.4296623,-0.30709,"Richmond Road, London, KT2 5PR, United Kingdom",Richmond Road,,Richmond Road,KT2 5PR,Royal Borough of Kingston upon Thames,,London,Greater London,,England,ENG,United Kingdom,gb,0.7,1,1,© OpenStreetMap contributors,Open Database License,https://www.openstreetmap.org/copyright
United Kingdom,"380 Richmond Rd.,Kingston,Surrey KT2 5PR",816,2,51.4296623,-0.30709,"Richmond Road, London, KT2 5PR, United Kingdom",Richmond Road,,Richmond Road,KT2 5PR,Royal Borough of Kingston upon Thames,,London,Greater London,,England,ENG,United Kingdom,gb,0.7,1,1,© OpenStreetMap contributors,Open Database License,https://www.openstreetmap.org/copyright
United Kingdom,"389 Chiswick High Rd.,Chiswick,London,W4 4AL",817,2,51.492124149999995,-0.2750559087872404,"British Standards Institution, 389 Chiswick High Road, London, W4 4AL, United Kingdom",British Standards Institution,389,Chiswick High Road,W4 4AL,London Borough of Hounslow,Grove Park,London,Greater London,,England,ENG,United Kingdom,gb,0.9,1,1,© OpenStreetMap contributors,Open Database License,https://www.openstreetmap.org/copyright
United Kingdom,"39 Bartor Rd.,Water Eaton Industrial Estate Bletchley,Milton Keynes Bucks MK2 3HW",818,2,52.88850025,-1.2982782365724213,"Get Set, 39 Wharfedale Road, Erewash, NG10 3HG, United Kingdom",Get Set,39,Wharfedale Road,NG10 3HG,Dovedale Estate,,Erewash,Derbyshire,DBY,England,ENG,United Kingdom,gb,0.054,0.06,0.3,© OpenStreetMap contributors,Open Database License,https://www.openstreetmap.org/copyright
United Kingdom,"39 Dover St.,London W1X 3RB",819,2,51.508294,-0.14241,"39 Dover Street, London, W1S 4LT, United Kingdom",,39,Dover Street,W1S 4LT,Westminster,Mayfair,London,London,,England,ENG,United Kingdom,gb,0.9,1,1,© OpenStreetMap contributors,Open Database License,https://www.openstreetmap.org/copyright
United Kingdom,"399 Edgware Rd.,Colindale,London NW9 0JJ",820,2,51.523110900000006,-0.17489979999999322,"Melissa Food Centre, 399 Edgware Road, London, W2 1BT, United Kingdom",Melissa Food Centre,399,Edgware Road,W2 1BT,,Paddington,London,Greater London,,England,ENG,United Kingdom,gb,0.9,1,1,© OpenStreetMap contributors,Open Database License,https://www.openstreetmap.org/copyright
United Kingdom,"3rd Fl.,10 Piccadilly,London,W1J 0DD",821,2,51.5095871,-0.1355442,"London, W1J 0DD, United Kingdom",,,,W1J 0DD,,,London,Greater London,,England,ENG,United Kingdom,gb,1,,1,© OpenStreetMap contributors,Open Database License,https://www.openstreetmap.org/copyright
United Kingdom,"3rd Fl.,107 Cannon St.,London,EC4N 5AF",822,2,51.5116025,-0.0896573,"Tossed, 107 Cannon Street, City of London, EC4N 5AF, United Kingdom",Tossed,107,Cannon Street,EC4N 5AF,,Vintry,City of London,Greater London,,England,ENG,United Kingdom,gb,0.9,1,1,© OpenStreetMap contributors,Open Database License,https://www.openstreetmap.org/copyright
United Kingdom,"3rd Fl.,15 Moorgate London EC2R 6AD.",823,2,51.5155,-0.08977,"City of London, EC2R 6AD, United Kingdom",,,,EC2R 6AD,,,City of London,Greater London,,England,ENG,United Kingdom,gb,1,,1,© OpenStreetMap contributors,Open Database License,https://www.openstreetmap.org/copyright
United Kingdom,"3rd Fl.,15 Moorgate,London EC2R 6AD",824,2,51.5155,-0.08977,"City of London, EC2R 6AD, United Kingdom",,,,EC2R 6AD,,,City of London,Greater London,,England,ENG,United Kingdom,gb,1,,1,© OpenStreetMap contributors,Open Database License,https://www.openstreetmap.org/copyright
United Kingdom,"3rd Fl.,155 Bishopsgate London EC2M 3TS",825,2,51.5187,-0.0799916,"Maven Securities, 155 Bishopsgate, City of London, EC2M 3TQ, United Kingdom",Maven Securities,155,Bishopsgate,EC2M 3TQ,City of London,Bishopsgate,City of London,Greater London,,England,ENG,United Kingdom,gb,0.5103000000000001,0.81,0.81,© OpenStreetMap contributors,Open Database License,https://www.openstreetmap.org/copyright
United Kingdom,"3rd Fl.,155 Bishopsgate,London EC2M 3TF",826,2,51.5187,-0.0799916,"Maven Securities, 155 Bishopsgate, City of London, EC2M 3TQ, United Kingdom",Maven Securities,155,Bishopsgate,EC2M 3TQ,City of London,Bishopsgate,City of London,Greater London,,England,ENG,United Kingdom,gb,0.5103000000000001,0.81,0.81,© OpenStreetMap contributors,Open Database License,https://www.openstreetmap.org/copyright
United Kingdom,"3rd Fl.,155 Bishopsgate,London,EC2M 3TS",827,2,51.5187,-0.0799916,"Maven Securities, 155 Bishopsgate, City of London, EC2M 3TQ, United Kingdom",Maven Securities,155,Bishopsgate,EC2M 3TQ,City of London,Bishopsgate,City of London,Greater London,,England,ENG,United Kingdom,gb,0.5103000000000001,0.81,0.81,© OpenStreetMap contributors,Open Database License,https://www.openstreetmap.org/copyright
United Kingdom,"3rd Fl.,24 Britton St.,London EC1M 5UA",828,2,51.52125095,-0.1045232896914319,"Kurt Geiger, 24 Britton Street, London, EC1M 5UP, United Kingdom",Kurt Geiger,24,Britton Street,EC1M 5UP,London Borough of Islington,Clerkenwell,London,Greater London,,England,ENG,United Kingdom,gb,0.63,1,1,© OpenStreetMap contributors,Open Database License,https://www.openstreetmap.org/copyright
United Kingdom,"3rd Fl.,25/26 Albemarle St.,London,W1X 4AD",829,2,51.5097043,-0.1428184,"26 Albemarle Street, London, W1S 4JH, United Kingdom",,26,Albemarle Street,W1S 4JH,Westminster,Mayfair,London,London,,England,ENG,United Kingdom,gb,0,,,© OpenStreetMap contributors,Open Database License,https://www.openstreetmap.org/copyright
United Kingdom,"3rd Fl.,25/26 Albemarle St.,London,WIS 4HK",830,2,51.5097043,-0.1428184,"26 Albemarle Street, London, United Kingdom",,26,Albemarle Street,,Westminster,Mayfair,London,London,,England,ENG,United Kingdom,gb,0,,,© OpenStreetMap contributors,Open Database License,https://www.openstreetmap.org/copyright
United Kingdom,"3rd Fl.,35 Moorgate,London EC2R 6AR",831,2,51.5156595,-0.0894831,"City of London, EC2R 6AR, United Kingdom",,,,EC2R 6AR,,,City of London,Greater London,,England,ENG,United Kingdom,gb,1,,1,© OpenStreetMap contributors,Open Database License,https://www.openstreetmap.org/copyright
United Kingdom,"3rd Fl.,36-38 Botolph Lane,London EC3R 8DE",832,2,51.51007,-0.08444,"City of London, EC3R 8DE, United Kingdom",,,,EC3R 8DE,,,City of London,Greater London,,England,ENG,United Kingdom,gb,0.6,,1,© OpenStreetMap contributors,Open Database License,https://www.openstreetmap.org/copyright
United Kingdom,"3rd Fl.,41 Tower Hill,London EC3N 4DU",833,2,51.51042795,-0.07424437920970986,"Société Générale, 41 Tower Hill, City of London, EC3N 1AP, United Kingdom",Société Générale,41,Tower Hill,EC3N 1AP,,Aldgate,City of London,Greater London,,England,ENG,United Kingdom,gb,0.5103000000000001,0.81,0.81,© OpenStreetMap contributors,Open Database License,https://www.openstreetmap.org/copyright
United Kingdom,"3rd Fl.,53 New Broad St.,London EC2M 1JJ",834,2,51.51684,-0.08473,"City of London, EC2M 1JJ, United Kingdom",,,,EC2M 1JJ,,,City of London,Greater London,,England,ENG,United Kingdom,gb,0.6,,1,© OpenStreetMap contributors,Open Database License,https://www.openstreetmap.org/copyright
United Kingdom,"3rd Fl.,6 Broadgate,London EC2M 2QS",835,2,51.51876663636364,-0.08360273636363637,"City of London, EC2M 2QS, United Kingdom",,,,EC2M 2QS,,,City of London,Greater London,,England,ENG,United Kingdom,gb,1,,1,© OpenStreetMap contributors,Open Database License,https://www.openstreetmap.org/copyright
United Kingdom,"3rd Fl.,65 Leadenhall St.,London EC 3A 2AD",836,2,51.513042,-0.078478,"65-68 Leadenhall Street, London, EC3A 2AD, United Kingdom",,65-68,Leadenhall Street,EC3A 2AD,City of London,Fenchurch,London,London,,England,ENG,United Kingdom,gb,0,,,© OpenStreetMap contributors,Open Database License,https://www.openstreetmap.org/copyright
United Kingdom,"3rd Fl.,7 Old Park Lane,London W1K 1AD",837,2,51.50443775,-0.14908106904938984,"7 Old Park Lane, London, W1K 1QN, United Kingdom",,7,Old Park Lane,W1K 1QN,,Mayfair,London,Greater London,,England,ENG,United Kingdom,gb,0.63,1,1,© OpenStreetMap contributors,Open Database License,https://www.openstreetmap.org/copyright
United Kingdom,"3rd Fl.,7 Old Park Lane,London W1Y 4AD",838,2,51.504453,-0.149023,"7 Old Park Lane, London, W1K 1QN, United Kingdom",,7,Old Park Lane,W1K 1QN,Westminster,Mayfair,London,London,,England,ENG,United Kingdom,gb,0.9,1,1,© OpenStreetMap contributors,Open Database License,https://www.openstreetmap.org/copyright
United Kingdom,"3rd Fl.,7 Old Park Lane,London Wiy 4AD",839,2,51.504453,-0.149023,"7 Old Park Lane, London, W1K 1QZ, United Kingdom",,7,Old Park Lane,W1K 1QZ,Westminster,Mayfair,London,London,,England,ENG,United Kingdom,gb,0.9,1,1,© OpenStreetMap contributors,Open Database License,https://www.openstreetmap.org/copyright
United Kingdom,"3rd Fl.,7 Old Park Lane,London,W1K 1AD",840,2,51.50443775,-0.14908106904938984,"7 Old Park Lane, London, W1K 1QN, United Kingdom",,7,Old Park Lane,W1K 1QN,,Mayfair,London,Greater London,,England,ENG,United Kingdom,gb,0.63,1,1,© OpenStreetMap contributors,Open Database License,https://www.openstreetmap.org/copyright
United Kingdom,"3rd Fl.,8 Finsbury Circus,London EC2M 7EA",841,2,51.51733,-0.08594,"City of London, EC2M 7EA, United Kingdom",,,,EC2M 7EA,,,City of London,Greater London,,England,ENG,United Kingdom,gb,0.6,,1,© OpenStreetMap contributors,Open Database License,https://www.openstreetmap.org/copyright
United Kingdom,"3rd Fl.,90 Basinghall St.,London,EC2V 5AY",842,2,51.515128149999995,-0.09127689035193504,"Gresham College, 90 Basinghall Street, City of London, EC2V 5AY, United Kingdom",Gresham College,90,Basinghall Street,EC2V 5AY,,Cheap,City of London,Greater London,,England,ENG,United Kingdom,gb,0.9,1,1,© OpenStreetMap contributors,Open Database License,https://www.openstreetmap.org/copyright
United Kingdom,"3rd Fl.,Baltic Exchange,38 St Mary Axe,London,EC3A 8EX",843,2,51.5149918,-0.0803276,"Balls Brothers, 38 Saint Mary Axe, City of London, EC3A 8EX, United Kingdom",Balls Brothers,38,Saint Mary Axe,EC3A 8EX,,Bishopsgate,City of London,Greater London,,England,ENG,United Kingdom,gb,0.9,1,1,© OpenStreetMap contributors,Open Database License,https://www.openstreetmap.org/copyright
United Kingdom,"3rd Fl.,Baltic Exchange,38 St.Mary Axe London EC3A 8EX",844,2,51.5149918,-0.0803276,"Balls Brothers, 38 Saint Mary Axe, City of London, EC3A 8EX, United Kingdom",Balls Brothers,38,Saint Mary Axe,EC3A 8EX,,Bishopsgate,City of London,Greater London,,England,ENG,United Kingdom,gb,0.9,1,1,© OpenStreetMap contributors,Open Database License,https://www.openstreetmap.org/copyright
United Kingdom,"3rd Fl.,Baltic Exchange,38 St.Mary Axe,London EC3A 8EX",845,2,51.5149918,-0.0803276,"Balls Brothers, 38 Saint Mary Axe, City of London, EC3A 8EX, United Kingdom",Balls Brothers,38,Saint Mary Axe,EC3A 8EX,,Bishopsgate,City of London,Greater London,,England,ENG,United Kingdom,gb,0.9,1,1,© OpenStreetMap contributors,Open Database License,https://www.openstreetmap.org/copyright
United Kingdom,"3rd Fl.,Baltic Exchange,38 St.Mary Axe,London,EC3A 8EX",846,2,51.5149918,-0.0803276,"Balls Brothers, 38 Saint Mary Axe, City of London, EC3A 8EX, United Kingdom",Balls Brothers,38,Saint Mary Axe,EC3A 8EX,,Bishopsgate,City of London,Greater London,,England,ENG,United Kingdom,gb,0.9,1,1,© OpenStreetMap contributors,Open Database License,https://www.openstreetmap.org/copyright
United Kingdom,"3rd Fl.,Bracton House,34-36 High Holborn,London,WC1V 6AA",847,2,51.5174847,-0.1212578,"High Holborn, London, WC1V 7EP, United Kingdom",High Holborn,,High Holborn,WC1V 7EP,London Borough of Camden,Holborn,London,Greater London,,England,ENG,United Kingdom,gb,0.63,1,1,© OpenStreetMap contributors,Open Database License,https://www.openstreetmap.org/copyright
United Kingdom,"3rd Fl.,Castle House,75-76 Wells St.,London W1PW 3RE3",848,2,51.517497,-0.148298,"75-76 Wimpole Street, London, W1G 9SX, United Kingdom",,75-76,Wimpole Street,W1G 9SX,Westminster,Marylebone,London,London,,England,ENG,United Kingdom,gb,0.2571428571428571,0.2857142857142857,1,© OpenStreetMap contributors,Open Database License,https://www.openstreetmap.org/copyright
United Kingdom,"3rd Fl.,Castle House,75-76 Wells St.,London,W1PW 3RE3",849,2,51.517497,-0.148298,"75-76 Wimpole Street, London, W1G 9SX, United Kingdom",,75-76,Wimpole Street,W1G 9SX,Westminster,Marylebone,London,London,,England,ENG,United Kingdom,gb,0,,,© OpenStreetMap contributors,Open Database License,https://www.openstreetmap.org/copyright
United Kingdom,"3rd Fl.,Devon House,58-60 St.,Katharine's way London,E1 9LB",850,2,51.5059304,-0.07110985321575411,"Devon House, 58-60 St. Katharine's Way, London, E1W 1JP, United Kingdom",Devon House,58-60,St. Katharine's Way,E1W 1JP,London Borough of Tower Hamlets,Wapping,London,Greater London,,England,ENG,United Kingdom,gb,0.9,1,1,© OpenStreetMap contributors,Open Database License,https://www.openstreetmap.org/copyright
United Kingdom,"3rd Fl.,Devon House,58-60 St.Katharine's Way,London E1 9LB",851,2,51.5059304,-0.07110985321575411,"Devon House, 58-60 St. Katharine's Way, London, E1W 1JP, United Kingdom",Devon House,58-60,St. Katharine's Way,E1W 1JP,London Borough of Tower Hamlets,Wapping,London,Greater London,,England,ENG,United Kingdom,gb,1,1,1,© OpenStreetMap contributors,Open Database License,https://www.openstreetmap.org/copyright
United Kingdom,"3rd Fl.,Devon House,58-60 St.Katharine's Way,London E1W 1LB",852,2,51.5059304,-0.07110985321575411,"Devon House, 58-60 St. Katharine's Way, London, E1W 1JP, United Kingdom",Devon House,58-60,St. Katharine's Way,E1W 1JP,London Borough of Tower Hamlets,Wapping,London,Greater London,,England,ENG,United Kingdom,gb,0.63,1,1,© OpenStreetMap contributors,Open Database License,https://www.openstreetmap.org/copyright
United Kingdom,"3rd Fl.,Devon House,58-60 St.Katharine's Way,London,E1W 1LB",853,2,51.5059304,-0.07110985321575411,"Devon House, 58-60 St. Katharine's Way, London, E1W 1JP, United Kingdom",Devon House,58-60,St. Katharine's Way,E1W 1JP,London Borough of Tower Hamlets,Wapping,London,Greater London,,England,ENG,United Kingdom,gb,0.63,1,1,© OpenStreetMap contributors,Open Database License,https://www.openstreetmap.org/copyright
United Kingdom,"3rd Fl.,Finsbury Court 111-117,Finsbury Pavement,London EC2A 1RS",854,2,51.5194257,-0.0876097,"Finsbury Pavement, London, EC2A 1RS, United Kingdom",Finsbury Pavement,,Finsbury Pavement,EC2A 1RS,London Borough of Islington,Finsbury,London,Greater London,,England,ENG,United Kingdom,gb,0.7,1,1,© OpenStreetMap contributors,Open Database License,https://www.openstreetmap.org/copyright
United Kingdom,"3rd Fl.,Guildhall House,81-87 Gresham St.,London",855,2,51.515106,-0.091725,"81-87 Gresham Street, London, EC2V 8EG, United Kingdom",,81-87,Gresham Street,EC2V 8EG,City of London,Cheap,London,London,,England,ENG,United Kingdom,gb,0.9,1,1,© OpenStreetMap contributors,Open Database License,https://www.openstreetmap.org/copyright
United Kingdom,"3rd Fl.,Guildhall House,81-87 Gresham St.,London EC2V 7NQ",856,2,51.5151232,-0.0917099,"Alcatel Lucent, 81-87 Gresham Street, City of London, EC2V 7AY, United Kingdom",Alcatel Lucent,81-87,Gresham Street,EC2V 7AY,,Cheap,City of London,Greater London,,England,ENG,United Kingdom,gb,0.5103000000000001,0.81,0.81,© OpenStreetMap contributors,Open Database License,https://www.openstreetmap.org/copyright
United Kingdom,"3rd Fl.,Knollys House 1-12 Byward St.,London EC3R 5AS",857,2,51.5094582,-0.0799,"Byward Street, City of London, EC3R 5AS, United Kingdom",Byward Street,,Byward Street,EC3R 5AS,,Aldgate,City of London,Greater London,,England,ENG,United Kingdom,gb,0.7,1,1,© OpenStreetMap contributors,Open Database License,https://www.openstreetmap.org/copyright
United Kingdom,"3rd Fl.,Knollys House 1-12 Byward St.London EC3R 5AS",858,2,51.5094582,-0.0799,"Byward Street, City of London, EC3R 5AS, United Kingdom",Byward Street,,Byward Street,EC3R 5AS,,Aldgate,City of London,Greater London,,England,ENG,United Kingdom,gb,0.44099999999999995,0.63,1,© OpenStreetMap contributors,Open Database License,https://www.openstreetmap.org/copyright
United Kingdom,"3rd Fl.,Knollys House,1-12,Byward St.,London EC3R 5AS",859,2,51.5094582,-0.0799,"Byward Street, City of London, EC3R 5AS, United Kingdom",Byward Street,,Byward Street,EC3R 5AS,,Aldgate,City of London,Greater London,,England,ENG,United Kingdom,gb,0.7,1,1,© OpenStreetMap contributors,Open Database License,https://www.openstreetmap.org/copyright
United Kingdom,"3rd Fl.,Knollys House,1-12,Byward St.London EC3R 5AS",860,2,51.5094582,-0.0799,"Byward Street, City of London, EC3R 5AS, United Kingdom",Byward Street,,Byward Street,EC3R 5AS,,Aldgate,City of London,Greater London,,England,ENG,United Kingdom,gb,0.44099999999999995,0.63,1,© OpenStreetMap contributors,Open Database License,https://www.openstreetmap.org/copyright
United Kingdom,"3rd Fl.,Mutual House 70 Conduti St.,London W1R 9TQ",861,2,51.5218502,-0.1401333992267977,"Brazilian Gourmet, 70 Cleveland Street, London, W1T 6HW, United Kingdom",Brazilian Gourmet,70,Cleveland Street,W1T 6HW,London Borough of Camden,Fitzrovia,London,Greater London,,England,ENG,United Kingdom,gb,0.029999999999999995,0.1111111111111111,1,© OpenStreetMap contributors,Open Database License,https://www.openstreetmap.org/copyright
United Kingdom,"3rd Fl.,Newcombe House,43-45 Notting Hill Gate,London",862,2,51.5094514,-0.1950381,"44 Notting Hill Gate, London, United Kingdom",,44,Notting Hill Gate,,Kensington and Chelsea,Notting Hill,London,London,,England,ENG,United Kingdom,gb,0.63,1,1,© OpenStreetMap contributors,Open Database License,https://www.openstreetmap.org/copyright
United Kingdom,"3rd Fl.,Newcombe House,43-45 Notting Hill Gate,London W11 3FE",863,2,51.5093357,-0.1950871,"Notting Hill Gate, London, W11 3HX, United Kingdom",Notting Hill Gate,,Notting Hill Gate,W11 3HX,Royal Borough of Kensington and Chelsea,Notting Hill,London,Greater London,,England,ENG,United Kingdom,gb,0.63,1,1,© OpenStreetMap contributors,Open Database License,https://www.openstreetmap.org/copyright
United Kingdom,"3rd Fl.,Newcombe House,43-45 Notting Hill Gate,London,W11 3FE",864,2,51.5093357,-0.1950871,"Notting Hill Gate, London, W11 3HX, United Kingdom",Notting Hill Gate,,Notting Hill Gate,W11 3HX,Royal Borough of Kensington and Chelsea,Notting Hill,London,Greater London,,England,ENG,United Kingdom,gb,0.63,1,1,© OpenStreetMap contributors,Open Database License,https://www.openstreetmap.org/copyright
United Kingdom,"3rd Fl.,North Wing PS21,17-29 Prince St.,Bristol,BS1 4PH",865,2,51.450412,-2.5966012,"Prince Street, Bristol, BS1 4PH, United Kingdom",Prince Street,,Prince Street,BS1 4PH,Old City,City Centre,Bristol,City of Bristol,BST,England,ENG,United Kingdom,gb,0.7,1,1,© OpenStreetMap contributors,Open Database License,https://www.openstreetmap.org/copyright
United Kingdom,"3rd Fl.,Nuffield House,41/46 Piccadilly,London W1V 9AJ",866,2,51.508777,-0.1382497,"46 Piccadilly, London, W1V 9AJ, United Kingdom",,46,Piccadilly,W1V 9AJ,Westminster,Green Park,London,London,,England,ENG,United Kingdom,gb,0.63,1,1,© OpenStreetMap contributors,Open Database License,https://www.openstreetmap.org/copyright
United Kingdom,"3rd Fl.,Nuffield House,41/46 Piccadilly,London,W1J 0DS",867,2,51.50885325,-0.13802650546037554,"Nuffield House, 41-46 Piccadilly, London, W1J 0DS, United Kingdom",Nuffield House,41-46,Piccadilly,W1J 0DS,St. James's,Mayfair,London,Greater London,,England,ENG,United Kingdom,gb,0.9,1,1,© OpenStreetMap contributors,Open Database License,https://www.openstreetmap.org/copyright
United Kingdom,"3rd Fl.,Phoenix House 18 King William St.,London EC4N 7BP",868,2,51.511096,-0.087252,"Santander, 18 King William Street, City of London, EC4N 7BP, United Kingdom",Santander,18,King William Street,EC4N 7BP,,Cornhill,City of London,Greater London,,England,ENG,United Kingdom,gb,0.9,1,1,© OpenStreetMap contributors,Open Database License,https://www.openstreetmap.org/copyright
United Kingdom,"3rd Fl.,Saunders House,52-53 The Mall,London W5 3TA",869,2,51.513793,-0.2995294,"The Lodge Tavern, 52-53 The Mall, London, W5 3TA, United Kingdom",The Lodge Tavern,52-53,The Mall,W5 3TA,London Borough of Ealing,,London,Greater London,,England,ENG,United Kingdom,gb,0.9,1,1,© OpenStreetMap contributors,Open Database License,https://www.openstreetmap.org/copyright
United Kingdom,"3rd Fl.,Skyline House 200 Union St.,London SE1 0LX",870,2,51.5038651,-0.10171582656991585,"Skyline House, 200 Union Street, London, SE1 0LH, United Kingdom",Skyline House,200,Union Street,SE1 0LH,London Borough of Southwark,Southwark,London,Greater London,,England,ENG,United Kingdom,gb,0.63,1,1,© OpenStreetMap contributors,Open Database License,https://www.openstreetmap.org/copyright
United Kingdom,"3rd Fl.,Skyline House 200 Union St.,London,SE1 0LX",871,2,51.5038651,-0.10171582656991585,"Skyline House, 200 Union Street, London, SE1 0LH, United Kingdom",Skyline House,200,Union Street,SE1 0LH,London Borough of Southwark,Southwark,London,Greater London,,England,ENG,United Kingdom,gb,0.63,1,1,© OpenStreetMap contributors,Open Database License,https://www.openstreetmap.org/copyright
United Kingdom,"3rd Fl.,Skyline House 200 Union St.London SE1 0LW",872,2,51.5038651,-0.10171582656991585,"Skyline House, 200 Union Street, London, SE1 0LH, United Kingdom",Skyline House,200,Union Street,SE1 0LH,London Borough of Southwark,Southwark,London,Greater London,,England,ENG,United Kingdom,gb,0.3086999999999999,0.44099999999999995,0.7,© OpenStreetMap contributors,Open Database License,https://www.openstreetmap.org/copyright
United Kingdom,"3rd Fl.,Thavies Inn House,3-4 Holborn Circus,London EC1N 2HA",873,2,51.51709,-0.10754,"City of London, EC1N 2HA, United Kingdom",,,,EC1N 2HA,,,City of London,Greater London,,England,ENG,United Kingdom,gb,0.6,,1,© OpenStreetMap contributors,Open Database License,https://www.openstreetmap.org/copyright
United Kingdom,"3rd Fl.,Thavies Inn House,3-4 Holborn Circus,London,EC1N 2HA",874,2,51.51709,-0.10754,"City of London, EC1N 2HA, United Kingdom",,,,EC1N 2HA,,,City of London,Greater London,,England,ENG,United Kingdom,gb,0.6,,1,© OpenStreetMap contributors,Open Database License,https://www.openstreetmap.org/copyright
United Kingdom,"3rd Fl.,The Metro Bldg.,1 Butterwick,Hammersmith,London W6 8DL",875,2,,,,,,,,,,,,,,,,,,,,,,
United Kingdom,"3rd Fl.,Towergate 41 Tower Hill,London EC3N 4DU",876,2,51.51042795,-0.07424437920970986,"Société Générale, 41 Tower Hill, City of London, EC3N 1AP, United Kingdom",Société Générale,41,Tower Hill,EC3N 1AP,,Aldgate,City of London,Greater London,,England,ENG,United Kingdom,gb,0.4044444444444444,0.7,0.7,© OpenStreetMap contributors,Open Database License,https://www.openstreetmap.org/copyright
United Kingdom,"3rd Fl.22 City Rd.,London EC 1",877,2,51.522435099999996,-0.08742094609152343,"ScotsCare, 22 City Road, London, EC1Y 2AJ, United Kingdom",ScotsCare,22,City Road,EC1Y 2AJ,London Borough of Islington,Finsbury,London,Greater London,,England,ENG,United Kingdom,gb,0.9,1,1,© OpenStreetMap contributors,Open Database License,https://www.openstreetmap.org/copyright
United Kingdom,"3rd Fl.Finsbury Court 111-117,Finsbury Pavement,London EC2A 1RS",878,2,51.5194257,-0.0876097,"Finsbury Pavement, London, EC2A 1RS, United Kingdom",Finsbury Pavement,,Finsbury Pavement,EC2A 1RS,London Borough of Islington,Finsbury,London,Greater London,,England,ENG,United Kingdom,gb,0.7,1,1,© OpenStreetMap contributors,Open Database License,https://www.openstreetmap.org/copyright
United Kingdom,3rd Fl.Knollys House 1-12 Byward St.London EC3R 5AS,879,2,51.5094582,-0.0799,"Byward Street, City of London, EC3R 5AS, United Kingdom",Byward Street,,Byward Street,EC3R 5AS,,Aldgate,City of London,Greater London,,England,ENG,United Kingdom,gb,0.44099999999999995,0.63,1,© OpenStreetMap contributors,Open Database License,https://www.openstreetmap.org/copyright
United Kingdom,"3rd Fl.Knollys House,1-12,Byward St.London EC3R 5AS",880,2,51.5094582,-0.0799,"Byward Street, City of London, EC3R 5AS, United Kingdom",Byward Street,,Byward Street,EC3R 5AS,,Aldgate,City of London,Greater London,,England,ENG,United Kingdom,gb,0.44099999999999995,0.63,1,© OpenStreetMap contributors,Open Database License,https://www.openstreetmap.org/copyright
United Kingdom,"3rd Fl.Offices 19/20 Grosvenor St.,London",881,2,51.510395,-0.155516,"19 Upper Grosvenor Street, London, W1K 7EH, United Kingdom",,19,Upper Grosvenor Street,W1K 7EH,Westminster,Mayfair,London,London,,England,ENG,United Kingdom,gb,0.7695,0.9,1,© OpenStreetMap contributors,Open Database License,https://www.openstreetmap.org/copyright
United Kingdom,"3rd,Fl.,15 Moorgate,London EC2R 6AD",882,2,51.5155,-0.08977,"City of London, EC2R 6AD, United Kingdom",,,,EC2R 6AD,,,City of London,Greater London,,England,ENG,United Kingdom,gb,1,,1,© OpenStreetMap contributors,Open Database License,https://www.openstreetmap.org/copyright
United Kingdom,"4 Bennet Court,Bennet Rd.Reading,Berkshire RG2 0QX",883,2,51.42648846,-0.9735164599999999,"Reading, RG2 0QX, United Kingdom",,,,RG2 0QX,,,Reading,,,England,ENG,United Kingdom,gb,0.6,,1,© OpenStreetMap contributors,Open Database License,https://www.openstreetmap.org/copyright
United Kingdom,"4 Chiswell St.,London EC1Y 4UP",884,2,51.52073905,-0.08794039043019691,"4 Chiswell Street, London, EC1Y 4UP, United Kingdom",,4,Chiswell Street,EC1Y 4UP,London Borough of Islington,Finsbury,London,Greater London,,England,ENG,United Kingdom,gb,0.9,1,1,© OpenStreetMap contributors,Open Database License,https://www.openstreetmap.org/copyright
United Kingdom,"4 Commercial Way,Abbey Rd.Industrial Park,London NW10",885,2,51.5340589,-0.2727028,"Commercial Way, London, NW10 7XF, United Kingdom",Commercial Way,,Commercial Way,NW10 7XF,London Borough of Brent,Abbey Road Industrial Park,London,Greater London,,England,ENG,United Kingdom,gb,0.63,1,1,© OpenStreetMap contributors,Open Database License,https://www.openstreetmap.org/copyright
United Kingdom,"4 Dukes Meadow,Millboard Rd.,Bourne End Buckinghamshire,SL8 5XF",886,2,51.5778225,-0.7037253,"Millboard Road, Bourne End, SL8 5AL, United Kingdom",Millboard Road,,Millboard Road,SL8 5AL,,Wooburn,Bourne End,Buckinghamshire,BKM,England,ENG,United Kingdom,gb,0.63,1,1,© OpenStreetMap contributors,Open Database License,https://www.openstreetmap.org/copyright
United Kingdom,"4 Furzeground Way,Stockley Park,Uxbridge,Middlesex,UB11 1EZ",887,2,51.542143,-0.479459,"Uxbridge, London, ENG, United Kingdom",Uxbridge,,,,Hillingdon,Uxbridge,London,London,,England,ENG,United Kingdom,gb,0.25,,1,Who's On First,CC0,https://www.whosonfirst.org/docs/licenses/
United Kingdom,"4 Grosvenor Place,London SW1X 7DL",888,2,51.50128,-0.15198,"London, SW1X 7DL, United Kingdom",,,,SW1X 7DL,,,City of Westminster,Greater London,,England,ENG,United Kingdom,gb,0.6,,1,© OpenStreetMap contributors,Open Database License,https://www.openstreetmap.org/copyright
United Kingdom,"4 Lombard St.,London EC 3V 9AH",889,2,51.5129924,-0.0885317,"4 Lombard Street, London, EC3V 9AY, United Kingdom",,4,Lombard Street,EC3V 9AY,City of London,Cheapside,London,London,,England,ENG,United Kingdom,gb,0,,,,,
United Kingdom,"4 Mallusk Rd.,Newtownabbey,Co.Antrim,Northern Ireland,BT36 8PR",890,2,54.6701633,-5.9685879,"Mallusk Road, Newtownabbey, BT36 4EW, United Kingdom",Mallusk Road,,Mallusk Road,BT36 4EW,,Glengormley,Newtownabbey,County Antrim,,Northern Ireland,NIR,United Kingdom,gb,0.63,1,1,© OpenStreetMap contributors,Open Database License,https://www.openstreetmap.org/copyright
United Kingdom,"4 Mallusk Rd.,Newtownabbey,County Antrim,BT36 4PR",891,2,54.6701633,-5.9685879,"Mallusk Road, Newtownabbey, BT36 4EW, United Kingdom",Mallusk Road,,Mallusk Road,BT36 4EW,,Glengormley,Newtownabbey,County Antrim,,Northern Ireland,NIR,United Kingdom,gb,0.63,1,1,© OpenStreetMap contributors,Open Database License,https://www.openstreetmap.org/copyright
United Kingdom,"4 Millfield House,Croxley Business Park,Watford,Hertfordshire WDI 8YX",892,2,51.6553875,-0.3957425,"yes, Watford, ENG, United Kingdom",,,,,yes,,Watford,Hertfordshire,HRT,England,ENG,United Kingdom,gb,0.25,,1,© OpenStreetMap contributors,Open Database License,https://www.openstreetmap.org/copyright
United Kingdom,"4 Northfield Dr.,Northfield Milton,Keynes MK15 0DQ",893,2,52.0534407,-0.7089532,"Northfield Drive, Milton Keynes, MK15 0DQ, United Kingdom",Northfield Drive,,Northfield Drive,MK15 0DQ,,Northfield,Milton Keynes,City of Milton Keynes,,England,ENG,United Kingdom,gb,0.7,1,1,© OpenStreetMap contributors,Open Database License,https://www.openstreetmap.org/copyright
United Kingdom,4 Northfield Drive Northfield Milton Keynes MK15 0DQ,894,2,52.0534407,-0.7089532,"Northfield Drive, Milton Keynes, MK15 0DQ, United Kingdom",Northfield Drive,,Northfield Drive,MK15 0DQ,,Northfield,Milton Keynes,City of Milton Keynes,,England,ENG,United Kingdom,gb,0.7,1,1,© OpenStreetMap contributors,Open Database License,https://www.openstreetmap.org/copyright
United Kingdom,"4 Northfield Drive, Northfield Milton,Keynes MK15 0DQ",895,2,52.0534407,-0.7089532,"Northfield Drive, Milton Keynes, MK15 0DQ, United Kingdom",Northfield Drive,,Northfield Drive,MK15 0DQ,,Northfield,Milton Keynes,City of Milton Keynes,,England,ENG,United Kingdom,gb,0.7,1,1,© OpenStreetMap contributors,Open Database License,https://www.openstreetmap.org/copyright
United Kingdom,"4 Poyle Tech Centre,Willow Rd.,Poyle,SL3 0DP",896,2,51.4751354,-0.5124169,"Willow Road, Slough, SL3 0BU, United Kingdom",Willow Road,,Willow Road,SL3 0BU,,Colnbrook with Poyle,Slough,,,England,ENG,United Kingdom,gb,0.44099999999999995,0.7,0.7,© OpenStreetMap contributors,Open Database License,https://www.openstreetmap.org/copyright
United Kingdom,"4,Fenchurch St.,London,EC3M 3AL",897,2,51.5123701,-0.0793661,"Fenchurch Street, City of London, EC3M 4AQ, United Kingdom",Fenchurch Street,,Fenchurch Street,EC3M 4AQ,,Aldgate,City of London,Greater London,,England,ENG,United Kingdom,gb,0.5103,0.81,0.81,© OpenStreetMap contributors,Open Database License,https://www.openstreetmap.org/copyright
United Kingdom,40 Caxton Way Watford Business Park Watfordhertfordshire WDI 8QZ,898,2,51.643966,-0.428054,"Caxton Way, Watford, WD18 8JA, United Kingdom",,,Caxton Way,WD18 8JA,,Watford Business Park,Watford,Hertfordshire,HRT,England,ENG,United Kingdom,gb,1,1,1,© OpenStreetMap contributors,Open Database License,https://www.openstreetmap.org/copyright
United Kingdom,"40 Clifton St.,London,EC2A 4HB",899,2,51.5218888,-0.0832761,"Calm Indian Cow, 40 Clifton Street, London, EC2A 4DX, United Kingdom",Calm Indian Cow,40,Clifton Street,EC2A 4DX,London Borough of Hackney,Shoreditch,London,Greater London,,England,ENG,United Kingdom,gb,0.63,1,1,© OpenStreetMap contributors,Open Database License,https://www.openstreetmap.org/copyright
United Kingdom,"40 Clifton St.,London,EC2A4HB",900,2,51.5218888,-0.0832761,"Calm Indian Cow, 40 Clifton Street, London, EC2A 4DX, United Kingdom",Calm Indian Cow,40,Clifton Street,EC2A 4DX,London Borough of Hackney,Shoreditch,London,Greater London,,England,ENG,United Kingdom,gb,0.63,1,1,© OpenStreetMap contributors,Open Database License,https://www.openstreetmap.org/copyright
United Kingdom,"40 Dukes Place,London EC3A 7NH",901,2,51.514532,-0.077848,"40 Dukes Place, London, EC3A 7LP, United Kingdom",,40,Dukes Place,EC3A 7LP,City of London,Aldgate,London,London,,England,ENG,United Kingdom,gb,0.63,1,1,© OpenStreetMap contributors,Open Database License,https://www.openstreetmap.org/copyright
United Kingdom,"40 George St.,London W1H 5RE",902,2,51.517817,-0.154132,"40 George Street, London, W1H 5RE, United Kingdom",,40,George Street,W1H 5RE,Westminster,Marylebone,London,London,,England,ENG,United Kingdom,gb,0.9,1,1,© OpenStreetMap contributors,Open Database License,https://www.openstreetmap.org/copyright
United Kingdom,"40 Lime St.,London EC3M 5BS",903,2,51.51253,-0.08189,"City of London, EC3M 5BS, United Kingdom",,,,EC3M 5BS,,,City of London,Greater London,,England,ENG,United Kingdom,gb,0.6,,1,© OpenStreetMap contributors,Open Database License,https://www.openstreetmap.org/copyright
United Kingdom,"40 Manasty Rd.,Orton Southgate,Peterborough PE2 6UP",904,2,52.5401142,-0.3107677,"Manasty Road, Peterborough, PE2 6UP, United Kingdom",Manasty Road,,Manasty Road,PE2 6UP,,Orton Southgate,Peterborough,City of Peterborough,,England,ENG,United Kingdom,gb,0.7,1,1,© OpenStreetMap contributors,Open Database License,https://www.openstreetmap.org/copyright
United Kingdom,"40 Manasty Rd.,Orton Southgate,Peterborough,PE2 0UP",905,2,52.539736,-0.3090849,"Manasty Road, Peterborough, PE2 6TB, United Kingdom",Manasty Road,,Manasty Road,PE2 6TB,,Orton Southgate,Peterborough,City of Peterborough,,England,ENG,United Kingdom,gb,0.63,1,1,© OpenStreetMap contributors,Open Database License,https://www.openstreetmap.org/copyright
United Kingdom,"40 Manasty Rd.,Orton Southgate,Peterborpugh PE2 6UP",906,2,52.539736,-0.3090849,"Manasty Road, Peterborough, PE2 6TB, United Kingdom",Manasty Road,,Manasty Road,PE2 6TB,,Orton Southgate,Peterborough,City of Peterborough,,England,ENG,United Kingdom,gb,0.5,1,1,© OpenStreetMap contributors,Open Database License,https://www.openstreetmap.org/copyright
United Kingdom,"40 Manasty Rd.Orton Southgate,Peterborough,PE2 0UP",907,2,52.539736,-0.3090849,"Manasty Road, Peterborough, PE2 6TB, United Kingdom",Manasty Road,,Manasty Road,PE2 6TB,,Orton Southgate,Peterborough,City of Peterborough,,England,ENG,United Kingdom,gb,0.35721,0.44099999999999995,0.7,© OpenStreetMap contributors,Open Database License,https://www.openstreetmap.org/copyright
United Kingdom,"40 Stockwell St.,Greenwich,London SE10 8EY",908,2,51.47946345,-0.00845637368771767,"40 Stockwell Street, London, SE10 9JN, United Kingdom",,40,Stockwell Street,SE10 9JN,Royal Borough of Greenwich,East Greenwich,London,Greater London,,England,ENG,United Kingdom,gb,0.63,1,1,© OpenStreetMap contributors,Open Database License,https://www.openstreetmap.org/copyright
United Kingdom,"401 Marble Arch Tower,55 Bryanston St.,London W1H 7AA",909,2,51.5140853,-0.1600021,"Bryanston Street, London, W1H 7DN, United Kingdom",Bryanston Street,,Bryanston Street,W1H 7DN,,Marylebone,City of Westminster,Greater London,,England,ENG,United Kingdom,gb,0.5103,0.81,0.81,© OpenStreetMap contributors,Open Database License,https://www.openstreetmap.org/copyright
United Kingdom,40A Jasmine Grove Penge-London SE20 8JP,910,2,51.4114832,-0.0612261,"Jasmine Grove, London, SE20 8JN, United Kingdom",Jasmine Grove,,Jasmine Grove,SE20 8JN,London Borough of Bromley,Anerley,London,Greater London,,England,ENG,United Kingdom,gb,0.44099999999999995,0.7,0.7,© OpenStreetMap contributors,Open Database License,https://www.openstreetmap.org/copyright
United Kingdom,"40A Jasmine Grove Penge,London SE20 8JP",911,2,51.4114832,-0.0612261,"Jasmine Grove, London, SE20 8JN, United Kingdom",Jasmine Grove,,Jasmine Grove,SE20 8JN,London Borough of Bromley,Anerley,London,Greater London,,England,ENG,United Kingdom,gb,0.63,1,1,© OpenStreetMap contributors,Open Database License,https://www.openstreetmap.org/copyright
United Kingdom,"41 Whitehall,London SW1A 2BX",912,2,51.506398149999995,-0.1268336305869786,"41 Whitehall, London, SW1A 2BY, United Kingdom",,41,Whitehall,SW1A 2BY,,Covent Garden,London,Greater London,,England,ENG,United Kingdom,gb,0.63,1,1,© OpenStreetMap contributors,Open Database License,https://www.openstreetmap.org/copyright
United Kingdom,"41-51 Brighton Rd.,Redhill Surrey RH1 6YS",913,2,51.2355486,-0.1706684,"handelsbanken, 41-51 Brighton Road, Reigate and Banstead, RH1 6QS, United Kingdom",handelsbanken,41-51,Brighton Road,RH1 6QS,Reffles Bridge,Earlswood,Reigate and Banstead,Surrey,SRY,England,ENG,United Kingdom,gb,0.63,1,1,© OpenStreetMap contributors,Open Database License,https://www.openstreetmap.org/copyright
United Kingdom,"41-51 Brighton Rd.,Redhill,Surrey RH1 6YS",914,2,51.2355486,-0.1706684,"handelsbanken, 41-51 Brighton Road, Reigate and Banstead, RH1 6QS, United Kingdom",handelsbanken,41-51,Brighton Road,RH1 6QS,Reffles Bridge,Earlswood,Reigate and Banstead,Surrey,SRY,England,ENG,United Kingdom,gb,0.63,1,1,© OpenStreetMap contributors,Open Database License,https://www.openstreetmap.org/copyright
United Kingdom,"41-51 Brighton Rd.,Redhill,Surrey,RH1 6YS",915,2,51.2355486,-0.1706684,"handelsbanken, 41-51 Brighton Road, Reigate and Banstead, RH1 6QS, United Kingdom",handelsbanken,41-51,Brighton Road,RH1 6QS,Reffles Bridge,Earlswood,Reigate and Banstead,Surrey,SRY,England,ENG,United Kingdom,gb,0.63,1,1,© OpenStreetMap contributors,Open Database License,https://www.openstreetmap.org/copyright
United Kingdom,"415 Wharfedale Rd.,Winnersh Triangle,Wokingham,Berkshire,RG41 5RA",916,2,51.4382983,-0.8941948,"Wharfedale Road, Winnersh, RG41 5RD, United Kingdom",Wharfedale Road,,Wharfedale Road,RG41 5RD,,,Winnersh,Borough of Wokingham,,England,ENG,United Kingdom,gb,0.44099999999999995,0.7290000000000001,0.7290000000000001,© OpenStreetMap contributors,Open Database License,https://www.openstreetmap.org/copyright
United Kingdom,"42 Barwell Business Park,Leatherhead Rd.,Chessington,Surrey,KT9 2NY",917,2,51.3455177,-0.3157376,"Leatherhead Road, London, KT9 2NG, United Kingdom",Leatherhead Road,,Leatherhead Road,KT9 2NG,Royal Borough of Kingston upon Thames,,London,Greater London,,England,ENG,United Kingdom,gb,0.44099999999999995,0.7,0.7,© OpenStreetMap contributors,Open Database License,https://www.openstreetmap.org/copyright
United Kingdom,"42-50 Hersham Rd.,Walton on Thames Surrey KT12 1RZ",918,2,51.3745586,-0.4079112,"Walton-on-Thames, KT12 1RZ, United Kingdom",,,,KT12 1RZ,,,Walton-on-Thames,Surrey,SRY,England,ENG,United Kingdom,gb,0.6,,1,© OpenStreetMap contributors,Open Database License,https://www.openstreetmap.org/copyright
United Kingdom,"429 Rainham Rd.South Dagenham,Essex RM10 8RN",919,2,51.5390146,0.1655675,"Rainham Road South, London, RM10 8AQ, United Kingdom",Rainham Road South,,Rainham Road South,RM10 8AQ,London Borough of Barking and Dagenham,Dagenham,London,Greater London,,England,ENG,United Kingdom,gb,0.44099999999999995,1,1,© OpenStreetMap contributors,Open Database License,https://www.openstreetmap.org/copyright
United Kingdom,"43 London Wall,London EC2M 5TF",920,2,51.51709,-0.08838,"City of London, EC2M 5TF, United Kingdom",,,,EC2M 5TF,,,City of London,Greater London,,England,ENG,United Kingdom,gb,0.6,,1,© OpenStreetMap contributors,Open Database License,https://www.openstreetmap.org/copyright
United Kingdom,"43-44 Hoxton Sq.,London",921,2,51.527212,-0.0808,"43-44 Hoxton Square, London, N1 6NN, United Kingdom",,43-44,Hoxton Square,N1 6NN,Hackney,Hoxton,London,London,,England,ENG,United Kingdom,gb,0.9,1,1,© OpenStreetMap contributors,Open Database License,https://www.openstreetmap.org/copyright
United Kingdom,"43-44 Hoxton Sq.,London,N1 6PB",922,2,51.527239949999995,-0.0807829207975681,"43-44 Hoxton Square, London, N1 6NN, United Kingdom",,43-44,Hoxton Square,N1 6NN,London Borough of Hackney,Shoreditch,London,Greater London,,England,ENG,United Kingdom,gb,0.63,1,1,© OpenStreetMap contributors,Open Database License,https://www.openstreetmap.org/copyright
United Kingdom,"436 Cambridge Science Park,Milton Rd.,Cambridge,CB4 0QA",923,2,52.227971249999996,0.14675775538589758,"436 Milton Road, Cambridge, CB4 1ST, United Kingdom",,436,Milton Road,CB4 1ST,,Chesterton,Cambridge,Cambridgeshire,CAM,England,ENG,United Kingdom,gb,0.63,1,1,© OpenStreetMap contributors,Open Database License,https://www.openstreetmap.org/copyright
United Kingdom,"44-62 Gatwick Rd.,Crawley,West Sussex RH10 2XF",924,2,51.127033,-0.1697122,"Gatwick Road, Crawley, RH10 9RG, United Kingdom",Gatwick Road,,Gatwick Road,RH10 9RG,,,Crawley,West Sussex,WSX,England,ENG,United Kingdom,gb,0.63,1,1,© OpenStreetMap contributors,Open Database License,https://www.openstreetmap.org/copyright
United Kingdom,"44-62 Gatwick Rd.,Crawley,West Sussex,RH10 2XF",925,2,51.127033,-0.1697122,"Gatwick Road, Crawley, RH10 9RG, United Kingdom",Gatwick Road,,Gatwick Road,RH10 9RG,,,Crawley,West Sussex,WSX,England,ENG,United Kingdom,gb,0.63,1,1,© OpenStreetMap contributors,Open Database License,https://www.openstreetmap.org/copyright
United Kingdom,"45 High St.,Kings Langley,Hertfordshire,WD4 8AB",926,2,51.7122993,-0.4496664,"High Street, Dacorum, WD4 9HU, United Kingdom",High Street,,High Street,WD4 9HU,,Rectory Farm,Dacorum,Hertfordshire,HRT,England,ENG,United Kingdom,gb,0.63,1,1,© OpenStreetMap contributors,Open Database License,https://www.openstreetmap.org/copyright
United Kingdom,"45 Old Bond St.,London W1X 2AQ",927,2,51.508292,-0.14047,"45 Old Bond Street, London, W1S 4PP, United Kingdom",,45,Old Bond Street,W1S 4PP,Westminster,Mayfair,London,London,,England,ENG,United Kingdom,gb,0.9,1,1,© OpenStreetMap contributors,Open Database License,https://www.openstreetmap.org/copyright
United Kingdom,"45 Old Bond St.,London Wix 2AQ",928,2,51.508292,-0.14047,"45 Old Bond Street, London, W1S 4PP, United Kingdom",,45,Old Bond Street,W1S 4PP,Westminster,Mayfair,London,London,,England,ENG,United Kingdom,gb,0.9,1,1,© OpenStreetMap contributors,Open Database License,https://www.openstreetmap.org/copyright
United Kingdom,"458 Heather Park Dr.,Wembley,Middlesex HA0 1SS",929,2,51.5431208,-0.2819938,"Heather Park Drive, London, HA0 1SP, United Kingdom",Heather Park Drive,,Heather Park Drive,HA0 1SP,London Borough of Brent,Alperton,London,Greater London,,England,ENG,United Kingdom,gb,0.44099999999999995,0.7,0.7,© OpenStreetMap contributors,Open Database License,https://www.openstreetmap.org/copyright
United Kingdom,"458 Heather Park Dr.,Wembley,Middlesex,HA0 1SS,London",930,2,51.5431208,-0.2819938,"Heather Park Drive, London, HA0 1SP, United Kingdom",Heather Park Drive,,Heather Park Drive,HA0 1SP,London Borough of Brent,Alperton,London,Greater London,,England,ENG,United Kingdom,gb,0.44099999999999995,1,1,© OpenStreetMap contributors,Open Database License,https://www.openstreetmap.org/copyright
United Kingdom,"458 Heather Park Dr.,Wembley,Middlesex,London HA0 1SS",931,2,51.5431208,-0.2819938,"Heather Park Drive, London, HA0 1SP, United Kingdom",Heather Park Drive,,Heather Park Drive,HA0 1SP,London Borough of Brent,Alperton,London,Greater London,,England,ENG,United Kingdom,gb,0.63,1,1,© OpenStreetMap contributors,Open Database License,https://www.openstreetmap.org/copyright
United Kingdom,"46-62 Gatwick Rd.,Crawley,West Sussex,RH10 2XF",932,2,51.127033,-0.1697122,"Gatwick Road, Crawley, RH10 9RG, United Kingdom",Gatwick Road,,Gatwick Road,RH10 9RG,,,Crawley,West Sussex,WSX,England,ENG,United Kingdom,gb,0.63,1,1,© OpenStreetMap contributors,Open Database License,https://www.openstreetmap.org/copyright
United Kingdom,"46th Fl.,6th Fl Durrant House,8-13 Chiswell St.,London EC1Y 4TQ",933,2,51.5207356,-0.089821,"Chiswell Street, London, EC1Y 4YY, United Kingdom",Chiswell Street,,Chiswell Street,EC1Y 4YY,London Borough of Islington,Finsbury,London,Greater London,,England,ENG,United Kingdom,gb,0.63,1,1,© OpenStreetMap contributors,Open Database License,https://www.openstreetmap.org/copyright
United Kingdom,"46th Fl.,6th Fl.,Durrant House,8-13 Chiswell St.,London EC1Y 4TQ",934,2,51.5207356,-0.089821,"Chiswell Street, London, EC1Y 4YY, United Kingdom",Chiswell Street,,Chiswell Street,EC1Y 4YY,London Borough of Islington,Finsbury,London,Greater London,,England,ENG,United Kingdom,gb,0.63,1,1,© OpenStreetMap contributors,Open Database License,https://www.openstreetmap.org/copyright
United Kingdom,"47 Church Rd.,Hove,East Sussex,BN3 2BE",935,2,50.8272733,-0.1670696,"47 Church Road, Hove, BN3 2BE, United Kingdom",,47,Church Road,BN3 2BE,,Brunswick,Hove,East Sussex,ESX,England,ENG,United Kingdom,gb,0.9,1,1,,,
United Kingdom,"47 Condvit St.Nl,London",936,2,,,,,,,,,,,,,,,,,,,,,,
United Kingdom,"47 Explanade,St Helier,Jersey",937,2,51.384651,-0.178631,"St. Helier, London, ENG, United Kingdom",St. Helier,,,,Sutton,St. Helier,London,London,,England,ENG,United Kingdom,gb,0,,,Who's On First,CC0,https://www.whosonfirst.org/docs/licenses/
United Kingdom,"470 London Rd.,Slough,Berkshire SL3 8QY",938,2,51.5051538,-0.574031,"London Road, Slough, SL3 7FJ, United Kingdom",London Road,,London Road,SL3 7FJ,,,Slough,,,England,ENG,United Kingdom,gb,0.63,1,1,© OpenStreetMap contributors,Open Database License,https://www.openstreetmap.org/copyright
United Kingdom,"470 London Rd.,Slough,Berkshire,SL3 8QY",939,2,51.5051538,-0.574031,"London Road, Slough, SL3 7FJ, United Kingdom",London Road,,London Road,SL3 7FJ,,,Slough,,,England,ENG,United Kingdom,gb,0.63,1,1,© OpenStreetMap contributors,Open Database License,https://www.openstreetmap.org/copyright
United Kingdom,"48-54 Moorgate,London EC2R 6EL",940,2,51.5167069,-0.0886977,"City of London, EC2R 6EL, United Kingdom",,,,EC2R 6EL,,,City of London,Greater London,,England,ENG,United Kingdom,gb,0.6,,1,© OpenStreetMap contributors,Open Database License,https://www.openstreetmap.org/copyright
United Kingdom,"48-54 Moorgate,London,EC2R 6EL",941,2,51.5167069,-0.0886977,"City of London, EC2R 6EL, United Kingdom",,,,EC2R 6EL,,,City of London,Greater London,,England,ENG,United Kingdom,gb,0.6,,1,© OpenStreetMap contributors,Open Database License,https://www.openstreetmap.org/copyright
United Kingdom,"49 Bow Lane,London EC4M 9DL",942,2,51.5134459,-0.09332416273333369,"Coco di Mama, 49 Bow Lane, City of London, EC4M 9DJ, United Kingdom",Coco di Mama,49,Bow Lane,EC4M 9DJ,City of London,Vintry,City of London,Greater London,,England,ENG,United Kingdom,gb,0.5103000000000001,0.81,0.81,© OpenStreetMap contributors,Open Database License,https://www.openstreetmap.org/copyright
United Kingdom,"4th Ave.,Letchworth,Hertfordshire SG6 2TT",943,2,51.9822972,-0.2065985,"Letchworth, SG6 2TT, United Kingdom",,,,SG6 2TT,,,Letchworth,Hertfordshire,HRT,England,ENG,United Kingdom,gb,0.6,,1,© OpenStreetMap contributors,Open Database License,https://www.openstreetmap.org/copyright
United Kingdom,"4th Ave.,Letchworth,Hertfordshire,SG6 2TT",944,2,51.9822972,-0.2065985,"Letchworth, SG6 2TT, United Kingdom",,,,SG6 2TT,,,Letchworth,Hertfordshire,HRT,England,ENG,United Kingdom,gb,0.6,,1,© OpenStreetMap contributors,Open Database License,https://www.openstreetmap.org/copyright
United Kingdom,"4th Fl.,1 Angel Lane,London EC4R 3AB",945,2,51.5091099,-0.0897444,"The Oyster Shed, 1 Angel Lane, City of London, EC4R 3AB, United Kingdom",The Oyster Shed,1,Angel Lane,EC4R 3AB,,Vintry,City of London,Greater London,,England,ENG,United Kingdom,gb,0.9,1,1,© OpenStreetMap contributors,Open Database License,https://www.openstreetmap.org/copyright
United Kingdom,"4th Fl.,1 Finsbury Sq.,London EC2A 1AE",946,2,51.520644399999995,-0.08750637321987725,"itsu, 1 Finsbury Square, London, EC2A 1AE, United Kingdom",itsu,1,Finsbury Square,EC2A 1AE,London Borough of Islington,Finsbury,London,Greater London,,England,ENG,United Kingdom,gb,0.9,1,1,© OpenStreetMap contributors,Open Database License,https://www.openstreetmap.org/copyright
United Kingdom,"4th Fl.,1 Love Lane,London,EC2V 7JN",947,2,51.51665,-0.09303,"City of London, EC2V 7JN, United Kingdom",,,,EC2V 7JN,,,City of London,Greater London,,England,ENG,United Kingdom,gb,0.6,,1,© OpenStreetMap contributors,Open Database License,https://www.openstreetmap.org/copyright
United Kingdom,"4th Fl.,120 Moorgate,London,EC2M 6SS",948,2,51.5187199,-0.0877584,"Starbucks, 120 Moorgate, City of London, EC2M 6AB, United Kingdom",Starbucks,120,Moorgate,EC2M 6AB,,Barbican,City of London,Greater London,,England,ENG,United Kingdom,gb,0.5103000000000001,0.81,0.81,© OpenStreetMap contributors,Open Database License,https://www.openstreetmap.org/copyright
United Kingdom,"4th Fl.,150 Holborn,London EC1 N2NS",949,2,51.5182025,-0.1111857,"Holborn, London, EC1N 2NS, United Kingdom",Holborn,,Holborn,EC1N 2NS,London Borough of Camden,Holborn,London,Greater London,,England,ENG,United Kingdom,gb,0.7,1,1,© OpenStreetMap contributors,Open Database License,https://www.openstreetmap.org/copyright
United Kingdom,"4th Fl.,155 Bishopsgate,London EC2",950,2,51.5187,-0.0799916,"Maven Securities, 155 Bishopsgate, City of London, EC2M 3TQ, United Kingdom",Maven Securities,155,Bishopsgate,EC2M 3TQ,City of London,Bishopsgate,City of London,Greater London,,England,ENG,United Kingdom,gb,0.5103000000000001,0.81,0.81,© OpenStreetMap contributors,Open Database License,https://www.openstreetmap.org/copyright
United Kingdom,"4th Fl.,155 Bishopsgate,London EC2M 3YX",951,2,51.5187,-0.0799916,"Maven Securities, 155 Bishopsgate, City of London, EC2M 3TQ, United Kingdom",Maven Securities,155,Bishopsgate,EC2M 3TQ,City of London,Bishopsgate,City of London,Greater London,,England,ENG,United Kingdom,gb,0.5103000000000001,0.81,0.81,© OpenStreetMap contributors,Open Database License,https://www.openstreetmap.org/copyright
United Kingdom,"4th Fl.,167-169,Great Portland St.,London W1N 5FD",952,2,51.521818,-0.143632,"167-177 Great Portland Street, London, W1W 5PA, United Kingdom",,167-177,Great Portland Street,W1W 5PA,Westminster,Marylebone,London,London,,England,ENG,United Kingdom,gb,0.81,1,1,© OpenStreetMap contributors,Open Database License,https://www.openstreetmap.org/copyright
United Kingdom,"4th Fl.,167-169,Great Portland St.,London W1W 5PF",953,2,51.52167,-0.14373,"London, W1W 5PF, United Kingdom",,,,W1W 5PF,,,London,Greater London,,England,ENG,United Kingdom,gb,0.6,,1,© OpenStreetMap contributors,Open Database License,https://www.openstreetmap.org/copyright
United Kingdom,"4th Fl.,167-169,Great Portland St.,London,W1N 5FD",954,2,51.521818,-0.143632,"167-177 Great Portland Street, London, W1W 5PA, United Kingdom",,167-177,Great Portland Street,W1W 5PA,Westminster,Marylebone,London,London,,England,ENG,United Kingdom,gb,0.81,1,1,© OpenStreetMap contributors,Open Database License,https://www.openstreetmap.org/copyright