original_countryname,original_AddressAlph,original_address_id,original_group,lat,lon,formatted,name,housenumber,street,district,postcode,suburb,city,county,county_code,state,state_code,country,country_code,confidence,confidence_city_level,confidence_street_level,attribution,attribution_license,attribution_url
United Kingdom,"Unit 12,Wheatcroft Business Park,Landmere Lane,Edwalton,Nottingham NG12 4DG",3338,8,52.9030674,-1.1242598,"Landmere Lane, Rushcliffe, NG12 4DG, United Kingdom",Landmere Lane,,Landmere Lane,,NG12 4DG,Sharp Hill,Rushcliffe,Nottinghamshire,NTT,England,ENG,United Kingdom,gb,0.7,1,1,© OpenStreetMap contributors,Open Database License,https://www.openstreetmap.org/copyright
United Kingdom,"Unit 13,33 River Rd.,Barking,Essex IG 11 0DA",3339,8,51.5248429,0.0957775,"Pro Image Studio, 33 River Road, London, IG11 0DA, United Kingdom",Pro Image Studio,33,River Road,,IG11 0DA,Thames View,London,Greater London,,England,ENG,United Kingdom,gb,0.9,,,© OpenStreetMap contributors,Open Database License,https://www.openstreetmap.org/copyright
United Kingdom,"Unit 13,33 River Rd.,Barking,Essex IG 11 ODA",3340,8,51.5248429,0.0957775,"Pro Image Studio, 33 River Road, London, IG11 0DA, United Kingdom",Pro Image Studio,33,River Road,,IG11 0DA,Thames View,London,Greater London,,England,ENG,United Kingdom,gb,0.9,1,1,© OpenStreetMap contributors,Open Database License,https://www.openstreetmap.org/copyright
United Kingdom,"Unit 13,Elder Way,Waterside Dr.Langley Slough,Berkshire SL3 6EP",3341,8,51.5083411,-0.5471912,"Elder Way, Slough, SL3 6EP, United Kingdom",Elder Way,,Elder Way,,SL3 6EP,,Slough,,,England,ENG,United Kingdom,gb,0.7,1,1,© OpenStreetMap contributors,Open Database License,https://www.openstreetmap.org/copyright
United Kingdom,"Unit 13,Elder Way,Waterside Drive,Langley Slough,Berkshire SL3 6EP",3342,8,51.50868,-0.5474099,"Slough, SL3 6EP, United Kingdom",,,,,SL3 6EP,,Slough,,,England,ENG,United Kingdom,gb,0.6,1,,© OpenStreetMap contributors,Open Database License,https://www.openstreetmap.org/copyright
United Kingdom,"Unit 13,Hillmead Complex,Marshall Rd.,Swindon,Wiltshire SN5 9FZ",3343,8,51.5720625,-1.8309255,"Marshall Road, Swindon, SN5 5FZ, United Kingdom",Marshall Road,,Marshall Road,,SN5 5FZ,West Swindon,,Swindon,SWD,England,ENG,United Kingdom,gb,0.44099999999999995,0.9,0.9,© OpenStreetMap contributors,Open Database License,https://www.openstreetmap.org/copyright
United Kingdom,"Unit 14,Campfield Rd.,Shoeburyness Essex SS3 9BZ",3344,8,51.5289,0.7937,"Southend-on-Sea, SS3 9BZ, United Kingdom",,,,,SS3 9BZ,,Southend-on-Sea,,,England,ENG,United Kingdom,gb,0.6,1,,© OpenStreetMap contributors,Open Database License,https://www.openstreetmap.org/copyright
United Kingdom,"Unit 14,Marina Court,Castle St.,Hull,HU1 1TJ",3345,8,53.7410124,-0.3398177,"Castle Street, Hull, HU1 2DA, United Kingdom",Castle Street,,Castle Street,,HU1 2DA,Old Town,Hull,Kingston upon Hull,KHL,England,ENG,United Kingdom,gb,0.63,1,1,© OpenStreetMap contributors,Open Database License,https://www.openstreetmap.org/copyright
United Kingdom,"Unit 14,Marina Court,Castle St.Hull,HU1 1TJ",3346,8,53.74039,-0.33629,"Kingston upon Hull, HU1 1TJ, United Kingdom",,,,,HU1 1TJ,,,Kingston upon Hull,KHL,England,ENG,United Kingdom,gb,0.6,1,,© OpenStreetMap contributors,Open Database License,https://www.openstreetmap.org/copyright
United Kingdom,"Unit 14,Poyle,14 Newlands Dr.,Colnbrook,Slough Berkshire SL3 0DX",3347,8,51.515927,-0.611922,"Slough, SL3 0DX, United Kingdom",,,,,SL3 0DX,,Slough,West Berkshire,WBK,England,ENG,United Kingdom,gb,0.25,1,,Who's On First,CC0,https://www.whosonfirst.org/docs/licenses/
United Kingdom,"Unit 14,Yaohan Plaza 399 Edgware Rd.,London NW9 0JJ",3348,8,51.523110900000006,-0.17489979999999322,"Melissa Food Centre, 399 Edgware Road, London, W2 1BT, United Kingdom",Melissa Food Centre,399,Edgware Road,,W2 1BT,Paddington,London,Greater London,,England,ENG,United Kingdom,gb,0.9,1,1,© OpenStreetMap contributors,Open Database License,https://www.openstreetmap.org/copyright
United Kingdom,"Unit 14,Yaohan Plaza 899 Edgware Rd.,London NW9 0JJ",3349,8,51.5881088,-0.2521239,"Edgware Road, London, NW9 6NB, United Kingdom",Edgware Road,,Edgware Road,London Borough of Brent,NW9 6NB,,London,Greater London,,England,ENG,United Kingdom,gb,0.63,1,1,© OpenStreetMap contributors,Open Database License,https://www.openstreetmap.org/copyright
United Kingdom,"Unit 14.Campfield Rd.,Shoeburyness Essex SS3 9BZ",3350,8,51.5289,0.7937,"Southend-on-Sea, SS3 9BZ, United Kingdom",,,,,SS3 9BZ,,Southend-on-Sea,,,England,ENG,United Kingdom,gb,0.6,1,,© OpenStreetMap contributors,Open Database License,https://www.openstreetmap.org/copyright
United Kingdom,Unit 15 Wansbeck Business Park Rotary Parkway Ashington Northumberland NE63 8QW,3351,8,55.185872,-1.581968,"Wansbeck Business Park, Ashington, NE63 8QW, United Kingdom",,,Wansbeck Business Park,Ashington Civil Parish,NE63 8QW,,Ashington,Northumberland,NBL,England,ENG,United Kingdom,gb,0.81,1,0.81,© OpenStreetMap contributors,Open Database License,https://www.openstreetmap.org/copyright
United Kingdom,"Unit 15-16,Aston Fields Ind.Estate,Aston Rd.,Bromsgrove,Worcestershire,B60 3EX",3352,8,52.3170906,-2.0602815,"Aston Road, Bromsgrove, B60 3EX, United Kingdom",Aston Road,,Aston Road,,B60 3EX,Aston Fields Trading Estate,Bromsgrove,Worcestershire,WOR,England,ENG,United Kingdom,gb,0.7,1,1,© OpenStreetMap contributors,Open Database License,https://www.openstreetmap.org/copyright
United Kingdom,"Unit 150,Centennial Park,Centennial Ave.,Elstree,Herts WD6 3SG",3353,8,51.6391556,-0.3061715,"Centennial Avenue, Hertsmere, WD6 3SZ, United Kingdom",Centennial Avenue,,Centennial Avenue,,WD6 3SZ,Elstree and Borehamwood,Hertsmere,Hertfordshire,HRT,England,ENG,United Kingdom,gb,0.44099999999999995,1,1,© OpenStreetMap contributors,Open Database License,https://www.openstreetmap.org/copyright
United Kingdom,"Unit 150,Centennial Park,Centennial Ave.,Elstree,Herts,WD6 3SG",3354,8,51.6391556,-0.3061715,"Centennial Avenue, Hertsmere, WD6 3SZ, United Kingdom",Centennial Avenue,,Centennial Avenue,,WD6 3SZ,Elstree and Borehamwood,Hertsmere,Hertfordshire,HRT,England,ENG,United Kingdom,gb,0.44099999999999995,1,1,© OpenStreetMap contributors,Open Database License,https://www.openstreetmap.org/copyright
United Kingdom,"Unit 16,Silver Birehes Business Park,Aston Rd.,Bromsgrove,B60 3 EU",3355,8,52.960809,-1.162432,"4 b, Nottingham, NG7 4DR, United Kingdom",,4,b,,NG7 4DR,,Nottingham,Nottinghamshire,NTT,England,ENG,United Kingdom,gb,0,,,© OpenStreetMap contributors,Open Database License,https://www.openstreetmap.org/copyright
United Kingdom,"Unit 16,Silver Birehes Business Park,Aston Rd.,Bronsgrove,B60 3 EU",3356,8,52.663642,-1.580326,United Kingdom,United Kingdom,,,,,,,,,,,United Kingdom,gb,0,,,Who's On First,CC0,https://www.whosonfirst.org/docs/licenses/
United Kingdom,"Unit 17,Aston Fields Ind.Estate,Aston Rd.,Bromsgrove,Worcestershire,B60 3EX",3357,8,52.3170906,-2.0602815,"Aston Road, Bromsgrove, B60 3EX, United Kingdom",Aston Road,,Aston Road,,B60 3EX,Aston Fields Trading Estate,Bromsgrove,Worcestershire,WOR,England,ENG,United Kingdom,gb,0.7,1,1,© OpenStreetMap contributors,Open Database License,https://www.openstreetmap.org/copyright
United Kingdom,"Unit 17,Basingstoke Enterprise Centre,Westham Lane,Worting Rd.,Basingstoke,Hampshire,RG22 6NQ",3358,8,51.2637656,-1.1185727,"Worting Road, Basingstoke and Deane, RG22 6PJ, United Kingdom",Worting Road,,Worting Road,West Ham,RG22 6PJ,South Ham,Basingstoke and Deane,Hampshire,HAM,England,ENG,United Kingdom,gb,0.63,1,1,© OpenStreetMap contributors,Open Database License,https://www.openstreetmap.org/copyright
United Kingdom,"Unit 17,Western Center,Western Road,Bracknell,Berks RG12 1RW",3359,8,51.4167128,-0.7686044,"Western Road, Bracknell, RG12 1RW, United Kingdom",Western Road,,Western Road,,RG12 1RW,Western Industrial Area,Bracknell,Bracknell Forest,BRC,England,ENG,United Kingdom,gb,0.7,1,1,© OpenStreetMap contributors,Open Database License,https://www.openstreetmap.org/copyright
United Kingdom,"Unit 18 Hortonwood 33 Telford Shropshire,TFI 4EX",3360,8,52.7170989,-2.4626443,"Hortonwood 33, Telford and Wrekin, TF1 7GX, United Kingdom",Hortonwood 33,,Hortonwood 33,,TF1 7GX,Trench,,Telford and Wrekin,TFW,England,ENG,United Kingdom,gb,0.045,0.7290000000000001,0.7290000000000001,© OpenStreetMap contributors,Open Database License,https://www.openstreetmap.org/copyright
United Kingdom,"Unit 18 Hortonwood 33,Telford,Shropshire TF1 4EX",3361,8,52.7170989,-2.4626443,"Hortonwood 33, Telford and Wrekin, TF1 7GX, United Kingdom",Hortonwood 33,,Hortonwood 33,,TF1 7GX,Trench,,Telford and Wrekin,TFW,England,ENG,United Kingdom,gb,0.44099999999999995,0.7290000000000001,0.7290000000000001,© OpenStreetMap contributors,Open Database License,https://www.openstreetmap.org/copyright
United Kingdom,"Unit 18 Hortonwood 33,Telford,Shropshire,TF1 4EX",3362,8,52.7170989,-2.4626443,"Hortonwood 33, Telford and Wrekin, TF1 7GX, United Kingdom",Hortonwood 33,,Hortonwood 33,,TF1 7GX,Trench,,Telford and Wrekin,TFW,England,ENG,United Kingdom,gb,0.44099999999999995,0.7290000000000001,0.7290000000000001,© OpenStreetMap contributors,Open Database License,https://www.openstreetmap.org/copyright
United Kingdom,"Unit 18 Hortonwood 33,Telford,Shropshire,TF1 7YS",3363,8,52.7170989,-2.4626443,"Hortonwood 33, Telford and Wrekin, TF1 7GX, United Kingdom",Hortonwood 33,,Hortonwood 33,,TF1 7GX,Trench,,Telford and Wrekin,TFW,England,ENG,United Kingdom,gb,0.44099999999999995,0.7290000000000001,0.7290000000000001,© OpenStreetMap contributors,Open Database License,https://www.openstreetmap.org/copyright
United Kingdom,"Unit 18,St.Asaph Business Park St.Asaph,Denbighshire LL17 0JB",3364,8,53.256311350000004,-3.477005086963756,"St Asaph Business Park, St Asaph, LL17 0JB, United Kingdom",St Asaph Business Park,,,,LL17 0JB,Bodelwyddan,St Asaph,Denbighshire,DEN,Wales,WLS,United Kingdom,gb,1,1,,© OpenStreetMap contributors,Open Database License,https://www.openstreetmap.org/copyright
United Kingdom,"Unit 18A,Oriental City 399 Edgware Rd.,London NW9 0JJ",3365,8,51.523110900000006,-0.17489979999999322,"Melissa Food Centre, 399 Edgware Road, London, W2 1BT, United Kingdom",Melissa Food Centre,399,Edgware Road,,W2 1BT,Paddington,London,Greater London,,England,ENG,United Kingdom,gb,0.9,1,1,© OpenStreetMap contributors,Open Database License,https://www.openstreetmap.org/copyright
United Kingdom,"Unit 19 & 20,The Courtyards,Hatters Lane,Watford,Hertfordshire,WD18 8TE",3366,8,51.6477493,-0.4271738,"Hatters Lane, Watford, WD18 8YZ, United Kingdom",Hatters Lane,,Hatters Lane,,WD18 8YZ,Croxley Park,Watford,Hertfordshire,HRT,England,ENG,United Kingdom,gb,0.63,1,1,© OpenStreetMap contributors,Open Database License,https://www.openstreetmap.org/copyright
United Kingdom,"Unit 19,49 Atalanta St.,London SW6 6TU",3367,8,51.478223,-0.2169732,"Atalanta Street, London, SW6 6TU, United Kingdom",Atalanta Street,,Atalanta Street,London Borough of Hammersmith and Fulham,SW6 6TU,West Kensington,London,Greater London,,England,ENG,United Kingdom,gb,0.7,1,1,© OpenStreetMap contributors,Open Database License,https://www.openstreetmap.org/copyright
United Kingdom,"Unit 19,49 Atolanta St.,London SW6 6TU",3368,8,51.472651,-0.169237,"49 Bullen Street, London, SW6 6TU, United Kingdom",,49,Bullen Street,Wandsworth,SW6 6TU,Battersea,London,London,,England,ENG,United Kingdom,gb,0.225,1,0.25,© OpenStreetMap contributors,Open Database License,https://www.openstreetmap.org/copyright
United Kingdom,"Unit 19,Bow Ind.Park,Carpenters Rd.,London E15 2DZ",3369,8,51.5428743,-0.0204137,"Carpenters Road, London, E15 2HG, United Kingdom",Carpenters Road,,Carpenters Road,London Borough of Tower Hamlets,E15 2HG,Bow,London,Greater London,,England,ENG,United Kingdom,gb,0.63,1,1,© OpenStreetMap contributors,Open Database License,https://www.openstreetmap.org/copyright
United Kingdom,"Unit 19,Bow Ind.Park,Carpenters Rd.,London,E15 2DZ",3370,8,51.5428743,-0.0204137,"Carpenters Road, London, E15 2HG, United Kingdom",Carpenters Road,,Carpenters Road,London Borough of Tower Hamlets,E15 2HG,Bow,London,Greater London,,England,ENG,United Kingdom,gb,0.63,1,1,© OpenStreetMap contributors,Open Database License,https://www.openstreetmap.org/copyright
United Kingdom,"Unit 19,Darwell Park Mica Close Amington Industrial Est.Nr.Tamworth,Staffs",3371,8,,,,,,,,,,,,,,,,,,,,,,
United Kingdom,"Unit 1A,Mill Court,Featherstone Rd.,Wolverton Mill South,Milton Keynes MK12 5RD",3372,8,52.0565289,-0.8319198,"Featherstone Road, Milton Keynes, MK12 6LB, United Kingdom",Featherstone Road,,Featherstone Road,,MK12 6LB,Wolverton Mill,Milton Keynes,City of Milton Keynes,,England,ENG,United Kingdom,gb,0.63,1,1,© OpenStreetMap contributors,Open Database License,https://www.openstreetmap.org/copyright
United Kingdom,"Unit 1A,Sills Rd.,Willow Farm Business Park,Castle Donington,Derbyshire,DE74 2US",3373,8,52.8411689,-1.3409476,"Castle Donington (North West Leicestershire), ENG, United Kingdom",,,,,,,North West Leicestershire,Leicestershire,LEC,England,ENG,United Kingdom,gb,0.25,1,,© OpenStreetMap contributors,Open Database License,https://www.openstreetmap.org/copyright
United Kingdom,"Unit 2 Industrial Estate,Leigh Cloze,New Malden,Surrey KT3 3NL",3374,8,51.400534,-0.248569,"New Malden, London, KT3 3NL, United Kingdom",New Malden,,,Kingston upon Thames,KT3 3NL,New Malden,London,London,,England,ENG,United Kingdom,gb,0.25,1,,Who's On First,CC0,https://www.whosonfirst.org/docs/licenses/
United Kingdom,"Unit 2 Knaves Beech Industrial Estate Loudwater High Wycombe,Bucks HP10 9QY",3375,8,51.63037,-0.755154,"High Wycombe, ENG, United Kingdom",,,,,,,High Wycombe,Buckinghamshire,BKM,England,ENG,United Kingdom,gb,0.225,0.9,,Who's On First,CC0,https://www.whosonfirst.org/docs/licenses/
United Kingdom,"Unit 2 Knaves Beech,Industrial Estate,Loudwater High Wycombe,Bucks HP10 9QY",3376,8,53.134344,-1.381322,"Stonebroom Industrial Estate, Shirland and Higham, United Kingdom",,,Stonebroom Industrial Estate,Shirland and Higham,,,Shirland and Higham,Derbyshire,DBY,England,ENG,United Kingdom,gb,0.10588235294117647,0.23529411764705882,0.21176470588235294,© OpenStreetMap contributors,Open Database License,https://www.openstreetmap.org/copyright
United Kingdom,"Unit 2,Albany Park Estate,Frimley Rd.,Camberley,Surrey,GU15 2PL",3377,8,51.3213031,-0.752547,"Frimley Road, Surrey Heath, GU15 2PJ, United Kingdom",Frimley Road,,Frimley Road,,GU15 2PJ,,Surrey Heath,Surrey,SRY,England,ENG,United Kingdom,gb,0.63,1,1,© OpenStreetMap contributors,Open Database License,https://www.openstreetmap.org/copyright
United Kingdom,"Unit 2,Beechwood Chineham Business Park,Basingstoke Hampshire,RG24 8WA",3378,8,51.29354,-1.06497,"Basingstoke (Basingstoke and Deane), RG24 8WA, United Kingdom",,,,,RG24 8WA,,Basingstoke and Deane,Hampshire,HAM,England,ENG,United Kingdom,gb,0.6,1,,© OpenStreetMap contributors,Open Database License,https://www.openstreetmap.org/copyright
United Kingdom,"Unit 2,Beechwood Chineham Business Park,Basingstoke,Hampshire,RG24 8WA",3379,8,51.29354,-1.06497,"Basingstoke (Basingstoke and Deane), RG24 8WA, United Kingdom",,,,,RG24 8WA,,Basingstoke and Deane,Hampshire,HAM,England,ENG,United Kingdom,gb,0.6,1,,© OpenStreetMap contributors,Open Database License,https://www.openstreetmap.org/copyright
United Kingdom,"Unit 2,Blackthorne Crescent,Blackthorne Rd.,Colnbrook,Slough,Berkshire,SL3 0QP",3380,8,51.473136,-0.5146778,"Blackthorne Road, Slough, SL3 0AP, United Kingdom",Blackthorne Road,,Blackthorne Road,,SL3 0AP,Colnbrook with Poyle,Slough,,,England,ENG,United Kingdom,gb,0.63,1,1,© OpenStreetMap contributors,Open Database License,https://www.openstreetmap.org/copyright
United Kingdom,"Unit 2,Cedar Trade Park,Cobham Rd.,Ferndown Ind.Estate,Wimborne Dorset,BH21 75B",3381,8,50.803382,-1.979153,"Wimborne Minster (Wimborne Minster), ENG, United Kingdom",,,,Wimborne Minster,,,Wimborne Minster,Dorset,DOR,England,ENG,United Kingdom,gb,0.225,0.9,,Who's On First,CC0,https://www.whosonfirst.org/docs/licenses/
United Kingdom,"Unit 2,Cedar Trade Park,Cobham Rd.,Ferndown Ind.Estate,Wimborne,BH21 7SD",3382,8,50.803382,-1.979153,"Wimborne Minster (Wimborne Minster), BH21 7SD, United Kingdom",,,,Wimborne Minster,BH21 7SD,,Wimborne Minster,Dorset,DOR,England,ENG,United Kingdom,gb,0.225,0.9,,Who's On First,CC0,https://www.whosonfirst.org/docs/licenses/
United Kingdom,"Unit 2,Chartridge Development Eskdale Rd.,Uxbridge,Middlesex,UB8 2RT",3383,8,51.542143,-0.479459,"Uxbridge, London, UB8 2RT, United Kingdom",Uxbridge,,,Hillingdon,UB8 2RT,Uxbridge,London,London,,England,ENG,United Kingdom,gb,0.25,1,,Who's On First,CC0,https://www.whosonfirst.org/docs/licenses/
United Kingdom,"Unit 2,Chartridge Development,Eskdale Rd.,Uxbridge,Middlesex,UB8 2RT",3384,8,51.542143,-0.479459,"Uxbridge, London, UB8 2RT, United Kingdom",Uxbridge,,,Hillingdon,UB8 2RT,Uxbridge,London,London,,England,ENG,United Kingdom,gb,0.25,1,,Who's On First,CC0,https://www.whosonfirst.org/docs/licenses/
United Kingdom,"Unit 2,Horton Ind.Park Horton Rd.,West Drayton Middlesex UB7 8JD",3385,8,51.5111914,-0.466699,"Horton Road, London, UB7 8HR, United Kingdom",Horton Road,,Horton Road,London Borough of Hillingdon,UB7 8HR,Yiewsley,London,Greater London,,England,ENG,United Kingdom,gb,0.44099999999999995,0.7,0.7,© OpenStreetMap contributors,Open Database License,https://www.openstreetmap.org/copyright
United Kingdom,"Unit 2,Horton Ind.Park Horton Rd.,West Prayton Middlesex UB7 8JD",3386,8,51.50572125,-0.4701465966840199,"West Drayton Library, Station Road, London, UB7 7LT, United Kingdom",West Drayton Library,,Station Road,London Borough of Hillingdon,UB7 7LT,West Drayton,London,Greater London,,England,ENG,United Kingdom,gb,0.10804499999999996,0.7,0.3086999999999999,© OpenStreetMap contributors,Open Database License,https://www.openstreetmap.org/copyright
United Kingdom,"Unit 2,Horton Ind.Park,Horton Rd.,West Drayton,Middlesex,UB7 8JD",3387,8,51.5111914,-0.466699,"Horton Road, London, UB7 8HR, United Kingdom",Horton Road,,Horton Road,London Borough of Hillingdon,UB7 8HR,Yiewsley,London,Greater London,,England,ENG,United Kingdom,gb,0.44099999999999995,0.7,0.7,© OpenStreetMap contributors,Open Database License,https://www.openstreetmap.org/copyright
United Kingdom,"Unit 2,Industrial Estate,Leigh Close,New-Malden,Surrey KT3 3NL",3388,8,51.4020288,-0.2675967,"Simply Storage LTD, Leigh Close, London, KT3 3NW, United Kingdom",Simply Storage LTD,,Leigh Close,Royal Borough of Kingston upon Thames,KT3 3NW,New Malden,London,Greater London,,England,ENG,United Kingdom,gb,0.24499999999999997,1,1,© OpenStreetMap contributors,Open Database License,https://www.openstreetmap.org/copyright
United Kingdom,"Unit 2,M2 Business Park,Duncrue St.,Belfast,Northern Ireland BT3 9AQ",3389,8,54.6188757,-5.915547,"Duncrue Street, Belfast, BT3 9AR, United Kingdom",Duncrue Street,,Duncrue Street,,BT3 9AR,Tiger's Bay,Belfast,County Antrim,,Northern Ireland,NIR,United Kingdom,gb,0.63,1,1,© OpenStreetMap contributors,Open Database License,https://www.openstreetmap.org/copyright
United Kingdom,"Unit 2,Mars House,Calleva Park,Aldermaston,Berks,RG7 4QW",3390,8,51.422265,-0.960282,"2-9 Durham Sheltered Unit, Reading, RG2 8NR, United Kingdom",,2-9,Durham Sheltered Unit,,RG2 8NR,Whitley Wood,Reading,West Berkshire,WBK,England,ENG,United Kingdom,gb,0,,,© OpenStreetMap contributors,Open Database License,https://www.openstreetmap.org/copyright
United Kingdom,"UNIT 2,Mars House,Calleva Park,Aldermaston,Berks,RG7 4QW",3391,8,51.422265,-0.960282,"2-9 Durham Sheltered Unit, Reading, RG2 8NR, United Kingdom",,2-9,Durham Sheltered Unit,,RG2 8NR,Whitley Wood,Reading,West Berkshire,WBK,England,ENG,United Kingdom,gb,0,,,© OpenStreetMap contributors,Open Database License,https://www.openstreetmap.org/copyright
United Kingdom,"Unit 2,Mercury Centre,Central Way,Feltham,Middlesex TW14 0RN",3392,8,51.4602976,-0.410945,"Way, London, TW14 0RN, United Kingdom",,,Central Way,London Borough of Hounslow,TW14 0RN,Hounslow West,London,Greater London,,England,ENG,United Kingdom,gb,0.7,1,1,© OpenStreetMap contributors,Open Database License,https://www.openstreetmap.org/copyright
United Kingdom,"Unit 2,Mercury Centre,Central Way,Feltham,Middlesex TW14 ORN",3393,8,51.4602976,-0.410945,"Way, London, TW14 0RN, United Kingdom",,,Central Way,London Borough of Hounslow,TW14 0RN,Hounslow West,London,Greater London,,England,ENG,United Kingdom,gb,0.44099999999999995,0.7,0.7,© OpenStreetMap contributors,Open Database License,https://www.openstreetmap.org/copyright
United Kingdom,"Unit 2,Mercury Centre,Central Way,Feltham,Middlesex,TW14 0RN",3394,8,51.4602976,-0.410945,"Way, London, TW14 0RN, United Kingdom",,,Central Way,London Borough of Hounslow,TW14 0RN,Hounslow West,London,Greater London,,England,ENG,United Kingdom,gb,0.7,1,1,© OpenStreetMap contributors,Open Database License,https://www.openstreetmap.org/copyright
United Kingdom,"Unit 2,Parc Hendre,Capel Hendre Ind.Estate,Ammanford,Carmarthenshire,Wales,SA18 3BL",3395,8,51.78989105,-3.9931585975087494,"Ammanford, Carmarthenshire, WLS, United Kingdom",,,,,,Ammanford,,Carmarthenshire,CMN,Wales,WLS,United Kingdom,gb,0.25,1,,© OpenStreetMap contributors,Open Database License,https://www.openstreetmap.org/copyright
United Kingdom,"Unit 2,Parc Hendre,Capel Hendre Ind.Estate,Ammanford,Carmarthenshire,Wales,SA18 3SJ",3396,8,51.78989105,-3.9931585975087494,"Ammanford, Carmarthenshire, WLS, United Kingdom",,,,,,Ammanford,,Carmarthenshire,CMN,Wales,WLS,United Kingdom,gb,0.25,1,,© OpenStreetMap contributors,Open Database License,https://www.openstreetmap.org/copyright
United Kingdom,"Unit 2,Poyle 14,Newlands Dr.,Colnbrook,Slough Berkshire SL3 0DX",3397,8,51.471228,-0.517699,"Poyle Road, Slough, SL3 0BN, United Kingdom",Poyle Road,,Poyle Road,,SL3 0BN,Colnbrook with Poyle,Slough,,,England,ENG,United Kingdom,gb,0.63,1,1,© OpenStreetMap contributors,Open Database License,https://www.openstreetmap.org/copyright
United Kingdom,"Unit 2,Poyle 14,Newlands Dr.,Colnbrook,Slough Berkshire,SL3 0DX",3398,8,51.471228,-0.517699,"Poyle Road, Slough, SL3 0BN, United Kingdom",Poyle Road,,Poyle Road,,SL3 0BN,Colnbrook with Poyle,Slough,,,England,ENG,United Kingdom,gb,0.63,1,1,© OpenStreetMap contributors,Open Database License,https://www.openstreetmap.org/copyright
United Kingdom,"Unit 2,Poyle 14,Newlands Drive,Colnbrook,Slough Berkshire SL3 0DX",3399,8,51.471228,-0.517699,"Poyle Road, Slough, SL3 0BN, United Kingdom",Poyle Road,,Poyle Road,,SL3 0BN,Colnbrook with Poyle,Slough,,,England,ENG,United Kingdom,gb,0.63,1,1,© OpenStreetMap contributors,Open Database License,https://www.openstreetmap.org/copyright
United Kingdom,"Unit 2,Rokeby Court,Manor Park,Runcorn,Cheshire WA7 1RW",3400,8,53.3509608,-2.6628782,"Rokeby Court, Runcorn, WA7 1RW, United Kingdom",Rokeby Court,,Rokeby Court,,WA7 1RW,Manor Park,Runcorn,Halton,HAL,England,ENG,United Kingdom,gb,0.7,1,1,© OpenStreetMap contributors,Open Database License,https://www.openstreetmap.org/copyright
United Kingdom,"Unit 2,Rokeby Court,Manor Park,Runcorn,Cheshire,WA7 1RW",3401,8,53.3509608,-2.6628782,"Rokeby Court, Runcorn, WA7 1RW, United Kingdom",Rokeby Court,,Rokeby Court,,WA7 1RW,Manor Park,Runcorn,Halton,HAL,England,ENG,United Kingdom,gb,0.7,1,1,© OpenStreetMap contributors,Open Database License,https://www.openstreetmap.org/copyright
United Kingdom,Unit 205H Stafford House 8 Brakey Rd.Weldon North Ind.Estate Corby Northants NN17 1LU,3402,8,,,,,,,,,,,,,,,,,,,,,,
United Kingdom,"Unit 209A,The Spirella Bldg.,Bridge Rd.,Letchworth Garden City,Hertfordshire,SG6 4ET",3403,8,51.9803551,-0.232442,"Letchworth, SG6 4ET, United Kingdom",,,,,SG6 4ET,,Letchworth,Hertfordshire,HRT,England,ENG,United Kingdom,gb,0.6,1,,© OpenStreetMap contributors,Open Database License,https://www.openstreetmap.org/copyright
United Kingdom,"Unit 209a,The Spirella Bldg.Bridge Rd.,Letchworth Garden City Hertfordshire,SG6 4ET",3404,8,51.980355149999994,-0.2324420686988746,"The Spirella Building, Bridge Road, Letchworth, SG6 4ET, United Kingdom",The Spirella Building,,Bridge Road,Westbury Estate,SG6 4ET,,Letchworth,Hertfordshire,HRT,England,ENG,United Kingdom,gb,0.17860499999999999,1,0.35720999999999997,© OpenStreetMap contributors,Open Database License,https://www.openstreetmap.org/copyright
United Kingdom,"Unit 21,Empire Center,Imperial Way,Watford Herts,WD2 4YH",3405,8,51.6689162,-0.3924919,"Imperial Way, Watford, WD24 4JP, United Kingdom",Imperial Way,,Imperial Way,,WD24 4JP,Imperial Way/Colonial Way Industrial Area,Watford,Hertfordshire,HRT,England,ENG,United Kingdom,gb,0.125,1,1,© OpenStreetMap contributors,Open Database License,https://www.openstreetmap.org/copyright
United Kingdom,"Unit 21,Empire Centre,Imperial Way,Watford Hertfordshire,WD24 4TS",3406,8,51.6689162,-0.3924919,"Imperial Way, Watford, WD24 4JP, United Kingdom",Imperial Way,,Imperial Way,,WD24 4JP,Imperial Way/Colonial Way Industrial Area,Watford,Hertfordshire,HRT,England,ENG,United Kingdom,gb,0.63,1,1,© OpenStreetMap contributors,Open Database License,https://www.openstreetmap.org/copyright
United Kingdom,"Unit 21,Empire Centre,Imperial Way,Watford Herts,WD2 4TS",3407,8,51.6689162,-0.3924919,"Imperial Way, Watford, WD24 4JP, United Kingdom",Imperial Way,,Imperial Way,,WD24 4JP,Imperial Way/Colonial Way Industrial Area,Watford,Hertfordshire,HRT,England,ENG,United Kingdom,gb,0.125,1,1,© OpenStreetMap contributors,Open Database License,https://www.openstreetmap.org/copyright
United Kingdom,"Unit 21,Empire Centre,Imperial Way,Watford Herts,WD2 4YH",3408,8,51.6689162,-0.3924919,"Imperial Way, Watford, WD24 4JP, United Kingdom",Imperial Way,,Imperial Way,,WD24 4JP,Imperial Way/Colonial Way Industrial Area,Watford,Hertfordshire,HRT,England,ENG,United Kingdom,gb,0.125,1,1,© OpenStreetMap contributors,Open Database License,https://www.openstreetmap.org/copyright
United Kingdom,"Unit 21A,Bailey Dr.,Gillingham Business Park,Gillingham,Kent ME8 0PZ",3409,8,51.364065,0.572343,"Bailey Drive, Gillingham, ME8 0WG, United Kingdom",,,Bailey Drive,,ME8 0WG,Rainham Mark,Gillingham,Kent,KEN,England,ENG,United Kingdom,gb,0.63,1,1,© OpenStreetMap contributors,Open Database License,https://www.openstreetmap.org/copyright
United Kingdom,"Unit 21A,Bailey Dr.,Gillingham Business Park,Gillingham,Kent ME8 OPH",3410,8,51.364065,0.572343,"Bailey Drive, Gillingham, ME8 0WG, United Kingdom",,,Bailey Drive,,ME8 0WG,Rainham Mark,Gillingham,Kent,KEN,England,ENG,United Kingdom,gb,0.63,1,1,© OpenStreetMap contributors,Open Database License,https://www.openstreetmap.org/copyright
United Kingdom,"Unit 21A,Bailey Drive,Gillingham Business Park,Gillingham,Kent ME8 OQH",3411,8,51.364065,0.572343,"Bailey Drive, Gillingham, ME8 0WG, United Kingdom",,,Bailey Drive,,ME8 0WG,Rainham Mark,Gillingham,Kent,KEN,England,ENG,United Kingdom,gb,0.63,1,1,© OpenStreetMap contributors,Open Database License,https://www.openstreetmap.org/copyright
United Kingdom,"Unit 22,Rassau Ind.Estate,Ebbw Vale,Gwent NP3 5SD",3412,8,51.422615,-0.959732,"1 Durham Sheltered Unit, Reading, RG2 8NR, United Kingdom",,1,Durham Sheltered Unit,,RG2 8NR,Whitley Wood,Reading,West Berkshire,WBK,England,ENG,United Kingdom,gb,0,,,© OpenStreetMap contributors,Open Database License,https://www.openstreetmap.org/copyright
United Kingdom,"Unit 22,Rassau Industrial Estate,Ebbw Vale,Gwent NP3 5SD",3413,8,51.77714,-3.20792,"Ebbw Vale South Community (Ebbw Vale), WLS, United Kingdom",,,,Ebbw Vale South Community,,,Ebbw Vale,Monmouthshire,MON,Wales,WLS,United Kingdom,gb,0.225,0.9,,GeoNames,CC BY 4.0,https://www.geonames.org/datasources/
United Kingdom,"Unit 22/1,Building 521 Heathrow Airport-London,Hounslow,Middlesex.Twb 1AG,",3414,8,51.512022,-0.219156,"Unit 1 Gallery & Workshop, 1 Bard road, London, W10 6TP, United Kingdom",Unit 1 Gallery & Workshop,1,Bard road,Kensington and Chelsea,W10 6TP,Notting Hill,London,London,,England,ENG,United Kingdom,gb,0,,,© OpenStreetMap contributors,Open Database License,https://www.openstreetmap.org/copyright
United Kingdom,"Unit 220 Centennial Park,Centennial Ave.,Elstree Hill South,Elstree,Hertfordshire WD6 3SL",3415,8,51.6397525,-0.3085451,"Centennial Avenue, Hertsmere, WD6 3SL, United Kingdom",Centennial Avenue,,Centennial Avenue,,WD6 3SL,Elstree and Borehamwood,Hertsmere,Hertfordshire,HRT,England,ENG,United Kingdom,gb,0.7,1,1,© OpenStreetMap contributors,Open Database License,https://www.openstreetmap.org/copyright
United Kingdom,"Unit 220 Centennial Park,Centennial Ave.,Elstree Hill South,Elstree,Hertfordshire,WD6 3SL",3416,8,51.6397525,-0.3085451,"Centennial Avenue, Hertsmere, WD6 3SL, United Kingdom",Centennial Avenue,,Centennial Avenue,,WD6 3SL,Elstree and Borehamwood,Hertsmere,Hertfordshire,HRT,England,ENG,United Kingdom,gb,0.7,1,1,© OpenStreetMap contributors,Open Database License,https://www.openstreetmap.org/copyright
United Kingdom,"Unit 220,Centennial Park,Centennial Ave.,Elstree Hill South,Elstree,Hertfordshire,WD6 3SL",3417,8,51.6397525,-0.3085451,"Centennial Avenue, Hertsmere, WD6 3SL, United Kingdom",Centennial Avenue,,Centennial Avenue,,WD6 3SL,Elstree and Borehamwood,Hertsmere,Hertfordshire,HRT,England,ENG,United Kingdom,gb,0.7,1,1,© OpenStreetMap contributors,Open Database License,https://www.openstreetmap.org/copyright
United Kingdom,"Unit 23,Charnwood Business Park,North Rd.,Loughborough,Leicestershire LE11 1LE",3418,8,52.7830368,-1.2045935,"North Road, Charnwood, LE11 1LE, United Kingdom",North Road,,North Road,,LE11 1LE,Charnwood Business Park,Charnwood,Leicestershire,LEC,England,ENG,United Kingdom,gb,0.7,1,1,© OpenStreetMap contributors,Open Database License,https://www.openstreetmap.org/copyright
United Kingdom,"Unit 23,Navigationway,Mill Park Ind.Estate,Hawks Green,Cannock WS11 7XT",3419,8,52.6962368,-2.0131176,"Hawks Green Lane, Cannock Chase, WS11 6LL, United Kingdom",Hawks Green Lane,,Hawks Green Lane,,WS11 6LL,,Cannock Chase,Staffordshire,STS,England,ENG,United Kingdom,gb,0.5670000000000001,1,0.9,© OpenStreetMap contributors,Open Database License,https://www.openstreetmap.org/copyright
United Kingdom,"Unit 23/A Lombard Rd.,Merton London SW19",3420,8,51.409086,-0.191824,"Lombard Road, London, S W19, United Kingdom",,,Lombard Road,Merton,S W19,,London,London,,England,ENG,United Kingdom,gb,0.5,1,1,© OpenStreetMap contributors,Open Database License,https://www.openstreetmap.org/copyright
United Kingdom,Unit 23B Techno Trading Estate Bramble Rd.Swindon SN2 6EU,3421,8,51.57493,-1.763638,"Techno Trading Estate, Wiltshire, United Kingdom",,,Techno Trading Estate,,,,,Wiltshire,WIL,England,ENG,United Kingdom,gb,1,,,© OpenStreetMap contributors,Open Database License,https://www.openstreetmap.org/copyright
United Kingdom,"Unit 24,Vanalloya Business Park,Busgrove Lane,Stoke Row,Henley-on-Thames,Oxon,RG9 5QW",3422,8,51.5493687,-1.0176566,"Busgrove Lane, South Oxfordshire, RG9 5QE, United Kingdom",Busgrove Lane,,Busgrove Lane,,RG9 5QE,,South Oxfordshire,Oxfordshire,OXF,England,ENG,United Kingdom,gb,0.44099999999999995,0.7,0.7,© OpenStreetMap contributors,Open Database License,https://www.openstreetmap.org/copyright
United Kingdom,"Unit 24,Vanalloya Business Park,Busgrove Lane,Stoke Row,Henly-on-Thames,Oxon,RG9 5QW",3423,8,51.55025,-1.01878,"Stoke Row (South Oxfordshire), RG9 5QW, United Kingdom",,,,,RG9 5QW,,South Oxfordshire,Oxfordshire,OXF,England,ENG,United Kingdom,gb,0.6,1,,© OpenStreetMap contributors,Open Database License,https://www.openstreetmap.org/copyright
United Kingdom,"Unit 24/26 Blacklands Way Abingdon Business Park,Abingdon,OX14 1DY",3424,8,51.671502,-1.304107,"Abingdon Business Park, Vale of White Horse, OX14 1DY, United Kingdom",,,Abingdon Business Park,Abingdon on Thames,OX14 1DY,Abingdon on Thames,Vale of White Horse,Oxfordshire,OXF,England,ENG,United Kingdom,gb,0.6,1,0.6,© OpenStreetMap contributors,Open Database License,https://www.openstreetmap.org/copyright
United Kingdom,"Unit 25-27 Fawkes Ave.,Questor,Dartford Kent DA1 1JQ",3425,8,51.4327633,0.2225712,"Fawkes Avenue, Dartford, DA1 1PE, United Kingdom",Fawkes Avenue,,Fawkes Avenue,,DA1 1PE,Wilmington,Dartford,Kent,KEN,England,ENG,United Kingdom,gb,0.63,1,1,© OpenStreetMap contributors,Open Database License,https://www.openstreetmap.org/copyright
United Kingdom,"Unit 25,Dartford Trade Park,Powder Mill Lane,Dartford Kent DA1 1JQ",3426,8,51.4332334,0.2165435,"Powder Mill Lane, Dartford, DA1 1PG, United Kingdom",Powder Mill Lane,,Powder Mill Lane,,DA1 1PG,Brooklands,Dartford,Kent,KEN,England,ENG,United Kingdom,gb,0.63,1,1,© OpenStreetMap contributors,Open Database License,https://www.openstreetmap.org/copyright
United Kingdom,"Unit 25,Mitre Bridge Ind.Estate,Mitre Way,London W10 6AU",3427,8,51.5226683,-0.230101,"Mitre Way, London, W10 6AH, United Kingdom",Mitre Way,,Mitre Way,London Borough of Hammersmith and Fulham,W10 6AH,Mitre Bridge Industrial Estate,London,Greater London,,England,ENG,United Kingdom,gb,0.63,1,1,© OpenStreetMap contributors,Open Database License,https://www.openstreetmap.org/copyright
United Kingdom,"Unit 25,Mitre Bridge Ind.Estate,Mitre Way,White City London W10 6AU",3428,8,51.5226683,-0.230101,"Mitre Way, London, W10 6AH, United Kingdom",Mitre Way,,Mitre Way,London Borough of Hammersmith and Fulham,W10 6AH,Mitre Bridge Industrial Estate,London,Greater London,,England,ENG,United Kingdom,gb,0.63,1,1,© OpenStreetMap contributors,Open Database License,https://www.openstreetmap.org/copyright
United Kingdom,"Unit 25/26 River Rd.Business Park,33 River Rd.,Barking,Essex IG11 0DA",3429,8,51.5248429,0.0957775,"Pro Image Studio, 33 River Road, London, IG11 0DA, United Kingdom",Pro Image Studio,33,River Road,,IG11 0DA,Thames View,London,Greater London,,England,ENG,United Kingdom,gb,0.9,1,1,© OpenStreetMap contributors,Open Database License,https://www.openstreetmap.org/copyright
United Kingdom,"Unit 26 Brighton St.,Ind.Estate,Freightliner Rd.,Hull,North Humberside,HU3 4EN",3430,8,53.023101,-1.055811,"Main Street Woodborough United Kingdom, Woodborough, Nottinghamshire, ENG, United Kingdom",Main Street Woodborough United Kingdom,,,Woodborough,,,Woodborough,Nottinghamshire,NTT,England,ENG,United Kingdom,gb,0,,,© OpenStreetMap contributors,Open Database License,https://www.openstreetmap.org/copyright
United Kingdom,"Unit 27 Hortonwood 33 Telford Shropshire,TFI 4ES",3431,8,52.578459,-2.774622,"Shropshire, ENG, UK",Shropshire,,,,,,,Shropshire,SHR,England,ENG,United Kingdom,gb,0,,,Who's On First,CC0,https://www.whosonfirst.org/docs/licenses/
United Kingdom,"Unit 28,St.Olav's Count City Business Centre,Lower Rd.,London,SE16 2XB",3432,8,51.4982687,-0.0547726,"Lower Road, London, SE16 2XB, United Kingdom",Lower Road,,Lower Road,London Borough of Southwark,SE16 2XB,Bermondsey,London,Greater London,,England,ENG,United Kingdom,gb,0.7,1,1,© OpenStreetMap contributors,Open Database License,https://www.openstreetmap.org/copyright
United Kingdom,"Unit 2A,Inchmuir Rd.,Whitehill Ind.East,Bathgate,EH48 2EP",3433,8,55.8855282,-3.6258191,"Inchmuir Road, Blackburn, EH48 1WT, United Kingdom",Inchmuir Road,,Inchmuir Road,,EH48 1WT,Whitehill Industrial Estate,Blackburn,West Lothian,WLN,Scotland,SCT,United Kingdom,gb,0.44099999999999995,0.7,0.7,© OpenStreetMap contributors,Open Database License,https://www.openstreetmap.org/copyright
United Kingdom,"Unit 2A,Inchmuir Rd.Whitehill Ind.East Bathgate,West Lothian,Scotland EH48 2EP",3434,8,55.8970192,-3.6080898,"2A Starlaw Terrace, Bathgate, EH48 1LE, United Kingdom",,2A,Starlaw Terrace,,EH48 1LE,Boghall,Bathgate,West Lothian,WLN,Scotland,SCT,United Kingdom,gb,0.17099999999999999,0.9,0.3375,© OpenStreetMap contributors,Open Database License,https://www.openstreetmap.org/copyright
United Kingdom,"Unit 2F,Albany Park,Frimley Rd.,Camberley,Surrey GU15 2PL",3435,8,51.3213031,-0.752547,"Frimley Road, Surrey Heath, GU15 2PJ, United Kingdom",Frimley Road,,Frimley Road,,GU15 2PJ,,Surrey Heath,Surrey,SRY,England,ENG,United Kingdom,gb,0.63,1,1,© OpenStreetMap contributors,Open Database License,https://www.openstreetmap.org/copyright
United Kingdom,"Unit 2nd Fl.,Albany Park,Frimley Rd.,Camberley,Surrey GU15 2PL",3436,8,51.3213031,-0.752547,"Frimley Road, Surrey Heath, GU15 2PJ, United Kingdom",Frimley Road,,Frimley Road,,GU15 2PJ,,Surrey Heath,Surrey,SRY,England,ENG,United Kingdom,gb,0.63,1,1,© OpenStreetMap contributors,Open Database License,https://www.openstreetmap.org/copyright
United Kingdom,"Unit 3 Newman Lane Ind.Estate Alton,Hampshire,GU34 2QR",3437,8,51.15453,-0.96137,"Alton (East Hampshire), GU34 2QR, United Kingdom",,,,,GU34 2QR,,East Hampshire,Hampshire,HAM,England,ENG,United Kingdom,gb,0.6,1,,© OpenStreetMap contributors,Open Database License,https://www.openstreetmap.org/copyright
United Kingdom,Unit 3 Wansbeck Business Park Rotary Parkway Ashington Northumberland NE63 8QW,3438,8,55.184217,-1.58397,"Rotary Parkway, Ashington, NE63 8QW, United Kingdom",,,Rotary Parkway,Ashington Civil Parish,NE63 8QW,,Ashington,Northumberland,NBL,England,ENG,United Kingdom,gb,0.2,1,0.4,© OpenStreetMap contributors,Open Database License,https://www.openstreetmap.org/copyright
United Kingdom,"Unit 3 Westernagate,Hillmead Enterprise Park Swindon,Wiltshire,5 5WN",3439,8,51.55797,-1.78116,"Swindon, ENG, United Kingdom",,,,,,,Swindon,Wiltshire,WIL,England,ENG,United Kingdom,gb,0.25,1,,GeoNames,CC BY 4.0,https://www.geonames.org/datasources/
United Kingdom,"Unit 3-4,70 Weston St.,London SE1 3QH",3440,8,51.5019216,-0.08553115321766036,"70 Weston Street, London, SE1 3ST, United Kingdom",,70,Weston Street,London Borough of Southwark,SE1 3ST,Southwark,London,Greater London,,England,ENG,United Kingdom,gb,0.63,1,1,© OpenStreetMap contributors,Open Database License,https://www.openstreetmap.org/copyright
United Kingdom,"Unit 3,Barberry Court,Parkway,Centrum One Hundred,Burton on Trent,Staffordshire,DE14 2UE",3441,8,52.8031852,-1.6591184,"Parkway, East Staffordshire, DE14 2UE, United Kingdom",Parkway,,Parkway,,DE14 2UE,Shobnall,East Staffordshire,Staffordshire,STS,England,ENG,United Kingdom,gb,0.7,1,1,© OpenStreetMap contributors,Open Database License,https://www.openstreetmap.org/copyright
United Kingdom,"Unit 3,Base 329,Headley Rd.East,Woodley,Reading,Berkshire,RG5 4AZ",3442,8,51.465454,-0.963109,"329 Gosbrook Road, Reading, RG5 4AZ, United Kingdom",,329,Gosbrook Road,,RG5 4AZ,,Reading,West Berkshire,WBK,England,ENG,United Kingdom,gb,0,1,,© OpenStreetMap contributors,Open Database License,https://www.openstreetmap.org/copyright
United Kingdom,"Unit 3,Corinium Industrial Estate,Raans Rd.,Amersham,Bucks HP6 6JQ",3443,8,51.675252,-0.5829788,"Raans Road, Amersham, HP6 6JP, United Kingdom",Raans Road,,Raans Road,Amersham and Villages Community Board,HP6 6JP,,Amersham,Buckinghamshire,BKM,England,ENG,United Kingdom,gb,0.5,1,1,© OpenStreetMap contributors,Open Database License,https://www.openstreetmap.org/copyright
United Kingdom,"Unit 3,Corinium Industrial Estate,Roans Rd.,Amersham,Bucks 4P6 6JQ",3444,8,51.676685,-0.607692,"Amersham and Villages Community Board, Amersham, ENG, United Kingdom",,,,Amersham and Villages Community Board,,,Amersham,Buckinghamshire,BKM,England,ENG,United Kingdom,gb,0.25,1,,© OpenStreetMap contributors,Open Database License,https://www.openstreetmap.org/copyright
United Kingdom,"Unit 3,Kenfig Industrial Estate Margam,Port Talbot West Glamorgan SA13 2PE",3445,8,51.59680495,-3.7617348612573114,"Port Talbot, Neath Port Talbot, WLS, United Kingdom",,,,,,Port Talbot,,Neath Port Talbot,NTL,Wales,WLS,United Kingdom,gb,0.25,1,,© OpenStreetMap contributors,Open Database License,https://www.openstreetmap.org/copyright
United Kingdom,"Unit 3,M8 Interlink,Kirkshaws Rd.,Coatbridge,Scotland ML5 4RP",3446,8,55.8443885,-4.0435525,"Kirkshaws Road, Coatbridge, ML5 5AR, United Kingdom",Kirkshaws Road,,Kirkshaws Road,Highcross,ML5 5AR,Old Monkland,Coatbridge,North Lanarkshire,NLK,Scotland,SCT,United Kingdom,gb,0.63,1,1,© OpenStreetMap contributors,Open Database License,https://www.openstreetmap.org/copyright
United Kingdom,"Unit 3,Murdoch Court,Knowlhill,Milton Keyenes,MK5 8GH",3447,8,52.0249756,-0.7696344,"Knowlhill, Milton Keynes, ENG, United Kingdom",Knowlhill,,,,MK5 8FP,Knowlhill,Milton Keynes,City of Milton Keynes,,England,ENG,United Kingdom,gb,0.25,1,,© OpenStreetMap contributors,Open Database License,https://www.openstreetmap.org/copyright
United Kingdom,"Unit 3,Scott Rd.,Luton LU3 3BF",3448,8,51.9168335,-0.472679,"Scott Road, Luton, LU3 3BF, United Kingdom",Scott Road,,Scott Road,,LU3 3BF,Sundon Park,Luton,Borough of Luton,,England,ENG,United Kingdom,gb,0.7,1,1,© OpenStreetMap contributors,Open Database License,https://www.openstreetmap.org/copyright
United Kingdom,"Unit 3,South East Studios,Eastbourne Rd.,Blindley Heath,Surrey RH7 6JP",3449,8,51.1756067,-0.0490495,"Eastbourne Road, Blindley Heath, RH7 6LF, United Kingdom",Eastbourne Road,,Eastbourne Road,,RH7 6LF,Gate House Farm,Blindley Heath,Surrey,SRY,England,ENG,United Kingdom,gb,0.63,1,1,© OpenStreetMap contributors,Open Database License,https://www.openstreetmap.org/copyright
United Kingdom,"Unit 3,The Links Popham Close Hanworth Middlesex,TW13 6JE",3450,8,51.436419,-0.381838,"Popham Close, London, TW13 6JE, United Kingdom",,,Popham Close,Hounslow,TW13 6JE,Hanworth,London,London,,England,ENG,United Kingdom,gb,0,1,0.5,© OpenStreetMap contributors,Open Database License,https://www.openstreetmap.org/copyright
United Kingdom,"Unit 3,Thorpe Park,Thorpe Mead,Thorpe Way,Ind.Estate,Banbury,Oxon OX16 4RY",3451,8,52.0622457,-1.3224818,"Thorpe Way, Cherwell District, OX16 4SG, United Kingdom",Thorpe Way,,Thorpe Way,,OX16 4SG,Grimsbury,Cherwell District,Oxfordshire,OXF,England,ENG,United Kingdom,gb,0.44099999999999995,1,1,© OpenStreetMap contributors,Open Database License,https://www.openstreetmap.org/copyright
United Kingdom,"Unit 3,Wellingborough Rd.,Sywell Airport,Sywell,Northants,NN6 0BN",3452,8,52.2739357,-0.7464254,"Wellingborough Road, Earls Barton, NN6 0JT, United Kingdom",Wellingborough Road,,Wellingborough Road,,NN6 0JT,Earls Barton,Earls Barton,North Northamptonshire,,England,ENG,United Kingdom,gb,0.44099999999999995,0.7,0.7,© OpenStreetMap contributors,Open Database License,https://www.openstreetmap.org/copyright
United Kingdom,"Unit 3,Wheldon Rd.,Widnes,Cheshire,WA8 8FW",3453,8,53.359468,-2.784151,"Wheldon Road, Widnes, WA8 8FW, United Kingdom",Wheldon Road,,Wheldon Road,,WA8 8FW,Ditton,Widnes,Halton,HAL,England,ENG,United Kingdom,gb,0.7,1,1,© OpenStreetMap contributors,Open Database License,https://www.openstreetmap.org/copyright
United Kingdom,"Unit 30,Bentall Business Park,Washington,NE37 3JD",3454,8,54.9096381,-1.5057802786507328,"Bentall Business Park, Sunderland, NE37 3JD, United Kingdom",Bentall Business Park,,,,NE37 3JD,Sulgrave,Sunderland,Tyne and Wear,,England,ENG,United Kingdom,gb,1,1,,© OpenStreetMap contributors,Open Database License,https://www.openstreetmap.org/copyright
United Kingdom,"Unit 30,Linford Forum,Rockingham Dr.,Linford Wood,Milton Keynes MK14 6LY",3455,8,52.0568192,-0.7569669,"Rockingham Drive, Milton Keynes, MK14 6LY, United Kingdom",Rockingham Drive,,Rockingham Drive,,MK14 6LY,Linford Wood,Milton Keynes,City of Milton Keynes,,England,ENG,United Kingdom,gb,0.7,1,1,© OpenStreetMap contributors,Open Database License,https://www.openstreetmap.org/copyright
United Kingdom,"Unit 330,Centennial Park,Centennial Ave.,Elstree,Herts,WD6 3TJ",3456,8,51.6391556,-0.3061715,"Centennial Avenue, Hertsmere, WD6 3SZ, United Kingdom",Centennial Avenue,,Centennial Avenue,,WD6 3SZ,Elstree and Borehamwood,Hertsmere,Hertfordshire,HRT,England,ENG,United Kingdom,gb,0.5,1,1,© OpenStreetMap contributors,Open Database License,https://www.openstreetmap.org/copyright
United Kingdom,"Unit 39-40,Rassau Ind.Estate,Ebbw Vale,Gwent,NP23 5SD",3457,8,51.802846900000006,-3.2347316970406674,"Rassau Industrial Estate, Rassau, NP23 5SD, United Kingdom",Rassau Industrial Estate,,,,NP23 5SD,Rassau,Rassau,Blaenau Gwent,BGW,Wales,WLS,United Kingdom,gb,0.5,1,1,© OpenStreetMap contributors,Open Database License,https://www.openstreetmap.org/copyright
United Kingdom,"Unit 39-40,Rassau Ind.Estate,Ebbw Vale,Gwent,NP23 5SD Wales",3458,8,51.802846900000006,-3.2347316970406674,"Rassau Industrial Estate, Rassau, NP23 5SD, United Kingdom",Rassau Industrial Estate,,,,NP23 5SD,Rassau,Rassau,Blaenau Gwent,BGW,Wales,WLS,United Kingdom,gb,0.5,1,1,© OpenStreetMap contributors,Open Database License,https://www.openstreetmap.org/copyright
United Kingdom,"Unit 39-40,Rassau Ind.Estate,Rassau,Ebbw Vale,Gwent,NP23 5SD",3459,8,51.802846900000006,-3.2347316970406674,"Rassau Industrial Estate, Rassau, NP23 5SD, United Kingdom",Rassau Industrial Estate,,,,NP23 5SD,Rassau,Rassau,Blaenau Gwent,BGW,Wales,WLS,United Kingdom,gb,0.5,1,1,© OpenStreetMap contributors,Open Database License,https://www.openstreetmap.org/copyright
United Kingdom,"Unit 39-40,Rassau Ind.Estate,Rassau,Ebbw Vale,NP23 5SD",3460,8,51.802846900000006,-3.2347316970406674,"Rassau Industrial Estate, Rassau, NP23 5SD, United Kingdom",Rassau Industrial Estate,,,,NP23 5SD,Rassau,Rassau,Blaenau Gwent,BGW,Wales,WLS,United Kingdom,gb,0.5,1,1,© OpenStreetMap contributors,Open Database License,https://www.openstreetmap.org/copyright
United Kingdom,"Unit 39/40,Rassau Ind.Estate,Rassau Ebbw Vale,NP23 5SD",3461,8,51.802846900000006,-3.2347316970406674,"Rassau Industrial Estate, Rassau, NP23 5SD, United Kingdom",Rassau Industrial Estate,,,,NP23 5SD,Rassau,Rassau,Blaenau Gwent,BGW,Wales,WLS,United Kingdom,gb,0.5,1,1,© OpenStreetMap contributors,Open Database License,https://www.openstreetmap.org/copyright
United Kingdom,"Unit 3A,Corinium Ind.Estate,Raans Rd.,Amersham,Bucks HP6 6JQ",3462,8,51.675252,-0.5829788,"Raans Road, Amersham, HP6 6JP, United Kingdom",Raans Road,,Raans Road,Amersham and Villages Community Board,HP6 6JP,,Amersham,Buckinghamshire,BKM,England,ENG,United Kingdom,gb,0.5,1,1,© OpenStreetMap contributors,Open Database License,https://www.openstreetmap.org/copyright
United Kingdom,"Unit 3C Harcout Way,Meridian Business Park,Leicester LE3 2WP",3463,8,52.631453,-1.134219,"Leicester, LE3 2WP, United Kingdom",,,,,LE3 2WP,,Leicester,Leicester,LCE,England,ENG,United Kingdom,gb,0.25,1,,Who's On First,CC0,https://www.whosonfirst.org/docs/licenses/
United Kingdom,"Unit 4 Acton Hill Mews,310-328 Uxbridge Rd.,Acton,London,W3 9QN",3464,8,51.50656025,-0.23168065932012558,"Bush Hall, 310 Uxbridge Road, London, W12 8NR, United Kingdom",Bush Hall,310,Uxbridge Road,London Borough of Hammersmith and Fulham,W12 8NR,Brook Green,London,Greater London,,England,ENG,United Kingdom,gb,0.9,1,1,© OpenStreetMap contributors,Open Database License,https://www.openstreetmap.org/copyright
United Kingdom,"Unit 4 Kettles Wood Dr.,Woodgate Business Park,Birmingham,B32 3DB",3465,8,52.4418222,-1.9991079,"Birmingham Parks and Nurseries, Unit 4 Kettles Wood Drive, Birmingham, B32 3DB, United Kingdom",Birmingham Parks and Nurseries,Unit 4,Kettles Wood Drive,,B32 3DB,Woodgate Business Park,Birmingham,West Midlands Combined Authority,,England,ENG,United Kingdom,gb,0.9,1,1,© OpenStreetMap contributors,Open Database License,https://www.openstreetmap.org/copyright
United Kingdom,"Unit 4 Woodgate Business Park Kettleswood Dr.,Birmingham B32 3DB",3466,8,52.478308,-1.893538,"Birmingham, ENG, United Kingdom",,,,,,,Birmingham,Birmingham,BIR,England,ENG,United Kingdom,gb,0.25,1,,Who's On First,CC0,https://www.whosonfirst.org/docs/licenses/
United Kingdom,"Unit 4 Woodgate Business Park Kettleswood Dr.,Birmingham,B32 3DB",3467,8,52.478308,-1.893538,"Birmingham, ENG, United Kingdom",,,,,,,Birmingham,Birmingham,BIR,England,ENG,United Kingdom,gb,0.25,1,,Who's On First,CC0,https://www.whosonfirst.org/docs/licenses/
United Kingdom,"Unit 4,Armadale Rd.,Feltham,Middlesex TW14 OLW",3468,8,51.4622544,-0.4129668,"Armadale Road, London, TW14 0LW, United Kingdom",Armadale Road,,Armadale Road,London Borough of Hounslow,TW14 0LW,Bedfont,London,Greater London,,England,ENG,United Kingdom,gb,0.44099999999999995,0.7,0.7,© OpenStreetMap contributors,Open Database License,https://www.openstreetmap.org/copyright
United Kingdom,"Unit 4,Armadale Rd.,Feltham,Middlesex,TW14 OLW",3469,8,51.4622544,-0.4129668,"Armadale Road, London, TW14 0LW, United Kingdom",Armadale Road,,Armadale Road,London Borough of Hounslow,TW14 0LW,Bedfont,London,Greater London,,England,ENG,United Kingdom,gb,0.44099999999999995,0.7,0.7,© OpenStreetMap contributors,Open Database License,https://www.openstreetmap.org/copyright
United Kingdom,"Unit 4,Chiddingstone Causeway,Tonbridge,Kent,TN11 8JU",3470,8,51.19886,0.16932,"Chiddingstone (Sevenoaks), TN11 8JU, United Kingdom",,,,,TN11 8JU,,Sevenoaks,Kent,KEN,England,ENG,United Kingdom,gb,1,1,,© OpenStreetMap contributors,Open Database License,https://www.openstreetmap.org/copyright
United Kingdom,"Unit 4,Fleming Way,Warton Rd.,Isleworth,Middlesex TW7 6EU",3471,8,51.454700700000004,-0.3196203708888822,"Pilates Plus, 4 Crown Road, London, TW1 3EE, United Kingdom",Pilates Plus,4,Crown Road,London Borough of Richmond upon Thames,TW1 3EE,Twickenham,London,Greater London,,England,ENG,United Kingdom,gb,0.026999999999999996,0.3,0.09999999999999999,© OpenStreetMap contributors,Open Database License,https://www.openstreetmap.org/copyright
United Kingdom,"Unit 4,Int'l Dr.,IAMP,Sunderland,Tyne & Wear,SR5 3FH",3472,8,54.916177,-1.525377,"4 The Drive, Washington, NE37 2LQ, United Kingdom",,4,The Drive,,NE37 2LQ,,Washington,Newcastle upon Tyne,NET,England,ENG,United Kingdom,gb,0,,,© OpenStreetMap contributors,Open Database License,https://www.openstreetmap.org/copyright
United Kingdom,"Unit 4,Swan Business Park,Sandpit Rd.,Dartford,Kent DA1 5ED",3473,8,51.455902,0.2052024,"Sandpit Road, Dartford, DA1 5AU, United Kingdom",Sandpit Road,,Sandpit Road,,DA1 5AU,,Dartford,Kent,KEN,England,ENG,United Kingdom,gb,0.63,1,1,© OpenStreetMap contributors,Open Database License,https://www.openstreetmap.org/copyright
United Kingdom,"Unit 4,The Duran Centre,14 Arkwright Rd.,Reading,Berkshire,RG2 0LS",3474,8,51.4367,-0.9707,"Reading, RG2 0LS, United Kingdom",,,,,RG2 0LS,,Reading,,,England,ENG,United Kingdom,gb,0.6,1,,© OpenStreetMap contributors,Open Database License,https://www.openstreetmap.org/copyright
United Kingdom,"Unit 4,The Duran Centre,14 Arkwright Rd.,Reading,RG2 0LS",3475,8,51.4367,-0.9707,"Reading, RG2 0LS, United Kingdom",,,,,RG2 0LS,,Reading,,,England,ENG,United Kingdom,gb,0.6,1,,© OpenStreetMap contributors,Open Database License,https://www.openstreetmap.org/copyright
United Kingdom,"Unit 4.Fleming Way,Warton Rd.,Isleworth,Middlesex",3476,8,51.4683558,-0.3263111,"Isleworth, London, ENG, United Kingdom",Isleworth,,,,TW7 7EL,Isleworth,London,Greater London,,England,ENG,United Kingdom,gb,0.25,1,,© OpenStreetMap contributors,Open Database License,https://www.openstreetmap.org/copyright
United Kingdom,"Unit 4/5 Sawfield House,Alconbury Hill,Alconbury Weston,Huntington Cambridgeshire,PE28 4JL",3477,8,,,,,,,,,,,,,,,,,,,,,,
United Kingdom,"Unit 4/5 Sawield House,Alconbury Hill,Alconbury Weston,Huntington Cambridgeshire,PE28 4JL",3478,8,,,,,,,,,,,,,,,,,,,,,,
United Kingdom,"Unit 40-42,Portmanmoor Rd. Ind.Estate,East Moors,Cardiff,CF24 5HB",3479,8,51.47725,-3.161331,"East Moors Road, Cardiff, CF24 5JP, United Kingdom",,,East Moors Road,Newtown,CF24 5JP,Butetown,Cardiff,Cardiff,CRF,Wales,WLS,United Kingdom,gb,0.63,1,1,© OpenStreetMap contributors,Open Database License,https://www.openstreetmap.org/copyright
United Kingdom,"Unit 40-42,Portmanmoor Road Ind.Estate,East Moors,Cardiff,CF24 5HB",3480,8,51.47725,-3.161331,"East Moors Road, Cardiff, CF24 5JP, United Kingdom",,,East Moors Road,Newtown,CF24 5JP,Butetown,Cardiff,Cardiff,CRF,Wales,WLS,United Kingdom,gb,0.63,1,1,© OpenStreetMap contributors,Open Database License,https://www.openstreetmap.org/copyright
United Kingdom,"Unit 40/41 Portmanmoor Rd.,East Moors Cardiff,Wales",3481,8,51.476256,-3.1478243,"Portmanmoor Road, Cardiff, CF24 5HB, United Kingdom",Portmanmoor Road,,Portmanmoor Road,,CF24 5HB,Splott,Cardiff,Cardiff,CRF,Wales,WLS,United Kingdom,gb,0.5,1,1,© OpenStreetMap contributors,Open Database License,https://www.openstreetmap.org/copyright
United Kingdom,"Unit 40/41 Portmanmoor Rd.East Moors Cardiff,Wales",3482,8,51.4816546,-3.1791934,"Cardiff, CF10 2AF, United Kingdom",Cardiff,,,,CF10 2AF,,Cardiff,Cardiff,CRF,Wales,WLS,United Kingdom,gb,0.25,1,,© OpenStreetMap contributors,Open Database License,https://www.openstreetmap.org/copyright
United Kingdom,"Unit 403a,The Spirella Bldg.,Bridge Rd.,Letchworth Garden City,Hertfordshire,SG6 4ET",3483,8,51.9803551,-0.232442,"Letchworth, SG6 4ET, United Kingdom",,,,,SG6 4ET,,Letchworth,Hertfordshire,HRT,England,ENG,United Kingdom,gb,0.6,1,,© OpenStreetMap contributors,Open Database License,https://www.openstreetmap.org/copyright
United Kingdom,"Unit 43,The Io Centre,Armstrong Rd.,Woolwich,London SE18 6RS",3484,8,51.492768,0.077652,"Armstrong Road, London, SE18 6RS, United Kingdom",,,Armstrong Road,Greenwich,SE18 6RS,Woolwich,London,London,,England,ENG,United Kingdom,gb,0.5,1,1,© OpenStreetMap contributors,Open Database License,https://www.openstreetmap.org/copyright
United Kingdom,"Unit 43,The IO Centre,Armstrong Rd.,Woolwich,London SE18 6RS",3485,8,51.492768,0.077652,"Armstrong Road, London, SE18 6RS, United Kingdom",,,Armstrong Road,Greenwich,SE18 6RS,Woolwich,London,London,,England,ENG,United Kingdom,gb,0.5,1,1,© OpenStreetMap contributors,Open Database License,https://www.openstreetmap.org/copyright
United Kingdom,"Unit 5 Horton Wood 33,Telford Shropshire",3486,8,52.578459,-2.774622,"Shropshire, ENG, UK",Shropshire,,,,,,,Shropshire,SHR,England,ENG,United Kingdom,gb,0,,,Who's On First,CC0,https://www.whosonfirst.org/docs/licenses/
United Kingdom,"Unit 5 Hortonwood 33,Telford,Shropshire",3487,8,52.578459,-2.774622,"Shropshire, ENG, UK",Shropshire,,,,,,,Shropshire,SHR,England,ENG,United Kingdom,gb,0,,,Who's On First,CC0,https://www.whosonfirst.org/docs/licenses/
United Kingdom,"Unit 5 Hortonwood 33,Telford,Shropshire,TFI 4ES",3488,8,52.578459,-2.774622,"Shropshire, ENG, UK",Shropshire,,,,,,,Shropshire,SHR,England,ENG,United Kingdom,gb,0,,,Who's On First,CC0,https://www.whosonfirst.org/docs/licenses/
United Kingdom,"Unit 5,Barton Ind.Park,Etruria Way Off Mount Pleasant,Bilston West Midlands WV14 7LH",3489,8,52.560112,-2.10874,"Barton Road, Wolverhampton, WV14 7LH, United Kingdom",,,Barton Road,,WV14 7LH,,Wolverhampton,Birmingham,BIR,England,ENG,United Kingdom,gb,0,,,© OpenStreetMap contributors,Open Database License,https://www.openstreetmap.org/copyright
United Kingdom,"Unit 5,Barton Industrial Park,Etruria Way Off Moun Pleasant,Bilston West Midlands WV14 FLH",3490,8,52.583348,-2.12669,"4-5 Wulfrun Way, Wolverhampton, WV1 3HG, United Kingdom",,4-5,Wulfrun Way,,WV1 3HG,,Wolverhampton,Birmingham,BIR,England,ENG,United Kingdom,gb,0.03681818181818182,0.5,0.09090909090909091,© OpenStreetMap contributors,Open Database License,https://www.openstreetmap.org/copyright
United Kingdom,"Unit 5,Barton Industrial Park,Etruria Way Off Mount Pleasant,Bilston West Midlands WV14 7LH",3491,8,52.566381,-2.070752,"Bilston, Wolverhampton, WV14 7LH, United Kingdom",Bilston,,,,WV14 7LH,Bilston,Wolverhampton,Birmingham,BIR,England,ENG,United Kingdom,gb,0.25,1,,Who's On First,CC0,https://www.whosonfirst.org/docs/licenses/
United Kingdom,"Unit 5,Didcot Way,Boldon Business Park,Boldon Tyne & Wear,NE35 9PD",3492,8,54.9439142,-1.4636487,"Didcot Way, South Tyneside, NE35 9PD, United Kingdom",Didcot Way,,Didcot Way,,NE35 9PD,Boldon Colliery,South Tyneside,Tyne and Wear,,England,ENG,United Kingdom,gb,0.45,0.9,0.9,© OpenStreetMap contributors,Open Database License,https://www.openstreetmap.org/copyright
United Kingdom,"Unit 5,Didcot Way,Boldon Business Park,Boldon,Tyne & Wear,NE35 9PD",3493,8,54.9439142,-1.4636487,"Didcot Way, South Tyneside, NE35 9PD, United Kingdom",Didcot Way,,Didcot Way,,NE35 9PD,Boldon Colliery,South Tyneside,Tyne and Wear,,England,ENG,United Kingdom,gb,0.45,0.9,0.9,© OpenStreetMap contributors,Open Database License,https://www.openstreetmap.org/copyright
United Kingdom,"Unit 5,Dunfermline Court,Kingston,Milton Keynes,Buckinghamshire MK10 0BY",3494,8,52.04224,-0.755508,"Milton Keynes, MK10 0BY, United Kingdom",,,,,MK10 0BY,,Central Milton Keynes,Buckinghamshire,BKM,England,ENG,United Kingdom,gb,0.225,0.9,,Who's On First,CC0,https://www.whosonfirst.org/docs/licenses/
United Kingdom,"Unit 5,Hatch Ind.Park,Greywell Rd.,Basingstoke,Hampshire,RG24 7NG",3495,8,51.2641027,-1.0296611,"Greywell Road, Basingstoke and Deane, RG24 7NG, United Kingdom",Greywell Road,,Greywell Road,,RG24 7NG,Mapledurwell and Up Nately,Basingstoke and Deane,Hampshire,HAM,England,ENG,United Kingdom,gb,0.7,1,1,© OpenStreetMap contributors,Open Database License,https://www.openstreetmap.org/copyright
United Kingdom,"Unit 5,Heathrow Summit Centre,Skyport Dr.,West Dr.,Middlesex UB7 0LY",3496,8,51.4826895,-0.4791759875312928,"Europcar, Unit 5 Skyport Drive, London, UB7 0LB, United Kingdom",Europcar,Unit 5,Skyport Drive,London Borough of Hillingdon,UB7 0LB,Harmondsworth,London,Greater London,,England,ENG,United Kingdom,gb,0.44099999999999995,0.7,0.7,© OpenStreetMap contributors,Open Database License,https://www.openstreetmap.org/copyright
United Kingdom,"Unit 5,Heathrow Summit Centre,Skyport Dr.,West Dr.,Middlesex,UB7 0LY",3497,8,51.4826895,-0.4791759875312928,"Europcar, Unit 5 Skyport Drive, London, UB7 0LB, United Kingdom",Europcar,Unit 5,Skyport Drive,London Borough of Hillingdon,UB7 0LB,Harmondsworth,London,Greater London,,England,ENG,United Kingdom,gb,0.44099999999999995,0.7,0.7,© OpenStreetMap contributors,Open Database License,https://www.openstreetmap.org/copyright
United Kingdom,"Unit 5,Heathrow Summit Centre,Skyport Dr.,West Drayton,Middlesex UB7 0LY",3498,8,51.4826895,-0.4791759875312928,"Europcar, Unit 5 Skyport Drive, London, UB7 0LB, United Kingdom",Europcar,Unit 5,Skyport Drive,London Borough of Hillingdon,UB7 0LB,Harmondsworth,London,Greater London,,England,ENG,United Kingdom,gb,0.48999999999999994,0.7,0.7,© OpenStreetMap contributors,Open Database License,https://www.openstreetmap.org/copyright
United Kingdom,"Unit 5,Heathrow Summit Centre,Skyport Drive,West Drayton,Middlesex,UB7 0LY",3499,8,51.4826895,-0.4791759875312928,"Europcar, Unit 5 Skyport Drive, London, UB7 0LB, United Kingdom",Europcar,Unit 5,Skyport Drive,London Borough of Hillingdon,UB7 0LB,Harmondsworth,London,Greater London,,England,ENG,United Kingdom,gb,0.44099999999999995,0.7,0.7,© OpenStreetMap contributors,Open Database License,https://www.openstreetmap.org/copyright
United Kingdom,"Unit 5,Horton Ind.Park,Horton Rd.West Drayton,Middlesex UB7 8JD",3500,8,51.492404,-0.469828,"Shell West Drayton, London, UB7 0AE, United Kingdom",Shell West Drayton,,,Hillingdon,UB7 0AE,Harmondsworth,London,London,,England,ENG,United Kingdom,gb,0.19844999999999996,0.7,0.567,© OpenStreetMap contributors,Open Database License,https://www.openstreetmap.org/copyright
United Kingdom,"Unit 5,Horton Ind.Park,Horton Rd.West Drayton,Middlesex,UB7 8JD",3501,8,51.492404,-0.469828,"Shell West Drayton, London, UB7 0AE, United Kingdom",Shell West Drayton,,,Hillingdon,UB7 0AE,Harmondsworth,London,London,,England,ENG,United Kingdom,gb,0.19844999999999996,0.7,0.567,© OpenStreetMap contributors,Open Database License,https://www.openstreetmap.org/copyright
United Kingdom,"Unit 5,Llanlresant Business Park,Llanlresant,Mid Glamorgan,CF7 8LF South Wales",3502,8,51.34397,-2.95904,"5 Becks Business Park, Weston-Super-Mare, BS23 3TJ, United Kingdom",,5,Becks Business Park,Weston-Super-Mare,BS23 3TJ,Haywood Village,Weston-Super-Mare,Somerset,SOM,England,ENG,United Kingdom,gb,0,0.13333333333333333,,© OpenStreetMap contributors,Open Database License,https://www.openstreetmap.org/copyright
United Kingdom,"Unit 5,Llanlresant Business Park,Llanlresant,Mid Glamorgan,CF7 8LF Wales",3503,8,51.34397,-2.95904,"5 Becks Business Park, Weston-Super-Mare, BS23 3TJ, United Kingdom",,5,Becks Business Park,Weston-Super-Mare,BS23 3TJ,Haywood Village,Weston-Super-Mare,Somerset,SOM,England,ENG,United Kingdom,gb,0,,,© OpenStreetMap contributors,Open Database License,https://www.openstreetmap.org/copyright
United Kingdom,"Unit 5,Llantrisant Business Park,Llantrisant,Mid Glamorgan,CF72 8LF",3504,8,51.55319315,-3.3976471261998817,"Forest View Business Park, Llantrisant, CF72 8LX, United Kingdom",Forest View Business Park,,,,CF72 8LX,Llantrisant,Llantrisant,Rhondda Cynon Taf,RCT,Wales,WLS,United Kingdom,gb,0.19844999999999996,1,0.81,© OpenStreetMap contributors,Open Database License,https://www.openstreetmap.org/copyright
United Kingdom,"Unit 5,Llantrisant Business Park,Llantrisant,Mid Glamorgan,Wales CF7 8LF",3505,8,51.55319315,-3.3976471261998817,"Forest View Business Park, Llantrisant, CF72 8LX, United Kingdom",Forest View Business Park,,,,CF72 8LX,Llantrisant,Llantrisant,Rhondda Cynon Taf,RCT,Wales,WLS,United Kingdom,gb,0.10125,1,0.81,© OpenStreetMap contributors,Open Database License,https://www.openstreetmap.org/copyright
United Kingdom,"Unit 5,Llantrisant Business Park,Llantrisant,Mid Glamorgan,Wales CF72 8LF",3506,8,51.55319315,-3.3976471261998817,"Forest View Business Park, Llantrisant, CF72 8LX, United Kingdom",Forest View Business Park,,,,CF72 8LX,Llantrisant,Llantrisant,Rhondda Cynon Taf,RCT,Wales,WLS,United Kingdom,gb,0.19844999999999996,1,0.81,© OpenStreetMap contributors,Open Database License,https://www.openstreetmap.org/copyright
United Kingdom,"Unit 5,Skyport Dr.,Harmondsworth,West Drayton Middlesex UB7 OLB",3507,8,51.48269,-0.479176,"Unit 5 Skyport Drive, London, UB7 0LB, United Kingdom",,Unit 5,Skyport Drive,Hillingdon,UB7 0LB,Harmondsworth,London,London,,England,ENG,United Kingdom,gb,0.9,,,© OpenStreetMap contributors,Open Database License,https://www.openstreetmap.org/copyright
United Kingdom,"Unit 5,Skyport Dr.,Harmondsworth,West Drayton,Middlesex,UB7 0LB",3508,8,51.4837543,-0.4776971,"Skyport Drive, London, UB7 0LB, United Kingdom",Skyport Drive,,Skyport Drive,London Borough of Hillingdon,UB7 0LB,Harmondsworth,London,Greater London,,England,ENG,United Kingdom,gb,0.7,1,1,© OpenStreetMap contributors,Open Database License,https://www.openstreetmap.org/copyright
United Kingdom,"Unit 5,Skyport Dr.,Harmondsworth,West Drayton,Middlesex,UB7 OLB",3509,8,51.482942,-0.477979,"Skyport Industrial Estate, London, United Kingdom",,,Skyport Industrial Estate,Hillingdon,,Harmondsworth,London,London,,England,ENG,United Kingdom,gb,0.81,,,© OpenStreetMap contributors,Open Database License,https://www.openstreetmap.org/copyright
United Kingdom,"Unit 5,The Gateway Centre,Coronation Rd.,Cressex Business Park,High Wycombe,Buckinghamshire,HP12 3SU",3510,8,51.621579,-0.774313,"Coronation Road, High Wycombe, HP12 3SU, United Kingdom",,,Coronation Road,,HP12 3SU,,High Wycombe,Buckinghamshire,BKM,England,ENG,United Kingdom,gb,0.5,1,1,© OpenStreetMap contributors,Open Database License,https://www.openstreetmap.org/copyright
United Kingdom,"Unit 5,The Griffin Centre Staines Rd.Feltham,Middlesex,TW14 0HS",3511,8,51.4586116,-0.4079623860246949,"The Griffin Centre, London, TW14 0HS, United Kingdom",The Griffin Centre,,,London Borough of Hounslow,TW14 0HS,The Griffin Centre,London,Greater London,,England,ENG,United Kingdom,gb,0.225,1,,© OpenStreetMap contributors,Open Database License,https://www.openstreetmap.org/copyright
United Kingdom,"Unit 5,Yeoman Ind.Park,Test Lane,Nursling,Southampton,Hampshire,SO16 9JX",3512,8,50.9277965,-1.4752416,"Test Lane, Southampton, SO16 9JX, United Kingdom",Test Lane,,Test Lane,,SO16 9JX,Redbridge,Southampton,,,England,ENG,United Kingdom,gb,0.7,1,1,© OpenStreetMap contributors,Open Database License,https://www.openstreetmap.org/copyright
United Kingdom,"Unit 6 Chambers Way Thorncliffe Park Estate,Chapeltown,Sheffield,S35 2PH",3513,8,53.46235,-1.466911,"Chapeltown, Ecclesfield, S35 2PH, United Kingdom",Chapeltown,,,Ecclesfield,S35 2PH,Chapeltown,Ecclesfield,Rotherham,ROT,England,ENG,United Kingdom,gb,0,,,Who's On First,CC0,https://www.whosonfirst.org/docs/licenses/
United Kingdom,"Unit 6,1000 North Circular Rd.,London NW2 7JD",3514,8,51.5700288,-0.2332939,"Big Yellow, 1000 North Circular Road, London, NW2 7FJ, United Kingdom",Big Yellow,1000,North Circular Road,London Borough of Brent,NW2 7FJ,Dollis Hill,London,Greater London,,England,ENG,United Kingdom,gb,0.63,1,1,© OpenStreetMap contributors,Open Database License,https://www.openstreetmap.org/copyright
United Kingdom,"Unit 6,1000 North Circular Rd.,London,NW2 7JD",3515,8,51.5700288,-0.2332939,"Big Yellow, 1000 North Circular Road, London, NW2 7FJ, United Kingdom",Big Yellow,1000,North Circular Road,London Borough of Brent,NW2 7FJ,Dollis Hill,London,Greater London,,England,ENG,United Kingdom,gb,0.63,1,1,© OpenStreetMap contributors,Open Database License,https://www.openstreetmap.org/copyright
United Kingdom,"Unit 6,Budbrooke Rd.,Ind.Estate,Warwickshire,CV34 5HG",3516,8,52.2867464,-1.6092332,"[Empty], Budbrooke Road, Warwick, CV34 5XH, United Kingdom",[Empty],,Budbrooke Road,,CV34 5XH,Woodloes Park,Warwick,Warwickshire,WAR,England,ENG,United Kingdom,gb,0.24499999999999997,0.7,0.7,© OpenStreetMap contributors,Open Database License,https://www.openstreetmap.org/copyright
United Kingdom,"Unit 6,Budbrooke Road Ind.Estate,Budbrook Rd.,Warwick,CV34 5HG",3517,8,52.2832176,-1.6246196248597666,"6 Bellam Road, Warwick, CV35 8TN, United Kingdom",,6,Bellam Road,,CV35 8TN,,Warwick,Warwickshire,WAR,England,ENG,United Kingdom,gb,0.03375,1,0.125,© OpenStreetMap contributors,Open Database License,https://www.openstreetmap.org/copyright
United Kingdom,"Unit 6,Churchill Court 58 Station Rd.,North Harrow Middlesex HA2 7SA",3518,8,51.5050663,-0.4194948,"58 Station Road, London, UB3 4DF, United Kingdom",,58,Station Road,London Borough of Hillingdon,UB3 4DF,Hayes,London,Greater London,,England,ENG,United Kingdom,gb,0,,,© OpenStreetMap contributors,Open Database License,https://www.openstreetmap.org/copyright
United Kingdom,"Unit 6,Churchill Court,58 Station Rd.,North Harrow,Middlesex HA2 75A",3519,8,51.5,-0.41667,"Middlesex, ENG, United Kingdom",,,,,,,Middlesex,London,,England,ENG,United Kingdom,gb,0.0244140625,1,,GeoNames,CC BY 4.0,https://www.geonames.org/datasources/
United Kingdom,"Unit 6,Churchill Court,58 Station Rd.,North Harrow,Middlesex HA2 7SA",3520,8,51.5050663,-0.4194948,"58 Station Road, London, UB3 4DF, United Kingdom",,58,Station Road,London Borough of Hillingdon,UB3 4DF,Hayes,London,Greater London,,England,ENG,United Kingdom,gb,0,,,© OpenStreetMap contributors,Open Database License,https://www.openstreetmap.org/copyright
United Kingdom,"Unit 6,Hunts Rise South Marston Ind.Estate,Swindon,Wiltshire,SN3 4TG",3521,8,51.53726075,-1.7321754908567573,"6 Salthrop Rise, Badbury Wick, SN3 6EW, United Kingdom",,6,Salthrop Rise,,SN3 6EW,South Swindon Parish,Badbury Wick,Swindon,SWD,England,ENG,United Kingdom,gb,0.42328125,0.7,0.63,© OpenStreetMap contributors,Open Database License,https://www.openstreetmap.org/copyright
United Kingdom,"Unit 6,Io Centre,Radway Rd.,Swindon,SN3 4ND",3522,8,51.55797,-1.78116,"Swindon, SN3 4ND, United Kingdom",,,,,SN3 4ND,,Swindon,Wiltshire,WIL,England,ENG,United Kingdom,gb,0.25,1,,GeoNames,CC BY 4.0,https://www.geonames.org/datasources/
United Kingdom,"Unit 6,Io Centre,Radway Rd.,Swindon,SN3 4WH",3523,8,51.55797,-1.78116,"Swindon, ENG, United Kingdom",,,,,,,Swindon,Wiltshire,WIL,England,ENG,United Kingdom,gb,0.25,1,,GeoNames,CC BY 4.0,https://www.geonames.org/datasources/
United Kingdom,"Unit 6,Io Centre,Radway Rd.,Swindon,Wiltshire,SN3 4ND",3524,8,51.55797,-1.78116,"Swindon, SN3 4ND, United Kingdom",,,,,SN3 4ND,,Swindon,Wiltshire,WIL,England,ENG,United Kingdom,gb,0.25,1,,GeoNames,CC BY 4.0,https://www.geonames.org/datasources/
United Kingdom,"Unit 6,Oxgate Centre Oxgate Lane,Staples Corner London NW2 7HU",3525,8,51.5683662,-0.2299632,"Oxgate Lane, London, NW2 7HS, United Kingdom",Oxgate Lane,,Oxgate Lane,London Borough of Brent,NW2 7HS,Dollis Hill,London,Greater London,,England,ENG,United Kingdom,gb,0.5670000000000001,1,0.9,© OpenStreetMap contributors,Open Database License,https://www.openstreetmap.org/copyright
United Kingdom,"Unit 6,The io Centre,Radway Rd.,Swindon,SN3 4DN",3526,8,51.55797,-1.78116,"Swindon, SN3 4DN, United Kingdom",,,,,SN3 4DN,,Swindon,Wiltshire,WIL,England,ENG,United Kingdom,gb,0.25,1,,GeoNames,CC BY 4.0,https://www.geonames.org/datasources/
United Kingdom,"Unit 6,The io Centre,Radway Rd.,Swindon,Wiltshire,SN3 4ND",3527,8,51.55797,-1.78116,"Swindon, SN3 4ND, United Kingdom",,,,,SN3 4ND,,Swindon,Wiltshire,WIL,England,ENG,United Kingdom,gb,0.25,1,,GeoNames,CC BY 4.0,https://www.geonames.org/datasources/
United Kingdom,"Unit 6,The Piazza 3 Devonhurst Place,Heathfield Terrace,Chiswick,London,W4 4JE",3528,8,51.491664,-0.263513708740458,"Independiente, 3 Heathfield Terrace, London, W4 4PH, United Kingdom",Independiente,3,Heathfield Terrace,London Borough of Hounslow,W4 4PH,Grove Park,London,Greater London,,England,ENG,United Kingdom,gb,0.63,1,1,© OpenStreetMap contributors,Open Database License,https://www.openstreetmap.org/copyright
United Kingdom,"Unit 6,The Piazza 3 Devonhurst Place,Heathfield Terrace,Chizwick,London W4 4JE",3529,8,51.491664,-0.263513708740458,"Independiente, 3 Heathfield Terrace, London, W4 4PH, United Kingdom",Independiente,3,Heathfield Terrace,London Borough of Hounslow,W4 4PH,Grove Park,London,Greater London,,England,ENG,United Kingdom,gb,0.63,1,1,© OpenStreetMap contributors,Open Database License,https://www.openstreetmap.org/copyright
United Kingdom,"Unit 6,Woodshots Meadow,Croxley Business Park,Watford,Herts",3530,8,51.667566,-0.407563,"Watford, ENG, United Kingdom",,,,,,,Watford,Hertfordshire,HRT,England,ENG,United Kingdom,gb,0.25,1,,Who's On First,CC0,https://www.whosonfirst.org/docs/licenses/
United Kingdom,"Unit 6,X2 Bldg.,Hatton Cross Centre,Eastern Perimeter Rd.,London Heathrow Airport Hounslow,Middlesex,TW6 2GE",3531,8,51.468573,-0.420339,"Eastern Perimeter Road, London, TW6 2GE, United Kingdom",,,Eastern Perimeter Road,Hillingdon,TW6 2GE,Hatton,London,London,,England,ENG,United Kingdom,gb,0,,,© OpenStreetMap contributors,Open Database License,https://www.openstreetmap.org/copyright
United Kingdom,"Unit 635 Wharfedale Rd.,Winnersh Triangle RG41 5TP",3532,8,51.4371199,-0.8841907,"Wharfedale Road, Winnersh, RG41 5TP, United Kingdom",Wharfedale Road,,Wharfedale Road,,RG41 5TP,Winnersh Triangle,Winnersh,Borough of Wokingham,,England,ENG,United Kingdom,gb,0.7,1,1,© OpenStreetMap contributors,Open Database License,https://www.openstreetmap.org/copyright
United Kingdom,"Unit 6B,Millennium Way,Leeds,West Yorkshire LS11 5AL",3533,8,53.7664588,-1.5515949,"Millennium Way, Leeds, LS11 5AL, United Kingdom",Millennium Way,,Millennium Way,,LS11 5AL,Hunslet Carr,Leeds,West Yorkshire,,England,ENG,United Kingdom,gb,0.7,1,1,© OpenStreetMap contributors,Open Database License,https://www.openstreetmap.org/copyright
United Kingdom,"Unit 6B,Stonecross Ind.Park,Yew Tree Way,Warrington,Cheshire WA3 3JD",3534,8,53.4692302,-2.5889168,"Yew Tree Way, Wigan, WA3 3JD, United Kingdom",Yew Tree Way,,Yew Tree Way,,WA3 3JD,Lowton Heath,Wigan,Greater Manchester,,England,ENG,United Kingdom,gb,0.7,1,1,© OpenStreetMap contributors,Open Database License,https://www.openstreetmap.org/copyright
United Kingdom,"Unit 7 Avant Business Centre,Denbigh West Ind.Estate,Milton Keynes MK1 1DL",3535,8,51.788806,-1.519784,"Glenmore Business Centre, Witney, United Kingdom",,,Glenmore Business Centre,Witney Civil Parish,,,Witney,Oxfordshire,OXF,England,ENG,United Kingdom,gb,0,0.4166666666666667,,© OpenStreetMap contributors,Open Database License,https://www.openstreetmap.org/copyright
United Kingdom,"Unit 7 Avant Business Centre,Denbigh West Ind.Estate,Milton Keynes,MK1 1DL",3536,8,51.788806,-1.519784,"Glenmore Business Centre, Witney, United Kingdom",,,Glenmore Business Centre,Witney Civil Parish,,,Witney,Oxfordshire,OXF,England,ENG,United Kingdom,gb,0,0.4166666666666667,,© OpenStreetMap contributors,Open Database License,https://www.openstreetmap.org/copyright
United Kingdom,"Unit 7 Farnborough Business Centre Eelmoor Rd.,Farnborough Hampshire GU14 7XA",3537,8,51.2854837,-0.7693783,"Eelmoor Road, Rushmoor, GU14 7XA, United Kingdom",Eelmoor Road,,Eelmoor Road,,GU14 7XA,Eelmoor Road Industrial Estate,Rushmoor,Hampshire,HAM,England,ENG,United Kingdom,gb,0.7,1,1,© OpenStreetMap contributors,Open Database License,https://www.openstreetmap.org/copyright
United Kingdom,"Unit 7 Hackford Walk,119-123 Hackford Rd.,London SW9 0QT",3538,8,51.4760585,-0.115017,"Hackford Road, London, SW9 0RE, United Kingdom",Hackford Road,,Hackford Road,London Borough of Lambeth,SW9 0RE,Oval,London,Greater London,,England,ENG,United Kingdom,gb,0.63,1,1,© OpenStreetMap contributors,Open Database License,https://www.openstreetmap.org/copyright
United Kingdom,"Unit 7,Genesis Business Park,Albert Dr.,Working,Surrey,GU21 5RW",3539,8,51.3281038,-0.5359581,"Albert Drive, Woking, GU21 5RW, United Kingdom",Albert Drive,,Albert Drive,Maybury Estate,GU21 5RW,Sheerwater,Woking,Surrey,SRY,England,ENG,United Kingdom,gb,0.7,1,1,© OpenStreetMap contributors,Open Database License,https://www.openstreetmap.org/copyright
United Kingdom,"Unit 7,Junction Six Ind.Estate Electric Ave.,Birmingham,B6 7JJ",3540,8,52.481286,-1.896383,"Unit 7, 8 North Western Arcade, Birmingham, B2 5LH, United Kingdom",Unit 7,8,North Western Arcade,,B2 5LH,Eastside,Birmingham,Birmingham,BIR,England,ENG,United Kingdom,gb,0.02727272727272727,1,0.18181818181818182,© OpenStreetMap contributors,Open Database License,https://www.openstreetmap.org/copyright
United Kingdom,"Unit 7,Parkway Trading Estate,Cranford Lane,Hesn,Hounslow,Middlessex,TW5 9QA",3541,8,51.477856,-0.349603,"Hounslow, London, TW5 9QA, United Kingdom",Hounslow,,,Hounslow,TW5 9QA,,London,London,,England,ENG,United Kingdom,gb,0.25,1,,Who's On First,CC0,https://www.whosonfirst.org/docs/licenses/
United Kingdom,"Unit 7,Parkway Trading Estate,Cranford Lane,Heston,Hounslow,Middlessex,TW5 9QA",3542,8,51.4850748,-0.4014419,"Cranford Lane, London, TW5 9GU, United Kingdom",Cranford Lane,,Cranford Lane,London Borough of Hounslow,TW5 9GU,,London,Greater London,,England,ENG,United Kingdom,gb,0.45927000000000007,0.7,0.7,© OpenStreetMap contributors,Open Database License,https://www.openstreetmap.org/copyright
United Kingdom,"Unit 7,Parkway Trading Estate,Cranford Lane,Hounslow,Middlessex,TW5 9QA",3543,8,51.4844689,-0.3941115,"Cranford Lane, London, TW5 9PU, United Kingdom",Cranford Lane,,Cranford Lane,London Borough of Hounslow,TW5 9PU,Hounslow West,London,Greater London,,England,ENG,United Kingdom,gb,0.5670000000000001,0.9,0.9,© OpenStreetMap contributors,Open Database License,https://www.openstreetmap.org/copyright
United Kingdom,"Unit 7,Trident Business Park,Ocean Way,Cardiff,CF24 5EP",3544,8,51.4738691,-3.1459323,"Ocean Way, Cardiff, CF24 5EP, United Kingdom",Ocean Way,,Ocean Way,,CF24 5EP,Splott,Cardiff,Cardiff,CRF,Wales,WLS,United Kingdom,gb,0.7,1,1,© OpenStreetMap contributors,Open Database License,https://www.openstreetmap.org/copyright
United Kingdom,"Unit 7,Trident Business Park,Ocean Way,Cardiff,Wales,CF24 5EP",3545,8,51.4738691,-3.1459323,"Ocean Way, Cardiff, CF24 5EP, United Kingdom",Ocean Way,,Ocean Way,,CF24 5EP,Splott,Cardiff,Cardiff,CRF,Wales,WLS,United Kingdom,gb,0.7,1,1,© OpenStreetMap contributors,Open Database License,https://www.openstreetmap.org/copyright
United Kingdom,"Unit 7,Vector Park,Forest Rd.,Feltham,Middlesex,TW13 7EJ",3546,8,51.4400849,-0.4024972,"Forest Road, London, TW13 7BE, United Kingdom",Forest Road,,Forest Road,London Borough of Hounslow,TW13 7BE,Feltham,London,Greater London,,England,ENG,United Kingdom,gb,0.44099999999999995,1,1,© OpenStreetMap contributors,Open Database License,https://www.openstreetmap.org/copyright
United Kingdom,"Unit 7.Blenheim Way,Liverpool L24 1YH",3547,8,53.34261,-2.86044,"Liverpool, L24 1YH, United Kingdom",,,,,L24 1YH,,Liverpool,Liverpool City Region,,England,ENG,United Kingdom,gb,0.6,1,,© OpenStreetMap contributors,Open Database License,https://www.openstreetmap.org/copyright
United Kingdom,"Unit 7&8,The Axis Centre,Cleeve Rd.,Leatherhead,Surrey,KT22 7RD",3548,8,51.3047169,-0.3343648,"Cleeve Road, Mole Valley, KT22 7NG, United Kingdom",Cleeve Road,,Cleeve Road,,KT22 7NG,,Mole Valley,Surrey,SRY,England,ENG,United Kingdom,gb,0.63,1,1,© OpenStreetMap contributors,Open Database License,https://www.openstreetmap.org/copyright
United Kingdom,"Unit 8 Cannon Wharf Business Centre,35 Evelyn St.,Surrey Quays,London SE8 5RT",3549,8,51.4884357,-0.039329,"Evelyn Street, London, SE8 5SE, United Kingdom",Evelyn Street,,Evelyn Street,London Borough of Lewisham,SE8 5SE,Deptford,London,Greater London,,England,ENG,United Kingdom,gb,0.63,1,1,© OpenStreetMap contributors,Open Database License,https://www.openstreetmap.org/copyright
United Kingdom,"Unit 8 Link Bldg.,2 Beacontree Plaza,Gillette Way,Reading",3550,8,51.4353721,-0.9713998,"Gillette Way, Reading, RG2 0LJ, United Kingdom",Gillette Way,,Gillette Way,,RG2 0LJ,Whitley,Reading,,,England,ENG,United Kingdom,gb,0.5,1,1,© OpenStreetMap contributors,Open Database License,https://www.openstreetmap.org/copyright
United Kingdom,"Unit 8 Link Bldg.,2 Beacontree Plaza,Gillette Way,Reading RG2 0BP",3551,8,51.4353721,-0.9713998,"Gillette Way, Reading, RG2 0LJ, United Kingdom",Gillette Way,,Gillette Way,,RG2 0LJ,Whitley,Reading,,,England,ENG,United Kingdom,gb,0.63,1,1,© OpenStreetMap contributors,Open Database License,https://www.openstreetmap.org/copyright
United Kingdom,"Unit 8 Link Bldg.,2 Beacontree Plaza,Gillette Way,Reading RG2 OBP",3552,8,51.4353721,-0.9713998,"Gillette Way, Reading, RG2 0LJ, United Kingdom",Gillette Way,,Gillette Way,,RG2 0LJ,Whitley,Reading,,,England,ENG,United Kingdom,gb,0.5,1,1,© OpenStreetMap contributors,Open Database License,https://www.openstreetmap.org/copyright
United Kingdom,"Unit 8,Ave.,Farm,Stratford-Upon-Avon,Warwickshire,CV37 9LQ",3553,8,52.200028,-1.727986,"Avenue Farm Industrial Estate (Stratford-on-Avon), CV37 9LQ, United Kingdom",CV37 9LQ,,,Stratford-Upon-Avon,CV37 9LQ,Avenue Farm Industrial Estate,Stratford-on-Avon,,,,,United Kingdom,gb,0.6,1,,Who's On First,CC0,https://www.whosonfirst.org/docs/licenses/
United Kingdom,"Unit 8,Cannon Wharf Business Centre,35 Evelyn St.,London,SE8 5RT",3554,8,51.4884357,-0.039329,"Evelyn Street, London, SE8 5SE, United Kingdom",Evelyn Street,,Evelyn Street,London Borough of Lewisham,SE8 5SE,Deptford,London,Greater London,,England,ENG,United Kingdom,gb,0.63,1,1,© OpenStreetMap contributors,Open Database License,https://www.openstreetmap.org/copyright
United Kingdom,"Unit 8,Finway,Dallow Rd.,Luton,Bedfordshire,LU1 1TR",3555,8,51.8830721,-0.4409766,"Dallow Road, Luton, LU1 1NE, United Kingdom",Dallow Road,,Dallow Road,,LU1 1NE,Bury Park,Luton,Borough of Luton,,England,ENG,United Kingdom,gb,0.44099999999999995,1,1,© OpenStreetMap contributors,Open Database License,https://www.openstreetmap.org/copyright
United Kingdom,"Unit 8,Hortonwood 32,Telford Shropshire TEL 4EX",3556,8,52.7176511,-2.4663397,"Hortonwood 32, Telford and Wrekin, TF1 7EU, United Kingdom",Hortonwood 32,,Hortonwood 32,,TF1 7EU,Trench,,Telford and Wrekin,TFW,England,ENG,United Kingdom,gb,0,,,© OpenStreetMap contributors,Open Database License,https://www.openstreetmap.org/copyright
United Kingdom,"Unit 8,Hortonwood 32,Telford Shropshire TF1 4EX",3557,8,52.7176511,-2.4663397,"Hortonwood 32, Telford and Wrekin, TF1 7EU, United Kingdom",Hortonwood 32,,Hortonwood 32,,TF1 7EU,Trench,,Telford and Wrekin,TFW,England,ENG,United Kingdom,gb,0.44099999999999995,0.7290000000000001,0.7290000000000001,© OpenStreetMap contributors,Open Database License,https://www.openstreetmap.org/copyright
United Kingdom,"Unit 8,Link Bldg.2,Beacontree Plaza,Gillette Way,Reading,RG2 0BP",3558,8,51.4353721,-0.9713998,"Gillette Way, Reading, RG2 0LJ, United Kingdom",Gillette Way,,Gillette Way,,RG2 0LJ,Whitley,Reading,,,England,ENG,United Kingdom,gb,0.63,1,1,© OpenStreetMap contributors,Open Database License,https://www.openstreetmap.org/copyright
United Kingdom,"Unit 8,Link Bldg.2,Beacontree Plaza,Gillette Way,Reading,RG2 OBP",3559,8,51.4353721,-0.9713998,"Gillette Way, Reading, RG2 0LJ, United Kingdom",Gillette Way,,Gillette Way,,RG2 0LJ,Whitley,Reading,,,England,ENG,United Kingdom,gb,0.5,1,1,© OpenStreetMap contributors,Open Database License,https://www.openstreetmap.org/copyright
United Kingdom,"Unit 8,Wheatcroft Business Park,Landmere Lane,Edwalton,Nottingham,NG12 4DG",3560,8,52.9030674,-1.1242598,"Landmere Lane, Rushcliffe, NG12 4DG, United Kingdom",Landmere Lane,,Landmere Lane,,NG12 4DG,Sharp Hill,Rushcliffe,Nottinghamshire,NTT,England,ENG,United Kingdom,gb,0.7,1,1,© OpenStreetMap contributors,Open Database License,https://www.openstreetmap.org/copyright
United Kingdom,"Unit 8A Apollo,Olympus Park,Quedgeley Gloucester,GL2 4NF",3561,8,51.9933428,-1.9668755,"Teal Products Ltd, Unit 8A B4077, Cheltenham, GL54 5EB, United Kingdom",Teal Products Ltd,Unit 8A,B4077,,GL54 5EB,Toddington,Cheltenham,Gloucestershire,GLS,England,ENG,United Kingdom,gb,0,,,© OpenStreetMap contributors,Open Database License,https://www.openstreetmap.org/copyright
United Kingdom,"Unit 9 Darwin House,Dudley Innovation Centre,Second Ave.,The Pensnett Estate,Kingswinford,West Midlands,DY6 7YB",3562,8,52.5006964,-2.1526614,"Second Avenue, Dudley, DY6 7YB, United Kingdom",Second Avenue,,Second Avenue,,DY6 7YB,Pensnett,Dudley,West Midlands Combined Authority,,England,ENG,United Kingdom,gb,0.7,1,1,© OpenStreetMap contributors,Open Database License,https://www.openstreetmap.org/copyright
United Kingdom,"Unit 9 Egham Business Village,Crabtree Rd.,Egham,Surrey",3563,8,51.430971,-0.549302,"Church Road, Egham, TW20 9QP, United Kingdom",,,Church Road,,TW20 9QP,,Egham,Surrey,SRY,England,ENG,United Kingdom,gb,0.567,1,0.567,© OpenStreetMap contributors,Open Database License,https://www.openstreetmap.org/copyright
United Kingdom,"Unit 9,Abbey Rd.,Ind.Park,Commercial Way,London NW10 7XF",3564,8,51.5340589,-0.2727028,"Commercial Way, London, NW10 7XF, United Kingdom",Commercial Way,,Commercial Way,London Borough of Brent,NW10 7XF,Abbey Road Industrial Park,London,Greater London,,England,ENG,United Kingdom,gb,0.7,1,1,© OpenStreetMap contributors,Open Database License,https://www.openstreetmap.org/copyright
United Kingdom,"Unit 9,Abbey Road Ind.Park,Commercial Way,London NW10 7XF",3565,8,51.5340589,-0.2727028,"Commercial Way, London, NW10 7XF, United Kingdom",Commercial Way,,Commercial Way,London Borough of Brent,NW10 7XF,Abbey Road Industrial Park,London,Greater London,,England,ENG,United Kingdom,gb,0.7,1,1,© OpenStreetMap contributors,Open Database License,https://www.openstreetmap.org/copyright
United Kingdom,"Unit 9,Avant Business Centre,Denbigh West Ind.Eatat MK1 1DR",3566,8,51.296643,-0.988353,"9 & 10 Optrex Business Centre, Rotherwick, RG27 9BF, United Kingdom",,9 & 10,Optrex Business Centre,Rotherwick,RG27 9BF,Rotherwick,Rotherwick,Hampshire,HAM,England,ENG,United Kingdom,gb,0.6473684210526316,0.037037037037037035,0.03333333333333333,© OpenStreetMap contributors,Open Database License,https://www.openstreetmap.org/copyright
United Kingdom,"Unit 9,Barrington Ind.Estate,Leycroft Rd.,Beaumont Leys,Leicester,LE4 1ET",3567,8,52.6698388,-1.1580726,"Leycroft Road, Leicester, LE4 1ET, United Kingdom",Leycroft Road,,Leycroft Road,,LE4 1ET,Beaumont Leys,Leicester,City of Leicester,,England,ENG,United Kingdom,gb,0.7,1,1,© OpenStreetMap contributors,Open Database License,https://www.openstreetmap.org/copyright
United Kingdom,"Unit 9,Barrington Ind.Estete,Leycroft Rd.,Beaumont Leys,Leicester,LE4 1ET",3568,8,52.6698388,-1.1580726,"Leycroft Road, Leicester, LE4 1ET, United Kingdom",Leycroft Road,,Leycroft Road,,LE4 1ET,Beaumont Leys,Leicester,City of Leicester,,England,ENG,United Kingdom,gb,0.7,1,1,© OpenStreetMap contributors,Open Database License,https://www.openstreetmap.org/copyright
United Kingdom,"Unit 9,Rodgers Ind.Estate,Yalberton Rd.,Paignton Devon,TQ4 7PJ",3569,8,50.4208919,-3.593644,"Yalberton Road, Paignton, TQ4 7PJ, United Kingdom",Yalberton Road,,Yalberton Road,,TQ4 7PJ,Yalberton,Paignton,Torbay,TOB,England,ENG,United Kingdom,gb,0.7,1,1,© OpenStreetMap contributors,Open Database License,https://www.openstreetmap.org/copyright
United Kingdom,"Unit 9,The Felbridge Centre,East Grinstead,West Sussex RH19 1XP",3570,8,51.137995,-0.041346,"The Felbridge Centre, Mid Sussex, RH19 1XP, United Kingdom",,,The Felbridge Centre,East Grinstead,RH19 1XP,The Felbridge Centre,Mid Sussex,West Sussex,WSX,England,ENG,United Kingdom,gb,1,1,,© OpenStreetMap contributors,Open Database License,https://www.openstreetmap.org/copyright
United Kingdom,Unit A Stafford Park 18 Telford Shropshire TF3 DJ,3571,8,52.6740809,-2.4239198,"Stafford Park 18, Priorslee Village, TF3 3BN, United Kingdom",Stafford Park 18,,Stafford Park 18,,TF3 3BN,Hollinswood and Randlay,Priorslee Village,Telford and Wrekin,TFW,England,ENG,United Kingdom,gb,0,,,© OpenStreetMap contributors,Open Database License,https://www.openstreetmap.org/copyright
United Kingdom,"Unit A1,Calder Way,Colnbrook,Slough,Berkshire,SL3 0BQ",3572,8,51.4704937,-0.5116352,"Calder Way, Slough, SL3 0AT, United Kingdom",Calder Way,,Calder Way,,SL3 0AT,Colnbrook with Poyle,Slough,,,England,ENG,United Kingdom,gb,0.63,1,1,© OpenStreetMap contributors,Open Database License,https://www.openstreetmap.org/copyright
United Kingdom,"Unit A1,Skyway 14,Calder Way Colnbrook,Slough,Berkshire,SL3 0BQ",3573,8,51.4704937,-0.5116352,"Calder Way, Slough, SL3 0AT, United Kingdom",Calder Way,,Calder Way,,SL3 0AT,Colnbrook with Poyle,Slough,,,England,ENG,United Kingdom,gb,0.42000000000000004,1,0.6666666666666667,© OpenStreetMap contributors,Open Database License,https://www.openstreetmap.org/copyright
United Kingdom,"Unit A1,Skyway 14,Calder Way,Colnblook,Slough,Berkshire,SL3 0BQ",3574,8,51.4704937,-0.5116352,"Calder Way, Slough, SL3 0AT, United Kingdom",Calder Way,,Calder Way,,SL3 0AT,Colnbrook with Poyle,Slough,,,England,ENG,United Kingdom,gb,0.63,1,1,© OpenStreetMap contributors,Open Database License,https://www.openstreetmap.org/copyright
United Kingdom,"Unit A1.Skyway 14,Calder Way,Horton Rd.,Colnbrook,Berkshire,SL3,OBQ",3575,8,52.3554,-2.2897,"Burlish Park Post Office, 14-20 Calder Road, Wyre Forest, DY13 8QD, United Kingdom",Burlish Park Post Office,14-20,Calder Road,,DY13 8QD,,Wyre Forest,Worcestershire,WOR,England,ENG,United Kingdom,gb,0.00622693043893182,0.14285714285714285,0.14285714285714285,© OpenStreetMap contributors,Open Database License,https://www.openstreetmap.org/copyright
United Kingdom,"Unit A1/A2,Parkway West,Cranford Lane,Heston,Hounslow,Middlesex TW5 9NE",3576,8,51.4850748,-0.4014419,"Cranford Lane, London, TW5 9GU, United Kingdom",Cranford Lane,,Cranford Lane,London Borough of Hounslow,TW5 9GU,,London,Greater London,,England,ENG,United Kingdom,gb,0.45927000000000007,0.7,0.7,© OpenStreetMap contributors,Open Database License,https://www.openstreetmap.org/copyright
United Kingdom,"Unit A1/A2,Parkway West,Cranford Lane,Heston,Hounslow,Middlesex,TW5 9NE",3577,8,51.4850748,-0.4014419,"Cranford Lane, London, TW5 9GU, United Kingdom",Cranford Lane,,Cranford Lane,London Borough of Hounslow,TW5 9GU,,London,Greater London,,England,ENG,United Kingdom,gb,0.45927000000000007,0.7,0.7,© OpenStreetMap contributors,Open Database License,https://www.openstreetmap.org/copyright
United Kingdom,"Unit A5,Langham Park Ind.Estate,Maple Rd.,Castle Donington,Derbyshire,DE74 2UT",3578,8,52.8411689,-1.3409476,"Castle Donington (North West Leicestershire), ENG, United Kingdom",,,,,,,North West Leicestershire,Leicestershire,LEC,England,ENG,United Kingdom,gb,0.25,1,,© OpenStreetMap contributors,Open Database License,https://www.openstreetmap.org/copyright
United Kingdom,"Unit B-1,The Wallowes Ind.Estate,Fenns Pool Ave.,Brierley Hill,West Midlands,DY5 1QA",3579,8,52.48173,-2.12139,"Brierley Hill, Dudley, DY5 1QA, United Kingdom",Brierley Hill,,,,DY5 1QA,Brierley Hill,Dudley,Birmingham,BIR,England,ENG,United Kingdom,gb,0.25,1,,Who's On First,CC0,https://www.whosonfirst.org/docs/licenses/
United Kingdom,"Unit B-1,The Wallowes Industrial Estate,Fenns Pool Ave.,Brierley Hill,West Midlands,DY5 1QA",3580,8,52.48173,-2.12139,"Brierley Hill, Dudley, DY5 1QA, United Kingdom",Brierley Hill,,,,DY5 1QA,Brierley Hill,Dudley,Birmingham,BIR,England,ENG,United Kingdom,gb,0.25,1,,Who's On First,CC0,https://www.whosonfirst.org/docs/licenses/
United Kingdom,"Unit B,Alpha House,158 Garth Rd.,Morden Surrey SM4 4TQ",3581,8,51.383377,-0.223916,"Garth Road, London, SM4 4JX, United Kingdom",Garth Road,,Garth Road,London Borough of Merton,SM4 4JX,Lower Morden,London,Greater London,,England,ENG,United Kingdom,gb,0.45,0.9,0.9,© OpenStreetMap contributors,Open Database License,https://www.openstreetmap.org/copyright
United Kingdom,"Unit B,Alpha House,158 Garth Rd.,Morden Surrey,London SM4 4TQ",3582,8,51.383377,-0.223916,"Garth Road, London, SM4 4JX, United Kingdom",Garth Road,,Garth Road,London Borough of Merton,SM4 4JX,Lower Morden,London,Greater London,,England,ENG,United Kingdom,gb,0.63,1,1,© OpenStreetMap contributors,Open Database License,https://www.openstreetmap.org/copyright
United Kingdom,"Unit B,Court Farm Estate,Northumberland Close,Stanwell Middlesex,TW19 7LN",3583,8,51.45707,-0.46839,"Spelthorne, TW19 7LN, United Kingdom",,,,,TW19 7LN,,Borough of Spelthorne,Surrey,SRY,England,ENG,United Kingdom,gb,0.6,1,,© OpenStreetMap contributors,Open Database License,https://www.openstreetmap.org/copyright
United Kingdom,"Unit B,Edgemead Close,Round Spinney,Northampton,NN3 4RG",3584,8,52.2795196,-0.8384492,"Edgemead Close, Northampton, NN3 8RG, United Kingdom",Edgemead Close,,Edgemead Close,,NN3 8RG,Round Spinney,Northampton,West Northamptonshire,,England,ENG,United Kingdom,gb,0.63,1,1,© OpenStreetMap contributors,Open Database License,https://www.openstreetmap.org/copyright
United Kingdom,"Unit B,Hibernia Way,Stretford Motorway Estate,Manchester M32 0ZD",3585,8,53.461082,-2.329479,"Hibernia Way, Trafford, M32 0ZD, United Kingdom",Hibernia Way,,Hibernia Way,,M32 0ZD,Mosley,Trafford,Greater Manchester,,England,ENG,United Kingdom,gb,0.7,1,1,© OpenStreetMap contributors,Open Database License,https://www.openstreetmap.org/copyright
United Kingdom,"Unit B,Hibernia Way,Stretford Motorway Estate,Manchester,M32 0ZD",3586,8,53.461082,-2.329479,"Hibernia Way, Trafford, M32 0ZD, United Kingdom",Hibernia Way,,Hibernia Way,,M32 0ZD,Mosley,Trafford,Greater Manchester,,England,ENG,United Kingdom,gb,0.7,1,1,© OpenStreetMap contributors,Open Database License,https://www.openstreetmap.org/copyright
United Kingdom,"Unit B,Imperial Park,Randalls Way Leatherhead,Surrey KT22 7TN",3587,8,51.3002226,-0.3362193,"Randalls Way, Mole Valley, KT22 7US, United Kingdom",Randalls Way,,Randalls Way,,KT22 7US,,Mole Valley,Surrey,SRY,England,ENG,United Kingdom,gb,0.63,1,1,© OpenStreetMap contributors,Open Database License,https://www.openstreetmap.org/copyright
United Kingdom,"Unit B,Third Ave.,Denbigh West Business Park Bletchley,Buckinghamshire,MK1 1EJ",3588,8,51.73161,-0.356031,"West Avenue, St. Stephen, United Kingdom",,,West Avenue,St. Stephen,,,St. Stephen,Hertfordshire,HRT,England,ENG,United Kingdom,gb,0,,,© OpenStreetMap contributors,Open Database License,https://www.openstreetmap.org/copyright
United Kingdom,"Unit B1,Fenns Pool Ave.The Wallows,Brierley Hill West Midlands DY5 1QA",3589,8,52.4904735,-2.122288,"Wallows Road, Dudley, DY5 1PH, United Kingdom",Wallows Road,,Wallows Road,,DY5 1PH,Brockmoor,Dudley,West Midlands Combined Authority,,England,ENG,United Kingdom,gb,0.5103,1,1,© OpenStreetMap contributors,Open Database License,https://www.openstreetmap.org/copyright
United Kingdom,"Unit B1,Marston Gate South Marston Park,Swindon,SN3 4DE",3590,8,51.756603,-1.235092,"Marston Road Car Park (Temporary), Marston Road, Oxford, OX3 0EE, United Kingdom",Marston Road Car Park (Temporary),,Marston Road,,OX3 0EE,,Oxford,Oxfordshire,OXF,England,ENG,United Kingdom,gb,0,,,© OpenStreetMap contributors,Open Database License,https://www.openstreetmap.org/copyright
United Kingdom,"Unit B1,Marston Gate,South Marston Park,Swindon,SN3 4DE",3591,8,51.756603,-1.235092,"Marston Road Car Park (Temporary), Marston Road, Oxford, OX3 0EE, United Kingdom",Marston Road Car Park (Temporary),,Marston Road,,OX3 0EE,,Oxford,Oxfordshire,OXF,England,ENG,United Kingdom,gb,0,,,© OpenStreetMap contributors,Open Database License,https://www.openstreetmap.org/copyright
United Kingdom,"Unit B1,Marston Gate,Stirling Rd.,South Marston Ind.Estate,Swindon,SN3 4DE",3592,8,51.597894,-1.7398272,"Stirling Road, South Marston, SN3 4DE, United Kingdom",Stirling Road,,Stirling Road,,SN3 4DE,South Marston,South Marston,Swindon,SWD,England,ENG,United Kingdom,gb,0.7,1,1,© OpenStreetMap contributors,Open Database License,https://www.openstreetmap.org/copyright
United Kingdom,"Unit B1,The Wallows Ind.Estate,Fens Pool Ave.,Brierley Hill,DY5 1QA",3593,8,52.491033900000005,-2.119228195427562,"1 Fens Pool Avenue, Dudley, DY5 1QA, United Kingdom",,1,Fens Pool Avenue,,DY5 1QA,Brockmoor,Dudley,West Midlands Combined Authority,,England,ENG,United Kingdom,gb,0.9,1,1,© OpenStreetMap contributors,Open Database License,https://www.openstreetmap.org/copyright
United Kingdom,"Unit B6,Hortonwood 10,Telford,Shrophire TF1 7ES",3594,8,52.7155667,-2.4666927,"Hortonwood 10, Telford and Wrekin, TF1 7ES, United Kingdom",Hortonwood 10,,Hortonwood 10,,TF1 7ES,Trench,,Telford and Wrekin,TFW,England,ENG,United Kingdom,gb,0.7,1,1,© OpenStreetMap contributors,Open Database License,https://www.openstreetmap.org/copyright
United Kingdom,"Unit C71 Barwell Business Park Leatherhead Rd.,Chessington Surrey KT9 2NY,England",3595,8,51.3455177,-0.3157376,"Leatherhead Road, London, KT9 2NG, United Kingdom",Leatherhead Road,,Leatherhead Road,Royal Borough of Kingston upon Thames,KT9 2NG,,London,Greater London,,England,ENG,United Kingdom,gb,0.44099999999999995,0.9,0.9,© OpenStreetMap contributors,Open Database License,https://www.openstreetmap.org/copyright
United Kingdom,"Unit C71,Barwell Business Park,Leatherhead Rd.,Chessington Surrey,KT9 2NY",3596,8,51.3455177,-0.3157376,"Leatherhead Road, London, KT9 2NG, United Kingdom",Leatherhead Road,,Leatherhead Road,Royal Borough of Kingston upon Thames,KT9 2NG,,London,Greater London,,England,ENG,United Kingdom,gb,0.44099999999999995,0.7,0.7,© OpenStreetMap contributors,Open Database License,https://www.openstreetmap.org/copyright
United Kingdom,"Unit D-1,Stafford Park 4,Telford,Shrophire TF3 3BA",3597,8,52.67659,-2.44926,"Lawley and Overdale (Telford), ENG, United Kingdom",,,,Lawley and Overdale,,,Telford,Shropshire,SHR,England,ENG,United Kingdom,gb,0.25,1,,GeoNames,CC BY 4.0,https://www.geonames.org/datasources/
United Kingdom,"Unit D,Court Farm Estate Northumberland Close,Stanwell Middlesex,TW19 7LN",3598,8,51.45707,-0.46839,"Spelthorne, TW19 7LN, United Kingdom",,,,,TW19 7LN,,Borough of Spelthorne,Surrey,SRY,England,ENG,United Kingdom,gb,0.6,1,,© OpenStreetMap contributors,Open Database License,https://www.openstreetmap.org/copyright
United Kingdom,"Unit D,Watt Place,Hamilton Int'l Technology Park,Hamilton,Glasgow G72 0AG",3599,8,55.778927,-4.098535,"Hamilton International Park, Blantyre, G72 0AG, United Kingdom",,,Hamilton International Park,,G72 0AG,,Blantyre,South Lanarkshire,SLK,Scotland,SCT,United Kingdom,gb,1,,,© OpenStreetMap contributors,Open Database License,https://www.openstreetmap.org/copyright
United Kingdom,"Unit D,Watt Place,Hamilton Int'l Technology Park,Hamilton,Glasgow G72 OAH",3600,8,55.778927,-4.098535,"Hamilton International Park, Blantyre, United Kingdom",,,Hamilton International Park,,,High Blantyre,Blantyre,South Lanarkshire,SLK,Scotland,SCT,United Kingdom,gb,1,,,© OpenStreetMap contributors,Open Database License,https://www.openstreetmap.org/copyright
United Kingdom,"Unit D,Watt Place,Hamilton Int'l Technology Park,Hamilton,Glasgow G7Z 0AG",3601,8,55.778897,-4.09848,"Hamilton International Park, Blantyre, United Kingdom",,,Hamilton International Park,,,High Blantyre,Blantyre,South Lanarkshire,SLK,Scotland,SCT,United Kingdom,gb,1,,,© OpenStreetMap contributors,Open Database License,https://www.openstreetmap.org/copyright
United Kingdom,"Unit D1,Hortonwood 62,Telford,Shropshire",3602,8,52.578459,-2.774622,"Shropshire, ENG, UK",Shropshire,,,,,,,Shropshire,SHR,England,ENG,United Kingdom,gb,0,,,Who's On First,CC0,https://www.whosonfirst.org/docs/licenses/
United Kingdom,"Unit D1,Third Ave.,Centrum 100 Burton Upon Trent,Staffordshire,DE14 2WD",3603,8,52.7989107,-1.666426,"Third Avenue, East Staffordshire, DE14 2WD, United Kingdom",Third Avenue,,Third Avenue,,DE14 2WD,Branston,East Staffordshire,Staffordshire,STS,England,ENG,United Kingdom,gb,0.7,1,1,© OpenStreetMap contributors,Open Database License,https://www.openstreetmap.org/copyright
United Kingdom,"Unit D12 Int'l Broadcast Centre Here East,Stratford,London,E20 3BS",3604,8,51.5757615,-0.01456769365284986,"Kingsway International Christian Centre, 468-474 Hoe Street, London, E17 9AH, United Kingdom",Kingsway International Christian Centre,468-474,Hoe Street,Waltham Forest,E17 9AH,Leyton,London,Greater London,,England,ENG,United Kingdom,gb,0,,,© OpenStreetMap contributors,Open Database License,https://www.openstreetmap.org/copyright
United Kingdom,"Unit D2,Fareham Heights,Standard Way,Fareham Hampshire,P016 8XT",3605,8,50.862172,-1.171507,"Standard Way, Fareham, United Kingdom",,,Standard Way,,,,Fareham,Hampshire,HAM,England,ENG,United Kingdom,gb,0,,,© OpenStreetMap contributors,Open Database License,https://www.openstreetmap.org/copyright
United Kingdom,"Unit Dl.3rd Ave.Centrum 100,Burton on Trent,Stafford DE14 2WD",3606,8,52.029644,-1.757334,"Northwick Business Centre Unit 100, Blockley, GL56 9RF, United Kingdom",,Northwick Business Centre,Unit 100,Blockley,GL56 9RF,,Blockley,Gloucestershire,GLS,England,ENG,United Kingdom,gb,0,,,© OpenStreetMap contributors,Open Database License,https://www.openstreetmap.org/copyright
United Kingdom,"Unit E28,John Boyd Dunlop Drive,Kingsway Business Park,Rochdale,OL11 4NG",3607,8,53.6045299,-2.17196,"Rochdale, OL11 4NG, United Kingdom",,,,,OL11 4NG,,Rochdale,Greater Manchester,,England,ENG,United Kingdom,gb,0.6,1,,© OpenStreetMap contributors,Open Database License,https://www.openstreetmap.org/copyright
United Kingdom,"Unit E2B,John Boyd Dunlop Dr.,Kingsway Business Park,Rochdale,OL16 4NG",3608,8,53.60132,-2.125147,"John Boyd Dunlop Drive, Rochdale, OL16 4NG, United Kingdom",,,John Boyd Dunlop Drive,,OL16 4NG,,Rochdale,Salford,SLF,England,ENG,United Kingdom,gb,0,1,,© OpenStreetMap contributors,Open Database License,https://www.openstreetmap.org/copyright
United Kingdom,"Unit E2B,John Boyd Dunlop Drive,Kingsway Business Park,Rochdale,OL16 4NG",3609,8,53.6013245,-2.1251551,"John Boyd Dunlop Drive, Milnrow, OL16 4NG, United Kingdom",John Boyd Dunlop Drive,,John Boyd Dunlop Drive,,OL16 4NG,Lady House,Milnrow,Greater Manchester,,England,ENG,United Kingdom,gb,0.7,1,1,© OpenStreetMap contributors,Open Database License,https://www.openstreetmap.org/copyright
United Kingdom,"Unit El,Fareham Heights,Standard Way,Fareham,Hampshire,Po16 8XT",3610,8,50.8618325,-1.1709049,"Standard Way, Fareham, PO16 8XQ, United Kingdom",Standard Way,,Standard Way,,PO16 8XQ,Fareham Industrial Park,Fareham,Hampshire,HAM,England,ENG,United Kingdom,gb,0.63,1,1,© OpenStreetMap contributors,Open Database License,https://www.openstreetmap.org/copyright
United Kingdom,"Unit H,Smiths Rd.,Saxon Business Park,Stoke Prior,Bromsgrove Worcestershire,B60,4AD",3611,8,52.323009,-2.048382,"Bromsgrove, ENG, United Kingdom",,,,,,,Bromsgrove,Worcestershire,WOR,England,ENG,United Kingdom,gb,0.04683998747078525,0.21428571428571427,,Who's On First,CC0,https://www.whosonfirst.org/docs/licenses/
United Kingdom,"Unit No.4,Tafarnaubach Iudustrial Estate,Tredegar,Gwent,NP2 3AA",3612,8,51.78633165,-3.277539963124593,"Tafarnaubach Industrial Estate, Tredegar, NP2 3AA, United Kingdom",Tafarnaubach Industrial Estate,,,,NP2 3AA,Tredegar,Tredegar,Blaenau Gwent,BGW,Wales,WLS,United Kingdom,gb,0.36450000000000005,1,0.81,© OpenStreetMap contributors,Open Database License,https://www.openstreetmap.org/copyright
United Kingdom,"Unit No.9,Tower Rd.,Glover Ind.Estate,Washington Tyne & Wear,NE37 2SH",3613,8,51.786371,1.148888,"Tower Road, Clacton-on-Sea, United Kingdom",,,Tower Road,,,,Clacton-on-Sea,Essex,ESS,England,ENG,United Kingdom,gb,0.125,0.25,0.25,© OpenStreetMap contributors,Open Database License,https://www.openstreetmap.org/copyright
United Kingdom,"Unit""G""61 Lever St.,London,EC1V 3PY",3614,8,51.526863,-0.0974463,"The Clerkenwell Centre, 61 Lever Street, London, EC1V 3AR, United Kingdom",The Clerkenwell Centre,61,Lever Street,London Borough of Islington,EC1V 3AR,Finsbury,London,Greater London,,England,ENG,United Kingdom,gb,0.63,1,1,© OpenStreetMap contributors,Open Database License,https://www.openstreetmap.org/copyright
United Kingdom,"Unit1,The Willows,Mark Rd.,Hemel Hempstead,Hertfordshire,HP2 7AU",3615,8,51.7628443,-0.4431407,"Mark Road, Dacorum, HP2 7BN, United Kingdom",Mark Road,,Mark Road,,HP2 7BN,Maylands,Dacorum,Hertfordshire,HRT,England,ENG,United Kingdom,gb,0.63,1,1,© OpenStreetMap contributors,Open Database License,https://www.openstreetmap.org/copyright
United Kingdom,"Unit13 Cordwallis Park,Clivemont Rd.,Maidenhead,Berkshire,SL6 7BU",3616,8,51.530404,-0.725681,"Clivemont Road, Maidenhead, SL6 7EP, United Kingdom",Clivemont Road,,Clivemont Road,,SL6 7EP,North Town,Maidenhead,Royal Borough of Windsor and Maidenhead,,England,ENG,United Kingdom,gb,0.44099999999999995,1,1,© OpenStreetMap contributors,Open Database License,https://www.openstreetmap.org/copyright
United Kingdom,"Unit2,Aberafan Rd.Baglan Ind.Park Port Talbot,West Glamorgan SA12 7DJ",3617,8,51.59680495,-3.7617348612573114,"Port Talbot, Neath Port Talbot, WLS, United Kingdom",,,,,,Port Talbot,,Neath Port Talbot,NTL,Wales,WLS,United Kingdom,gb,0.25,1,,© OpenStreetMap contributors,Open Database License,https://www.openstreetmap.org/copyright
United Kingdom,"Unit2,Aberafan Rd.Baglan Industrial Park,Port Talbot,West Glamorgan SA12 70J",3618,8,,,,,,,,,,,,,,,,,,,,,,
United Kingdom,"Unit2,Aberafan Rd.Baglan Industrial Park,Port Talbot,West Glamorgan SA12 7DJ",3619,8,51.59680495,-3.7617348612573114,"Port Talbot, Neath Port Talbot, WLS, United Kingdom",,,,,,Port Talbot,,Neath Port Talbot,NTL,Wales,WLS,United Kingdom,gb,0.25,1,,© OpenStreetMap contributors,Open Database License,https://www.openstreetmap.org/copyright
United Kingdom,"Unit2,Baglan Industrial Park,Port Talbot,Wales",3620,8,51.60515855,-3.8061582845625876,"Baglan Industrial Park, Baglan Moors, Port Talbot, Neath Port Talbot, WLS, United Kingdom",Baglan Industrial Park,,,,,Baglan Moors,Port Talbot,Neath Port Talbot,NTL,Wales,WLS,United Kingdom,gb,0.75,1,,© OpenStreetMap contributors,Open Database License,https://www.openstreetmap.org/copyright
United Kingdom,"Unit9,Rodgers Ind.Estate Yalberton Rd.,Paignton Devon TQ4 7PJ",3621,8,50.411585,-3.601376,"Yalberton Copse, Paignton, TQ4 7PJ, United Kingdom",,,Yalberton Copse,,TQ4 7PJ,,Paignton,Devon,DEV,England,ENG,United Kingdom,gb,0.44099999999999995,1,0.44099999999999995,© OpenStreetMap contributors,Open Database License,https://www.openstreetmap.org/copyright
United Kingdom,"Unite 27,Queensway Meadouws Industrial Estate,Newport,Gwent NP9 0SP",3622,8,,,,,,,,,,,,,,,,,,,,,,
United Kingdom,"Units 1 & 2 The Headlands Downton Salisbury Wiltshire,SP5 3HP",3623,8,50.9914738,-1.7578543,"The Headlands, Downton, SP5 3HP, United Kingdom",The Headlands,,The Headlands,,SP5 3HP,Wick,Downton,Wiltshire,WIL,England,ENG,United Kingdom,gb,0.4666666666666667,1,0.6666666666666667,© OpenStreetMap contributors,Open Database License,https://www.openstreetmap.org/copyright
United Kingdom,"Units 1 The Headlands Downton Salisbury Wiltshire,SP5 3JJ",3624,8,50.9925688,-1.7580462,"The Headlands, Downton, SP5 3HL, United Kingdom",The Headlands,,The Headlands,,SP5 3HL,Wick,Downton,Wiltshire,WIL,England,ENG,United Kingdom,gb,0.294,0.7,0.4666666666666667,© OpenStreetMap contributors,Open Database License,https://www.openstreetmap.org/copyright
United Kingdom,"Units 2-4,Leavers Estate,Chiddingstone Causeway,Tonbridge,Kent,TN11 8JU",3625,8,51.19886,0.16932,"Chiddingstone (Sevenoaks), TN11 8JU, United Kingdom",,,,,TN11 8JU,,Sevenoaks,Kent,KEN,England,ENG,United Kingdom,gb,0.6,1,,© OpenStreetMap contributors,Open Database License,https://www.openstreetmap.org/copyright
United Kingdom,"Units 25-27 Fawkes Ave.,Questor,Dartford,Kent DA1 1JQ",3626,8,51.4327633,0.2225712,"Fawkes Avenue, Dartford, DA1 1PE, United Kingdom",Fawkes Avenue,,Fawkes Avenue,,DA1 1PE,Wilmington,Dartford,Kent,KEN,England,ENG,United Kingdom,gb,0.63,1,1,© OpenStreetMap contributors,Open Database License,https://www.openstreetmap.org/copyright
United Kingdom,"Units 4 to 5,Pinfold Lane Llay Ind.Estate,Wrexham LL12 0TU",3627,8,53.0985797,-3.0020709,"Pinfold Lane, Llay, LL12 0PX, United Kingdom",Pinfold Lane,,Pinfold Lane,,LL12 0PX,Llay,Llay,Wrexham,WRX,Wales,WLS,United Kingdom,gb,0.28350000000000003,0.9,0.45,© OpenStreetMap contributors,Open Database License,https://www.openstreetmap.org/copyright
United Kingdom,"Units 4-5,Pinfold Lane,Llay Ind.Estate,Wrexham,LL12 0TU",3628,8,53.0985797,-3.0020709,"Pinfold Lane, Llay, LL12 0PX, United Kingdom",Pinfold Lane,,Pinfold Lane,,LL12 0PX,Llay,Llay,Wrexham,WRX,Wales,WLS,United Kingdom,gb,0.5670000000000001,0.9,0.9,© OpenStreetMap contributors,Open Database License,https://www.openstreetmap.org/copyright
United Kingdom,"Units 4-5,Pinfold Lane,Llay Ind.Estate,Wrexham,LL12 OTU",3629,8,53.0985797,-3.0020709,"Pinfold Lane, Llay, LL12 0PX, United Kingdom",Pinfold Lane,,Pinfold Lane,,LL12 0PX,Llay,Llay,Wrexham,WRX,Wales,WLS,United Kingdom,gb,0.44099999999999995,0.7,0.7,© OpenStreetMap contributors,Open Database License,https://www.openstreetmap.org/copyright
United Kingdom,"Units 4-5,Pinfold Lane,Llay Ind.Estate,Wrexham,LL120 TU",3630,8,53.0985797,-3.0020709,"Pinfold Lane, Llay, LL12 0PX, United Kingdom",Pinfold Lane,,Pinfold Lane,,LL12 0PX,Llay,Llay,Wrexham,WRX,Wales,WLS,United Kingdom,gb,0.5,1,1,© OpenStreetMap contributors,Open Database License,https://www.openstreetmap.org/copyright
United Kingdom,"Units 4,Easter Court,Europa Blvd.,Westbrook,Warrington,WA5 7ZB",3631,8,53.4134753,-2.6326667,"Europa Boulevard, Warrington, WA5 7WQ, United Kingdom",Europa Boulevard,,Europa Boulevard,,WA5 7WQ,Burtonwood and Westbrook,Warrington,Warrington,WRT,England,ENG,United Kingdom,gb,0.63,1,1,© OpenStreetMap contributors,Open Database License,https://www.openstreetmap.org/copyright
United Kingdom,"Units 4,Easter Court,Europe Blvd.,Westbrook,Warrington,WA5 7ZB",3632,8,53.409106,-2.649095,"Borsodi Boulevard, Burtonwood and Westbrook, WA5 7ZB, United Kingdom",,,Borsodi Boulevard,Burtonwood and Westbrook,WA5 7ZB,,Burtonwood and Westbrook,Cheshire West and Chester,CHW,England,ENG,United Kingdom,gb,0,,,© OpenStreetMap contributors,Open Database License,https://www.openstreetmap.org/copyright
United Kingdom,"Units 5/6,Poyle 14,Poyle Ind.Estate,Newlands Dr.,Colnbrook,Slough,Berks SL3 0DX",3633,8,51.515927,-0.611922,"Slough, SL3 0DX, United Kingdom",,,,,SL3 0DX,,Slough,West Berkshire,WBK,England,ENG,United Kingdom,gb,0.25,1,,Who's On First,CC0,https://www.whosonfirst.org/docs/licenses/
United Kingdom,"Units 6-7,Easter Court,Europe Blvd.,Westbrook,Warrington,WA5 7ZB",3634,8,53.402163,-2.641525,"Westbrook, Great Sankey, WA5 7ZB, United Kingdom",Westbrook,,,Great Sankey,WA5 7ZB,Westbrook,Great Sankey,Cheshire West and Chester,CHW,England,ENG,United Kingdom,gb,0,,,Who's On First,CC0,https://www.whosonfirst.org/docs/licenses/
United Kingdom,"Units 7-9,Garrick Industrial Centre,Garrick Rd,Hendon,London NW9 6AQ",3635,8,51.5807872,-0.2417247,"Garrick Road, London, NW9 6AA, United Kingdom",Garrick Road,,Garrick Road,London Borough of Barnet,NW9 6AA,West Hendon,London,Greater London,,England,ENG,United Kingdom,gb,0.63,1,1,© OpenStreetMap contributors,Open Database License,https://www.openstreetmap.org/copyright
United Kingdom,"Units 7-9,Garrick Industrial Centre,Garrick Rd.Hendon,London NW9 6AQ",3636,8,51.763765,-0.23349,"9 Fiddlebridge Industrial Centre, Hatfield, AL10 0DE, United Kingdom",,9,Fiddlebridge Industrial Centre,Hatfield Civil Parish,AL10 0DE,,Hatfield,Hertfordshire,HRT,England,ENG,United Kingdom,gb,0,,,© OpenStreetMap contributors,Open Database License,https://www.openstreetmap.org/copyright
United Kingdom,"Units 7-9,Garrick Industrial Centre,Hendon,London NW9 6AQ",3637,8,51.763765,-0.23349,"9 Fiddlebridge Industrial Centre, Hatfield, AL10 0DE, United Kingdom",,9,Fiddlebridge Industrial Centre,Hatfield Civil Parish,AL10 0DE,,Hatfield,Hertfordshire,HRT,England,ENG,United Kingdom,gb,0,,,© OpenStreetMap contributors,Open Database License,https://www.openstreetmap.org/copyright
United Kingdom,"Units 7-9,Tanners Dr.,Blakelands North,Milton Keynes,MK14 5BU",3638,8,52.076632,-0.745555,"Tanners Drive, Great Linford, MK14 5BU, United Kingdom",,,Tanners Drive,Great Linford,MK14 5BU,,Great Linford,Buckinghamshire,BKM,England,ENG,United Kingdom,gb,0,,,© OpenStreetMap contributors,Open Database License,https://www.openstreetmap.org/copyright
United Kingdom,"Units B&C Trinity Court Buckingway Business Park,Anderson Rd.,Swavesey,Cambridge,Cambridgeshire,CB24 4UQ",3639,8,52.2745676,-0.0087725,"Anderson Road, South Cambridgeshire, CB24 4UL, United Kingdom",Anderson Road,,Anderson Road,,CB24 4UL,Buckingway Business Park,South Cambridgeshire,Cambridgeshire,CAM,England,ENG,United Kingdom,gb,0.44099999999999995,0.7,0.7,© OpenStreetMap contributors,Open Database License,https://www.openstreetmap.org/copyright
United Kingdom,"Units G1-G4,Royle Pennine Trading Estate,Lynroyle Way,Rochdale,Lancashire,OL11 3EX",3640,8,53.5985461,-2.174974,"Lynroyle Way, Rochdale, OL11 3EX, United Kingdom",Lynroyle Way,,Lynroyle Way,,OL11 3EX,Sudden,Rochdale,Greater Manchester,,England,ENG,United Kingdom,gb,0.7,1,1,© OpenStreetMap contributors,Open Database License,https://www.openstreetmap.org/copyright
United Kingdom,"Units G1-G4,Royle Pennine Trading Estate,Lynroyle Way,Rochdale,OL11 3EX",3641,8,53.5985461,-2.174974,"Lynroyle Way, Rochdale, OL11 3EX, United Kingdom",Lynroyle Way,,Lynroyle Way,,OL11 3EX,Sudden,Rochdale,Greater Manchester,,England,ENG,United Kingdom,gb,0.7,1,1,© OpenStreetMap contributors,Open Database License,https://www.openstreetmap.org/copyright
United Kingdom,"Units V1-V2 Grovemere Court,Bicton Ind.Park,Kimbolton,Huntingdon Cambridgeshire",3642,8,52.3305093,-0.1843514,"Huntingdon (Huntingdonshire), ENG, United Kingdom",,,,,,,Huntingdonshire,Cambridgeshire,CAM,England,ENG,United Kingdom,gb,0.25,1,,© OpenStreetMap contributors,Open Database License,https://www.openstreetmap.org/copyright
United Kingdom,"Units V1-V2 Grovemere Court,Bicton Ind.Park,Kimbolton,Huntingdon Cambridgeshire PE28 0EY",3643,8,52.3123768,-0.3803555,"Grovemere Court, Huntingdonshire, PE28 0EY, United Kingdom",Grovemere Court,,Grovemere Court,,PE28 0EY,Kimbolton,Huntingdonshire,Cambridgeshire,CAM,England,ENG,United Kingdom,gb,0.7,1,1,© OpenStreetMap contributors,Open Database License,https://www.openstreetmap.org/copyright
United Kingdom,"Units V1-V2 Grovemere Court,Bicton Rural Ind.Park,Kimbolton,Huntingdon Cambridgeshire,PE28 0EY",3644,8,,,,,,,,,,,,,,,,,,,,,,
United Kingdom,"University Printing House,Shaftesburg Rd.,Combridge,CB2 2BS",3645,8,52.93793,-1.86038,"Combridge, Rocester, ENG, United Kingdom",Combridge,,,Rocester,,Combridge,Rocester,Staffordshire,STS,England,ENG,United Kingdom,gb,0.25,1,,Who's On First,CC0,https://www.whosonfirst.org/docs/licenses/
United Kingdom,"Upper Boat,Pontypridd,CF37 5YE",3646,8,51.5767209,-3.2929335,"Upper Boat, Cardiff Road, Pontypridd, CF37 5BP, United Kingdom",Upper Boat,,Cardiff Road,,CF37 5BP,,Pontypridd,Rhondda Cynon Taf,RCT,Wales,WLS,United Kingdom,gb,0.7,1,,© OpenStreetMap contributors,Open Database License,https://www.openstreetmap.org/copyright
United Kingdom,"Upper Boat,Pontypridd,South Wales CF37 5YE",3647,8,51.57661315,-3.288005025,"Pontypridd, CF37 5YE, United Kingdom",,,,,CF37 5YE,,Pontypridd,Rhondda Cynon Taf,RCT,Wales,WLS,United Kingdom,gb,0.6,1,,© OpenStreetMap contributors,Open Database License,https://www.openstreetmap.org/copyright
United Kingdom,"Uxbridge One,1 Harefield Rd.Uxbridge,Middlesex UB8 1PH",3648,8,51.5487272,-0.4826312,"Heart Relocation LTD, 1 Harefield Road, London, UB8 1JX, United Kingdom",Heart Relocation LTD,1,Harefield Road,London Borough of Hillingdon,UB8 1JX,,London,Greater London,,England,ENG,United Kingdom,gb,0.27782999999999997,0.7,0.44099999999999995,© OpenStreetMap contributors,Open Database License,https://www.openstreetmap.org/copyright
United Kingdom,"Vale Works,Lysons Ave.,Ash Vale,Aldershot,Hants GU12 5QR",3649,8,51.27849,-0.72688,"Mytchett (Surrey Heath), GU12 5QR, United Kingdom",,,,,GU12 5QR,,Surrey Heath,Surrey,SRY,England,ENG,United Kingdom,gb,0.6,1,,© OpenStreetMap contributors,Open Database License,https://www.openstreetmap.org/copyright
United Kingdom,"Valley Rd.,Dovercourt Harwich,Essex,CO12 4RR",3650,8,51.9308121,1.2402936,"Valley Road, Harwich, CO12 4RP, United Kingdom",Valley Road,,Valley Road,,CO12 4RP,Upper Dovercourt,Harwich,Essex,ESS,England,ENG,United Kingdom,gb,0.63,1,1,© OpenStreetMap contributors,Open Database License,https://www.openstreetmap.org/copyright
United Kingdom,"Vantage House,Harfreys Rd.,Harfreys Ind.Estate,Great Yarmouth,Norfolk,NR31 0LS",3651,8,52.5925461,1.7168644,"Harfreys Road, Gorleston-on-Sea, NR31 0LS, United Kingdom",Harfreys Road,,Harfreys Road,,NR31 0LS,Southtown,Gorleston-on-Sea,Norfolk,NFK,England,ENG,United Kingdom,gb,0.7,1,1,© OpenStreetMap contributors,Open Database License,https://www.openstreetmap.org/copyright
United Kingdom,"Vantage Point,the Pensnett Estate,Kingswinford,West Midlands,DY6 7FP",3652,8,52.4920581,-2.1206885168394547,"Cranes Direct, 12 Fens Pool Avenue, Dudley, DY5 1QA, United Kingdom",Cranes Direct,12,Fens Pool Avenue,,DY5 1QA,Brockmoor,Dudley,West Midlands Combined Authority,,England,ENG,United Kingdom,gb,0,0.3,,© OpenStreetMap contributors,Open Database License,https://www.openstreetmap.org/copyright
United Kingdom,"Vanwall Rd.,Maidenhead Berkshire ,SL6 4UW",3653,8,51.5114797,-0.7437307,"Vanwall Road, Maidenhead, SL6 4FX, United Kingdom",Vanwall Road,,Vanwall Road,,SL6 4FX,Highway,Maidenhead,Royal Borough of Windsor and Maidenhead,,England,ENG,United Kingdom,gb,0.44099999999999995,1,1,© OpenStreetMap contributors,Open Database License,https://www.openstreetmap.org/copyright
United Kingdom,"Vanwall Road,Maidenhead Berkshire,SL6 4UW",3654,8,51.5114797,-0.7437307,"Vanwall Road, Maidenhead, SL6 4FX, United Kingdom",Vanwall Road,,Vanwall Road,,SL6 4FX,Highway,Maidenhead,Royal Borough of Windsor and Maidenhead,,England,ENG,United Kingdom,gb,0.44099999999999995,1,1,© OpenStreetMap contributors,Open Database License,https://www.openstreetmap.org/copyright
United Kingdom,"Vauxhall Ind.Estate,Ruabon Nr.Wrexham,Clwyd LL14 6HA,Wales",3655,8,53.0390862,-2.98048,"Clwyd Wen, Wrexham, LL13 8PP, United Kingdom",Clwyd Wen,,Clwyd Wen,The Dunks,LL13 8PP,Caia Park,Wrexham,Wrexham,WRX,Wales,WLS,United Kingdom,gb,0.0405,0.3,0.27,© OpenStreetMap contributors,Open Database License,https://www.openstreetmap.org/copyright
United Kingdom,"Vauxhall Ind.Estate,Ruabon,Nr,Wrexham,Clwyd,LL14 6HA",3656,8,53.0007121,-3.0390725790042903,"Vauxhall Industrial Estate, Johnstown, LL14 6HA, United Kingdom",Vauxhall Industrial Estate,,,,LL14 6HA,Rhosllanerchrugog,Johnstown,Wrexham,WRX,Wales,WLS,United Kingdom,gb,0.44808510638297877,0.45927,,© OpenStreetMap contributors,Open Database License,https://www.openstreetmap.org/copyright
United Kingdom,"Vauxhall Ind.Estate,Ruabon,Nr,Wrexham,Clwyd,Wales,LL14 6HA",3657,8,52.99887,-3.040874,"Vauxhall Business Centre, Rhosllanerchrugog, LL14 6HA, United Kingdom",,,Vauxhall Business Centre,Rhosllanerchrugog Community,LL14 6HA,,Rhosllanerchrugog,Denbighshire,DEN,Wales,WLS,United Kingdom,gb,0,,,© OpenStreetMap contributors,Open Database License,https://www.openstreetmap.org/copyright
United Kingdom,"Vauxhall Ind.Estate,Ruabon,Nr.Wrexham,Clwyd,Wales,LL14 6HA",3658,8,53.299885,-3.745989,"Vauxhall, Colwyn Bay, LL29 8RS, United Kingdom",,,Vauxhall,Colwyn Bay Community,LL29 8RS,Colwyn Bay,Colwyn Bay,Denbighshire,DEN,Wales,WLS,United Kingdom,gb,0.6666666666666666,0.6666666666666666,,© OpenStreetMap contributors,Open Database License,https://www.openstreetmap.org/copyright
United Kingdom,"Vauxhall Ind.Estate,Ruabon,Wrexham,Clwyd,LL14 6HA",3659,8,52.98016415,-3.03123920703274,"Ruabon, Wrexham, WLS, United Kingdom",,,,,,Ruabon,,Wrexham,WRX,Wales,WLS,United Kingdom,gb,0.30239999999999995,0.567,,© OpenStreetMap contributors,Open Database License,https://www.openstreetmap.org/copyright
United Kingdom,"Vauxhall Ind.Estate,Ruabon,Wrexham,LL14 6HA",3660,8,52.98016415,-3.03123920703274,"Ruabon, Wrexham, WLS, United Kingdom",,,,,,Ruabon,,Wrexham,WRX,Wales,WLS,United Kingdom,gb,0.25,1,,© OpenStreetMap contributors,Open Database License,https://www.openstreetmap.org/copyright
United Kingdom,"Vauxhall Industrial Estate,Ruabon Nr.Wrexham,Clwyd LL11 3BN,Wales",3661,8,53.0390862,-2.98048,"Clwyd Wen, Wrexham, LL13 8PP, United Kingdom",Clwyd Wen,,Clwyd Wen,The Dunks,LL13 8PP,Caia Park,Wrexham,Wrexham,WRX,Wales,WLS,United Kingdom,gb,0.0405,0.3,0.27,© OpenStreetMap contributors,Open Database License,https://www.openstreetmap.org/copyright
United Kingdom,"Vauxhall Industrial Estate,Ruabon Nr.Wrexham,Clwyd LL14 6HA,Wales",3662,8,53.0390862,-2.98048,"Clwyd Wen, Wrexham, LL13 8PP, United Kingdom",Clwyd Wen,,Clwyd Wen,The Dunks,LL13 8PP,Caia Park,Wrexham,Wrexham,WRX,Wales,WLS,United Kingdom,gb,0.0405,0.3,0.27,© OpenStreetMap contributors,Open Database License,https://www.openstreetmap.org/copyright
United Kingdom,"Venture House,2 Arlington Sq.,Downshire Way,Bracknell,Berkshire,RG12 1WA",3663,8,51.420270450000004,-0.7585693483974342,"2 Downshire Way, Bracknell, RG42 1XU, United Kingdom",,2,Downshire Way,Bracknell Civil Parish,RG42 1XU,,Bracknell,Bracknell Forest,BRC,England,ENG,United Kingdom,gb,0.81,1,1,© OpenStreetMap contributors,Open Database License,https://www.openstreetmap.org/copyright
United Kingdom,"Venture House,Bone Lane,New Bury Berkshire RG14 5SH",3664,8,51.4019502,-1.3099934,"Bone Lane, Newbury, RG14 5SH, United Kingdom",Bone Lane,,Bone Lane,,RG14 5SH,Hambridge Road Industrial Area,Newbury,West Berkshire,WBK,England,ENG,United Kingdom,gb,0.7,1,1,© OpenStreetMap contributors,Open Database License,https://www.openstreetmap.org/copyright
United Kingdom,"Venture House,Bone Lane,Newbury,Berkshire RG14 5SH",3665,8,51.4019502,-1.3099934,"Bone Lane, Newbury, RG14 5SH, United Kingdom",Bone Lane,,Bone Lane,,RG14 5SH,Hambridge Road Industrial Area,Newbury,West Berkshire,WBK,England,ENG,United Kingdom,gb,0.7,1,1,© OpenStreetMap contributors,Open Database License,https://www.openstreetmap.org/copyright
United Kingdom,"Venture House,Bune Lane,New Buky Berkshire RG14 5SH",3666,8,51.414562,-1.324169,"Love Lane, Shaw Cum Donnington, RG14 5SH, United Kingdom",,,Love Lane,Shaw Cum Donnington,RG14 5SH,,Shaw Cum Donnington,West Berkshire,WBK,England,ENG,United Kingdom,gb,0,,,© OpenStreetMap contributors,Open Database License,https://www.openstreetmap.org/copyright
United Kingdom,"Venturers House,Prince St.,Bristol,BS1 4PB",3667,8,51.4517757,-2.5962513,"Prince Street, Bristol, BS1 4PB, United Kingdom",Prince Street,,Prince Street,Old City,BS1 4PB,City Centre,Bristol,City of Bristol,BST,England,ENG,United Kingdom,gb,0.7,1,1,© OpenStreetMap contributors,Open Database License,https://www.openstreetmap.org/copyright
United Kingdom,"Veritek House,Edgeland Terrace,Eastbourne,East Sussex,BN22 9NJ",3668,8,50.7963139,0.2784399,"Edgeland Terrace, Eastbourne, BN22 9NJ, United Kingdom",Edgeland Terrace,,Edgeland Terrace,,BN22 9NJ,Hampden Park,Eastbourne,East Sussex,ESX,England,ENG,United Kingdom,gb,0.7,1,1,© OpenStreetMap contributors,Open Database License,https://www.openstreetmap.org/copyright
United Kingdom,"Vicarage House,58-60 Kensington Church St.,London W8 40B",3669,8,51.504547,-0.193375,"58-60 Kensington Church Street, London, W8 4BA, United Kingdom",,58-60,Kensington Church Street,Kensington and Chelsea,W8 4BA,Kensington Palace Gardens,London,London,,England,ENG,United Kingdom,gb,0,,,© OpenStreetMap contributors,Open Database License,https://www.openstreetmap.org/copyright
United Kingdom,"Vicarage House,58-60 Kensington Church St.,London,W8 4DB",3670,8,51.5046003,-0.1932996,"Embassy of Nicaragua, 58-60 Kensington Church Street, London, W8 4BA, United Kingdom",Embassy of Nicaragua,58-60,Kensington Church Street,Royal Borough of Kensington and Chelsea,W8 4BA,Notting Hill,London,Greater London,,England,ENG,United Kingdom,gb,0.63,1,1,© OpenStreetMap contributors,Open Database License,https://www.openstreetmap.org/copyright
United Kingdom,"Victoria Works,Violet St.,Paisley PA1 1PD,Scotland",3671,8,55.8436709,-4.4094721,"Violet Street, Paisley, PA1 1RU, United Kingdom",Violet Street,,Violet Street,,PA1 1RU,Williamsburgh,Paisley,Renfrewshire,RFW,Scotland,SCT,United Kingdom,gb,0.63,1,1,© OpenStreetMap contributors,Open Database License,https://www.openstreetmap.org/copyright
United Kingdom,"Victoria Works,Violet St.,Paisley,PA1 1PD",3672,8,55.8436709,-4.4094721,"Violet Street, Paisley, PA1 1RU, United Kingdom",Violet Street,,Violet Street,,PA1 1RU,Williamsburgh,Paisley,Renfrewshire,RFW,Scotland,SCT,United Kingdom,gb,0.63,1,1,© OpenStreetMap contributors,Open Database License,https://www.openstreetmap.org/copyright
United Kingdom,"Victoria Works,Violet St.,Paisley,Scotland PA1 1PD",3673,8,55.8436709,-4.4094721,"Violet Street, Paisley, PA1 1RU, United Kingdom",Violet Street,,Violet Street,,PA1 1RU,Williamsburgh,Paisley,Renfrewshire,RFW,Scotland,SCT,United Kingdom,gb,0.63,1,1,© OpenStreetMap contributors,Open Database License,https://www.openstreetmap.org/copyright
United Kingdom,"Victory Way,Crossways Business Park,Dartford,Kent DA2 6DT",3674,8,51.4551083,0.2497854,"Victory Way, Dartford, DA2 6QQ, United Kingdom",Victory Way,,Victory Way,,DA2 6QQ,Stone,Dartford,Kent,KEN,England,ENG,United Kingdom,gb,0.63,1,1,© OpenStreetMap contributors,Open Database License,https://www.openstreetmap.org/copyright
United Kingdom,"Vincent Ave.,Crownhill,Milton Keynes,Buckinghamshire,MK8 0AN",3675,8,52.0297747,-0.7989437,"Vincent Avenue, Milton Keynes, MK8 0AN, United Kingdom",Vincent Avenue,,Vincent Avenue,,MK8 0AN,Crownhill,Milton Keynes,City of Milton Keynes,,England,ENG,United Kingdom,gb,0.7,1,1,© OpenStreetMap contributors,Open Database License,https://www.openstreetmap.org/copyright
United Kingdom,"Vincent Ave.Crownhill,Milton Keynes MK8 0AN",3676,8,52.0297747,-0.7989437,"Vincent Avenue, Milton Keynes, MK8 0AN, United Kingdom",Vincent Avenue,,Vincent Avenue,,MK8 0AN,Crownhill,Milton Keynes,City of Milton Keynes,,England,ENG,United Kingdom,gb,0.44099999999999995,1,0.63,© OpenStreetMap contributors,Open Database License,https://www.openstreetmap.org/copyright
United Kingdom,"Vincent Ave.Crownhill,Milton Keynes,Buckinghamshire,MK8 0AN",3677,8,52.0297747,-0.7989437,"Vincent Avenue, Milton Keynes, MK8 0AN, United Kingdom",Vincent Avenue,,Vincent Avenue,,MK8 0AN,Crownhill,Milton Keynes,City of Milton Keynes,,England,ENG,United Kingdom,gb,0.44099999999999995,1,0.63,© OpenStreetMap contributors,Open Database License,https://www.openstreetmap.org/copyright
United Kingdom,"Vincent Ave.Crownhill,Milton Keynes,MK8 0AN",3678,8,52.0297747,-0.7989437,"Vincent Avenue, Milton Keynes, MK8 0AN, United Kingdom",Vincent Avenue,,Vincent Avenue,,MK8 0AN,Crownhill,Milton Keynes,City of Milton Keynes,,England,ENG,United Kingdom,gb,0.44099999999999995,1,0.63,© OpenStreetMap contributors,Open Database License,https://www.openstreetmap.org/copyright
United Kingdom,"Vine House,143 London Rd.,Kingston,KT2 6NH",3679,8,51.4117062,-0.2903903,"143 London Road, London, KT2 6NH, United Kingdom",,143,London Road,Kingston upon Thames,KT2 6NH,,London,London,,England,ENG,United Kingdom,gb,0.7290000000000001,0.81,0.81,,,
United Kingdom,"Vintner Place,68 Upper Thanes St.,London EC45 3BJ",3680,8,51.5359926,-0.1039142,"Wahaca, 68 Upper Street, London, N1 0NY, United Kingdom",Wahaca,68,Upper Street,Islington,N1 0NY,Highbury,London,Greater London,,England,ENG,United Kingdom,gb,0.5670000000000001,1,0.63,© OpenStreetMap contributors,Open Database License,https://www.openstreetmap.org/copyright
United Kingdom,"Vintner's Place,68 Upper Thames St.,London EC4V 3BJ",3681,8,51.51073,-0.0939099,"City of London, EC4V 3BJ, United Kingdom",,,,,EC4V 3BJ,,City of London,Greater London,,England,ENG,United Kingdom,gb,0.6,1,,© OpenStreetMap contributors,Open Database License,https://www.openstreetmap.org/copyright
United Kingdom,"Vintners Place,68 Upper Thames St.,London,EC4V 3BJ",3682,8,51.51073,-0.0939099,"City of London, EC4V 3BJ, United Kingdom",,,,,EC4V 3BJ,,City of London,Greater London,,England,ENG,United Kingdom,gb,0.6,1,,© OpenStreetMap contributors,Open Database License,https://www.openstreetmap.org/copyright
United Kingdom,"Vintners' Place 68 Upper Thames St.,London EC4V 3BJ",3683,8,51.51073,-0.0939099,"City of London, EC4V 3BJ, United Kingdom",,,,,EC4V 3BJ,,City of London,Greater London,,England,ENG,United Kingdom,gb,0.6,1,,© OpenStreetMap contributors,Open Database License,https://www.openstreetmap.org/copyright
United Kingdom,"Vintners' Place 68 Upper Thames St.,London,EC4V 3BJ",3684,8,51.51073,-0.0939099,"City of London, EC4V 3BJ, United Kingdom",,,,,EC4V 3BJ,,City of London,Greater London,,England,ENG,United Kingdom,gb,0.6,1,,© OpenStreetMap contributors,Open Database License,https://www.openstreetmap.org/copyright
United Kingdom,"Vintners' Place,68 Upper Thames St.,London",3685,8,51.510564,-0.092567,"72 Upper Thames Street, London, EC4R 3TA, United Kingdom",,72,Upper Thames Street,City of London,EC4R 3TA,Cannon,London,London,,England,ENG,United Kingdom,gb,0.63,1,1,© OpenStreetMap contributors,Open Database License,https://www.openstreetmap.org/copyright
United Kingdom,"Vintners'Place 68 Upper Thames St.,London",3686,8,51.510564,-0.092567,"72 Upper Thames Street, London, EC4R 3TA, United Kingdom",,72,Upper Thames Street,City of London,EC4R 3TA,Cannon,London,London,,England,ENG,United Kingdom,gb,0.63,1,1,© OpenStreetMap contributors,Open Database License,https://www.openstreetmap.org/copyright
United Kingdom,"Vintners'Place,68 Upper Thames St.,London",3687,8,51.510564,-0.092567,"72 Upper Thames Street, London, EC4R 3TA, United Kingdom",,72,Upper Thames Street,City of London,EC4R 3TA,Cannon,London,London,,England,ENG,United Kingdom,gb,0.63,1,1,© OpenStreetMap contributors,Open Database License,https://www.openstreetmap.org/copyright
United Kingdom,"Vintners'Place,68 Upper Thames St.,London EC4V 3BJ",3688,8,51.51073,-0.0939099,"City of London, EC4V 3BJ, United Kingdom",,,,,EC4V 3BJ,,City of London,Greater London,,England,ENG,United Kingdom,gb,0.6,1,,© OpenStreetMap contributors,Open Database License,https://www.openstreetmap.org/copyright
United Kingdom,"Vintners'Place,68 Upper Thames St.,London EC4V 3BK",3689,8,51.5111925,-0.0958923,"Upper Thames Street, City of London, EC4V 3AD, United Kingdom",Upper Thames Street,,Upper Thames Street,,EC4V 3AD,Vintry,City of London,Greater London,,England,ENG,United Kingdom,gb,0.5103,0.81,0.81,© OpenStreetMap contributors,Open Database License,https://www.openstreetmap.org/copyright
United Kingdom,"Vintners'Place,68 Upper Thames St.,London,EC4V 3BJ",3690,8,51.51073,-0.0939099,"City of London, EC4V 3BJ, United Kingdom",,,,,EC4V 3BJ,,City of London,Greater London,,England,ENG,United Kingdom,gb,0.6,1,,© OpenStreetMap contributors,Open Database License,https://www.openstreetmap.org/copyright
United Kingdom,Violet St.P.O.Box 22 Paisley PA1 1PD Scotland,3691,8,55.843792,-4.409434,"Violet Street, Renfrewshire, PA1 1PD, United Kingdom",,,Violet Street,,PA1 1PD,,,Renfrewshire,RFW,Scotland,SCT,United Kingdom,gb,0,,,© OpenStreetMap contributors,Open Database License,https://www.openstreetmap.org/copyright
United Kingdom,"Violet St.POB 22,Paisley PA1 1PD,Scotland",3692,8,56.002623,-4.728149,"22 Charolette Street, Helensburgh, G84 7PH, United Kingdom",,22,Charolette Street,,G84 7PH,,Helensburgh,Argyll and Bute,AGB,Scotland,SCT,United Kingdom,gb,0,,,© OpenStreetMap contributors,Open Database License,https://www.openstreetmap.org/copyright
United Kingdom,Walbrook House 23 Walbrook London EC4N 8EL,3693,8,51.5120941,-0.0903697,"Little Waitrose, 23 Walbrook, City of London, EC4N 8AF, United Kingdom",Little Waitrose,23,Walbrook,City of London,EC4N 8AF,Vintry,City of London,Greater London,,England,ENG,United Kingdom,gb,0.5103000000000001,0.81,0.81,© OpenStreetMap contributors,Open Database License,https://www.openstreetmap.org/copyright
United Kingdom,Wales,3694,8,52.2928116,-3.73893,"Wales, United Kingdom",,,,,,,,,,Wales,WLS,United Kingdom,gb,1,,,© OpenStreetMap contributors,Open Database License,https://www.openstreetmap.org/copyright
United Kingdom,"Wallbrook Business Centre,Green Lane,Hounslow Middlesex TW4 6NW",3695,8,51.4689402,-0.4035977,"Green Lane, London, TW4 6NW, United Kingdom",Green Lane,,Green Lane,London Borough of Hounslow,TW4 6NW,Cranford,London,Greater London,,England,ENG,United Kingdom,gb,0.7,1,1,© OpenStreetMap contributors,Open Database License,https://www.openstreetmap.org/copyright
United Kingdom,"Wallbrook Business Centre,Green Lane,Hounslow Middlesex,TW4 6NW",3696,8,51.4689402,-0.4035977,"Green Lane, London, TW4 6NW, United Kingdom",Green Lane,,Green Lane,London Borough of Hounslow,TW4 6NW,Cranford,London,Greater London,,England,ENG,United Kingdom,gb,0.7,1,1,© OpenStreetMap contributors,Open Database License,https://www.openstreetmap.org/copyright
United Kingdom,"Wallbrook Business Centre,Green Lane,Hounslow,Middlesex TW4 6NW",3697,8,51.4689402,-0.4035977,"Green Lane, London, TW4 6NW, United Kingdom",Green Lane,,Green Lane,London Borough of Hounslow,TW4 6NW,Cranford,London,Greater London,,England,ENG,United Kingdom,gb,0.7,1,1,© OpenStreetMap contributors,Open Database License,https://www.openstreetmap.org/copyright
United Kingdom,"Walmar House,296 Regent St.,London,W1B 3AW",3698,8,51.5146267,-0.1418595,"Regent Street, London, W1B 2EP, United Kingdom",Regent Street,,Regent Street,,W1B 2EP,Mayfair,London,Greater London,,England,ENG,United Kingdom,gb,0.63,1,1,© OpenStreetMap contributors,Open Database License,https://www.openstreetmap.org/copyright
United Kingdom,Walthamavey Essex,3699,8,,,,,,,,,,,,,,,,,,,,,,
United Kingdom,"Wansell Rd.,Weldon North Ind.Estate Corby,Northamptonshire,NN17 5LX",3700,8,52.499094,-0.649124,"Wansell Road, Corby, NN17 5LX, United Kingdom",Wansell Road,,Wansell Road,,NN17 5LX,,Corby,North Northamptonshire,,England,ENG,United Kingdom,gb,0.7,1,1,© OpenStreetMap contributors,Open Database License,https://www.openstreetmap.org/copyright
United Kingdom,"Ward Royal Parade Alma Rd.,Windsor Berks SL4 3HR",3701,8,51.483347,-0.607852,"Windsor Castle, Windsor, SL4 3HR, United Kingdom",Windsor Castle,,,,SL4 3HR,Windsor Castle,Windsor,West Berkshire,WBK,England,ENG,United Kingdom,gb,0.25,1,,Who's On First,CC0,https://www.whosonfirst.org/docs/licenses/
United Kingdom,"Ward Royal Parade,Alma Rd.,Windsor,Berkshire,SL4 3HR",3702,8,51.4766223,-0.6170074,"Alma Road, Windsor, SL4 3HE, United Kingdom",Alma Road,,Alma Road,Clewer Within,SL4 3HE,Clewer New Town,Windsor,Royal Borough of Windsor and Maidenhead,,England,ENG,United Kingdom,gb,0.44099999999999995,1,1,© OpenStreetMap contributors,Open Database License,https://www.openstreetmap.org/copyright
United Kingdom,"Warren Rd.,Scunthopre,South Humberside DN15 6XH",3703,8,53.5983951,-0.6447379,"North Lincolnshire, DN15 6XH, United Kingdom",,,,,DN15 6XH,,,North Lincolnshire,NLN,England,ENG,United Kingdom,gb,0,1,,© OpenStreetMap contributors,Open Database License,https://www.openstreetmap.org/copyright
United Kingdom,"Warrington Rd.,Manor Park Industrial Estate,Runcorn,Cheshire WA7 1SB",3704,8,53.3460469,-2.6906129,"Warrington Road, Runcorn, WA7 1QH, United Kingdom",Warrington Road,,Warrington Road,,WA7 1QH,Manor Park,Runcorn,Halton,HAL,England,ENG,United Kingdom,gb,0,1,,© OpenStreetMap contributors,Open Database License,https://www.openstreetmap.org/copyright
United Kingdom,"Warrington Rd.,Manor Park Industrial Estate,Runcorn,Cheshire WA7,1SB",3705,8,53.3421509,-2.7334941,"Runcorn, Halton, ENG, United Kingdom",Runcorn,,,,,,Runcorn,Halton,HAL,England,ENG,United Kingdom,gb,0.5,0.567,,© OpenStreetMap contributors,Open Database License,https://www.openstreetmap.org/copyright
United Kingdom,"Warwick House,Warwick Rd.,Solihull West,Midlands B91 3DG",3706,8,52.4151781,-1.7745145,"Metropolitan Borough of Solihull, B91 3DG, United Kingdom",,,,,B91 3DG,,Metropolitan Borough of Solihull,West Midlands Combined Authority,,England,ENG,United Kingdom,gb,0.6,1,,© OpenStreetMap contributors,Open Database License,https://www.openstreetmap.org/copyright
United Kingdom,Warwickshire,3707,8,52.32130635,-1.5536905536661392,"Warwickshire, ENG, UK",,,,,,,,Warwickshire,WAR,England,ENG,United Kingdom,gb,1,,,© OpenStreetMap contributors,Open Database License,https://www.openstreetmap.org/copyright
United Kingdom,"Washford Ind.Estate,Redditch,Worcestershire B98 0DR",3708,8,52.283934,-1.902441,"Washford Drive, Redditch, B98 0DR, United Kingdom",,,Washford Drive,,B98 0DR,,Redditch,Worcestershire,WOR,England,ENG,United Kingdom,gb,1,1,,© OpenStreetMap contributors,Open Database License,https://www.openstreetmap.org/copyright
United Kingdom,"Washford Industrial Estate,Redditch,Worcestershire B98 0DR",3709,8,52.2888816,-1.8954959,"Washford Industrial Estate, Matchborough Way, Redditch, B98 0DH, United Kingdom",Washford Industrial Estate,,Matchborough Way,Park Farm South,B98 0DH,Matchborough,Redditch,Worcestershire,WOR,England,ENG,United Kingdom,gb,0.7,1,,© OpenStreetMap contributors,Open Database License,https://www.openstreetmap.org/copyright
United Kingdom,"Washford Industrial Estate,Redditch,Worcestershire B98 0DR England",3710,8,52.2888816,-1.8954959,"Washford Industrial Estate, Matchborough Way, Redditch, B98 0DH, United Kingdom",Washford Industrial Estate,,Matchborough Way,Park Farm South,B98 0DH,Matchborough,Redditch,Worcestershire,WOR,England,ENG,United Kingdom,gb,0.7,1,,© OpenStreetMap contributors,Open Database License,https://www.openstreetmap.org/copyright
United Kingdom,"Washington House,40-41 Conduit St.,London,W1S 2YQ",3711,8,51.511533299999996,-0.1421794145680373,"Washington House, 40-41 Conduit Street, London, W1S 2YQ, United Kingdom",Washington House,40-41,Conduit Street,,W1S 2YQ,Mayfair,London,Greater London,,England,ENG,United Kingdom,gb,0.9,1,1,© OpenStreetMap contributors,Open Database License,https://www.openstreetmap.org/copyright
United Kingdom,"Washington Rd.,Sunderland,Tyne & Wear SR5 3NS",3712,8,54.9219363,-1.4758636,"Washington Road, Sunderland, SR5 3NS, United Kingdom",Washington Road,,Washington Road,,SR5 3NS,Town End Farm,Sunderland,Tyne and Wear,,England,ENG,United Kingdom,gb,1,1,1,© OpenStreetMap contributors,Open Database License,https://www.openstreetmap.org/copyright
United Kingdom,"Washington Rd.,Sunderland,Tyne & Wear,SR5 3NS",3713,8,54.9219363,-1.4758636,"Washington Road, Sunderland, SR5 3NS, United Kingdom",Washington Road,,Washington Road,,SR5 3NS,Town End Farm,Sunderland,Tyne and Wear,,England,ENG,United Kingdom,gb,1,1,1,© OpenStreetMap contributors,Open Database License,https://www.openstreetmap.org/copyright
United Kingdom,"Washington Rd.,Sunderland,Tyne & Wear,SR5 3NT",3714,8,54.9301315,-1.4655514,"Washington Road, Sunderland, SR5 4QS, United Kingdom",Washington Road,,Washington Road,,SR5 4QS,Town End Farm,Sunderland,Tyne and Wear,,England,ENG,United Kingdom,gb,0.9285714285714286,0.9,0.9,© OpenStreetMap contributors,Open Database License,https://www.openstreetmap.org/copyright
United Kingdom,"Washington Rd.,Sunderland,Tyne and Wear SR5 3NS",3715,8,54.9187308,-1.4890681,"Washington Road, Sunderland, SR5 3QZ, United Kingdom",Washington Road,,Washington Road,,SR5 3QZ,Sulgrave,Sunderland,Tyne and Wear,,England,ENG,United Kingdom,gb,0.63,1,1,© OpenStreetMap contributors,Open Database License,https://www.openstreetmap.org/copyright
United Kingdom,"Washington Rd.,Sunderland,Tyne and Wear,SR5 3NS",3716,8,54.9187308,-1.4890681,"Washington Road, Sunderland, SR5 3QZ, United Kingdom",Washington Road,,Washington Road,,SR5 3QZ,Sulgrave,Sunderland,Tyne and Wear,,England,ENG,United Kingdom,gb,0.63,1,1,© OpenStreetMap contributors,Open Database License,https://www.openstreetmap.org/copyright
United Kingdom,"Washington Rd.,Sunderland,Tyne and Wear,SR5 3NT",3717,8,54.91813,-1.48515,"Sunderland, SR5 3NT, United Kingdom",,,,,SR5 3NT,,Sunderland,North East,,England,ENG,United Kingdom,gb,0.6,1,,© OpenStreetMap contributors,Open Database License,https://www.openstreetmap.org/copyright
United Kingdom,Watermoor Cirencester Gloucestershire GL7 1LF,3718,8,51.709181,-1.954895,"Watermoor Point, Watermoor Road, Cotswold District, GL7 1LF, United Kingdom",Watermoor Point,,Watermoor Road,The Beeches,GL7 1LF,,Cotswold District,Gloucestershire,GLS,England,ENG,United Kingdom,gb,0.5,1,1,© OpenStreetMap contributors,Open Database License,https://www.openstreetmap.org/copyright
United Kingdom,"Watermoor Rd.,Cirencester,Gloucestershire,GL7 1LF",3719,8,51.7096078,-1.9599216,"Watermoor Road, Cotswold District, GL7 1LD, United Kingdom",Watermoor Road,,Watermoor Road,The Beeches,GL7 1LD,,Cotswold District,Gloucestershire,GLS,England,ENG,United Kingdom,gb,0.63,1,1,© OpenStreetMap contributors,Open Database License,https://www.openstreetmap.org/copyright
United Kingdom,"Watermoor,Cirencester Gloucestershire GL7 1LF",3720,8,51.709181,-1.954895,"Watermoor Point, Watermoor Road, Cotswold District, GL7 1LF, United Kingdom",Watermoor Point,,Watermoor Road,The Beeches,GL7 1LF,,Cotswold District,Gloucestershire,GLS,England,ENG,United Kingdom,gb,0.5,1,1,© OpenStreetMap contributors,Open Database License,https://www.openstreetmap.org/copyright
United Kingdom,"Watermoor,Cirencester,Gloucestershire,GL7 1LF",3721,8,51.709181,-1.954895,"Watermoor Point, Watermoor Road, Cotswold District, GL7 1LF, United Kingdom",Watermoor Point,,Watermoor Road,The Beeches,GL7 1LF,,Cotswold District,Gloucestershire,GLS,England,ENG,United Kingdom,gb,0.5,1,1,© OpenStreetMap contributors,Open Database License,https://www.openstreetmap.org/copyright
United Kingdom,"Waterton Ind.Estate,Bridgend,Mid Glamorgan,CF5 2TD",3722,8,51.510451,-3.574163,"Bridgend Community (Bridgend), WLS, United Kingdom",,,,Bridgend Community,,,Bridgend,Rhondda Cynon Taf,RCT,Wales,WLS,United Kingdom,gb,0.25,1,,Who's On First,CC0,https://www.whosonfirst.org/docs/licenses/
United Kingdom,"Waterton Industrial Estate,Bridgend,Mid Glamorgan,CF5 2TD",3723,8,51.530151,-3.397817,"Beeches Industrial Estate, Llanharan, CF5 2TD, United Kingdom",,,Beeches Industrial Estate,Llanharan Community,CF5 2TD,,Llanharan,Rhondda Cynon Taf,RCT,Wales,WLS,United Kingdom,gb,0,,,© OpenStreetMap contributors,Open Database License,https://www.openstreetmap.org/copyright
United Kingdom,"Waterton Industrial Estate,Bridgend,Mid-Glamorgan,CF5 2TD",3724,8,51.530151,-3.397817,"Beeches Industrial Estate, Llanharan, CF5 2TD, United Kingdom",,,Beeches Industrial Estate,Llanharan Community,CF5 2TD,,Llanharan,Rhondda Cynon Taf,RCT,Wales,WLS,United Kingdom,gb,0,,,© OpenStreetMap contributors,Open Database License,https://www.openstreetmap.org/copyright
United Kingdom,"Waterwitch House,Exeter Rd.,New Market,Suffolk",3725,8,54.570926,-6.011764,"Suffolk, Belfast, NIR, United Kingdom",Suffolk,,,,,Suffolk,Belfast,Belfast,BFS,Northern Ireland,NIR,United Kingdom,gb,0.03571428571428571,0.14285714285714285,,Who's On First,CC0,https://www.whosonfirst.org/docs/licenses/
United Kingdom,"Watling St.,Nuneaton Warwickshire,CV10 0TU",3726,8,52.5588226,-1.4838211,"Watling Street, North Warwickshire, CV10 0RY, United Kingdom",Watling Street,,Watling Street,,CV10 0RY,Caldecote CP,North Warwickshire,Warwickshire,WAR,England,ENG,United Kingdom,gb,0.44099999999999995,0.7,0.7,© OpenStreetMap contributors,Open Database License,https://www.openstreetmap.org/copyright
United Kingdom,"Wellington Crescent,Fradley Park,Lichfield,Staffordshire,WS13 8RZ",3727,8,52.709239,-1.792446,"Fradley Park, Lichfield, United Kingdom",,,Fradley Park,Fradley and Streethay,,Fradley and Streethay,Lichfield,Staffordshire,STS,England,ENG,United Kingdom,gb,1,1,1,© OpenStreetMap contributors,Open Database License,https://www.openstreetmap.org/copyright
United Kingdom,"Wellington Crescent,Fradley Park,Lichfield,WS13,8RZ",3728,8,52.709239,-1.792446,"Fradley Park, Lichfield, W S13, United Kingdom",,,Fradley Park,Fradley and Streethay,W S13,Fradley and Streethay,Lichfield,Staffordshire,STS,England,ENG,United Kingdom,gb,1,1,1,© OpenStreetMap contributors,Open Database License,https://www.openstreetmap.org/copyright
United Kingdom,"Wellington House 4-10 Cowley Rd.,Uxbridge Middlesex UB8 2XW",3729,8,51.542143,-0.479459,"Uxbridge, London, ENG, United Kingdom",Uxbridge,,,Hillingdon,,Uxbridge,London,London,,England,ENG,United Kingdom,gb,0.25,1,,Who's On First,CC0,https://www.whosonfirst.org/docs/licenses/
United Kingdom,"Wellington House,4-10 Cowley Rd.,Uxbridge,Middlesex UB8 2XW",3730,8,51.542143,-0.479459,"Uxbridge, London, ENG, United Kingdom",Uxbridge,,,Hillingdon,,Uxbridge,London,London,,England,ENG,United Kingdom,gb,0.25,1,,Who's On First,CC0,https://www.whosonfirst.org/docs/licenses/
United Kingdom,"Wells House,231 High St.,Sutton,Surrey SM1 1LD",3731,8,51.3597647,-0.1909906,"Sutton, High Street, London, SM1 1DE, United Kingdom",Sutton,,High Street,London Borough of Sutton,SM1 1DE,Carshalton Beeches,London,Greater London,,England,ENG,United Kingdom,gb,0.36450000000000005,0.7290000000000001,0.7290000000000001,© OpenStreetMap contributors,Open Database License,https://www.openstreetmap.org/copyright
United Kingdom,"Wells House,231 High St.,Sutton,Surrey,SM1 1LD",3732,8,51.3597647,-0.1909906,"Sutton, High Street, London, SM1 1DE, United Kingdom",Sutton,,High Street,London Borough of Sutton,SM1 1DE,Carshalton Beeches,London,Greater London,,England,ENG,United Kingdom,gb,0.36450000000000005,0.7290000000000001,0.7290000000000001,© OpenStreetMap contributors,Open Database License,https://www.openstreetmap.org/copyright
United Kingdom,"Wells House,231 High St.Sutton,Surrey SM1 1LD",3733,8,51.3684354,-0.1952443,"High Street, London, SM1 1LD, United Kingdom",High Street,,High Street,London Borough of Sutton,SM1 1LD,Benhilton,London,Greater London,,England,ENG,United Kingdom,gb,0.44099999999999995,1,0.63,© OpenStreetMap contributors,Open Database License,https://www.openstreetmap.org/copyright
United Kingdom,"West Bldg.,Penner Rd.,Havant,Hampshire,PO9 1QY",3734,8,50.8435118,-0.9906724,"Penner Road, Havant, PO9 1QZ, United Kingdom",Penner Road,,Penner Road,,PO9 1QZ,Bedhampton,Havant,Hampshire,HAM,England,ENG,United Kingdom,gb,0.63,1,1,© OpenStreetMap contributors,Open Database License,https://www.openstreetmap.org/copyright
United Kingdom,West Sussex,3735,8,51,-0.416667,"West Sussex, ENG, UK",,,,,,,,West Sussex,WSX,England,ENG,United Kingdom,gb,1,,,© OpenStreetMap contributors,Open Database License,https://www.openstreetmap.org/copyright
United Kingdom,"West Witts Trading Estate,Westbury Wiltshire BA13 4JP",3736,8,51.261079,-2.1836535,"Westbury, ENG, United Kingdom",,,,,,,Westbury,Wiltshire,WIL,England,ENG,United Kingdom,gb,0.25,1,,© OpenStreetMap contributors,Open Database License,https://www.openstreetmap.org/copyright
United Kingdom,"Westward House,Montrose Ave.,Slough,Berks SL1 4TN",3737,8,51.5241043,-0.6176967,"Montrose Avenue, Slough, SL1 4TN, United Kingdom",Montrose Avenue,,Montrose Avenue,,SL1 4TN,Cippenham,Slough,,,England,ENG,United Kingdom,gb,0.7,1,1,© OpenStreetMap contributors,Open Database License,https://www.openstreetmap.org/copyright
United Kingdom,"Westway House,Hither Green Ind.,Estate,Clevedon North Somerset,BS21 6XT",3738,8,51.433186,-2.84237,"Clevedon Civil Parish (Clevedon), BS21 6XT, United Kingdom",BS21 6XT,,,Clevedon Civil Parish,BS21 6XT,,Clevedon,North Somerset,NSM,,,United Kingdom,gb,0.6,1,,Who's On First,CC0,https://www.whosonfirst.org/docs/licenses/
United Kingdom,"Westway House,Hither Green Ind.,Estate,Clevedon,North Somerset,BS21-6XT",3739,8,51.4360625,-2.8526531,"Clevedon, ENG, United Kingdom",,,,,,,Clevedon,North Somerset,NSM,England,ENG,United Kingdom,gb,0.25,1,,© OpenStreetMap contributors,Open Database License,https://www.openstreetmap.org/copyright
United Kingdom,"WeWork Aldwych House,71-91 Aldwych,London WC2B 4HN",3740,8,51.5134502,-0.1161886,"ROKA, 71-91 Aldwych, London, WC2B 4HN, United Kingdom",ROKA,71-91,Aldwych,St Clement Danes,WC2B 4HN,Holborn,London,Greater London,,England,ENG,United Kingdom,gb,0.9,1,1,© OpenStreetMap contributors,Open Database License,https://www.openstreetmap.org/copyright
United Kingdom,"WeWork,12 Hammersmith Grove,Hammersmith,London W6 7AP",3741,8,51.4942396,-0.2258434,"WeWork, 12 Hammersmith Grove, London, W6 0DA, United Kingdom",WeWork,12,Hammersmith Grove,London Borough of Hammersmith and Fulham,W6 0DA,Brook Green,London,Greater London,,England,ENG,United Kingdom,gb,0.63,1,1,© OpenStreetMap contributors,Open Database License,https://www.openstreetmap.org/copyright
United Kingdom,"Wework,2 Eastbourne Terrace,Paddington,London W2 6LG",3742,8,51.5175777,-0.1803786,"Eutelsat UK Ltd, 2 Eastbourne Terrace, London, W2 6AA, United Kingdom",Eutelsat UK Ltd,2,Eastbourne Terrace,,W2 6AA,Paddington,London,Greater London,,England,ENG,United Kingdom,gb,0.63,1,1,© OpenStreetMap contributors,Open Database License,https://www.openstreetmap.org/copyright
United Kingdom,"Wework,8 Devonshire Sq.,London EC2M 4PL",3743,8,51.5166453,-0.079355,"Devonshire Square, City of London, EC2M 4BB, United Kingdom",Devonshire Square,,Devonshire Square,,EC2M 4BB,Bishopsgate,City of London,Greater London,,England,ENG,United Kingdom,gb,0.5103,0.81,0.81,© OpenStreetMap contributors,Open Database License,https://www.openstreetmap.org/copyright
United Kingdom,"Wharfside Trafford Wharf Rd.,Manchester M17 1GP",3744,8,53.4710326,-2.3069942,"Trafford Wharf Road, Trafford, M17 1DJ, United Kingdom",Trafford Wharf Road,,Trafford Wharf Road,,M17 1DJ,Wharfside,Trafford,Greater Manchester,,England,ENG,United Kingdom,gb,0.5103,0.81,0.81,© OpenStreetMap contributors,Open Database License,https://www.openstreetmap.org/copyright
United Kingdom,"Wharfside Trafford Wharf Rd.,Manchester,M17 1GP",3745,8,53.4710326,-2.3069942,"Trafford Wharf Road, Trafford, M17 1DJ, United Kingdom",Trafford Wharf Road,,Trafford Wharf Road,,M17 1DJ,Wharfside,Trafford,Greater Manchester,,England,ENG,United Kingdom,gb,0.5103,0.81,0.81,© OpenStreetMap contributors,Open Database License,https://www.openstreetmap.org/copyright
United Kingdom,"Wharfside,Trafford Wharf Rd.,Manchester M17 1GP",3746,8,53.4710326,-2.3069942,"Trafford Wharf Road, Trafford, M17 1DJ, United Kingdom",Trafford Wharf Road,,Trafford Wharf Road,,M17 1DJ,Wharfside,Trafford,Greater Manchester,,England,ENG,United Kingdom,gb,0.5103,0.81,0.81,© OpenStreetMap contributors,Open Database License,https://www.openstreetmap.org/copyright
United Kingdom,"Wharfside,Trafford Wharf Rd.,Manchester,M17 1GP",3747,8,53.4710326,-2.3069942,"Trafford Wharf Road, Trafford, M17 1DJ, United Kingdom",Trafford Wharf Road,,Trafford Wharf Road,,M17 1DJ,Wharfside,Trafford,Greater Manchester,,England,ENG,United Kingdom,gb,0.5103,0.81,0.81,© OpenStreetMap contributors,Open Database License,https://www.openstreetmap.org/copyright
United Kingdom,"White Horse Business Park Stanford-In-The-Vale Faringdon,Oxfordshire SN7 8NN",3748,8,51.63487,-1.51081,"Stanford in the Vale (Vale of White Horse), SN7 8NN, United Kingdom",,,,,SN7 8NN,,Vale of White Horse,Oxfordshire,OXF,England,ENG,United Kingdom,gb,0.6,1,,© OpenStreetMap contributors,Open Database License,https://www.openstreetmap.org/copyright
United Kingdom,"Whitebrook Park Lower Cookham Rd.,Maidenhead Berkshire SL6 8YA",3749,8,51.544625,-0.703384,"Lower Cookham Road, Maidenhead, SL6 8YA, United Kingdom",Lower Cookham Road,,Lower Cookham Road,,SL6 8YA,North Town,Maidenhead,Royal Borough of Windsor and Maidenhead,,England,ENG,United Kingdom,gb,0.7,1,1,© OpenStreetMap contributors,Open Database License,https://www.openstreetmap.org/copyright
United Kingdom,"Whitebrook Park Lower Cookham Rd.,Maidenhead Berkshire,SL6 8YA",3750,8,51.544625,-0.703384,"Lower Cookham Road, Maidenhead, SL6 8YA, United Kingdom",Lower Cookham Road,,Lower Cookham Road,,SL6 8YA,North Town,Maidenhead,Royal Borough of Windsor and Maidenhead,,England,ENG,United Kingdom,gb,0.7,1,1,© OpenStreetMap contributors,Open Database License,https://www.openstreetmap.org/copyright
United Kingdom,"Whitebrook Park Lower Cookham Rd.,Maidenhead, Berkshire,SL6 8YA",3751,8,51.544625,-0.703384,"Lower Cookham Road, Maidenhead, SL6 8YA, United Kingdom",Lower Cookham Road,,Lower Cookham Road,,SL6 8YA,North Town,Maidenhead,Royal Borough of Windsor and Maidenhead,,England,ENG,United Kingdom,gb,0.7,1,1,© OpenStreetMap contributors,Open Database License,https://www.openstreetmap.org/copyright
United Kingdom,"Whitebrook Park Lower Cookham Rd.,Maidenhead,Berkshire SL6 8YA",3752,8,51.544625,-0.703384,"Lower Cookham Road, Maidenhead, SL6 8YA, United Kingdom",Lower Cookham Road,,Lower Cookham Road,,SL6 8YA,North Town,Maidenhead,Royal Borough of Windsor and Maidenhead,,England,ENG,United Kingdom,gb,0.7,1,1,© OpenStreetMap contributors,Open Database License,https://www.openstreetmap.org/copyright
United Kingdom,"Whitebrook Park Lower Cookham Rd.,Maidenhead,Berkshire,SL6 8YA",3753,8,51.544625,-0.703384,"Lower Cookham Road, Maidenhead, SL6 8YA, United Kingdom",Lower Cookham Road,,Lower Cookham Road,,SL6 8YA,North Town,Maidenhead,Royal Borough of Windsor and Maidenhead,,England,ENG,United Kingdom,gb,0.7,1,1,© OpenStreetMap contributors,Open Database License,https://www.openstreetmap.org/copyright
United Kingdom,"Whitebrook Park,Lower Cookham Rd.,Maidenhead,Berkshire,SL6 8YA",3754,8,51.544625,-0.703384,"Lower Cookham Road, Maidenhead, SL6 8YA, United Kingdom",Lower Cookham Road,,Lower Cookham Road,,SL6 8YA,North Town,Maidenhead,Royal Borough of Windsor and Maidenhead,,England,ENG,United Kingdom,gb,0.7,1,1,© OpenStreetMap contributors,Open Database License,https://www.openstreetmap.org/copyright
United Kingdom,"Whitefield Rd.,Bredbury,Stockport,Cheshire,SK6 2QR",3755,8,53.4239843,-2.1189391,"Whitefield Road, Stockport, SK6 2QR, United Kingdom",Whitefield Road,,Whitefield Road,,SK6 2QR,Bredbury,Stockport,Greater Manchester,,England,ENG,United Kingdom,gb,0.7,1,1,© OpenStreetMap contributors,Open Database License,https://www.openstreetmap.org/copyright
United Kingdom,"Whitehall Ave.,Kingston,Milton Keynes MK10 0AX",3756,8,52.0353034,-0.6809767,"Whitehall Avenue, Milton Keynes, MK10 0AX, United Kingdom",Whitehall Avenue,,Whitehall Avenue,,MK10 0AX,Kingston,Milton Keynes,City of Milton Keynes,,England,ENG,United Kingdom,gb,0.7,1,1,© OpenStreetMap contributors,Open Database License,https://www.openstreetmap.org/copyright
United Kingdom,"Whitehall Ave.,Kingston,Milton Keynes,MK10 0AD",3757,8,52.0353034,-0.6809767,"Whitehall Avenue, Milton Keynes, MK10 0AX, United Kingdom",Whitehall Avenue,,Whitehall Avenue,,MK10 0AX,Kingston,Milton Keynes,City of Milton Keynes,,England,ENG,United Kingdom,gb,0.5103,1,1,© OpenStreetMap contributors,Open Database License,https://www.openstreetmap.org/copyright
United Kingdom,"Whitehall Ave.,Kingston,Milton Keynes,MK10 0AX",3758,8,52.0353034,-0.6809767,"Whitehall Avenue, Milton Keynes, MK10 0AX, United Kingdom",Whitehall Avenue,,Whitehall Avenue,,MK10 0AX,Kingston,Milton Keynes,City of Milton Keynes,,England,ENG,United Kingdom,gb,0.7,1,1,© OpenStreetMap contributors,Open Database License,https://www.openstreetmap.org/copyright
United Kingdom,"Whitehall Ave.,Kingstun,Milton Keynes MK 10 OAX",3759,8,52.0059409,-0.7487078,"Melrose Avenue Post Office, 15,17 Melrose Avenue, Milton Keynes, MK3 6PB, United Kingdom",Melrose Avenue Post Office,"15,17",Melrose Avenue,,MK3 6PB,Denbigh Hall,Milton Keynes,City of Milton Keynes,,England,ENG,United Kingdom,gb,0.03645685260000001,0.7290000000000001,0.45927000000000007,© OpenStreetMap contributors,Open Database License,https://www.openstreetmap.org/copyright
United Kingdom,"Whitehall Ave.Kingston,Milton Keynes,MK10 0AD",3760,8,52.0353034,-0.6809767,"Whitehall Avenue, Milton Keynes, MK10 0AX, United Kingdom",Whitehall Avenue,,Whitehall Avenue,,MK10 0AX,Kingston,Milton Keynes,City of Milton Keynes,,England,ENG,United Kingdom,gb,0.3969,1,0.63,© OpenStreetMap contributors,Open Database License,https://www.openstreetmap.org/copyright
United Kingdom,Whitwick Business Park Coalville Leicestershire LE6 3JQ,3761,8,52.72692935,-1.363333602570144,"Whitwick Business Park, North West Leicestershire, LE6 3JQ, United Kingdom",Whitwick Business Park,,,,LE6 3JQ,Greenhill,North West Leicestershire,Leicestershire,LEC,England,ENG,United Kingdom,gb,1,1,,© OpenStreetMap contributors,Open Database License,https://www.openstreetmap.org/copyright
United Kingdom,Whitwick Business Park Coalville Leicestershire LE67 4JQ,3762,8,52.72692935,-1.363333602570144,"Whitwick Business Park, North West Leicestershire, LE67 4JQ, United Kingdom",Whitwick Business Park,,,,LE67 4JQ,Greenhill,North West Leicestershire,Leicestershire,LEC,England,ENG,United Kingdom,gb,1,1,,© OpenStreetMap contributors,Open Database License,https://www.openstreetmap.org/copyright
United Kingdom,"Wholeflats Rd.,Grangemouth,Stirling Shire",3763,8,56.016555,-3.713967,"Carronflats Road, Stirling, United Kingdom",,,Carronflats Road,,,,,Stirling,STG,Scotland,SCT,United Kingdom,gb,0.11363636363636363,0.5,0.22727272727272727,© OpenStreetMap contributors,Open Database License,https://www.openstreetmap.org/copyright
United Kingdom,"Willoughby Rd.,Brachnell,Berks.,RG12 4FP.",3764,8,51.516313,-0.143816,"Embassy of Belgium Delegation of Flanders in the United Kingdom, 1a Cavendish Square, London, W1G 0LA, United Kingdom",Embassy of Belgium Delegation of Flanders in the United Kingdom,1a,Cavendish Square,Westminster,W1G 0LA,Marylebone,London,London,,England,ENG,United Kingdom,gb,0,,,© OpenStreetMap contributors,Open Database License,https://www.openstreetmap.org/copyright
United Kingdom,"Willoughby Rd.,Bracknell Berks.,RG12 4FP",3765,8,51.410171,-0.7671988,"Willoughby Road, Bracknell, RG12 8FP, United Kingdom",Willoughby Road,,Willoughby Road,,RG12 8FP,Southern Industrial Area,Bracknell,Bracknell Forest,BRC,England,ENG,United Kingdom,gb,0.44099999999999995,1,1,© OpenStreetMap contributors,Open Database License,https://www.openstreetmap.org/copyright
United Kingdom,"Willoughby Rd.,Bracknell Berks.,RG12 8FP",3766,8,51.410171,-0.7671988,"Willoughby Road, Bracknell, RG12 8FP, United Kingdom",Willoughby Road,,Willoughby Road,,RG12 8FP,Southern Industrial Area,Bracknell,Bracknell Forest,BRC,England,ENG,United Kingdom,gb,0.7,1,1,© OpenStreetMap contributors,Open Database License,https://www.openstreetmap.org/copyright
United Kingdom,"Willoughby Rd.,Bracknell,Berks.,RG12 8FP",3767,8,51.410171,-0.7671988,"Willoughby Road, Bracknell, RG12 8FP, United Kingdom",Willoughby Road,,Willoughby Road,,RG12 8FP,Southern Industrial Area,Bracknell,Bracknell Forest,BRC,England,ENG,United Kingdom,gb,0.7,1,1,© OpenStreetMap contributors,Open Database License,https://www.openstreetmap.org/copyright
United Kingdom,"Willoughby Rd.,Bracknell,Berkshire,RG12 8FP",3768,8,51.410171,-0.7671988,"Willoughby Road, Bracknell, RG12 8FP, United Kingdom",Willoughby Road,,Willoughby Road,,RG12 8FP,Southern Industrial Area,Bracknell,Bracknell Forest,BRC,England,ENG,United Kingdom,gb,0.7,1,1,© OpenStreetMap contributors,Open Database License,https://www.openstreetmap.org/copyright
United Kingdom,"Willoughby Rd.Bracknell,Berks.,RG12 4FP",3769,8,52.975933,-1.28169,"Willoughby Almshouses, Cossall, NG16 2RT, United Kingdom",,,Willoughby Almshouses,Cossall,NG16 2RT,,Cossall,Nottinghamshire,NTT,England,ENG,United Kingdom,gb,0,,,© OpenStreetMap contributors,Open Database License,https://www.openstreetmap.org/copyright
United Kingdom,"Willoughby,Rd.,Bracknell,Berks.,RG12 4FP",3770,8,51.410391,-0.766965,"Willoughby Road, Bracknell, RG12 4FP, United Kingdom",,,Willoughby Road,Bracknell Civil Parish,RG12 4FP,,Bracknell,West Berkshire,WBK,England,ENG,United Kingdom,gb,0.38580246913580246,1,1,© OpenStreetMap contributors,Open Database License,https://www.openstreetmap.org/copyright
United Kingdom,"Willoughby,Rd.,Bracknell,Berks.,RG12 8FP",3771,8,51.410391,-0.766965,"Willoughby Road, Bracknell, RG12 8FP, United Kingdom",,,Willoughby Road,Bracknell Civil Parish,RG12 8FP,,Bracknell,West Berkshire,WBK,England,ENG,United Kingdom,gb,0.38580246913580246,1,1,© OpenStreetMap contributors,Open Database License,https://www.openstreetmap.org/copyright
United Kingdom,"Willow Dr.,Sherwood Park,Annesley,Nottinghamshire NG15 0DP",3772,8,53.070201,-1.2590213,"Willow Drive, Ashfield, NG15 0DP, United Kingdom",Willow Drive,,Willow Drive,,NG15 0DP,Annesley CP,Ashfield,Nottinghamshire,NTT,England,ENG,United Kingdom,gb,0.7,1,1,© OpenStreetMap contributors,Open Database License,https://www.openstreetmap.org/copyright
United Kingdom,"Willowbank House,84 Station Rd.,Marlow Backs,SL7 1NX",3773,8,51.57206,-0.76813,"Marlow, SL7 1NX, United Kingdom",,,,,SL7 1NX,,Marlow,Buckinghamshire,BKM,England,ENG,United Kingdom,gb,0,1,,© OpenStreetMap contributors,Open Database License,https://www.openstreetmap.org/copyright
United Kingdom,"Willowbank House,84 Station Rd.,Marlow,Bucks,SL7 1NX",3774,8,51.57206,-0.76813,"Marlow, SL7 1NX, United Kingdom",,,,,SL7 1NX,,Marlow,Buckinghamshire,BKM,England,ENG,United Kingdom,gb,0.6,1,,© OpenStreetMap contributors,Open Database License,https://www.openstreetmap.org/copyright
United Kingdom,"Willowbank House,84 Station Rd.,Marlow,SL7 1NX",3775,8,51.57206,-0.76813,"Marlow, SL7 1NX, United Kingdom",,,,,SL7 1NX,,Marlow,Buckinghamshire,BKM,England,ENG,United Kingdom,gb,0.6,1,,© OpenStreetMap contributors,Open Database License,https://www.openstreetmap.org/copyright
United Kingdom,"Wilson House,23 London End,Beaconsfield,Buckinghamshire,HP9 2HN",3776,8,51.6020497,-0.634532,"London End, Beaconsfield, HP9 2JD, United Kingdom",London End,,London End,Beaconsfield and Chepping Wye Community Board,HP9 2JD,,Beaconsfield,Buckinghamshire,BKM,England,ENG,United Kingdom,gb,0.63,1,1,© OpenStreetMap contributors,Open Database License,https://www.openstreetmap.org/copyright
United Kingdom,"Wilson Rd.,Toll Roundabout,Eliburn,Livingston West Lothian EH54 7DA",3777,8,55.8871466,-3.5632251,"Wilson Road, Livingston, EH54 7DA, United Kingdom",Wilson Road,,Wilson Road,,EH54 7DA,Eliburn,Livingston,West Lothian,WLN,Scotland,SCT,United Kingdom,gb,0.7,1,1,© OpenStreetMap contributors,Open Database License,https://www.openstreetmap.org/copyright
United Kingdom,"Wilson Rd.,Toll Roundabout,Eliburn,Livingston,West Lothian,EH54 7DA",3778,8,55.8871466,-3.5632251,"Wilson Road, Livingston, EH54 7DA, United Kingdom",Wilson Road,,Wilson Road,,EH54 7DA,Eliburn,Livingston,West Lothian,WLN,Scotland,SCT,United Kingdom,gb,0.7,1,1,© OpenStreetMap contributors,Open Database License,https://www.openstreetmap.org/copyright
United Kingdom,"Wilson Rd.,Toll Roundabout,Elivurn,Livingston West Lothian EH54 7DA",3779,8,55.8871466,-3.5632251,"Wilson Road, Livingston, EH54 7DA, United Kingdom",Wilson Road,,Wilson Road,,EH54 7DA,Eliburn,Livingston,West Lothian,WLN,Scotland,SCT,United Kingdom,gb,0.7,1,1,© OpenStreetMap contributors,Open Database License,https://www.openstreetmap.org/copyright
United Kingdom,"Wimbledon Bridge House,1 Hartfield Rd.,Wimbledon,London SW19 3RU",3780,8,51.4207435,-0.2067175,"itsu, 1 Hartfield Road, London, SW19 3RU, United Kingdom",itsu,1,Hartfield Road,London Borough of Merton,SW19 3RU,Wimbledon Village,London,Greater London,,England,ENG,United Kingdom,gb,0.9,1,1,© OpenStreetMap contributors,Open Database License,https://www.openstreetmap.org/copyright
United Kingdom,"Wincheap Ind.Estate,Canterbury,Kent,CT1 3RR",3781,8,51.272957,1.067283,"Wincheap Industrial Estate, Canterbury, CT1 3RR, United Kingdom",,,Wincheap Industrial Estate,,CT1 3RR,Wincheap,Canterbury,Kent,KEN,England,ENG,United Kingdom,gb,1,1,1,© OpenStreetMap contributors,Open Database License,https://www.openstreetmap.org/copyright
United Kingdom,"Winchester House,77 London Wall London EC2N 1BX",3782,8,51.517142,-0.0877301,"77 London Wall, City of London, EC2M 5PS, United Kingdom",,77,London Wall,City of London,EC2M 5PS,Cornhill,City of London,London,,England,ENG,United Kingdom,gb,0.2187,0.81,0.81,,,
United Kingdom,"Windsor House,Britannia Rd.,Waltham Cross,Hertfordshire,EN8 7NX",3783,8,51.68423855,-0.0237607,"Broxbourne, EN8 7NX, United Kingdom",,,,,EN8 7NX,,Broxbourne,Hertfordshire,HRT,England,ENG,United Kingdom,gb,0.6,1,,© OpenStreetMap contributors,Open Database License,https://www.openstreetmap.org/copyright
United Kingdom,"Windsor House,Queensgate Waltham Cross,Herts,EN8 7NX",3784,8,51.68423855,-0.0237607,"Broxbourne, EN8 7NX, United Kingdom",,,,,EN8 7NX,,Broxbourne,Hertfordshire,HRT,England,ENG,United Kingdom,gb,0.6,1,,© OpenStreetMap contributors,Open Database License,https://www.openstreetmap.org/copyright
United Kingdom,"Winstons House,Carterton,Oxford OX18 3EZ",3785,8,51.75922,-1.595569,"The Carterton Kebab House, Carterton, OX18 3EZ, United Kingdom",The Carterton Kebab House,,,Carterton,OX18 3EZ,,Carterton,Oxfordshire,OXF,England,ENG,United Kingdom,gb,0,,,© OpenStreetMap contributors,Open Database License,https://www.openstreetmap.org/copyright
United Kingdom,"Winstons House,Carterton,Oxford OX8 3EZ",3786,8,51.753943,-1.255178,"Convocation House, Oxford, OX8 3EZ, United Kingdom",,,Convocation House,,OX8 3EZ,,Oxford,Oxfordshire,OXF,England,ENG,United Kingdom,gb,1,1,,© OpenStreetMap contributors,Open Database License,https://www.openstreetmap.org/copyright
United Kingdom,"Winterhay Lane,Ilminster,Somerset,TA19 9PH",3787,8,50.9300622,-2.9220235,"Winterhay Lane, Ilminster, TA19 9BA, United Kingdom",Winterhay Lane,,Winterhay Lane,,TA19 9BA,,Ilminster,Somerset,SOM,England,ENG,United Kingdom,gb,0.63,1,1,© OpenStreetMap contributors,Open Database License,https://www.openstreetmap.org/copyright
United Kingdom,"Winterhay Lane,Somerset,TA19 9PH",3788,8,50.9318407,-2.9243555,"Ilminster, TA19 9PH, United Kingdom",,,,,TA19 9PH,,Ilminster,Somerset,SOM,England,ENG,United Kingdom,gb,0.6,1,,© OpenStreetMap contributors,Open Database License,https://www.openstreetmap.org/copyright
United Kingdom,"Withfold Dr.,Macclesfield Cheshire SK10 2BE",3789,8,53.275591,-2.126506,"Tytherington, Tytherington Drive / Shops, Tytherington Drive, Macclesfield, SK10 2BE, United Kingdom","Tytherington, Tytherington Drive / Shops",,Tytherington Drive,,SK10 2BE,,Macclesfield,Cheshire West and Chester,CHW,England,ENG,United Kingdom,gb,0.060750000000000005,1,0.16666666666666666,© OpenStreetMap contributors,Open Database License,https://www.openstreetmap.org/copyright
United Kingdom,"Woodhatch Reigate,Surrey,RH2 8BF",3790,8,51.2239962,-0.1988289,"Woodhatch, Reigate and Banstead, RH2 7LJ, United Kingdom",Woodhatch,,,,RH2 7LJ,Woodhatch,Reigate and Banstead,Surrey,SRY,England,ENG,United Kingdom,gb,0.48999999999999994,1,,© OpenStreetMap contributors,Open Database License,https://www.openstreetmap.org/copyright
United Kingdom,Worcester,3791,8,52.1911849,-2.2206585,"Worcester, ENG, United Kingdom",,,,,,,Worcester,Worcestershire,WOR,England,ENG,United Kingdom,gb,1,1,,© OpenStreetMap contributors,Open Database License,https://www.openstreetmap.org/copyright
United Kingdom,Worcestershire,3792,8,52.2109495,-2.156955513242221,"Worcestershire, ENG, UK",,,,,,,,Worcestershire,WOR,England,ENG,United Kingdom,gb,1,,,© OpenStreetMap contributors,Open Database License,https://www.openstreetmap.org/copyright
United Kingdom,"Wren House,15-23 Carter Lane,London,EC4V 5HH",3793,8,51.5130316,-0.1002148,"Carter Lane, City of London, EC4V 5AD, United Kingdom",Carter Lane,,Carter Lane,,EC4V 5AD,Blackfriars,City of London,Greater London,,England,ENG,United Kingdom,gb,0.5103,0.81,0.81,© OpenStreetMap contributors,Open Database License,https://www.openstreetmap.org/copyright
United Kingdom,"Wren House,15-23,Carter Lane,London EC4V 5HH",3794,8,51.5130316,-0.1002148,"Carter Lane, City of London, EC4V 5AD, United Kingdom",Carter Lane,,Carter Lane,,EC4V 5AD,Blackfriars,City of London,Greater London,,England,ENG,United Kingdom,gb,0.5103,0.81,0.81,© OpenStreetMap contributors,Open Database License,https://www.openstreetmap.org/copyright
United Kingdom,"Wrexham Technology Park,Croesnewydd Rd.,Wrexham,Clwyd LL11 3BN",3795,8,53.0447192,-3.0177951,"Croesnewydd Road, Wrexham, LL11 3BN, United Kingdom",Croesnewydd Road,,Croesnewydd Road,Pentre Bach,LL11 3BN,Offa,Wrexham,Wrexham,WRX,Wales,WLS,United Kingdom,gb,0.7,1,1,© OpenStreetMap contributors,Open Database License,https://www.openstreetmap.org/copyright
United Kingdom,"Wyncliffe Rd.,Pentwyn Ind.Estate,Cardiff CF2 7XB",3796,8,51.528505,-3.1392738,"Wyncliffe Road, Cardiff, CF23 8HA, United Kingdom",Wyncliffe Road,,Wyncliffe Road,,CF23 8HA,Pentwyn,Cardiff,Cardiff,CRF,Wales,WLS,United Kingdom,gb,0.25,1,1,© OpenStreetMap contributors,Open Database License,https://www.openstreetmap.org/copyright
United Kingdom,"Wyncliffe Rd.,Pentwyn Ind.Estate,Cardiff CF2 7XB(S.Glam.,)",3797,8,51.528505,-3.1392738,"Wyncliffe Road, Cardiff, CF23 8HA, United Kingdom",Wyncliffe Road,,Wyncliffe Road,,CF23 8HA,Pentwyn,Cardiff,Cardiff,CRF,Wales,WLS,United Kingdom,gb,0.5,1,1,© OpenStreetMap contributors,Open Database License,https://www.openstreetmap.org/copyright
United Kingdom,"Wyncliffe Rd.,Pentwyn Ind.Estate,Cardiff CF2 7XB(S.Glam.)",3798,8,51.528505,-3.1392738,"Wyncliffe Road, Cardiff, CF23 8HA, United Kingdom",Wyncliffe Road,,Wyncliffe Road,,CF23 8HA,Pentwyn,Cardiff,Cardiff,CRF,Wales,WLS,United Kingdom,gb,0.5,1,1,© OpenStreetMap contributors,Open Database License,https://www.openstreetmap.org/copyright
United Kingdom,"Wyncliffe Rd.,Pentwyn Industrial Estate,Cardiff CF2 7XB",3799,8,51.528505,-3.1392738,"Wyncliffe Road, Cardiff, CF23 8HA, United Kingdom",Wyncliffe Road,,Wyncliffe Road,,CF23 8HA,Pentwyn,Cardiff,Cardiff,CRF,Wales,WLS,United Kingdom,gb,0.25,1,1,© OpenStreetMap contributors,Open Database License,https://www.openstreetmap.org/copyright
United Kingdom,"Xodus House,50 Huntly St.,Aberdeen,AB10 1RS",3800,8,57.14590115,-2.1077546433505763,"Xodus House, 50 Huntly Street, Aberdeen City, AB10 1RS, United Kingdom",Xodus House,50,Huntly Street,,AB10 1RS,City Centre,Aberdeen City,,,Scotland,SCT,United Kingdom,gb,0.9,1,1,© OpenStreetMap contributors,Open Database License,https://www.openstreetmap.org/copyright
United Kingdom,"Yamaha House 200,Rickmansworth Rd.,Watford,Herts.WD1 7JS",3801,8,51.654977,-0.412419,"Rickmansworth Road, Watford, United Kingdom",,,Rickmansworth Road,,,,Watford,Hertfordshire,HRT,England,ENG,United Kingdom,gb,0,,,© OpenStreetMap contributors,Open Database License,https://www.openstreetmap.org/copyright
United Kingdom,"Yamaha House,200 Rickmansworth Rd.,Watford,Hertfordshire,WD18 7GQ",3802,8,51.6537749,-0.4157547,"Rickmansworth Road, Watford, WD18 7JT, United Kingdom",Rickmansworth Road,,Rickmansworth Road,,WD18 7JT,,Watford,Hertfordshire,HRT,England,ENG,United Kingdom,gb,0.63,1,1,© OpenStreetMap contributors,Open Database License,https://www.openstreetmap.org/copyright
United Kingdom,"Yamaha House,200 Rickmansworth Rd.,Watford,Herts.WD1 7JS",3803,8,51.654977,-0.412419,"Rickmansworth Road, Watford, United Kingdom",,,Rickmansworth Road,,,,Watford,Hertfordshire,HRT,England,ENG,United Kingdom,gb,0,,,© OpenStreetMap contributors,Open Database License,https://www.openstreetmap.org/copyright
United Kingdom,"Yamaha House,200 Rickmansworth Rd.,Watford,WD18 7GQ",3804,8,51.6537749,-0.4157547,"Rickmansworth Road, Watford, WD18 7JT, United Kingdom",Rickmansworth Road,,Rickmansworth Road,,WD18 7JT,,Watford,Hertfordshire,HRT,England,ENG,United Kingdom,gb,0.63,1,1,© OpenStreetMap contributors,Open Database License,https://www.openstreetmap.org/copyright
United Kingdom,"Yamanouchi House,Pyrfoed Rd.,West Byfleet Sarrey KT14 6RA",3805,8,51.33591,-0.50473,"Woking, KT14 6RA, United Kingdom",,,,,KT14 6RA,,Woking,Surrey,SRY,England,ENG,United Kingdom,gb,0.6,1,,© OpenStreetMap contributors,Open Database License,https://www.openstreetmap.org/copyright
United Kingdom,"Yamato House,Units 5/6,Poyle 14,Poyle Ind.Estate,Newlands Dr.,Colnbrook,Slough,Berks.SL3 0DX",3806,8,51.48872,-0.53539,"Airport Guest House, Colnbrook with Poyle, West Berkshire, ENG, United Kingdom",Airport Guest House,,,Colnbrook with Poyle,,,Colnbrook with Poyle,West Berkshire,WBK,England,ENG,United Kingdom,gb,0,,,© OpenStreetMap contributors,Open Database License,https://www.openstreetmap.org/copyright
United Kingdom,"Yamato House,Units 5/6,Poyle 14,Poyle Ind.Estate,Newlands Drive,Colnbrook,Slough,Berks.SL3 0DX",3807,8,51.48872,-0.53539,"Airport Guest House, Colnbrook with Poyle, West Berkshire, ENG, United Kingdom",Airport Guest House,,,Colnbrook with Poyle,,,Colnbrook with Poyle,West Berkshire,WBK,England,ENG,United Kingdom,gb,0,,,© OpenStreetMap contributors,Open Database License,https://www.openstreetmap.org/copyright
United Kingdom,"Yaohan Project Site Office,Capitol Way,Industrial Estate,Off Edgware Rd.,London NW9",3808,8,51.5202153,-0.1702637,"Edgware Road (Bakerloo line), Edgware Road, London, W2 1DY, United Kingdom",Edgware Road (Bakerloo line),,Edgware Road,,W2 1DY,Paddington,London,Greater London,,England,ENG,United Kingdom,gb,0.5,1,1,© OpenStreetMap contributors,Open Database License,https://www.openstreetmap.org/copyright
United Kingdom,"Yarm Rd.,Stockton-on-Tees,Cleveland TS18 3RX",3809,8,54.5537379,-1.3273928,"Yarm Road, Stockton-on-Tees, TS18 3QA, United Kingdom",Yarm Road,,Yarm Road,,TS18 3QA,Hartwell,Stockton-on-Tees,Stockton-on-Tees,STT,England,ENG,United Kingdom,gb,0.44099999999999995,1,1,© OpenStreetMap contributors,Open Database License,https://www.openstreetmap.org/copyright
United Kingdom,"Yarm Rd.,Stockton-on-Tees,Cleveland,TS18 3RX",3810,8,54.5537379,-1.3273928,"Yarm Road, Stockton-on-Tees, TS18 3QA, United Kingdom",Yarm Road,,Yarm Road,,TS18 3QA,Hartwell,Stockton-on-Tees,Stockton-on-Tees,STT,England,ENG,United Kingdom,gb,0.44099999999999995,1,1,© OpenStreetMap contributors,Open Database License,https://www.openstreetmap.org/copyright
United Kingdom,"Yonex House 74 Wood Lane,White City,London,W12 7RH",3811,8,51.514311500000005,-0.22545722211049918,"Yonex UK Ltd, 74 Wood Lane, London, W12 7TP, United Kingdom",Yonex UK Ltd,74,Wood Lane,London Borough of Hammersmith and Fulham,W12 7TP,,London,Greater London,,England,ENG,United Kingdom,gb,0.63,1,1,© OpenStreetMap contributors,Open Database License,https://www.openstreetmap.org/copyright
United Kingdom,"York House,Empire Way Wembley,Middlesex HA9 0PA",3812,8,51.5589683,-0.2848239,"Empire Way, London, HA9 0FY, United Kingdom",Empire Way,,Empire Way,London Borough of Brent,HA9 0FY,,London,Greater London,,England,ENG,United Kingdom,gb,0.44099999999999995,0.7,0.7,© OpenStreetMap contributors,Open Database License,https://www.openstreetmap.org/copyright
United Kingdom,"York House,Empire Way Wembley,Middlesex,HA9 0PA",3813,8,51.5589683,-0.2848239,"Empire Way, London, HA9 0FY, United Kingdom",Empire Way,,Empire Way,London Borough of Brent,HA9 0FY,,London,Greater London,,England,ENG,United Kingdom,gb,0.44099999999999995,0.7,0.7,© OpenStreetMap contributors,Open Database License,https://www.openstreetmap.org/copyright
United Kingdom,"York Stream House,Suite 1,St.Ives Rd.,Maidenhead,Berkshire,SL6 1RD",3814,8,51.521969,-0.718041,"St Ives Road, Maidenhead, SL6 1RD, United Kingdom",,,St Ives Road,,SL6 1RD,,Maidenhead,West Berkshire,WBK,England,ENG,United Kingdom,gb,0.45,1,1,© OpenStreetMap contributors,Open Database License,https://www.openstreetmap.org/copyright